tag,stem,cell,cell_lat,cell_lon,src_lat,src_lon,src_dep,n_fam,sta_lat,sta_lon,n_days,sigma_daily,site
ALSE,alse,43.60_-123.40,43.6,-123.4,43.7,-123.4,23.33,1,44.382,-123.59,2139,0.1345,0
ALSE,alse,43.60_-123.60,43.6,-123.6,43.6,-123.525,26.59,6,44.382,-123.59,2599,0.1468,0
ALSE,alse,43.80_-123.60,43.8,-123.6,43.8,-123.625,29.7,4,44.382,-123.59,2579,0.2097,0
ALSE,alse,44.00_-123.60,44.0,-123.6,44.025,-123.575,26.17,4,44.382,-123.59,2592,0.2076,0
ALSE,alse,44.20_-123.40,44.2,-123.4,44.275,-123.45,34.39,2,44.382,-123.59,254,0.5084,0
ALSE,alse,44.40_-123.60,44.4,-123.6,44.5,-123.6,27.68,9,44.382,-123.59,2598,0.1995,0
ALSE,alse,44.40_-123.80,44.4,-123.8,44.45,-123.75,24.53,1,44.382,-123.59,2347,0.2314,0
ALSE,alse,44.60_-123.20,44.6,-123.2,44.65,-123.3,33.93,1,44.382,-123.59,416,0.4742,0
ALSE,alse,44.60_-123.40,44.6,-123.4,44.625,-123.425,24.11,6,44.382,-123.59,2592,0.13,0
ALSE,alse,44.60_-123.60,44.6,-123.6,44.6,-123.6,28.81,12,44.382,-123.59,2596,0.1505,0
ALSE,alse,44.60_-123.80,44.6,-123.8,44.575,-123.8,19.99,2,44.382,-123.59,2434,0.2353,0
ALSE,alse,44.60_-124.00,44.6,-124.0,44.6,-123.9,18.46,1,44.382,-123.59,1982,0.1343,0
ALSE,alse,44.80_-123.00,44.8,-123.0,44.8,-122.95,41.44,1,44.382,-123.59,2583,0.1789,0
ALSE,alse,44.80_-123.20,44.8,-123.2,44.75,-123.25,38.02,2,44.382,-123.59,2593,0.174,0
ALSE,alse,44.80_-123.40,44.8,-123.4,44.7,-123.4,29.65,7,44.382,-123.59,2490,0.2204,0
ALSE,alse,44.80_-123.60,44.8,-123.6,44.8,-123.575,30.03,14,44.382,-123.59,2596,0.2024,0
ALSE,alse,45.00_-123.20,45.0,-123.2,45.025,-123.25,30.21,2,44.382,-123.59,2593,0.1618,0
ALSE,alse,45.00_-123.40,45.0,-123.4,44.95,-123.45,26.5,7,44.382,-123.59,2593,0.0834,0
ALSE,alse,45.00_-123.60,45.0,-123.6,44.95,-123.55,26.35,6,44.382,-123.59,2591,0.1673,0
ALSE,alse,45.00_-123.80,45.0,-123.8,45.0,-123.75,46.79,1,44.382,-123.59,2554,0.2305,0
ALSE,alse,45.20_-123.00,45.2,-123.0,45.25,-123.1,27.59,1,44.382,-123.59,2454,0.2054,0
ALSE,alse,45.20_-123.40,45.2,-123.4,45.175,-123.375,29.85,2,44.382,-123.59,2560,0.1125,0
ALSE,alse,45.20_-123.60,45.2,-123.6,45.15,-123.5,37.41,3,44.382,-123.59,2594,0.1078,0
ANGUS,angus,46.60_-123.20,46.6,-123.2,46.55,-123.15,45.28,1,47.101,-123.493,1405,0.4201,1
ANGUS,angus,46.80_-122.80,46.8,-122.8,46.8,-122.775,29.06,2,47.101,-123.493,1565,0.1668,1
ANGUS,angus,47.00_-122.80,47.0,-122.8,46.95,-122.8,40.13,1,47.101,-123.493,1600,0.168,1
ANGUS,angus,47.00_-123.00,47.0,-123.0,47.05,-123.0,41.26,3,47.101,-123.493,1534,0.1815,1
ANGUS,angus,47.00_-123.20,47.0,-123.2,47.05,-123.175,40.3,2,47.101,-123.493,1457,0.2535,1
ANGUS,angus,47.20_-122.80,47.2,-122.8,47.25,-122.9,28.37,1,47.101,-123.493,485,0.3878,1
ANGUS,angus,47.20_-123.00,47.2,-123.0,47.3,-123.1,46.14,1,47.101,-123.493,1577,0.2599,1
ANGUS,angus,47.20_-123.20,47.2,-123.2,47.2,-123.2,43.09,3,47.101,-123.493,1403,0.1766,1
ANGUS,angus,47.40_-122.80,47.4,-122.8,47.4,-122.875,28.7,6,47.101,-123.493,1588,0.1666,1
ANGUS,angus,47.40_-123.00,47.4,-123.0,47.4,-123.025,22.23,6,47.101,-123.493,1598,0.1594,1
ANGUS,angus,47.40_-123.20,47.4,-123.2,47.4,-123.2,43.1,2,47.101,-123.493,1449,0.2248,1
ANGUS,angus,47.60_-122.80,47.6,-122.8,47.5,-122.75,20.91,7,47.101,-123.493,1599,0.1439,1
ANGUS,angus,47.60_-123.00,47.6,-123.0,47.675,-123.1,44.79,2,47.101,-123.493,1604,0.2282,1
ANGUS,angus,47.60_-123.20,47.6,-123.2,47.575,-123.225,39.43,4,47.101,-123.493,1555,0.1788,1
ANGUS,angus,47.60_-123.40,47.6,-123.4,47.65,-123.35,40.18,1,47.101,-123.493,1524,0.3324,1
ANGUS,angus,47.80_-122.80,47.8,-122.8,47.85,-122.85,15.39,1,47.101,-123.493,1584,0.1822,1
ANGUS,angus,47.80_-123.00,47.8,-123.0,47.85,-123.05,47.14,6,47.101,-123.493,1565,0.1854,1
ANGUS,angus,47.80_-123.20,47.8,-123.2,47.85,-123.2,41.69,9,47.101,-123.493,1609,0.1414,1
ANGUS,angus,47.80_-123.60,47.8,-123.6,47.75,-123.5,34.68,1,47.101,-123.493,528,0.3036,1
ANGUS,angus,48.00_-123.40,48.0,-123.4,47.95,-123.35,40.42,1,47.101,-123.493,706,0.3859,1
AONC,aonc,40.20_-122.40,40.2,-122.4,40.225,-122.375,25.43,6,39.94,-122.061,2225,0.0344,2
AONC,aonc,40.40_-122.40,40.4,-122.4,40.45,-122.45,31.2,4,39.94,-122.061,2225,0.0278,2
AONC,aonc,40.40_-122.60,40.4,-122.6,40.45,-122.6,19.19,9,39.94,-122.061,2225,0.0227,2
AONC,aonc,40.40_-122.80,40.4,-122.8,40.4,-122.8,27.03,6,39.94,-122.061,2225,0.0467,2
AONC,aonc,40.40_-123.00,40.4,-123.0,40.5,-122.95,26.81,1,39.94,-122.061,2225,0.0327,2
AONC,aonc,40.60_-122.40,40.6,-122.4,40.65,-122.45,23.53,1,39.94,-122.061,2225,0.027,2
AONC,aonc,40.60_-122.60,40.6,-122.6,40.625,-122.65,19.03,2,39.94,-122.061,2225,0.0297,2
AONC,aonc,40.60_-122.80,40.6,-122.8,40.6,-122.825,22.33,6,39.94,-122.061,2224,0.0395,2
AONC,aonc,40.60_-123.00,40.6,-123.0,40.55,-122.95,23.21,1,39.94,-122.061,2155,0.0299,2
AONC,aonc,40.80_-122.60,40.8,-122.6,40.7,-122.65,21.65,2,39.94,-122.061,2225,0.0301,2
AONC,aonc,40.80_-122.80,40.8,-122.8,40.7,-122.7,19.9,7,39.94,-122.061,2225,0.0342,2
AONC,aonc,40.80_-123.00,40.8,-123.0,40.8,-123.025,27.99,8,39.94,-122.061,2225,0.0311,2
ARTIC,artic,46.00_-122.80,46.0,-122.8,46.05,-122.85,23.82,1,46.805,-123.759,1853,0.0705,3
ARTIC,artic,46.00_-123.00,46.0,-123.0,46.0,-123.0,22.48,3,46.805,-123.759,1928,0.0683,3
ARTIC,artic,46.00_-123.20,46.0,-123.2,45.975,-123.2,29.26,2,46.805,-123.759,1925,0.0497,3
ARTIC,artic,46.00_-123.40,46.0,-123.4,45.95,-123.35,41.73,1,46.805,-123.759,1902,0.0446,3
ARTIC,artic,46.20_-122.80,46.2,-122.8,46.2,-122.9,22.47,1,46.805,-123.759,1926,0.0763,3
ARTIC,artic,46.20_-123.00,46.2,-123.0,46.25,-123.05,25.28,2,46.805,-123.759,1736,0.1677,3
ARTIC,artic,46.40_-122.80,46.4,-122.8,46.5,-122.85,30.99,3,46.805,-123.759,1925,0.0501,3
ARTIC,artic,46.40_-123.00,46.4,-123.0,46.5,-123.075,49.97,2,46.805,-123.759,1926,0.0576,3
ARTIC,artic,46.40_-123.20,46.4,-123.2,46.425,-123.15,40.66,2,46.805,-123.759,1925,0.0551,3
ARTIC,artic,46.40_-123.40,46.4,-123.4,46.4,-123.4,31.98,1,46.805,-123.759,1847,0.0915,3
ARTIC,artic,46.60_-122.60,46.6,-122.6,46.625,-122.625,20.96,2,46.805,-123.759,1926,0.053,3
ARTIC,artic,46.60_-123.00,46.6,-123.0,46.65,-122.95,51.71,1,46.805,-123.759,1922,0.0814,3
ARTIC,artic,46.80_-122.80,46.8,-122.8,46.875,-122.8,34.85,14,46.805,-123.759,1927,0.0512,3
ARTIC,artic,46.80_-123.00,46.8,-123.0,46.7,-123.0,46.39,1,46.805,-123.759,1894,0.0533,3
ARTIC,artic,46.80_-123.20,46.8,-123.2,46.875,-123.175,34.58,2,46.805,-123.759,1922,0.0568,3
ARTIC,artic,47.00_-122.80,47.0,-122.8,46.95,-122.75,43.85,6,46.805,-123.759,1926,0.0514,3
ARTIC,artic,47.00_-123.00,47.0,-123.0,47.025,-123.0,42.29,4,46.805,-123.759,1927,0.0491,3
ARTIC,artic,47.20_-122.80,47.2,-122.8,47.2,-122.75,37.67,13,46.805,-123.759,1927,0.0441,3
ARTIC,artic,47.20_-123.00,47.2,-123.0,47.15,-123.1,40.16,5,46.805,-123.759,1926,0.0388,3
ARTIC,artic,47.20_-123.20,47.2,-123.2,47.2,-123.25,42.52,1,46.805,-123.759,1924,0.0874,3
ARTIC,artic,47.40_-122.40,47.4,-122.4,47.35,-122.5,35.8,1,46.805,-123.759,1926,0.0939,3
ARTIC,artic,47.40_-122.80,47.4,-122.8,47.4,-122.85,31.15,9,46.805,-123.759,1927,0.045,3
ARTIC,artic,47.40_-123.00,47.4,-123.0,47.425,-123.025,39.87,6,46.805,-123.759,1928,0.0516,3
ARTIC,artic,47.40_-123.20,47.4,-123.2,47.35,-123.3,36.04,1,46.805,-123.759,1926,0.0667,3
ARTIC,artic,47.60_-122.80,47.6,-122.8,47.65,-122.85,33.01,10,46.805,-123.759,1926,0.0442,3
ARTIC,artic,47.60_-123.00,47.6,-123.0,47.575,-123.0,26.36,6,46.805,-123.759,1928,0.0662,3
ARTIC,artic,47.60_-123.20,47.6,-123.2,47.55,-123.25,39.97,2,46.805,-123.759,1924,0.0649,3
ARTIC,artic,47.60_-123.40,47.6,-123.4,47.5,-123.35,43.19,1,46.805,-123.759,1925,0.0629,3
B001p90f40,b001,47.60_-123.00,47.6,-123.0,47.5,-123.05,24.78,1,48.0431,-123.1314,5948,0.1112,4
B001p90f40,b001,47.80_-123.00,47.8,-123.0,47.85,-123.0,47.72,7,48.0431,-123.1314,5948,0.0912,4
B001p90f40,b001,47.80_-123.20,47.8,-123.2,47.825,-123.175,35.71,6,48.0431,-123.1314,5948,0.0588,4
B001p90f40,b001,48.00_-122.80,48.0,-122.8,48.0,-122.9,24.16,6,48.0431,-123.1314,5948,0.1029,4
B001p90f40,b001,48.00_-123.00,48.0,-123.0,48.0,-123.0,49.47,13,48.0431,-123.1314,5948,0.0924,4
B001p90f40,b001,48.00_-123.20,48.0,-123.2,48.05,-123.2,41.79,7,48.0431,-123.1314,5948,0.0953,4
B001p90f40,b001,48.00_-123.60,48.0,-123.6,48.0,-123.55,44.43,1,48.0431,-123.1314,5948,0.1207,4
B001p90f40,b001,48.20_-123.00,48.2,-123.0,48.25,-123.1,24.22,11,48.0431,-123.1314,5948,0.0988,4
B001p90f40,b001,48.20_-123.20,48.2,-123.2,48.2,-123.175,26.12,18,48.0431,-123.1314,5948,0.092,4
B001p90f40,b001,48.20_-123.40,48.2,-123.4,48.15,-123.4,39.57,3,48.0431,-123.1314,5948,0.1021,4
B001p90f40,b001,48.20_-123.60,48.2,-123.6,48.225,-123.525,35.23,6,48.0431,-123.1314,5948,0.0869,4
B001p90f40,b001,48.20_-123.80,48.2,-123.8,48.25,-123.85,35.4,1,48.0431,-123.1314,5948,0.155,4
B001p90f40,b001,48.40_-122.80,48.4,-122.8,48.35,-122.85,30.9,1,48.0431,-123.1314,5948,0.1001,4
B001p90f40,b001,48.40_-123.20,48.4,-123.2,48.45,-123.25,18.31,1,48.0431,-123.1314,5948,0.1278,4
B001p90f40,b001,48.40_-123.40,48.4,-123.4,48.425,-123.375,21.18,2,48.0431,-123.1314,5948,0.1,4
B001p90f40,b001,48.40_-123.60,48.4,-123.6,48.375,-123.5,28.86,2,48.0431,-123.1314,5948,0.0973,4
B001p90f40,b001,48.40_-123.80,48.4,-123.8,48.45,-123.8,31.17,5,48.0431,-123.1314,5948,0.0977,4
B001p90f40,b001,48.40_-124.00,48.4,-124.0,48.5,-123.9,35.62,3,48.0431,-123.1314,5948,0.0909,4
B001p90f40,b001,48.60_-123.80,48.6,-123.8,48.6,-123.8,26.96,3,48.0431,-123.1314,5948,0.109,4
B001p90f40,b001,48.80_-123.60,48.8,-123.6,48.8,-123.55,34.29,1,48.0431,-123.1314,5948,0.1003,4
B003p90f40,b003,48.00_-123.60,48.0,-123.6,48.1,-123.6,39.68,3,48.0624,-124.1409,5467,0.0418,5
B003p90f40,b003,48.20_-123.40,48.2,-123.4,48.225,-123.4,37.32,10,48.0624,-124.1409,5461,0.0334,5
B003p90f40,b003,48.20_-123.60,48.2,-123.6,48.25,-123.6,31.35,15,48.0624,-124.1409,5483,0.0321,5
B003p90f40,b003,48.20_-123.80,48.2,-123.8,48.3,-123.8,31.27,5,48.0624,-124.1409,5475,0.0684,5
B003p90f40,b003,48.40_-123.40,48.4,-123.4,48.4,-123.45,19.12,1,48.0624,-124.1409,5450,0.1007,5
B003p90f40,b003,48.40_-123.60,48.4,-123.6,48.45,-123.65,21.71,14,48.0624,-124.1409,5474,0.0439,5
B003p90f40,b003,48.40_-123.80,48.4,-123.8,48.45,-123.8,26.24,13,48.0624,-124.1409,5459,0.0515,5
B003p90f40,b003,48.40_-124.00,48.4,-124.0,48.5,-123.925,34.17,10,48.0624,-124.1409,5472,0.0475,5
B003p90f40,b003,48.60_-123.60,48.6,-123.6,48.55,-123.7,52.17,1,48.0624,-124.1409,5444,0.0478,5
B003p90f40,b003,48.60_-123.80,48.6,-123.8,48.55,-123.75,31.57,1,48.0624,-124.1409,5328,0.0254,5
B003p90f40,b003,48.60_-124.00,48.6,-124.0,48.575,-123.9,23.89,6,48.0624,-124.1409,5459,0.0492,5
B003p90f40,b003,48.80_-124.00,48.8,-124.0,48.7,-123.95,21.99,1,48.0624,-124.1409,5347,0.0887,5
B003p90f40,b003,48.80_-124.20,48.8,-124.2,48.8,-124.25,21.55,1,48.0624,-124.1409,5355,0.0486,5
B003p90f40,b003,48.80_-124.40,48.8,-124.4,48.75,-124.325,20.65,2,48.0624,-124.1409,5418,0.0664,5
B004p90f40,b004,48.00_-123.40,48.0,-123.4,48.1,-123.4,37.15,1,48.2019,-124.427,3127,0.2412,6
B004p90f40,b004,48.00_-123.60,48.0,-123.6,48.1,-123.6,39.68,1,48.2019,-124.427,3924,0.2728,6
B004p90f40,b004,48.20_-123.20,48.2,-123.2,48.225,-123.275,35.23,2,48.2019,-124.427,2681,0.3099,6
B004p90f40,b004,48.20_-123.40,48.2,-123.4,48.2,-123.4,40.41,2,48.2019,-124.427,3776,0.3143,6
B004p90f40,b004,48.20_-123.60,48.2,-123.6,48.25,-123.65,34.06,7,48.2019,-124.427,4366,0.1895,6
B004p90f40,b004,48.20_-123.80,48.2,-123.8,48.3,-123.8,31.27,3,48.2019,-124.427,3238,0.3379,6
B004p90f40,b004,48.40_-123.40,48.4,-123.4,48.35,-123.45,20.81,1,48.2019,-124.427,4105,0.2423,6
B004p90f40,b004,48.40_-123.60,48.4,-123.6,48.375,-123.575,18.43,2,48.2019,-124.427,3957,0.1648,6
B004p90f40,b004,48.40_-123.80,48.4,-123.8,48.5,-123.85,31.28,3,48.2019,-124.427,4044,0.3044,6
B004p90f40,b004,48.40_-124.00,48.4,-124.0,48.4,-123.95,44.56,3,48.2019,-124.427,3276,0.2718,6
B004p90f40,b004,48.60_-123.80,48.6,-123.8,48.55,-123.825,19.37,2,48.2019,-124.427,3399,0.4626,6
B004p90f40,b004,48.60_-124.00,48.6,-124.0,48.65,-124.0,27.88,5,48.2019,-124.427,3441,0.2307,6
B004p90f40,b004,48.60_-124.20,48.6,-124.2,48.65,-124.15,36.57,1,48.2019,-124.427,3997,0.2539,6
B004p90f40,b004,48.60_-124.40,48.6,-124.4,48.65,-124.3,36.81,2,48.2019,-124.427,3892,0.2645,6
B004p90f40,b004,48.80_-124.00,48.8,-124.0,48.75,-124.1,25.74,3,48.2019,-124.427,3915,0.2392,6
B004p90f40,b004,48.80_-124.20,48.8,-124.2,48.75,-124.225,24.51,6,48.2019,-124.427,4100,0.1809,6
B004p90f40,b004,48.80_-124.40,48.8,-124.4,48.75,-124.35,29.12,12,48.2019,-124.427,3998,0.2041,6
B004p90f40,b004,48.80_-124.60,48.8,-124.6,48.85,-124.6,19.31,1,48.2019,-124.427,2413,0.4643,6
B004p90f40,b004,48.80_-124.80,48.8,-124.8,48.9,-124.775,31.31,2,48.2019,-124.427,4026,0.2457,6
B004p90f40,b004,49.00_-124.40,49.0,-124.4,49.0,-124.5,45.49,1,48.2019,-124.427,3557,0.2651,6
B004p90f40,b004,49.00_-124.60,49.0,-124.6,48.95,-124.6,38.76,1,48.2019,-124.427,3819,0.2864,6
B004p90f40,b004,49.00_-124.80,49.0,-124.8,49.0,-124.75,31.52,2,48.2019,-124.427,3374,0.2736,6
B004p90f40,b004,49.20_-124.80,49.2,-124.8,49.1,-124.7,41.93,1,48.2019,-124.427,4151,0.2569,6
B005p90f40,b005,47.20_-123.00,47.2,-123.0,47.25,-123.1,38.21,1,48.0595,-123.5033,5871,0.0895,7
B005p90f40,b005,47.40_-122.80,47.4,-122.8,47.4,-122.8,31.15,1,48.0595,-123.5033,5810,0.0629,7
B005p90f40,b005,47.40_-123.20,47.4,-123.2,47.45,-123.2,36.43,1,48.0595,-123.5033,5875,0.1169,7
B005p90f40,b005,47.60_-122.80,47.6,-122.8,47.6,-122.75,13.46,1,48.0595,-123.5033,5553,0.1009,7
B005p90f40,b005,47.60_-123.00,47.6,-123.0,47.6,-123.0,36.08,4,48.0595,-123.5033,5879,0.1084,7
B005p90f40,b005,47.60_-123.20,47.6,-123.2,47.575,-123.225,44.35,4,48.0595,-123.5033,5879,0.0957,7
B005p90f40,b005,47.80_-122.80,47.8,-122.8,47.825,-122.775,28.06,2,48.0595,-123.5033,5878,0.1002,7
B005p90f40,b005,47.80_-123.00,47.8,-123.0,47.825,-123.1,45.68,2,48.0595,-123.5033,5879,0.0799,7
B005p90f40,b005,47.80_-123.20,47.8,-123.2,47.8,-123.25,41.17,3,48.0595,-123.5033,5878,0.0736,7
B005p90f40,b005,47.80_-123.40,47.8,-123.4,47.8,-123.45,39.7,1,48.0595,-123.5033,5869,0.1325,7
B005p90f40,b005,48.00_-122.80,48.0,-122.8,47.95,-122.9,44.94,1,48.0595,-123.5033,5827,0.0898,7
B005p90f40,b005,48.00_-123.20,48.0,-123.2,47.95,-123.3,44.35,1,48.0595,-123.5033,5204,0.1138,7
B005p90f40,b005,48.00_-123.40,48.0,-123.4,48.05,-123.45,35.11,1,48.0595,-123.5033,5836,0.1046,7
B005p90f40,b005,48.00_-123.60,48.0,-123.6,48.05,-123.55,42.9,5,48.0595,-123.5033,5879,0.0958,7
B005p90f40,b005,48.20_-122.80,48.2,-122.8,48.15,-122.9,25.7,1,48.0595,-123.5033,5645,0.128,7
B005p90f40,b005,48.20_-123.00,48.2,-123.0,48.15,-123.0,43.68,1,48.0595,-123.5033,5859,0.0913,7
B005p90f40,b005,48.20_-123.20,48.2,-123.2,48.15,-123.3,29.45,3,48.0595,-123.5033,5863,0.1033,7
B005p90f40,b005,48.20_-123.40,48.2,-123.4,48.3,-123.45,20.67,3,48.0595,-123.5033,5875,0.0717,7
B005p90f40,b005,48.20_-123.60,48.2,-123.6,48.175,-123.5,37.55,4,48.0595,-123.5033,5879,0.0914,7
B005p90f40,b005,48.20_-123.80,48.2,-123.8,48.25,-123.8,34.34,1,48.0595,-123.5033,5716,0.1355,7
B005p90f40,b005,48.20_-124.00,48.2,-124.0,48.3,-123.9,39.53,1,48.0595,-123.5033,1361,0.2667,7
B005p90f40,b005,48.40_-123.60,48.4,-123.6,48.425,-123.65,21.61,4,48.0595,-123.5033,5879,0.1063,7
B005p90f40,b005,48.40_-123.80,48.4,-123.8,48.4,-123.75,24.36,5,48.0595,-123.5033,5879,0.0928,7
B005p90f40,b005,48.40_-124.00,48.4,-124.0,48.4,-123.95,46.11,3,48.0595,-123.5033,5874,0.1209,7
B005p90f40,b005,48.60_-123.40,48.6,-123.4,48.65,-123.4,51.38,1,48.0595,-123.5033,5856,0.1506,7
B005p90f40,b005,48.60_-123.60,48.6,-123.6,48.65,-123.65,23.94,3,48.0595,-123.5033,5879,0.071,7
B005p90f40,b005,48.60_-123.80,48.6,-123.8,48.575,-123.8,24.6,4,48.0595,-123.5033,5879,0.0796,7
B005p90f40,b005,48.60_-124.00,48.6,-124.0,48.625,-124.075,23.38,4,48.0595,-123.5033,5879,0.1045,7
B005p90f40,b005,48.60_-124.20,48.6,-124.2,48.625,-124.175,37.06,4,48.0595,-123.5033,5879,0.1276,7
B005p90f40,b005,48.80_-123.60,48.8,-123.6,48.85,-123.625,25.81,2,48.0595,-123.5033,5851,0.0815,7
B005p90f40,b005,48.80_-123.80,48.8,-123.8,48.7,-123.85,22.23,1,48.0595,-123.5033,5879,0.1139,7
B005p90f40,b005,48.80_-124.00,48.8,-124.0,48.85,-123.95,24.01,6,48.0595,-123.5033,5879,0.1202,7
B005p90f40,b005,48.80_-124.20,48.8,-124.2,48.75,-124.25,23.5,5,48.0595,-123.5033,5879,0.0989,7
B005p90f40,b005,48.80_-124.40,48.8,-124.4,48.8,-124.4,32.79,7,48.0595,-123.5033,5879,0.1065,7
B005p90f40,b005,48.80_-124.60,48.8,-124.6,48.85,-124.6,19.31,1,48.0595,-123.5033,5876,0.0975,7
B005p90f40,b005,48.80_-124.80,48.8,-124.8,48.85,-124.7,30.22,2,48.0595,-123.5033,5873,0.1059,7
B005p90f40,b005,49.00_-124.40,49.0,-124.4,48.95,-124.45,33.39,2,48.0595,-123.5033,5879,0.0929,7
B005p90f40,b005,49.00_-124.80,49.0,-124.8,48.95,-124.7,30.22,1,48.0595,-123.5033,5878,0.1437,7
B009p90f40,b009,48.00_-123.60,48.0,-123.6,48.0,-123.6,39.37,1,48.649,-123.451,5967,0.0809,8
B009p90f40,b009,48.20_-123.00,48.2,-123.0,48.2,-123.0,22.43,1,48.649,-123.451,3845,0.2654,8
B009p90f40,b009,48.20_-123.40,48.2,-123.4,48.25,-123.4,41.26,3,48.649,-123.451,5959,0.1125,8
B009p90f40,b009,48.20_-123.60,48.2,-123.6,48.25,-123.5,27.28,1,48.649,-123.451,19,0.1307,8
B009p90f40,b009,48.40_-123.40,48.4,-123.4,48.4,-123.45,19.12,1,48.649,-123.451,5836,0.2369,8
B009p90f40,b009,48.40_-124.00,48.4,-124.0,48.5,-123.9,35.62,2,48.649,-123.451,5553,0.2335,8
B009p90f40,b009,48.80_-124.60,48.8,-124.6,48.7,-124.55,38.41,1,48.649,-123.451,1085,0.4271,8
B010p90f40,b010,48.00_-123.40,48.0,-123.4,48.1,-123.425,37.04,2,48.65,-123.451,5806,0.1474,8
B010p90f40,b010,48.00_-123.60,48.0,-123.6,48.1,-123.575,42.21,2,48.65,-123.451,5806,0.1537,8
B010p90f40,b010,48.20_-123.20,48.2,-123.2,48.2,-123.225,30.37,2,48.65,-123.451,5806,0.1452,8
B010p90f40,b010,48.20_-123.40,48.2,-123.4,48.2,-123.375,35.1,4,48.65,-123.451,5807,0.1299,8
B010p90f40,b010,48.20_-123.60,48.2,-123.6,48.2,-123.625,34.16,14,48.65,-123.451,5806,0.1166,8
B010p90f40,b010,48.20_-123.80,48.2,-123.8,48.25,-123.75,31.34,5,48.65,-123.451,5807,0.1162,8
B010p90f40,b010,48.40_-123.40,48.4,-123.4,48.4,-123.45,19.12,1,48.65,-123.451,5805,0.1497,8
B010p90f40,b010,48.40_-123.60,48.4,-123.6,48.4,-123.7,16.55,5,48.65,-123.451,5807,0.0956,8
B010p90f40,b010,48.40_-123.80,48.4,-123.8,48.375,-123.8,35.07,4,48.65,-123.451,5805,0.1251,8
B010p90f40,b010,48.40_-124.00,48.4,-124.0,48.4,-123.9,38.86,3,48.65,-123.451,5807,0.13,8
B010p90f40,b010,48.60_-123.60,48.6,-123.6,48.6,-123.7,22.22,1,48.65,-123.451,5806,0.1368,8
B010p90f40,b010,48.60_-123.80,48.6,-123.8,48.6,-123.8,19.37,4,48.65,-123.451,5806,0.1118,8
B010p90f40,b010,48.60_-124.00,48.6,-124.0,48.575,-124.1,22.33,4,48.65,-123.451,5807,0.1145,8
B010p90f40,b010,48.60_-124.20,48.6,-124.2,48.6,-124.175,35.86,2,48.65,-123.451,5805,0.0998,8
B010p90f40,b010,48.60_-124.40,48.6,-124.4,48.65,-124.325,35.59,2,48.65,-123.451,5804,0.1352,8
B010p90f40,b010,48.80_-124.00,48.8,-124.0,48.75,-124.0,26.55,1,48.65,-123.451,5806,0.198,8
B010p90f40,b010,48.80_-124.20,48.8,-124.2,48.7,-124.2,32.38,5,48.65,-123.451,5806,0.1698,8
B010p90f40,b010,48.80_-124.40,48.8,-124.4,48.8,-124.4,34.53,10,48.65,-123.451,5806,0.1044,8
B010p90f40,b010,48.80_-124.60,48.8,-124.6,48.85,-124.575,35.88,6,48.65,-123.451,5807,0.1238,8
B010p90f40,b010,48.80_-124.80,48.8,-124.8,48.85,-124.75,31.77,2,48.65,-123.451,5804,0.1464,8
B010p90f40,b010,49.00_-124.40,49.0,-124.4,48.975,-124.425,24.92,4,48.65,-123.451,5806,0.1431,8
B010p90f40,b010,49.00_-124.80,49.0,-124.8,49.0,-124.725,31.39,2,48.65,-123.451,5805,0.1476,8
B011p90f40,b011,47.80_-123.00,47.8,-123.0,47.9,-123.1,45.22,3,48.6495,-123.4482,5906,0.1001,8
B011p90f40,b011,47.80_-123.20,47.8,-123.2,47.85,-123.25,41.69,1,48.6495,-123.4482,5885,0.1405,8
B011p90f40,b011,47.80_-123.40,47.8,-123.4,47.85,-123.4,42.49,1,48.6495,-123.4482,5906,0.1347,8
B011p90f40,b011,47.80_-123.60,47.8,-123.6,47.9,-123.6,36.79,1,48.6495,-123.4482,5903,0.1196,8
B011p90f40,b011,48.00_-123.00,48.0,-123.0,48.0,-122.95,49.73,1,48.6495,-123.4482,5905,0.1205,8
B011p90f40,b011,48.00_-123.40,48.0,-123.4,48.05,-123.4,38.29,1,48.6495,-123.4482,5903,0.1295,8
B011p90f40,b011,48.00_-123.60,48.0,-123.6,48.1,-123.55,44.43,3,48.6495,-123.4482,5906,0.0917,8
B011p90f40,b011,48.20_-122.80,48.2,-122.8,48.3,-122.8,29.67,1,48.6495,-123.4482,5906,0.1217,8
B011p90f40,b011,48.20_-123.00,48.2,-123.0,48.25,-123.0,25.93,3,48.6495,-123.4482,5907,0.1124,8
B011p90f40,b011,48.20_-123.20,48.2,-123.2,48.15,-123.25,40.36,1,48.6495,-123.4482,5904,0.0895,8
B011p90f40,b011,48.20_-123.60,48.2,-123.6,48.225,-123.55,35.12,6,48.6495,-123.4482,5908,0.0782,8
B011p90f40,b011,48.20_-123.80,48.2,-123.8,48.225,-123.775,31.36,2,48.6495,-123.4482,5906,0.0982,8
B011p90f40,b011,48.40_-122.80,48.4,-122.8,48.35,-122.85,30.9,3,48.6495,-123.4482,5908,0.0822,8
B011p90f40,b011,48.40_-123.60,48.4,-123.6,48.4,-123.625,23.21,6,48.6495,-123.4482,5907,0.077,8
B011p90f40,b011,48.40_-123.80,48.4,-123.8,48.4,-123.8,32.58,2,48.6495,-123.4482,5907,0.1457,8
B011p90f40,b011,48.40_-124.00,48.4,-124.0,48.475,-123.975,32.73,4,48.6495,-123.4482,5906,0.0779,8
B011p90f40,b011,48.60_-123.80,48.6,-123.8,48.6,-123.85,24.84,3,48.6495,-123.4482,5904,0.1132,8
B011p90f40,b011,48.60_-124.00,48.6,-124.0,48.55,-124.075,21.68,2,48.6495,-123.4482,5908,0.1352,8
B011p90f40,b011,48.60_-124.20,48.6,-124.2,48.65,-124.2,37.61,4,48.6495,-123.4482,5908,0.1041,8
B011p90f40,b011,48.60_-124.40,48.6,-124.4,48.65,-124.35,34.37,2,48.6495,-123.4482,5906,0.0978,8
B011p90f40,b011,48.80_-123.60,48.8,-123.6,48.75,-123.7,18.64,1,48.6495,-123.4482,5896,0.1131,8
B011p90f40,b011,48.80_-124.00,48.8,-124.0,48.8,-124.1,21.41,3,48.6495,-123.4482,5906,0.0891,8
B011p90f40,b011,48.80_-124.20,48.8,-124.2,48.75,-124.15,26.01,1,48.6495,-123.4482,5905,0.1199,8
B011p90f40,b011,48.80_-124.40,48.8,-124.4,48.8,-124.4,35.57,19,48.6495,-123.4482,5907,0.076,8
B011p90f40,b011,48.80_-124.60,48.8,-124.6,48.85,-124.6,35.88,8,48.6495,-123.4482,5907,0.084,8
B011p90f40,b011,48.80_-124.80,48.8,-124.8,48.875,-124.725,33.4,4,48.6495,-123.4482,5906,0.0905,8
B011p90f40,b011,49.00_-123.60,49.0,-123.6,48.95,-123.7,49.12,1,48.6495,-123.4482,5903,0.0928,8
B011p90f40,b011,49.00_-124.40,49.0,-124.4,49.0,-124.45,38.72,7,48.6495,-123.4482,5906,0.0961,8
B011p90f40,b011,49.00_-124.60,49.0,-124.6,49.05,-124.55,42.09,1,48.6495,-123.4482,5903,0.1035,8
B011p90f40,b011,49.00_-124.80,49.0,-124.8,49.0,-124.75,29.83,15,48.6495,-123.4482,5908,0.0866,8
B011p90f40,b011,49.20_-124.40,49.2,-124.4,49.1,-124.3,26.58,1,48.6495,-123.4482,5902,0.1044,8
B011p90f40,b011,49.20_-124.60,49.2,-124.6,49.1,-124.6,42.49,3,48.6495,-123.4482,5905,0.0738,8
B011p90f40,b011,49.20_-124.80,49.2,-124.8,49.125,-124.7,40.36,4,48.6495,-123.4482,5907,0.0818,8
B012p90f40,b012,48.80_-124.20,48.8,-124.2,48.75,-124.2,20.89,1,48.925,-125.542,3430,0.3189,11
B012p90f40,b012,48.80_-124.40,48.8,-124.4,48.9,-124.375,28.06,2,48.925,-125.542,3358,0.2572,11
B012p90f40,b012,48.80_-124.80,48.8,-124.8,48.9,-124.75,30.34,7,48.925,-125.542,3958,0.2031,11
B012p90f40,b012,49.00_-124.40,49.0,-124.4,49.05,-124.5,27.49,1,48.925,-125.542,3391,0.2335,11
B012p90f40,b012,49.00_-124.60,49.0,-124.6,48.95,-124.65,37.2,6,48.925,-125.542,3728,0.1862,11
B012p90f40,b012,49.00_-124.80,49.0,-124.8,49.0,-124.75,27.86,23,48.925,-125.542,4088,0.2123,11
B012p90f40,b012,49.20_-124.60,49.2,-124.6,49.1,-124.6,42.49,2,48.925,-125.542,3673,0.1954,11
B012p90f40,b012,49.20_-124.80,49.2,-124.8,49.175,-124.85,35.22,10,48.925,-125.542,3953,0.1829,11
B012p90f40,b012,49.20_-125.00,49.2,-125.0,49.25,-125.05,33.47,19,48.925,-125.542,4074,0.2106,11
B012p90f40,b012,49.20_-125.20,49.2,-125.2,49.225,-125.2,35.95,14,48.925,-125.542,4024,0.2181,11
B012p90f40,b012,49.40_-125.20,49.4,-125.2,49.35,-125.25,29.94,2,48.925,-125.542,3612,0.3451,11
B013p90f40,b013,47.40_-122.80,47.4,-122.8,47.35,-122.9,40.0,3,47.813,-122.9108,5732,0.0951,12
B013p90f40,b013,47.40_-123.00,47.4,-123.0,47.35,-123.1,44.99,1,47.813,-122.9108,5886,0.1084,12
B013p90f40,b013,47.60_-123.00,47.6,-123.0,47.6,-123.0,16.42,3,47.813,-122.9108,5888,0.1331,12
B013p90f40,b013,47.60_-123.20,47.6,-123.2,47.625,-123.225,46.08,2,47.813,-122.9108,5814,0.1473,12
B013p90f40,b013,47.80_-122.80,47.8,-122.8,47.75,-122.8,20.39,1,47.813,-122.9108,5562,0.0643,12
B013p90f40,b013,47.80_-123.00,47.8,-123.0,47.9,-123.05,45.22,3,47.813,-122.9108,5878,0.1061,12
B013p90f40,b013,47.80_-123.20,47.8,-123.2,47.9,-123.15,40.67,5,47.813,-122.9108,5948,0.087,12
B013p90f40,b013,48.00_-122.80,48.0,-122.8,47.95,-122.9,44.94,1,47.813,-122.9108,3988,0.1779,12
B013p90f40,b013,48.00_-123.00,48.0,-123.0,48.0,-123.0,49.47,3,47.813,-122.9108,5926,0.0883,12
B013p90f40,b013,48.00_-123.20,48.0,-123.2,48.075,-123.275,44.88,4,47.813,-122.9108,5873,0.0924,12
B013p90f40,b013,48.00_-123.40,48.0,-123.4,47.95,-123.45,41.04,1,47.813,-122.9108,5643,0.1458,12
B013p90f40,b013,48.20_-123.00,48.2,-123.0,48.3,-123.075,39.4,2,47.813,-122.9108,5814,0.1251,12
B013p90f40,b013,48.20_-123.20,48.2,-123.2,48.2,-123.2,23.44,1,47.813,-122.9108,5306,0.0993,12
B013p90f40,b013,48.20_-123.40,48.2,-123.4,48.25,-123.45,26.37,5,47.813,-122.9108,5911,0.0842,12
B013p90f40,b013,48.20_-123.60,48.2,-123.6,48.25,-123.65,34.26,7,47.813,-122.9108,5913,0.0851,12
B017p90f40,b017,46.80_-122.80,46.8,-122.8,46.85,-122.85,29.49,3,46.996,-123.5575,5613,0.0455,13
B017p90f40,b017,46.80_-123.00,46.8,-123.0,46.9,-123.0,42.86,7,46.996,-123.5575,5444,0.0736,13
B017p90f40,b017,46.80_-123.20,46.8,-123.2,46.9,-123.2,36.34,1,46.996,-123.5575,4143,0.079,13
B017p90f40,b017,47.00_-122.80,47.0,-122.8,47.0,-122.775,44.12,2,46.996,-123.5575,5272,0.0554,13
B017p90f40,b017,47.00_-123.00,47.0,-123.0,47.0,-123.05,43.95,8,46.996,-123.5575,5997,0.0628,13
B017p90f40,b017,47.00_-123.20,47.0,-123.2,46.95,-123.15,41.72,1,46.996,-123.5575,4196,0.121,13
B017p90f40,b017,47.20_-122.80,47.2,-122.8,47.1,-122.9,43.68,1,46.996,-123.5575,4024,0.1052,13
B017p90f40,b017,47.20_-123.00,47.2,-123.0,47.175,-123.05,41.02,8,46.996,-123.5575,6001,0.0834,13
B017p90f40,b017,47.40_-122.80,47.4,-122.8,47.4,-122.8,31.15,5,46.996,-123.5575,5941,0.0873,13
B017p90f40,b017,47.40_-123.00,47.4,-123.0,47.35,-123.05,45.49,1,46.996,-123.5575,4156,0.1339,13
B017p90f40,b017,47.60_-122.80,47.6,-122.8,47.65,-122.8,37.53,5,46.996,-123.5575,5805,0.1017,13
B017p90f40,b017,47.60_-123.00,47.6,-123.0,47.65,-123.05,44.53,1,46.996,-123.5575,4037,0.0924,13
B017p90f40,b017,47.60_-123.20,47.6,-123.2,47.7,-123.2,47.19,3,46.996,-123.5575,5606,0.0816,13
B017p90f40,b017,47.80_-123.00,47.8,-123.0,47.875,-123.05,42.06,2,46.996,-123.5575,4632,0.0912,13
B017p90f40,b017,47.80_-123.20,47.8,-123.2,47.8,-123.15,42.56,3,46.996,-123.5575,5878,0.0943,13
B018p90f40,b018,46.20_-123.20,46.2,-123.2,46.15,-123.15,18.68,1,46.9795,-123.0203,5998,0.0789,14
B018p90f40,b018,46.40_-123.00,46.4,-123.0,46.425,-123.075,47.54,2,46.9795,-123.0203,5997,0.0603,14
B018p90f40,b018,46.60_-123.00,46.6,-123.0,46.65,-123.1,47.81,3,46.9795,-123.0203,5999,0.0294,14
B018p90f40,b018,46.80_-122.80,46.8,-122.8,46.85,-122.775,29.57,2,46.9795,-123.0203,6000,0.0495,14
B018p90f40,b018,46.80_-123.00,46.8,-123.0,46.8,-123.05,38.49,1,46.9795,-123.0203,5988,0.0964,14
B018p90f40,b018,46.80_-123.20,46.8,-123.2,46.875,-123.225,34.58,2,46.9795,-123.0203,5997,0.0532,14
B018p90f40,b018,47.00_-122.60,47.0,-122.6,47.0,-122.65,47.82,2,46.9795,-123.0203,6001,0.0416,14
B018p90f40,b018,47.00_-122.80,47.0,-122.8,47.0,-122.9,44.86,1,46.9795,-123.0203,5737,0.062,14
B018p90f40,b018,47.00_-123.00,47.0,-123.0,47.0,-123.1,43.95,1,46.9795,-123.0203,6001,0.0682,14
B018p90f40,b018,47.00_-123.20,47.0,-123.2,46.95,-123.15,41.72,1,46.9795,-123.0203,6001,0.0615,14
B018p90f40,b018,47.20_-122.80,47.2,-122.8,47.2,-122.8,40.21,6,46.9795,-123.0203,6001,0.059,14
B018p90f40,b018,47.20_-123.00,47.2,-123.0,47.25,-123.0,41.7,5,46.9795,-123.0203,6000,0.0603,14
B018p90f40,b018,47.20_-123.20,47.2,-123.2,47.3,-123.2,43.52,3,46.9795,-123.0203,5994,0.0507,14
B018p90f40,b018,47.40_-122.60,47.4,-122.6,47.4,-122.65,29.95,1,46.9795,-123.0203,6001,0.0834,14
B018p90f40,b018,47.40_-122.80,47.4,-122.8,47.4,-122.8,27.33,4,46.9795,-123.0203,5999,0.0689,14
B018p90f40,b018,47.40_-123.00,47.4,-123.0,47.4,-123.05,42.01,7,46.9795,-123.0203,5998,0.0744,14
B018p90f40,b018,47.60_-122.60,47.6,-122.6,47.7,-122.65,20.86,1,46.9795,-123.0203,6000,0.0668,14
B018p90f40,b018,47.60_-122.80,47.6,-122.8,47.6,-122.775,26.38,6,46.9795,-123.0203,6001,0.0635,14
B018p90f40,b018,47.60_-123.00,47.6,-123.0,47.625,-123.025,44.36,8,46.9795,-123.0203,5993,0.0392,14
B018p90f40,b018,47.60_-123.20,47.6,-123.2,47.65,-123.225,40.38,6,46.9795,-123.0203,5998,0.043,14
B018p90f40,b018,47.60_-123.40,47.6,-123.4,47.6,-123.4,40.11,2,46.9795,-123.0203,6000,0.0777,14
B018p90f40,b018,47.80_-122.80,47.8,-122.8,47.85,-122.8,30.01,1,46.9795,-123.0203,5894,0.0529,14
B018p90f40,b018,47.80_-123.00,47.8,-123.0,47.8,-123.0,46.35,3,46.9795,-123.0203,6001,0.0426,14
B018p90f40,b018,47.80_-123.20,47.8,-123.2,47.8,-123.2,41.46,8,46.9795,-123.0203,6001,0.0544,14
B018p90f40,b018,47.80_-123.60,47.8,-123.6,47.8,-123.5,35.39,1,46.9795,-123.0203,5955,0.0674,14
B022p90f40,b022,45.60_-123.40,45.6,-123.4,45.65,-123.35,35.46,1,45.9546,-123.931,5863,0.0888,15
B022p90f40,b022,45.80_-123.20,45.8,-123.2,45.9,-123.25,40.62,21,45.9546,-123.931,5903,0.0653,15
B022p90f40,b022,45.80_-123.40,45.8,-123.4,45.85,-123.35,34.03,1,45.9546,-123.931,5895,0.108,15
B022p90f40,b022,46.00_-123.20,46.0,-123.2,45.95,-123.2,33.33,1,45.9546,-123.931,5899,0.0907,15
B023p90f40,b023,45.20_-122.80,45.2,-122.8,45.3,-122.9,23.75,1,46.1112,-123.0787,5417,0.1098,16
B023p90f40,b023,45.20_-123.00,45.2,-123.0,45.3,-123.1,25.1,1,46.1112,-123.0787,5503,0.1129,16
B023p90f40,b023,45.20_-123.20,45.2,-123.2,45.3,-123.2,24.52,1,46.1112,-123.0787,5359,0.1212,16
B023p90f40,b023,45.20_-123.40,45.2,-123.4,45.25,-123.45,32.99,1,46.1112,-123.0787,5250,0.1111,16
B023p90f40,b023,45.20_-123.60,45.2,-123.6,45.275,-123.55,45.82,2,46.1112,-123.0787,5559,0.0986,16
B023p90f40,b023,45.40_-122.80,45.4,-122.8,45.35,-122.9,22.39,1,46.1112,-123.0787,5361,0.1164,16
B023p90f40,b023,45.40_-123.00,45.4,-123.0,45.45,-122.95,27.43,1,46.1112,-123.0787,5550,0.0949,16
B023p90f40,b023,45.40_-123.20,45.4,-123.2,45.35,-123.15,32.19,1,46.1112,-123.0787,5537,0.1085,16
B023p90f40,b023,45.60_-123.00,45.6,-123.0,45.6,-123.05,52.72,1,46.1112,-123.0787,5370,0.1196,16
B023p90f40,b023,45.60_-123.20,45.6,-123.2,45.6,-123.275,35.24,4,46.1112,-123.0787,5532,0.1117,16
B023p90f40,b023,45.60_-123.40,45.6,-123.4,45.625,-123.425,37.21,2,46.1112,-123.0787,5550,0.1011,16
B023p90f40,b023,45.80_-122.80,45.8,-122.8,45.8,-122.8,12.8,1,46.1112,-123.0787,5483,0.1075,16
B023p90f40,b023,45.80_-123.40,45.8,-123.4,45.775,-123.375,30.04,2,46.1112,-123.0787,5514,0.1189,16
B023p90f40,b023,45.80_-123.60,45.8,-123.6,45.75,-123.5,23.23,1,46.1112,-123.0787,5561,0.0512,16
B023p90f40,b023,46.40_-123.00,46.4,-123.0,46.35,-123.0,25.75,1,46.1112,-123.0787,5504,0.0781,16
B023p90f40,b023,46.40_-123.20,46.4,-123.2,46.35,-123.2,16.17,1,46.1112,-123.0787,5472,0.113,16
B023p90f40,b023,46.60_-122.80,46.6,-122.8,46.6,-122.85,48.91,3,46.1112,-123.0787,5494,0.1351,16
B023p90f40,b023,46.60_-123.00,46.6,-123.0,46.65,-123.0,51.69,1,46.1112,-123.0787,5436,0.1079,16
B023p90f40,b023,46.60_-123.40,46.6,-123.4,46.6,-123.4,25.42,1,46.1112,-123.0787,5530,0.1183,16
B023p90f40,b023,46.80_-122.60,46.8,-122.6,46.775,-122.575,22.3,2,46.1112,-123.0787,5421,0.1596,16
B023p90f40,b023,46.80_-122.80,46.8,-122.8,46.85,-122.8,32.04,7,46.1112,-123.0787,5554,0.1026,16
B023p90f40,b023,46.80_-123.00,46.8,-123.0,46.85,-123.1,34.58,1,46.1112,-123.0787,5440,0.1079,16
B023p90f40,b023,47.00_-122.40,47.0,-122.4,47.0,-122.4,40.0,1,46.1112,-123.0787,5440,0.1135,16
B023p90f40,b023,47.00_-122.60,47.0,-122.6,47.0,-122.65,49.0,1,46.1112,-123.0787,5435,0.1022,16
B023p90f40,b023,47.00_-122.80,47.0,-122.8,46.95,-122.8,45.81,7,46.1112,-123.0787,5545,0.086,16
B023p90f40,b023,47.00_-123.00,47.0,-123.0,46.95,-122.95,48.22,1,46.1112,-123.0787,5515,0.1289,16
B023p90f40,b023,47.00_-123.20,47.0,-123.2,46.95,-123.175,41.36,2,46.1112,-123.0787,5545,0.0949,16
B024p90f40,b024,45.00_-123.40,45.0,-123.4,45.025,-123.425,18.49,2,45.638,-123.856,4948,0.1212,17
B024p90f40,b024,45.00_-123.60,45.0,-123.6,45.05,-123.55,30.95,1,45.638,-123.856,4948,0.1056,17
B024p90f40,b024,45.20_-123.00,45.2,-123.0,45.225,-122.975,25.25,2,45.638,-123.856,4949,0.1369,17
B024p90f40,b024,45.20_-123.20,45.2,-123.2,45.2,-123.3,33.85,3,45.638,-123.856,4949,0.1101,17
B024p90f40,b024,45.20_-123.40,45.2,-123.4,45.2,-123.4,28.25,13,45.638,-123.856,4949,0.1009,17
B024p90f40,b024,45.20_-123.60,45.2,-123.6,45.175,-123.525,37.6,10,45.638,-123.856,4949,0.1346,17
B024p90f40,b024,45.40_-122.80,45.4,-122.8,45.4,-122.9,19.6,1,45.638,-123.856,4949,0.1351,17
B024p90f40,b024,45.40_-123.00,45.4,-123.0,45.4,-123.1,19.9,1,45.638,-123.856,4906,0.1626,17
B024p90f40,b024,45.40_-123.20,45.4,-123.2,45.4,-123.3,19.95,11,45.638,-123.856,4949,0.0837,17
B024p90f40,b024,45.40_-123.40,45.4,-123.4,45.425,-123.35,18.03,4,45.638,-123.856,4949,0.1178,17
B024p90f40,b024,45.40_-123.60,45.4,-123.6,45.425,-123.5,40.64,8,45.638,-123.856,4949,0.1577,17
B024p90f40,b024,45.60_-123.00,45.6,-123.0,45.6,-123.1,30.53,2,45.638,-123.856,4949,0.2066,17
B024p90f40,b024,45.60_-123.20,45.6,-123.2,45.6,-123.275,28.68,10,45.638,-123.856,4949,0.108,17
B024p90f40,b024,45.60_-123.40,45.6,-123.4,45.6,-123.4,38.95,20,45.638,-123.856,4949,0.0906,17
B024p90f40,b024,45.60_-123.60,45.6,-123.6,45.5,-123.5,43.51,3,45.638,-123.856,4949,0.1497,17
B024p90f40,b024,45.80_-123.00,45.8,-123.0,45.75,-123.05,20.0,2,45.638,-123.856,4948,0.0829,17
B024p90f40,b024,45.80_-123.20,45.8,-123.2,45.8,-123.3,33.99,5,45.638,-123.856,4949,0.0941,17
B024p90f40,b024,46.00_-123.20,46.0,-123.2,46.0,-123.2,27.28,2,45.638,-123.856,4949,0.1417,17
B027p90f40,b027,44.80_-123.40,44.8,-123.4,44.85,-123.4,29.24,1,44.497,-122.962,2852,0.1686,18
B027p90f40,b027,44.80_-123.60,44.8,-123.6,44.8,-123.5,32.71,1,44.497,-122.962,5082,0.0775,18
B027p90f40,b027,45.00_-123.40,45.0,-123.4,45.025,-123.4,17.59,6,44.497,-122.962,5864,0.1018,18
B027p90f40,b027,45.20_-123.40,45.2,-123.4,45.1,-123.4,27.13,4,44.497,-122.962,5903,0.0431,18
B027p90f40,b027,45.20_-123.60,45.2,-123.6,45.1,-123.5,29.42,1,44.497,-122.962,5585,0.0791,18
B031p90f40,b031,43.00_-123.60,43.0,-123.6,43.0,-123.5,33.18,1,43.664,-123.397,1281,0.0933,19
B031p90f40,b031,43.20_-124.00,43.2,-124.0,43.1,-123.9,28.14,1,43.664,-123.397,1207,0.1211,19
B031p90f40,b031,43.40_-123.60,43.4,-123.6,43.4,-123.6,28.8,2,43.664,-123.397,2110,0.0737,19
B031p90f40,b031,43.40_-123.80,43.4,-123.8,43.425,-123.8,30.73,2,43.664,-123.397,2030,0.0866,19
B031p90f40,b031,43.60_-123.40,43.6,-123.4,43.6,-123.45,26.41,12,43.664,-123.397,2972,0.1011,19
B031p90f40,b031,43.60_-123.60,43.6,-123.6,43.6,-123.55,27.35,27,43.664,-123.397,3012,0.0883,19
B031p90f40,b031,43.80_-123.20,43.8,-123.2,43.9,-123.25,28.01,6,43.664,-123.397,2284,0.077,19
B031p90f40,b031,43.80_-123.40,43.8,-123.4,43.85,-123.4,21.76,1,43.664,-123.397,1718,0.0646,19
B031p90f40,b031,43.80_-123.60,43.8,-123.6,43.9,-123.7,31.97,12,43.664,-123.397,1976,0.0861,19
B031p90f40,b031,44.00_-123.00,44.0,-123.0,44.05,-123.1,18.34,1,43.664,-123.397,1203,0.0784,19
B031p90f40,b031,44.00_-123.20,44.0,-123.2,44.0,-123.3,17.64,2,43.664,-123.397,1876,0.1074,19
B031p90f40,b031,44.00_-123.40,44.0,-123.4,43.975,-123.4,19.76,2,43.664,-123.397,1851,0.0765,19
B031p90f40,b031,44.00_-123.60,44.0,-123.6,43.95,-123.6,27.25,4,43.664,-123.397,1839,0.0544,19
B032p90f40,b032,42.80_-123.60,42.8,-123.6,42.8,-123.5,32.0,1,43.668,-123.3923,5803,0.1534,19
B032p90f40,b032,43.00_-123.60,43.0,-123.6,43.0,-123.5,33.18,1,43.668,-123.3923,5739,0.3708,19
B032p90f40,b032,43.20_-123.40,43.2,-123.4,43.15,-123.45,36.07,5,43.668,-123.3923,5806,0.1072,19
B032p90f40,b032,43.20_-123.60,43.2,-123.6,43.2,-123.5,34.37,2,43.668,-123.3923,5801,0.1506,19
B032p90f40,b032,43.40_-123.20,43.4,-123.2,43.4,-123.25,44.05,1,43.668,-123.3923,5801,0.1022,19
B032p90f40,b032,43.40_-123.80,43.4,-123.8,43.35,-123.75,30.38,1,43.668,-123.3923,5800,0.0889,19
B032p90f40,b032,43.60_-123.20,43.6,-123.2,43.5,-123.3,36.84,1,43.668,-123.3923,5804,0.103,19
B032p90f40,b032,43.60_-123.40,43.6,-123.4,43.525,-123.425,28.85,2,43.668,-123.3923,5807,0.0857,19
B032p90f40,b032,43.60_-123.60,43.6,-123.6,43.65,-123.5,25.85,8,43.668,-123.3923,5805,0.0667,19
B032p90f40,b032,43.80_-123.20,43.8,-123.2,43.9,-123.3,26.63,1,43.668,-123.3923,5784,0.1402,19
B032p90f40,b032,43.80_-123.60,43.8,-123.6,43.85,-123.5,23.75,1,43.668,-123.3923,5801,0.1167,19
B032p90f40,b032,44.00_-123.20,44.0,-123.2,44.0,-123.3,17.64,5,43.668,-123.3923,5799,0.1117,19
B032p90f40,b032,44.00_-123.60,44.0,-123.6,44.05,-123.55,26.77,2,43.668,-123.3923,5805,0.0879,19
B032p90f40,b032,44.20_-123.60,44.2,-123.6,44.2,-123.6,32.64,1,43.668,-123.3923,5806,0.1218,19
B032p90f40,b032,44.40_-123.60,44.4,-123.6,44.45,-123.6,28.57,11,43.668,-123.3923,5806,0.0952,19
B032p90f40,b032,44.60_-123.20,44.6,-123.2,44.55,-123.3,37.32,1,43.668,-123.3923,4383,0.1835,19
B032p90f40,b032,44.60_-123.60,44.6,-123.6,44.55,-123.55,30.16,1,43.668,-123.3923,5804,0.1179,19
B033p90f40,b033,42.60_-123.60,42.6,-123.6,42.6,-123.5,29.71,1,43.2917,-123.1245,5999,0.096,21
B033p90f40,b033,42.80_-123.60,42.8,-123.6,42.9,-123.5,32.0,3,43.2917,-123.1245,5994,0.0971,21
B033p90f40,b033,43.00_-123.60,43.0,-123.6,43.0,-123.5,32.89,10,43.2917,-123.1245,5999,0.108,21
B033p90f40,b033,43.20_-123.40,43.2,-123.4,43.15,-123.425,36.77,8,43.2917,-123.1245,6000,0.0854,21
B033p90f40,b033,43.20_-123.60,43.2,-123.6,43.2,-123.55,32.67,11,43.2917,-123.1245,5998,0.0896,21
B033p90f40,b033,43.20_-123.80,43.2,-123.8,43.25,-123.8,29.62,7,43.2917,-123.1245,5999,0.0674,21
B033p90f40,b033,43.40_-123.40,43.4,-123.4,43.4,-123.35,39.19,1,43.2917,-123.1245,5998,0.1093,21
B033p90f40,b033,43.40_-123.60,43.4,-123.6,43.4,-123.6,28.8,1,43.2917,-123.1245,5976,0.1168,21
B033p90f40,b033,43.60_-123.40,43.6,-123.4,43.55,-123.4,28.94,1,43.2917,-123.1245,5987,0.1255,21
B033p90f40,b033,43.60_-123.60,43.6,-123.6,43.55,-123.6,28.89,9,43.2917,-123.1245,6000,0.099,21
B033p90f40,b033,43.80_-123.60,43.8,-123.6,43.8,-123.5,24.63,2,43.2917,-123.1245,5998,0.0934,21
B033p90f40,b033,44.00_-123.80,44.0,-123.8,43.95,-123.8,33.67,1,43.2917,-123.1245,5994,0.1193,21
B035p90f40,b035,41.60_-122.80,41.6,-122.8,41.7,-122.85,16.79,1,42.504,-123.383,3082,0.1822,22
B035p90f40,b035,41.60_-123.20,41.6,-123.2,41.65,-123.2,31.28,1,42.504,-123.383,4708,0.0172,22
B035p90f40,b035,41.80_-123.40,41.8,-123.4,41.825,-123.375,38.45,2,42.504,-123.383,4460,0.2133,22
B035p90f40,b035,42.00_-123.00,42.0,-123.0,42.05,-123.1,28.19,1,42.504,-123.383,255,0.5239,22
B035p90f40,b035,42.00_-123.20,42.0,-123.2,42.025,-123.175,31.34,6,42.504,-123.383,5841,0.0305,22
B035p90f40,b035,42.00_-123.40,42.0,-123.4,41.975,-123.4,41.03,4,42.504,-123.383,5781,0.0626,22
B035p90f40,b035,42.00_-123.60,42.0,-123.6,42.05,-123.5,46.07,1,42.504,-123.383,4916,0.0234,22
B035p90f40,b035,42.00_-123.80,42.0,-123.8,42.0,-123.8,37.54,3,42.504,-123.383,5771,0.1031,22
B035p90f40,b035,42.20_-123.00,42.2,-123.0,42.25,-123.1,29.1,2,42.504,-123.383,5098,0.0257,22
B035p90f40,b035,42.20_-123.20,42.2,-123.2,42.25,-123.25,35.95,9,42.504,-123.383,5856,0.0317,22
B035p90f40,b035,42.20_-123.40,42.2,-123.4,42.15,-123.4,42.74,1,42.504,-123.383,5000,0.0135,22
B035p90f40,b035,42.20_-123.60,42.2,-123.6,42.2,-123.6,44.91,5,42.504,-123.383,5765,0.0906,22
B035p90f40,b035,42.20_-123.80,42.2,-123.8,42.175,-123.8,36.32,2,42.504,-123.383,5373,0.0555,22
B035p90f40,b035,42.40_-123.00,42.4,-123.0,42.45,-123.05,22.84,1,42.504,-123.383,4926,0.082,22
B035p90f40,b035,42.40_-123.20,42.4,-123.2,42.45,-123.2,29.77,9,42.504,-123.383,5820,0.1419,22
B035p90f40,b035,42.40_-123.40,42.4,-123.4,42.45,-123.4,33.99,10,42.504,-123.383,5855,0.1075,22
B035p90f40,b035,42.40_-123.60,42.4,-123.6,42.4,-123.6,38.99,9,42.504,-123.383,5743,0.1249,22
B035p90f40,b035,42.40_-123.80,42.4,-123.8,42.425,-123.8,37.68,6,42.504,-123.383,5863,0.0212,22
B035p90f40,b035,42.60_-123.20,42.6,-123.2,42.6,-123.25,25.23,2,42.504,-123.383,5687,0.0185,22
B035p90f40,b035,42.60_-123.40,42.6,-123.4,42.6,-123.45,28.35,1,42.504,-123.383,2797,0.0488,22
B035p90f40,b035,42.60_-123.60,42.6,-123.6,42.6,-123.6,31.4,7,42.504,-123.383,5777,0.0233,22
B035p90f40,b035,42.60_-123.80,42.6,-123.8,42.65,-123.85,25.47,1,42.504,-123.383,4891,0.0204,22
B035p90f40,b035,42.80_-123.20,42.8,-123.2,42.8,-123.25,33.69,3,42.504,-123.383,5621,0.0362,22
B035p90f40,b035,42.80_-123.40,42.8,-123.4,42.775,-123.4,33.85,8,42.504,-123.383,5816,0.0209,22
B035p90f40,b035,42.80_-123.60,42.8,-123.6,42.775,-123.55,30.15,6,42.504,-123.383,5863,0.0372,22
B035p90f40,b035,43.00_-123.20,43.0,-123.2,42.95,-123.3,39.69,1,42.504,-123.383,1644,0.302,22
B035p90f40,b035,43.00_-123.40,43.0,-123.4,42.95,-123.4,36.29,3,42.504,-123.383,5236,0.0215,22
B035p90f40,b035,43.00_-123.60,43.0,-123.6,43.0,-123.625,29.61,4,42.504,-123.383,5566,0.0376,22
B035p90f40,b035,43.00_-123.80,43.0,-123.8,42.95,-123.75,27.64,1,42.504,-123.383,5377,0.021,22
B035p90f40,b035,43.20_-123.40,43.2,-123.4,43.25,-123.45,36.36,1,42.504,-123.383,521,0.4639,22
B035p90f40,b035,43.20_-123.60,43.2,-123.6,43.125,-123.525,33.07,2,42.504,-123.383,5703,0.2315,22
B036p90f40,b036,41.80_-123.40,41.8,-123.4,41.8,-123.45,41.2,1,42.5058,-123.3817,5915,1.6496,22
B036p90f40,b036,42.00_-123.20,42.0,-123.2,42.075,-123.275,36.3,2,42.5058,-123.3817,5943,0.1132,22
B036p90f40,b036,42.00_-123.40,42.0,-123.4,42.0,-123.375,39.91,4,42.5058,-123.3817,5943,0.0223,22
B036p90f40,b036,42.00_-123.60,42.0,-123.6,42.075,-123.575,44.9,6,42.5058,-123.3817,5943,0.1922,22
B036p90f40,b036,42.20_-123.20,42.2,-123.2,42.15,-123.3,37.49,5,42.5058,-123.3817,5942,0.298,22
B036p90f40,b036,42.20_-123.40,42.2,-123.4,42.25,-123.35,41.08,3,42.5058,-123.3817,5943,0.0324,22
B036p90f40,b036,42.20_-123.60,42.2,-123.6,42.25,-123.55,45.8,5,42.5058,-123.3817,5942,0.1339,22
B036p90f40,b036,42.20_-123.80,42.2,-123.8,42.225,-123.825,29.31,4,42.5058,-123.3817,5943,0.0393,22
B036p90f40,b036,42.20_-124.00,42.2,-124.0,42.25,-123.95,25.45,1,42.5058,-123.3817,5099,0.0221,22
B036p90f40,b036,42.40_-123.00,42.4,-123.0,42.4,-123.1,26.69,2,42.5058,-123.3817,5666,0.3235,22
B036p90f40,b036,42.40_-123.20,42.4,-123.2,42.4,-123.25,30.55,5,42.5058,-123.3817,5943,0.052,22
B036p90f40,b036,42.40_-123.40,42.4,-123.4,42.4,-123.4,35.14,7,42.5058,-123.3817,5943,0.1611,22
B036p90f40,b036,42.40_-123.60,42.4,-123.6,42.5,-123.5,36.67,7,42.5058,-123.3817,5943,0.1892,22
B036p90f40,b036,42.40_-123.80,42.4,-123.8,42.45,-123.8,37.08,7,42.5058,-123.3817,5943,0.0288,22
B036p90f40,b036,42.40_-124.00,42.4,-124.0,42.425,-123.925,22.92,2,42.5058,-123.3817,5943,0.018,22
B036p90f40,b036,42.60_-123.20,42.6,-123.2,42.6,-123.225,24.84,2,42.5058,-123.3817,5917,0.1421,22
B036p90f40,b036,42.60_-123.40,42.6,-123.4,42.6,-123.4,27.57,7,42.5058,-123.3817,5943,0.0828,22
B036p90f40,b036,42.60_-123.60,42.6,-123.6,42.55,-123.6,32.03,5,42.5058,-123.3817,5943,0.131,22
B036p90f40,b036,42.60_-123.80,42.6,-123.8,42.55,-123.8,37.06,4,42.5058,-123.3817,5943,0.0257,22
B036p90f40,b036,42.60_-124.00,42.6,-124.0,42.55,-123.95,36.34,1,42.5058,-123.3817,5364,1.6522,22
B036p90f40,b036,42.80_-123.20,42.8,-123.2,42.725,-123.3,31.3,2,42.5058,-123.3817,5928,0.2655,22
B036p90f40,b036,42.80_-123.40,42.8,-123.4,42.75,-123.45,33.41,3,42.5058,-123.3817,3267,0.3811,22
B036p90f40,b036,42.80_-123.60,42.8,-123.6,42.8,-123.575,29.71,6,42.5058,-123.3817,5943,0.0519,22
B036p90f40,b036,42.80_-123.80,42.8,-123.8,42.75,-123.75,27.15,1,42.5058,-123.3817,5750,0.1206,22
B036p90f40,b036,43.00_-123.60,43.0,-123.6,43.0,-123.575,30.63,4,42.5058,-123.3817,5943,0.1272,22
B039p90f40,b039,41.20_-122.80,41.2,-122.8,41.275,-122.9,20.52,6,41.4667,-122.4847,5563,0.0359,24
B039p90f40,b039,41.20_-123.00,41.2,-123.0,41.25,-123.0,26.34,13,41.4667,-122.4847,5563,0.0353,24
B039p90f40,b039,41.20_-123.20,41.2,-123.2,41.3,-123.2,32.04,3,41.4667,-122.4847,5562,0.0336,24
B039p90f40,b039,41.40_-122.80,41.4,-122.8,41.4,-122.9,20.06,1,41.4667,-122.4847,5563,0.0524,24
B039p90f40,b039,41.40_-123.00,41.4,-123.0,41.4,-123.025,29.81,8,41.4667,-122.4847,5562,0.0409,24
B039p90f40,b039,41.40_-123.20,41.4,-123.2,41.4,-123.2,35.31,9,41.4667,-122.4847,5563,0.0483,24
B039p90f40,b039,41.60_-122.80,41.6,-122.8,41.65,-122.85,18.47,19,41.4667,-122.4847,5562,0.0281,24
B039p90f40,b039,41.60_-123.00,41.6,-123.0,41.65,-123.1,27.18,13,41.4667,-122.4847,5564,0.0367,24
B039p90f40,b039,41.60_-123.20,41.6,-123.2,41.6,-123.2,31.51,8,41.4667,-122.4847,5562,0.0458,24
B039p90f40,b039,41.60_-123.40,41.6,-123.4,41.6,-123.35,37.54,1,41.4667,-122.4847,5564,0.0498,24
B039p90f40,b039,41.80_-123.40,41.8,-123.4,41.75,-123.4,39.26,1,41.4667,-122.4847,5562,0.0686,24
B039p90f40,b039,42.20_-123.20,42.2,-123.2,42.25,-123.25,36.29,1,41.4667,-122.4847,5502,0.0828,24
B039p90f40,b039,42.20_-123.40,42.2,-123.4,42.175,-123.35,40.48,2,41.4667,-122.4847,5562,0.0636,24
B039p90f40,b039,42.40_-123.40,42.4,-123.4,42.35,-123.45,39.78,1,41.4667,-122.4847,5562,0.0459,24
B040p90f40,b040,41.00_-122.80,41.0,-122.8,41.05,-122.825,19.34,2,41.8308,-122.4205,5931,0.1862,25
B040p90f40,b040,41.00_-123.00,41.0,-123.0,41.05,-123.1,39.81,1,41.8308,-122.4205,4306,0.2512,25
B040p90f40,b040,41.00_-123.20,41.0,-123.2,41.05,-123.25,38.62,1,41.8308,-122.4205,5938,0.2406,25
B040p90f40,b040,41.20_-122.80,41.2,-122.8,41.15,-122.875,20.56,4,41.8308,-122.4205,5938,0.1364,25
B040p90f40,b040,41.20_-123.00,41.2,-123.0,41.2,-123.0,21.28,7,41.8308,-122.4205,5939,0.1578,25
B040p90f40,b040,41.20_-123.20,41.2,-123.2,41.175,-123.2,35.25,4,41.8308,-122.4205,5939,0.1494,25
B040p90f40,b040,41.40_-122.80,41.4,-122.8,41.4,-122.8,16.98,1,41.8308,-122.4205,2190,0.3857,25
B040p90f40,b040,41.40_-123.00,41.4,-123.0,41.4,-123.1,34.32,13,41.8308,-122.4205,5939,0.1528,25
B040p90f40,b040,41.40_-123.20,41.4,-123.2,41.4,-123.15,35.73,7,41.8308,-122.4205,5938,0.1226,25
B040p90f40,b040,41.40_-123.40,41.4,-123.4,41.45,-123.4,37.55,1,41.8308,-122.4205,5924,0.1843,25
B040p90f40,b040,41.60_-122.80,41.6,-122.8,41.6,-122.85,19.41,2,41.8308,-122.4205,5932,0.1965,25
B040p90f40,b040,41.60_-123.00,41.6,-123.0,41.575,-123.075,29.2,8,41.8308,-122.4205,5939,0.1636,25
B040p90f40,b040,41.60_-123.20,41.6,-123.2,41.6,-123.225,32.54,8,41.8308,-122.4205,5939,0.1484,25
B040p90f40,b040,41.60_-123.40,41.6,-123.4,41.55,-123.35,37.65,7,41.8308,-122.4205,5937,0.1768,25
B040p90f40,b040,41.80_-123.20,41.8,-123.2,41.75,-123.25,33.0,3,41.8308,-122.4205,5939,0.1985,25
B040p90f40,b040,41.80_-123.40,41.8,-123.4,41.8,-123.4,39.15,3,41.8308,-122.4205,5938,0.1926,25
B040p90f40,b040,41.80_-123.60,41.8,-123.6,41.85,-123.5,43.77,1,41.8308,-122.4205,5931,0.1567,25
B040p90f40,b040,42.00_-123.20,42.0,-123.2,42.025,-123.25,34.61,2,41.8308,-122.4205,5902,0.1646,25
B040p90f40,b040,42.00_-123.40,42.0,-123.4,41.95,-123.45,42.69,1,41.8308,-122.4205,5933,0.2001,25
B040p90f40,b040,42.20_-123.20,42.2,-123.2,42.2,-123.275,36.89,2,41.8308,-122.4205,5932,0.18,25
B040p90f40,b040,42.20_-123.40,42.2,-123.4,42.15,-123.4,42.74,1,41.8308,-122.4205,5574,0.1837,25
B040p90f40,b040,42.40_-123.40,42.4,-123.4,42.5,-123.45,32.81,1,41.8308,-122.4205,5708,0.1994,25
B045p90f40,b045,41.00_-122.80,41.0,-122.8,40.95,-122.9,21.41,1,40.436,-123.9965,5690,0.0961,26
B045p90f40,b045,41.20_-123.00,41.2,-123.0,41.25,-123.1,29.07,2,40.436,-123.9965,5703,0.0438,26
B045p90f40,b045,41.20_-123.20,41.2,-123.2,41.1,-123.2,34.82,1,40.436,-123.9965,5681,0.1302,26
B201p90f40,b201,45.60_-123.20,45.6,-123.2,45.6,-123.25,24.93,5,46.3033,-122.2648,4335,0.1432,27
B201p90f40,b201,45.60_-123.40,45.6,-123.4,45.575,-123.35,38.42,4,46.3033,-122.2648,4229,0.151,27
B201p90f40,b201,45.80_-123.00,45.8,-123.0,45.875,-123.1,20.17,2,46.3033,-122.2648,3834,0.1576,27
B201p90f40,b201,45.80_-123.20,45.8,-123.2,45.825,-123.2,34.07,10,46.3033,-122.2648,4451,0.1557,27
B201p90f40,b201,45.80_-123.40,45.8,-123.4,45.775,-123.375,30.04,2,46.3033,-122.2648,4362,0.1301,27
B201p90f40,b201,46.00_-123.20,46.0,-123.2,46.05,-123.225,28.82,2,46.3033,-122.2648,4092,0.1424,27
B201p90f40,b201,46.20_-123.20,46.2,-123.2,46.3,-123.3,23.38,1,46.3033,-122.2648,4211,0.0475,27
B201p90f40,b201,46.40_-123.00,46.4,-123.0,46.35,-123.05,44.78,1,46.3033,-122.2648,4071,0.1593,27
B201p90f40,b201,46.40_-123.20,46.4,-123.2,46.4,-123.2,25.01,3,46.3033,-122.2648,4605,0.1043,27
B201p90f40,b201,46.80_-122.80,46.8,-122.8,46.9,-122.85,35.94,4,46.3033,-122.2648,4447,0.1274,27
B201p90f40,b201,46.80_-123.00,46.8,-123.0,46.8,-122.975,41.42,2,46.3033,-122.2648,4189,0.1754,27
B201p90f40,b201,47.00_-123.00,47.0,-123.0,47.0,-123.05,44.06,1,46.3033,-122.2648,2037,0.2033,27
B201p90f40,b201,47.20_-123.00,47.2,-123.0,47.1,-123.0,42.18,1,46.3033,-122.2648,3548,0.114,27
B201p90f40,b201,47.20_-123.20,47.2,-123.2,47.1,-123.2,41.59,1,46.3033,-122.2648,2852,0.0949,27
B926p90f40,b926,48.20_-123.60,48.2,-123.6,48.2,-123.7,34.26,1,48.82,-124.131,4612,0.2429,28
B926p90f40,b926,48.20_-123.80,48.2,-123.8,48.3,-123.75,31.17,1,48.82,-124.131,5169,0.1955,28
B926p90f40,b926,48.40_-123.80,48.4,-123.8,48.45,-123.775,28.71,4,48.82,-124.131,5308,0.1254,28
B926p90f40,b926,48.40_-124.00,48.4,-124.0,48.5,-123.9,35.62,4,48.82,-124.131,5235,0.1144,28
B926p90f40,b926,48.60_-124.00,48.6,-124.0,48.6,-124.0,24.93,2,48.82,-124.131,5268,0.137,28
B926p90f40,b926,48.60_-124.20,48.6,-124.2,48.65,-124.2,37.61,1,48.82,-124.131,5170,0.1516,28
B926p90f40,b926,48.60_-124.40,48.6,-124.4,48.65,-124.3,36.81,1,48.82,-124.131,5430,0.1572,28
B926p90f40,b926,48.80_-124.00,48.8,-124.0,48.7,-124.1,25.35,1,48.82,-124.131,4878,0.1867,28
B926p90f40,b926,48.80_-124.20,48.8,-124.2,48.8,-124.225,26.31,2,48.82,-124.131,5074,0.1352,28
B926p90f40,b926,48.80_-124.40,48.8,-124.4,48.85,-124.4,34.46,8,48.82,-124.131,5445,0.111,28
B926p90f40,b926,48.80_-124.60,48.8,-124.6,48.9,-124.6,35.61,12,48.82,-124.131,5451,0.1035,28
B926p90f40,b926,48.80_-124.80,48.8,-124.8,48.9,-124.75,29.59,9,48.82,-124.131,5318,0.127,28
B926p90f40,b926,49.00_-124.40,49.0,-124.4,48.95,-124.5,44.02,9,48.82,-124.131,5420,0.1215,28
B926p90f40,b926,49.00_-124.60,49.0,-124.6,48.975,-124.55,41.17,8,48.82,-124.131,5338,0.1106,28
B926p90f40,b926,49.00_-124.80,49.0,-124.8,49.0,-124.8,27.86,38,48.82,-124.131,5475,0.1093,28
B926p90f40,b926,49.20_-124.60,49.2,-124.6,49.1,-124.65,38.87,5,48.82,-124.131,5376,0.1025,28
B926p90f40,b926,49.20_-124.80,49.2,-124.8,49.125,-124.7,40.36,2,48.82,-124.131,5230,0.1099,28
B926p90f40,b926,49.20_-125.00,49.2,-125.0,49.25,-124.975,23.18,2,48.82,-124.131,5177,0.1362,28
B927p90f40,b927,48.80_-124.40,48.8,-124.4,48.9,-124.375,28.06,2,49.2188,-124.8113,4773,0.1369,29
B927p90f40,b927,48.80_-124.80,48.8,-124.8,48.9,-124.75,29.59,2,49.2188,-124.8113,4844,0.1894,29
B927p90f40,b927,49.00_-124.40,49.0,-124.4,49.025,-124.5,33.11,6,49.2188,-124.8113,5930,0.1274,29
B927p90f40,b927,49.00_-124.60,49.0,-124.6,49.05,-124.55,42.57,7,49.2188,-124.8113,5886,0.1574,29
B927p90f40,b927,49.00_-124.80,49.0,-124.8,49.05,-124.7,35.03,6,49.2188,-124.8113,5797,0.2223,29
B927p90f40,b927,49.20_-124.60,49.2,-124.6,49.1,-124.6,42.49,15,49.2188,-124.8113,5954,0.1309,29
B927p90f40,b927,49.20_-124.80,49.2,-124.8,49.15,-124.85,37.75,2,49.2188,-124.8113,5650,0.1606,29
B927p90f40,b927,49.20_-125.00,49.2,-125.0,49.3,-125.0,36.8,13,49.2188,-124.8113,5965,0.1605,29
B927p90f40,b927,49.20_-125.20,49.2,-125.2,49.2,-125.2,42.13,1,49.2188,-124.8113,5834,0.1223,29
B927p90f40,b927,49.40_-125.20,49.4,-125.2,49.4,-125.2,14.28,1,49.2188,-124.8113,4250,0.2426,29
B928p90f40,b928,48.60_-123.80,48.6,-123.8,48.55,-123.8,18.73,1,48.8337,-125.1345,5818,0.2475,30
B928p90f40,b928,48.80_-124.00,48.8,-124.0,48.7,-124.1,25.35,1,48.8337,-125.1345,5822,0.1287,30
B928p90f40,b928,48.80_-124.20,48.8,-124.2,48.8,-124.2,20.89,3,48.8337,-125.1345,5822,0.1293,30
B928p90f40,b928,48.80_-124.40,48.8,-124.4,48.9,-124.425,32.61,4,48.8337,-125.1345,5820,0.1569,30
B928p90f40,b928,48.80_-124.60,48.8,-124.6,48.85,-124.6,32.61,9,48.8337,-125.1345,5823,0.1076,30
B928p90f40,b928,48.80_-124.80,48.8,-124.8,48.9,-124.75,30.34,21,48.8337,-125.1345,5822,0.1053,30
B928p90f40,b928,49.00_-124.40,49.0,-124.4,49.0,-124.45,25.12,2,48.8337,-125.1345,5820,0.1262,30
B928p90f40,b928,49.00_-124.60,49.0,-124.6,48.95,-124.65,37.35,18,48.8337,-125.1345,5823,0.1114,30
B928p90f40,b928,49.00_-124.80,49.0,-124.8,49.0,-124.75,29.65,31,48.8337,-125.1345,5823,0.1137,30
B928p90f40,b928,49.20_-124.60,49.2,-124.6,49.125,-124.625,40.68,2,48.8337,-125.1345,5811,0.1399,30
B928p90f40,b928,49.20_-124.80,49.2,-124.8,49.2,-124.85,35.22,7,48.8337,-125.1345,5823,0.1266,30
B928p90f40,b928,49.20_-125.00,49.2,-125.0,49.2,-124.95,30.54,7,48.8337,-125.1345,5823,0.1185,30
B935p90f40,b935,40.20_-122.60,40.2,-122.6,40.3,-122.65,23.6,1,40.4787,-123.5732,5739,0.209,31
B935p90f40,b935,40.20_-122.80,40.2,-122.8,40.3,-122.725,31.9,2,40.4787,-123.5732,5918,0.1871,31
B935p90f40,b935,40.40_-122.40,40.4,-122.4,40.4,-122.5,42.94,1,40.4787,-123.5732,5878,0.2611,31
B935p90f40,b935,40.40_-122.60,40.4,-122.6,40.35,-122.6,15.63,1,40.4787,-123.5732,5694,0.2373,31
B935p90f40,b935,40.40_-122.80,40.4,-122.8,40.425,-122.8,29.29,10,40.4787,-123.5732,5922,0.1589,31
B935p90f40,b935,40.40_-123.00,40.4,-123.0,40.45,-123.0,39.46,1,40.4787,-123.5732,5889,0.2016,31
B935p90f40,b935,40.60_-122.60,40.6,-122.6,40.6,-122.65,16.33,1,40.4787,-123.5732,5868,0.1669,31
B935p90f40,b935,40.60_-122.80,40.6,-122.8,40.625,-122.9,22.25,4,40.4787,-123.5732,5920,0.1544,31
B935p90f40,b935,40.60_-123.00,40.6,-123.0,40.6,-122.95,23.21,3,40.4787,-123.5732,5903,0.1998,31
B935p90f40,b935,40.60_-123.20,40.6,-123.2,40.65,-123.15,35.59,1,40.4787,-123.5732,5684,0.2408,31
B935p90f40,b935,40.80_-122.80,40.8,-122.8,40.75,-122.9,18.47,13,40.4787,-123.5732,5925,0.1375,31
B935p90f40,b935,40.80_-123.00,40.8,-123.0,40.8,-123.05,23.96,33,40.4787,-123.5732,5924,0.149,31
B935p90f40,b935,40.80_-123.20,40.8,-123.2,40.9,-123.15,31.72,1,40.4787,-123.5732,5643,0.1405,31
B935p90f40,b935,41.00_-122.60,41.0,-122.6,41.0,-122.55,16.87,1,40.4787,-123.5732,5829,0.2571,31
B935p90f40,b935,41.00_-122.80,41.0,-122.8,41.0,-122.85,19.91,2,40.4787,-123.5732,5883,0.1656,31
B935p90f40,b935,41.00_-123.00,41.0,-123.0,41.0,-123.05,36.47,11,40.4787,-123.5732,5924,0.1833,31
B935p90f40,b935,41.00_-123.20,41.0,-123.2,40.95,-123.15,34.25,1,40.4787,-123.5732,5883,0.227,31
B935p90f40,b935,41.20_-122.80,41.2,-122.8,41.15,-122.9,21.17,3,40.4787,-123.5732,5924,0.2283,31
B935p90f40,b935,41.20_-123.00,41.2,-123.0,41.15,-123.05,22.53,7,40.4787,-123.5732,5924,0.1577,31
B935p90f40,b935,41.20_-123.40,41.2,-123.4,41.25,-123.4,40.71,1,40.4787,-123.5732,5844,0.2394,31
B941p90f40,b941,46.20_-123.20,46.2,-123.2,46.2,-123.15,23.3,1,46.9868,-122.219,5961,0.1273,32
B941p90f40,b941,46.40_-123.20,46.4,-123.2,46.45,-123.25,26.36,1,46.9868,-122.219,6015,0.1028,32
B941p90f40,b941,46.80_-122.80,46.8,-122.8,46.85,-122.8,40.95,6,46.9868,-122.219,6015,0.0655,32
B941p90f40,b941,46.80_-123.00,46.8,-123.0,46.85,-123.0,34.63,7,46.9868,-122.219,6015,0.0738,32
B941p90f40,b941,47.20_-122.80,47.2,-122.8,47.15,-122.75,37.67,1,46.9868,-122.219,6014,0.0836,32
B941p90f40,b941,47.20_-123.00,47.2,-123.0,47.2,-123.1,46.15,2,46.9868,-122.219,6015,0.1102,32
B941p90f40,b941,47.40_-122.80,47.4,-122.8,47.425,-122.85,22.81,2,46.9868,-122.219,6015,0.0675,32
B941p90f40,b941,47.40_-123.00,47.4,-123.0,47.35,-123.05,45.49,1,46.9868,-122.219,6014,0.1083,32
B941p90f40,b941,47.60_-122.80,47.6,-122.8,47.55,-122.8,19.95,3,46.9868,-122.219,6015,0.1189,32
B941p90f40,b941,47.60_-123.00,47.6,-123.0,47.6,-122.95,14.51,1,46.9868,-122.219,6015,0.1192,32
B941p90f40,b941,47.80_-123.20,47.8,-123.2,47.75,-123.15,44.6,1,46.9868,-122.219,6015,0.1819,32
B943p90f40,b943,47.00_-123.00,47.0,-123.0,47.05,-123.0,41.26,1,47.813,-122.911,5974,0.1005,12
B943p90f40,b943,47.20_-122.80,47.2,-122.8,47.3,-122.8,25.37,3,47.813,-122.911,5993,0.127,12
B943p90f40,b943,47.20_-123.00,47.2,-123.0,47.3,-123.0,41.19,3,47.813,-122.911,5996,0.0819,12
B943p90f40,b943,47.40_-122.80,47.4,-122.8,47.4,-122.8,31.15,3,47.813,-122.911,5892,0.1042,12
B943p90f40,b943,47.40_-123.00,47.4,-123.0,47.4,-123.0,40.99,7,47.813,-122.911,5996,0.0927,12
B943p90f40,b943,47.40_-123.20,47.4,-123.2,47.45,-123.15,41.72,1,47.813,-122.911,2729,0.1819,12
B943p90f40,b943,47.40_-123.40,47.4,-123.4,47.35,-123.35,38.89,1,47.813,-122.911,5770,0.1099,12
B943p90f40,b943,47.60_-122.80,47.6,-122.8,47.65,-122.9,27.73,5,47.813,-122.911,5980,0.0916,12
B943p90f40,b943,47.60_-123.00,47.6,-123.0,47.6,-123.05,43.49,3,47.813,-122.911,5978,0.1117,12
B943p90f40,b943,47.60_-123.20,47.6,-123.2,47.625,-123.2,46.45,4,47.813,-122.911,5977,0.1074,12
B943p90f40,b943,47.60_-123.40,47.6,-123.4,47.625,-123.375,39.65,4,47.813,-122.911,5911,0.1105,12
B943p90f40,b943,47.80_-122.80,47.8,-122.8,47.8,-122.9,47.13,1,47.813,-122.911,5899,0.1551,12
B943p90f40,b943,47.80_-123.00,47.8,-123.0,47.85,-123.0,47.28,10,47.813,-122.911,5993,0.1054,12
B943p90f40,b943,47.80_-123.20,47.8,-123.2,47.85,-123.25,41.69,7,47.813,-122.911,5994,0.0886,12
B943p90f40,b943,47.80_-123.40,47.8,-123.4,47.8,-123.35,42.04,3,47.813,-122.911,5984,0.0849,12
B943p90f40,b943,47.80_-123.60,47.8,-123.6,47.9,-123.55,38.3,1,47.813,-122.911,5313,0.1433,12
B943p90f40,b943,48.00_-122.80,48.0,-122.8,47.95,-122.85,39.32,1,47.813,-122.911,4427,0.1644,12
B943p90f40,b943,48.00_-123.00,48.0,-123.0,48.05,-123.05,47.08,7,47.813,-122.911,5973,0.1218,12
B943p90f40,b943,48.00_-123.20,48.0,-123.2,48.05,-123.25,42.0,6,47.813,-122.911,5996,0.1169,12
B943p90f40,b943,48.00_-123.40,48.0,-123.4,48.0,-123.35,36.84,1,47.813,-122.911,5989,0.1157,12
B943p90f40,b943,48.00_-123.60,48.0,-123.6,48.1,-123.5,38.8,3,47.813,-122.911,5936,0.1275,12
B943p90f40,b943,48.20_-122.80,48.2,-122.8,48.3,-122.8,29.67,1,47.813,-122.911,5989,0.1015,12
B943p90f40,b943,48.20_-123.00,48.2,-123.0,48.2,-123.1,24.22,5,47.813,-122.911,5990,0.13,12
B943p90f40,b943,48.20_-123.20,48.2,-123.2,48.2,-123.2,33.0,5,47.813,-122.911,5970,0.1364,12
B943p90f40,b943,48.20_-123.40,48.2,-123.4,48.225,-123.4,33.36,4,47.813,-122.911,5982,0.0943,12
B943p90f40,b943,48.20_-123.60,48.2,-123.6,48.275,-123.625,32.28,2,47.813,-122.911,5992,0.1108,12
B943p90f40,b943,48.40_-122.80,48.4,-122.8,48.4,-122.8,53.98,1,47.813,-122.911,5099,0.2724,12
B943p90f40,b943,48.40_-123.00,48.4,-123.0,48.35,-123.05,29.91,1,47.813,-122.911,5594,0.1532,12
B943p90f40,b943,48.40_-123.20,48.4,-123.2,48.4,-123.3,18.65,1,47.813,-122.911,5986,0.0773,12
B943p90f40,b943,48.40_-123.40,48.4,-123.4,48.4,-123.45,19.12,1,47.813,-122.911,2363,0.2945,12
B943p90f40,b943,48.40_-123.60,48.4,-123.6,48.45,-123.65,20.38,3,47.813,-122.911,5989,0.1136,12
B943p90f40,b943,48.40_-123.80,48.4,-123.8,48.425,-123.775,30.35,4,47.813,-122.911,5988,0.0927,12
B943p90f40,b943,48.60_-123.60,48.6,-123.6,48.6,-123.6,26.74,2,47.813,-122.911,5990,0.1368,12
B943p90f40,b943,48.60_-123.80,48.6,-123.8,48.55,-123.8,18.73,1,47.813,-122.911,5990,0.1155,12
B943p90f40,b943,48.60_-124.00,48.6,-124.0,48.65,-123.95,18.93,3,47.813,-122.911,5984,0.1958,12
BABR,babr,44.00_-123.20,44.0,-123.2,44.0,-123.2,20.18,1,44.621,-123.789,581,0.4517,34
BABR,babr,44.00_-123.40,44.0,-123.4,44.1,-123.4,28.08,1,44.621,-123.789,616,0.2598,34
BABR,babr,44.20_-123.20,44.2,-123.2,44.2,-123.3,26.89,1,44.621,-123.789,383,0.3641,34
BABR,babr,44.40_-123.60,44.4,-123.6,44.45,-123.55,29.85,5,44.621,-123.789,615,0.2514,34
BABR,babr,44.60_-123.60,44.6,-123.6,44.65,-123.6,28.74,3,44.621,-123.789,604,0.3369,34
BABR,babr,44.80_-123.20,44.8,-123.2,44.8,-123.275,34.16,2,44.621,-123.789,616,0.2894,34
BABR,babr,44.80_-123.40,44.8,-123.4,44.825,-123.4,29.24,12,44.621,-123.789,615,0.3367,34
BABR,babr,44.80_-123.60,44.8,-123.6,44.8,-123.6,30.84,11,44.621,-123.789,617,0.3008,34
BABR,babr,45.00_-123.20,45.0,-123.2,45.0,-123.25,32.2,1,44.621,-123.789,596,0.2061,34
BABR,babr,45.00_-123.40,45.0,-123.4,45.05,-123.4,18.23,3,44.621,-123.789,617,0.324,34
BABR,babr,45.00_-123.60,45.0,-123.6,45.0,-123.575,29.92,4,44.621,-123.789,619,0.2953,34
BABR,babr,45.20_-123.20,45.2,-123.2,45.1,-123.2,23.51,3,44.621,-123.789,616,0.2804,34
BABR,babr,45.20_-123.40,45.2,-123.4,45.125,-123.425,28.28,8,44.621,-123.789,616,0.3041,34
BABR,babr,45.20_-123.60,45.2,-123.6,45.15,-123.6,41.8,3,44.621,-123.789,617,0.2796,34
BABR,babr,45.40_-123.00,45.4,-123.0,45.35,-123.1,22.5,1,44.621,-123.789,504,0.3373,34
BABR,babr,45.40_-123.40,45.4,-123.4,45.35,-123.4,22.14,1,44.621,-123.789,598,0.4071,34
BABR,babr,45.40_-123.60,45.4,-123.6,45.35,-123.6,42.23,1,44.621,-123.789,575,0.2631,34
BBO,bbo,42.00_-123.20,42.0,-123.2,42.05,-123.25,34.9,1,42.888,-122.68,2139,0.25,35
BBO,bbo,42.00_-123.40,42.0,-123.4,42.1,-123.4,42.17,1,42.888,-122.68,2248,0.213,35
BBO,bbo,42.20_-123.20,42.2,-123.2,42.3,-123.25,35.95,6,42.888,-122.68,2152,0.2229,35
BBO,bbo,42.20_-123.40,42.2,-123.4,42.25,-123.35,41.08,9,42.888,-122.68,2508,0.221,35
BBO,bbo,42.20_-123.60,42.2,-123.6,42.15,-123.575,46.81,2,42.888,-122.68,1975,0.3865,35
BBO,bbo,42.40_-123.20,42.4,-123.2,42.475,-123.275,28.59,2,42.888,-122.68,2218,0.2995,35
BBO,bbo,42.40_-123.40,42.4,-123.4,42.4,-123.4,35.15,12,42.888,-122.68,2502,0.1945,35
BBO,bbo,42.40_-123.60,42.4,-123.6,42.5,-123.575,36.71,10,42.888,-122.68,2520,0.2029,35
BBO,bbo,42.40_-123.80,42.4,-123.8,42.45,-123.8,41.68,1,42.888,-122.68,1907,0.2176,35
BBO,bbo,42.60_-123.20,42.6,-123.2,42.625,-123.25,26.28,2,42.888,-122.68,2098,0.1727,35
BBO,bbo,42.60_-123.40,42.6,-123.4,42.6,-123.45,28.35,11,42.888,-122.68,2469,0.1967,35
BBO,bbo,42.60_-123.60,42.6,-123.6,42.6,-123.55,31.0,8,42.888,-122.68,2466,0.2221,35
BBO,bbo,42.60_-123.80,42.6,-123.8,42.55,-123.75,36.29,1,42.888,-122.68,1913,0.2917,35
BBO,bbo,42.80_-123.20,42.8,-123.2,42.85,-123.25,36.59,3,42.888,-122.68,1808,0.2027,35
BBO,bbo,42.80_-123.40,42.8,-123.4,42.8,-123.4,33.92,14,42.888,-122.68,2536,0.2351,35
BBO,bbo,42.80_-123.60,42.8,-123.6,42.8,-123.55,30.89,7,42.888,-122.68,2540,0.2168,35
BBO,bbo,43.00_-123.20,43.0,-123.2,42.95,-123.275,39.87,4,42.888,-122.68,2425,0.2778,35
BBO,bbo,43.00_-123.40,43.0,-123.4,43.0,-123.375,37.43,2,42.888,-122.68,2326,0.2956,35
BBO,bbo,43.00_-123.60,43.0,-123.6,43.0,-123.5,32.89,5,42.888,-122.68,2406,0.2521,35
BBO,bbo,43.00_-123.80,43.0,-123.8,43.05,-123.75,28.16,1,42.888,-122.68,2313,0.3629,35
BBO,bbo,43.20_-123.40,43.2,-123.4,43.125,-123.425,36.47,2,42.888,-122.68,2334,0.2789,35
BBO,bbo,43.20_-123.60,43.2,-123.6,43.2,-123.625,30.41,8,42.888,-122.68,2484,0.2196,35
BBO,bbo,43.20_-123.80,43.2,-123.8,43.25,-123.8,29.62,2,42.888,-122.68,2366,0.2058,35
BBO,bbo,43.40_-123.60,43.4,-123.6,43.45,-123.6,28.82,1,42.888,-122.68,2272,0.2246,35
BBO,bbo,43.40_-124.00,43.4,-124.0,43.35,-123.9,30.44,1,42.888,-122.68,930,0.373,35
BCCR,bccr,40.00_-122.40,40.0,-122.4,40.075,-122.4,24.96,2,39.819,-121.734,2081,0.1118,36
BCCR,bccr,40.20_-122.40,40.2,-122.4,40.2,-122.35,25.83,5,39.819,-121.734,2081,0.0776,36
BCCR,bccr,40.20_-122.60,40.2,-122.6,40.3,-122.625,22.48,6,39.819,-121.734,2080,0.0909,36
BCCR,bccr,40.20_-122.80,40.2,-122.8,40.25,-122.85,29.06,7,39.819,-121.734,2084,0.0415,36
BCCR,bccr,40.20_-123.00,40.2,-123.0,40.3,-122.975,38.99,2,39.819,-121.734,2075,0.0654,36
BCCR,bccr,40.40_-122.40,40.4,-122.4,40.45,-122.5,22.32,11,39.819,-121.734,2085,0.0586,36
BCCR,bccr,40.40_-122.60,40.4,-122.6,40.4,-122.6,19.19,19,39.819,-121.734,2081,0.0606,36
BCCR,bccr,40.40_-122.80,40.4,-122.8,40.45,-122.75,24.93,13,39.819,-121.734,2086,0.0693,36
BCCR,bccr,40.40_-123.00,40.4,-123.0,40.5,-122.95,26.81,1,39.819,-121.734,2078,0.1034,36
BCCR,bccr,40.60_-122.40,40.6,-122.4,40.6,-122.5,19.23,1,39.819,-121.734,2063,0.0952,36
BCCR,bccr,40.60_-122.60,40.6,-122.6,40.65,-122.65,21.74,16,39.819,-121.734,2085,0.0581,36
BCCR,bccr,40.60_-122.80,40.6,-122.8,40.6,-122.7,20.24,26,39.819,-121.734,2084,0.0558,36
BCCR,bccr,40.60_-123.00,40.6,-123.0,40.6,-122.95,22.51,1,39.819,-121.734,2058,0.1034,36
BCCR,bccr,40.80_-122.60,40.8,-122.6,40.7,-122.65,21.65,9,39.819,-121.734,2078,0.0649,36
BCCR,bccr,40.80_-122.80,40.8,-122.8,40.7,-122.825,18.1,2,39.819,-121.734,2080,0.0653,36
BCCR,bccr,40.80_-123.00,40.8,-123.0,40.7,-123.0,14.88,1,39.819,-121.734,2060,0.1408,36
BEER,beer,43.20_-123.60,43.2,-123.6,43.25,-123.65,29.82,1,44.108,-123.847,3384,0.1958,37
BEER,beer,43.20_-123.80,43.2,-123.8,43.3,-123.85,30.18,1,44.108,-123.847,3367,0.1575,37
BEER,beer,43.40_-123.40,43.4,-123.4,43.375,-123.45,35.08,2,44.108,-123.847,3325,0.1624,37
BEER,beer,43.40_-123.60,43.4,-123.6,43.45,-123.55,27.29,1,44.108,-123.847,3348,0.201,37
BEER,beer,43.40_-123.80,43.4,-123.8,43.45,-123.8,30.84,1,44.108,-123.847,3395,0.1889,37
BEER,beer,43.60_-123.40,43.6,-123.4,43.7,-123.4,23.33,1,44.108,-123.847,2356,0.221,37
BEER,beer,43.60_-123.60,43.6,-123.6,43.65,-123.55,27.36,1,44.108,-123.847,3251,0.2927,37
BEER,beer,44.20_-123.40,44.2,-123.4,44.275,-123.45,34.39,2,44.108,-123.847,3358,0.2075,37
BEER,beer,44.20_-123.60,44.2,-123.6,44.2,-123.55,30.36,1,44.108,-123.847,2999,0.2101,37
BEER,beer,44.40_-123.20,44.4,-123.2,44.5,-123.3,39.46,1,44.108,-123.847,3290,0.1473,37
BEER,beer,44.40_-123.40,44.4,-123.4,44.4,-123.45,35.45,3,44.108,-123.847,3395,0.1332,37
BEER,beer,44.40_-123.60,44.4,-123.6,44.45,-123.55,29.21,12,44.108,-123.847,3399,0.134,37
BEER,beer,44.40_-123.80,44.4,-123.8,44.5,-123.75,20.14,3,44.108,-123.847,3391,0.1572,37
BEER,beer,44.60_-123.40,44.6,-123.4,44.6,-123.45,24.68,5,44.108,-123.847,3365,0.2412,37
BEER,beer,44.60_-123.60,44.6,-123.6,44.6,-123.55,29.35,41,44.108,-123.847,3401,0.1101,37
BEER,beer,44.60_-123.80,44.6,-123.8,44.625,-123.775,24.87,4,44.108,-123.847,3398,0.1711,37
BEER,beer,44.80_-123.20,44.8,-123.2,44.8,-123.225,39.7,2,44.108,-123.847,3385,0.1339,37
BEER,beer,44.80_-123.40,44.8,-123.4,44.7,-123.45,28.89,5,44.108,-123.847,3401,0.1363,37
BEER,beer,44.80_-123.60,44.8,-123.6,44.75,-123.5,29.6,15,44.108,-123.847,3401,0.1335,37
BEER,beer,45.00_-123.40,45.0,-123.4,44.975,-123.425,25.15,2,44.108,-123.847,3354,0.3149,37
BEER,beer,45.00_-123.60,45.0,-123.6,44.975,-123.575,27.26,2,44.108,-123.847,3346,0.2155,37
BERY,bery,47.60_-122.80,47.6,-122.8,47.675,-122.8,21.59,8,48.264,-122.096,1360,0.0947,38
BERY,bery,47.60_-123.20,47.6,-123.2,47.7,-123.2,43.72,3,48.264,-122.096,1318,0.099,38
BERY,bery,47.80_-122.80,47.8,-122.8,47.75,-122.8,24.52,2,48.264,-122.096,1276,0.1756,38
BERY,bery,48.00_-123.20,48.0,-123.2,48.1,-123.3,43.33,1,48.264,-122.096,1364,0.0866,38
BERY,bery,48.20_-123.20,48.2,-123.2,48.3,-123.15,18.0,1,48.264,-122.096,1380,0.0821,38
BERY,bery,48.20_-123.40,48.2,-123.4,48.25,-123.425,33.82,4,48.264,-122.096,1247,0.1204,38
BERY,bery,48.60_-123.20,48.6,-123.2,48.55,-123.25,46.44,1,48.264,-122.096,1146,0.17,38
BFSB,bfsb,48.60_-124.00,48.6,-124.0,48.55,-124.0,13.56,1,48.834,-125.136,1788,0.1307,30
BFSB,bfsb,48.80_-124.20,48.8,-124.2,48.7,-124.2,29.61,3,48.834,-125.136,2868,0.2022,30
BFSB,bfsb,48.80_-124.40,48.8,-124.4,48.75,-124.35,24.7,3,48.834,-125.136,2862,0.1163,30
BFSB,bfsb,48.80_-124.60,48.8,-124.6,48.85,-124.55,32.61,1,48.834,-125.136,2645,0.2489,30
BFSB,bfsb,49.00_-124.60,49.0,-124.6,49.05,-124.6,42.57,1,48.834,-125.136,2875,0.2527,30
BFSB,bfsb,49.00_-124.80,49.0,-124.8,49.0,-124.75,29.65,4,48.834,-125.136,2871,0.1379,30
BFSB,bfsb,49.20_-124.60,49.2,-124.6,49.15,-124.6,40.53,8,48.834,-125.136,2881,0.2205,30
BFSB,bfsb,49.20_-124.80,49.2,-124.8,49.2,-124.85,35.22,3,48.834,-125.136,2879,0.1515,30
BFSB,bfsb,49.20_-125.00,49.2,-125.0,49.25,-125.05,30.54,17,48.834,-125.136,2878,0.1738,30
BFSB,bfsb,49.20_-125.20,49.2,-125.2,49.1,-125.2,36.86,1,48.834,-125.136,2861,0.2216,30
BFSB,bfsb,49.40_-125.20,49.4,-125.2,49.4,-125.25,13.81,1,48.834,-125.136,2818,0.1446,30
BHAM,bham,48.00_-122.80,48.0,-122.8,47.95,-122.9,44.94,1,48.787,-122.418,1778,0.0411,40
BHAM,bham,48.00_-123.00,48.0,-123.0,47.95,-123.05,45.68,3,48.787,-122.418,1789,0.0273,40
BHAM,bham,48.00_-123.20,48.0,-123.2,47.95,-123.25,41.3,1,48.787,-122.418,1789,0.0157,40
BHAM,bham,48.00_-123.40,48.0,-123.4,48.0,-123.375,39.35,2,48.787,-122.418,1789,0.0157,40
BHAM,bham,48.20_-122.80,48.2,-122.8,48.15,-122.9,25.7,1,48.787,-122.418,1787,0.027,40
BHAM,bham,48.20_-123.00,48.2,-123.0,48.25,-123.05,44.71,3,48.787,-122.418,1789,0.0105,40
BHAM,bham,48.20_-123.20,48.2,-123.2,48.3,-123.2,33.2,1,48.787,-122.418,1789,0.014,40
BHAM,bham,48.20_-123.40,48.2,-123.4,48.15,-123.45,40.26,1,48.787,-122.418,1744,0.039,40
BHAM,bham,48.20_-123.60,48.2,-123.6,48.3,-123.6,31.72,4,48.787,-122.418,1789,0.0144,40
BHAM,bham,48.20_-123.80,48.2,-123.8,48.25,-123.75,31.38,1,48.787,-122.418,1704,0.0616,40
BHAM,bham,48.40_-122.80,48.4,-122.8,48.35,-122.8,14.9,1,48.787,-122.418,1165,0.0823,40
BHAM,bham,48.40_-123.00,48.4,-123.0,48.35,-123.05,29.91,3,48.787,-122.418,1789,0.0293,40
BHAM,bham,48.40_-123.20,48.4,-123.2,48.475,-123.2,24.94,2,48.787,-122.418,1789,0.0155,40
BHAM,bham,48.40_-123.40,48.4,-123.4,48.4,-123.45,19.12,1,48.787,-122.418,1766,0.0437,40
BHAM,bham,48.40_-123.60,48.4,-123.6,48.4,-123.65,18.19,1,48.787,-122.418,1649,0.0479,40
BHAM,bham,48.40_-123.80,48.4,-123.8,48.4,-123.75,19.6,1,48.787,-122.418,1789,0.0147,40
BHAM,bham,48.60_-123.20,48.6,-123.2,48.65,-123.3,23.7,1,48.787,-122.418,1713,0.0402,40
BHAM,bham,48.60_-123.40,48.6,-123.4,48.55,-123.45,25.2,3,48.787,-122.418,1789,0.01,40
BHAM,bham,48.80_-123.60,48.8,-123.6,48.85,-123.675,32.86,2,48.787,-122.418,1703,0.0597,40
BHW,bhw,47.00_-122.80,47.0,-122.8,47.025,-122.725,48.32,2,47.836,-122.031,1363,0.022,41
BHW,bhw,47.20_-122.80,47.2,-122.8,47.25,-122.75,33.43,1,47.836,-122.031,1347,0.0656,41
BHW,bhw,47.20_-123.00,47.2,-123.0,47.1,-123.05,41.13,1,47.836,-122.031,1363,0.0543,41
BHW,bhw,47.40_-123.00,47.4,-123.0,47.35,-123.05,45.49,1,47.836,-122.031,1362,0.0656,41
BHW,bhw,47.40_-123.20,47.4,-123.2,47.4,-123.2,45.6,1,47.836,-122.031,1363,0.0806,41
BHW,bhw,47.60_-122.80,47.6,-122.8,47.625,-122.825,31.89,2,47.836,-122.031,1363,0.0198,41
BHW,bhw,47.60_-123.00,47.6,-123.0,47.6,-123.0,41.91,1,47.836,-122.031,1363,0.0395,41
BHW,bhw,47.80_-122.80,47.8,-122.8,47.8,-122.85,37.01,1,47.836,-122.031,1361,0.0296,41
BHW,bhw,47.80_-123.00,47.8,-123.0,47.8,-122.95,47.72,1,47.836,-122.031,1232,0.0764,41
BHW,bhw,48.00_-122.80,48.0,-122.8,48.1,-122.9,25.3,1,47.836,-122.031,1363,0.0264,41
BHW,bhw,48.00_-123.00,48.0,-123.0,48.025,-122.975,50.71,2,47.836,-122.031,1363,0.0212,41
BHW,bhw,48.00_-123.20,48.0,-123.2,48.05,-123.3,45.04,1,47.836,-122.031,1363,0.0244,41
BHW,bhw,48.20_-123.20,48.2,-123.2,48.3,-123.2,33.2,1,47.836,-122.031,1363,0.0334,41
BHW,bhw,48.40_-122.80,48.4,-122.8,48.4,-122.85,54.79,1,47.836,-122.031,1363,0.0288,41
BHW,bhw,48.40_-123.00,48.4,-123.0,48.4,-123.1,35.85,1,47.836,-122.031,1363,0.0642,41
BHW,bhw,48.40_-123.20,48.4,-123.2,48.5,-123.2,41.19,1,47.836,-122.031,1363,0.121,41
BHW,bhw,48.60_-123.20,48.6,-123.2,48.6,-123.3,44.37,1,47.836,-122.031,1363,0.0278,41
BHW,bhw,48.60_-123.40,48.6,-123.4,48.55,-123.35,42.15,1,47.836,-122.031,1363,0.0232,41
BOIS,bois,45.80_-123.20,45.8,-123.2,45.9,-123.3,42.9,1,46.551,-123.13,61,0.2919,42
BOIS,bois,46.00_-123.20,46.0,-123.2,46.05,-123.2,21.24,1,46.551,-123.13,36,0.1298,42
BOIS,bois,46.40_-123.20,46.4,-123.2,46.35,-123.3,20.11,1,46.551,-123.13,910,0.3243,42
BOIS,bois,47.20_-122.60,47.2,-122.6,47.275,-122.625,29.11,2,46.551,-123.13,1341,0.196,42
BST09,bst09,46.80_-122.80,46.8,-122.8,46.8,-122.75,37.15,1,47.654,-122.309,1893,0.0106,43
BST09,bst09,47.00_-123.20,47.0,-123.2,46.95,-123.15,41.72,1,47.654,-122.309,1894,0.0104,43
BST09,bst09,47.20_-122.80,47.2,-122.8,47.2,-122.75,47.73,2,47.654,-122.309,1894,0.0133,43
BST09,bst09,47.20_-123.00,47.2,-123.0,47.25,-123.0,43.0,3,47.654,-122.309,1895,0.0078,43
BST09,bst09,47.20_-123.20,47.2,-123.2,47.3,-123.15,45.03,1,47.654,-122.309,1894,0.0089,43
BST09,bst09,47.40_-122.80,47.4,-122.8,47.425,-122.825,28.7,2,47.654,-122.309,1894,0.009,43
BST09,bst09,47.40_-123.00,47.4,-123.0,47.4,-123.0,32.12,3,47.654,-122.309,1894,0.0083,43
BST09,bst09,47.40_-123.20,47.4,-123.2,47.4,-123.15,30.07,1,47.654,-122.309,1894,0.0064,43
BST09,bst09,47.60_-122.80,47.6,-122.8,47.55,-122.85,20.91,3,47.654,-122.309,1894,0.0061,43
BST09,bst09,47.60_-123.00,47.6,-123.0,47.55,-122.95,28.68,5,47.654,-122.309,1894,0.0084,43
BST09,bst09,47.60_-123.40,47.6,-123.4,47.7,-123.35,40.57,3,47.654,-122.309,1894,0.0125,43
BST09,bst09,47.80_-122.80,47.8,-122.8,47.75,-122.9,16.85,1,47.654,-122.309,1894,0.0124,43
BST09,bst09,47.80_-123.00,47.8,-123.0,47.8,-123.1,46.31,2,47.654,-122.309,1894,0.0077,43
BST09,bst09,47.80_-123.20,47.8,-123.2,47.85,-123.3,42.56,1,47.654,-122.309,1894,0.0069,43
BST09,bst09,48.00_-122.80,48.0,-122.8,48.1,-122.9,25.3,1,47.654,-122.309,1881,0.0648,43
BST09,bst09,48.00_-123.00,48.0,-123.0,47.975,-122.975,49.03,2,47.654,-122.309,1894,0.008,43
BST09,bst09,48.00_-123.20,48.0,-123.2,47.95,-123.2,40.17,1,47.654,-122.309,1894,0.0081,43
BST09,bst09,48.00_-123.40,48.0,-123.4,48.0,-123.45,48.47,1,47.654,-122.309,1894,0.0222,43
BST09,bst09,48.00_-123.60,48.0,-123.6,48.025,-123.575,41.98,2,47.654,-122.309,1894,0.0055,43
BST09,bst09,48.20_-122.80,48.2,-122.8,48.25,-122.9,25.7,3,47.654,-122.309,1895,0.009,43
BST09,bst09,48.20_-123.00,48.2,-123.0,48.2,-123.1,22.43,3,47.654,-122.309,1894,0.0069,43
BST09,bst09,48.20_-123.20,48.2,-123.2,48.2,-123.225,30.37,2,47.654,-122.309,1894,0.0091,43
BST09,bst09,48.20_-123.40,48.2,-123.4,48.275,-123.425,26.15,2,47.654,-122.309,1894,0.0088,43
BST09,bst09,48.20_-123.60,48.2,-123.6,48.25,-123.6,34.0,3,47.654,-122.309,1894,0.0066,43
BST09,bst09,48.40_-122.80,48.4,-122.8,48.4,-122.85,40.59,5,47.654,-122.309,1895,0.0055,43
BST09,bst09,48.40_-123.40,48.4,-123.4,48.4,-123.4,20.81,3,47.654,-122.309,1895,0.0174,43
BST09,bst09,48.40_-123.60,48.4,-123.6,48.425,-123.525,17.79,4,47.654,-122.309,1895,0.005,43
BST09,bst09,48.60_-122.80,48.6,-122.8,48.55,-122.8,26.64,1,47.654,-122.309,1894,0.0082,43
BTB,btb,48.80_-124.20,48.8,-124.2,48.7,-124.2,32.38,1,49.469,-125.523,2339,0.0789,44
BTB,btb,48.80_-124.60,48.8,-124.6,48.85,-124.6,19.31,1,49.469,-125.523,2452,0.0758,44
BTB,btb,49.00_-124.40,49.0,-124.4,48.975,-124.35,27.61,2,49.469,-125.523,2511,0.1342,44
BTB,btb,49.00_-124.60,49.0,-124.6,49.05,-124.55,42.09,2,49.469,-125.523,2395,0.0724,44
BTB,btb,49.00_-124.80,49.0,-124.8,49.025,-124.75,34.94,4,49.469,-125.523,2508,0.1036,44
BTB,btb,49.20_-124.20,49.2,-124.2,49.1,-124.2,39.99,1,49.469,-125.523,2147,0.1007,44
BTB,btb,49.20_-124.60,49.2,-124.6,49.15,-124.6,40.53,3,49.469,-125.523,2437,0.1028,44
BTB,btb,49.20_-124.80,49.2,-124.8,49.175,-124.725,41.99,4,49.469,-125.523,2520,0.0901,44
BTB,btb,49.20_-125.00,49.2,-125.0,49.225,-124.95,27.81,2,49.469,-125.523,2505,0.1068,44
BTB,btb,49.40_-125.00,49.4,-125.0,49.35,-125.1,33.58,1,49.469,-125.523,2488,0.0823,44
BTB,btb,49.40_-125.60,49.4,-125.6,49.4,-125.525,39.07,2,49.469,-125.523,2426,0.1458,44
BTB,btb,49.60_-126.20,49.6,-126.2,49.7,-126.25,36.52,1,49.469,-125.523,1299,0.1171,44
BTB,btb,49.80_-126.00,49.8,-126.0,49.9,-126.0,31.76,2,49.469,-125.523,1045,0.1163,44
BTB,btb,49.80_-126.20,49.8,-126.2,49.8,-126.2,36.39,1,49.469,-125.523,2117,0.1138,44
BTB,btb,49.80_-126.40,49.8,-126.4,49.875,-126.475,24.19,6,49.469,-125.523,2539,0.0898,44
BTB,btb,49.80_-126.60,49.8,-126.6,49.9,-126.575,33.9,6,49.469,-125.523,2474,0.1036,44
BTB,btb,49.80_-126.80,49.8,-126.8,49.9,-126.7,25.16,1,49.469,-125.523,2407,0.0386,44
BTB,btb,50.00_-126.40,50.0,-126.4,50.05,-126.5,27.41,1,49.469,-125.523,2409,0.0864,44
BTB,btb,50.00_-126.60,50.0,-126.6,50.0,-126.6,19.78,5,49.469,-125.523,2508,0.0935,44
BTB,btb,50.00_-126.80,50.0,-126.8,50.1,-126.8,26.96,13,49.469,-125.523,2529,0.0984,44
BTB,btb,50.20_-126.80,50.2,-126.8,50.2,-126.85,22.97,9,49.469,-125.523,2533,0.0908,44
BUCK,buck,43.40_-123.60,43.4,-123.6,43.425,-123.5,28.7,4,44.197,-122.986,2783,0.0701,45
BUCK,buck,43.40_-123.80,43.4,-123.8,43.375,-123.8,30.51,2,44.197,-122.986,2764,0.1299,45
BUCK,buck,43.60_-123.20,43.6,-123.2,43.6,-123.3,31.79,3,44.197,-122.986,2783,0.0618,45
BUCK,buck,43.60_-123.40,43.6,-123.4,43.6,-123.4,25.36,6,44.197,-122.986,2784,0.0552,45
BUCK,buck,43.60_-123.60,43.6,-123.6,43.6,-123.525,26.58,16,44.197,-122.986,2784,0.0467,45
BUCK,buck,43.80_-123.40,43.8,-123.4,43.8,-123.4,22.28,1,44.197,-122.986,2519,0.1136,45
BUCK,buck,43.80_-123.60,43.8,-123.6,43.85,-123.55,26.02,5,44.197,-122.986,2784,0.0457,45
BUCK,buck,44.00_-123.00,44.0,-123.0,44.0,-123.1,22.95,1,44.197,-122.986,2783,0.0676,45
BUCK,buck,44.00_-123.20,44.0,-123.2,43.95,-123.3,22.02,1,44.197,-122.986,2772,0.0623,45
BUCK,buck,44.00_-123.40,44.0,-123.4,43.95,-123.4,19.25,1,44.197,-122.986,2784,0.0905,45
BUCK,buck,44.20_-123.20,44.2,-123.2,44.2,-123.3,26.89,1,44.197,-122.986,2783,0.1081,45
BUCK,buck,44.20_-123.40,44.2,-123.4,44.2,-123.45,30.54,1,44.197,-122.986,2772,0.0618,45
BUCK,buck,44.40_-123.40,44.4,-123.4,44.5,-123.45,28.07,1,44.197,-122.986,2777,0.0594,45
BUCK,buck,44.40_-123.60,44.4,-123.6,44.45,-123.6,27.88,13,44.197,-122.986,2784,0.0476,45
BUCK,buck,44.60_-123.20,44.6,-123.2,44.55,-123.3,37.32,1,44.197,-122.986,2751,0.0806,45
BUCK,buck,44.60_-123.60,44.6,-123.6,44.6,-123.6,28.76,7,44.197,-122.986,2783,0.0394,45
BUCK,buck,44.80_-123.40,44.8,-123.4,44.75,-123.45,34.43,6,44.197,-122.986,2783,0.0449,45
BUCK,buck,44.80_-123.60,44.8,-123.6,44.8,-123.55,31.54,6,44.197,-122.986,2781,0.0519,45
BUCK,buck,45.00_-123.40,45.0,-123.4,45.025,-123.4,17.59,4,44.197,-122.986,2784,0.0721,45
BUCK,buck,45.00_-123.60,45.0,-123.6,45.0,-123.5,26.23,4,44.197,-122.986,2783,0.0427,45
BUCK,buck,45.20_-123.40,45.2,-123.4,45.1,-123.425,27.7,2,44.197,-122.986,2782,0.0693,45
BUCK,buck,45.20_-123.60,45.2,-123.6,45.1,-123.6,34.04,1,44.197,-122.986,2784,0.0505,45
CARB,carb,46.20_-123.00,46.2,-123.0,46.2,-123.025,18.87,2,46.988,-122.005,2476,0.0782,46
CARB,carb,46.20_-123.20,46.2,-123.2,46.3,-123.25,23.38,3,46.988,-122.005,2443,0.0475,46
CARB,carb,46.40_-122.80,46.4,-122.8,46.5,-122.85,30.99,1,46.988,-122.005,2239,0.0909,46
CARB,carb,46.40_-123.20,46.4,-123.2,46.4,-123.2,25.01,5,46.988,-122.005,2403,0.0858,46
CARB,carb,46.60_-123.20,46.6,-123.2,46.55,-123.15,45.28,1,46.988,-122.005,2412,0.1138,46
CARB,carb,46.80_-122.80,46.8,-122.8,46.8,-122.75,32.04,3,46.988,-122.005,2409,0.1054,46
CARB,carb,46.80_-123.00,46.8,-123.0,46.85,-122.975,34.63,4,46.988,-122.005,2428,0.1087,46
CARB,carb,46.80_-123.20,46.8,-123.2,46.8,-123.175,31.48,2,46.988,-122.005,2416,0.1174,46
CARB,carb,47.00_-122.60,47.0,-122.6,47.0,-122.6,48.34,1,46.988,-122.005,2335,0.1569,46
CARB,carb,47.00_-122.80,47.0,-122.8,47.025,-122.7,46.43,4,46.988,-122.005,2473,0.0645,46
CARB,carb,47.00_-123.00,47.0,-123.0,46.975,-122.975,42.16,4,46.988,-122.005,2470,0.0949,46
CARB,carb,47.00_-123.20,47.0,-123.2,47.05,-123.2,39.32,3,46.988,-122.005,2469,0.0851,46
CARB,carb,47.20_-122.60,47.2,-122.6,47.2,-122.6,37.24,2,46.988,-122.005,2431,0.1132,46
CARB,carb,47.20_-122.80,47.2,-122.8,47.25,-122.8,32.03,2,46.988,-122.005,2420,0.2195,46
CARB,carb,47.20_-123.00,47.2,-123.0,47.25,-123.0,42.18,5,46.988,-122.005,2476,0.0697,46
CARB,carb,47.20_-123.20,47.2,-123.2,47.15,-123.15,44.71,3,46.988,-122.005,2422,0.0761,46
CARB,carb,47.40_-122.40,47.4,-122.4,47.35,-122.5,35.8,1,46.988,-122.005,2045,0.0537,46
CARB,carb,47.40_-122.80,47.4,-122.8,47.425,-122.85,31.07,2,46.988,-122.005,2378,0.0825,46
CARB,carb,47.40_-123.00,47.4,-123.0,47.4,-123.0,32.12,5,46.988,-122.005,2444,0.0689,46
CARB,carb,47.40_-123.20,47.4,-123.2,47.4,-123.2,45.6,1,46.988,-122.005,2459,0.0809,46
CARB,carb,47.60_-122.60,47.6,-122.6,47.7,-122.65,20.86,3,46.988,-122.005,2448,0.0506,46
CARB,carb,47.60_-122.80,47.6,-122.8,47.65,-122.8,31.05,12,46.988,-122.005,2480,0.0419,46
CARB,carb,47.60_-123.00,47.6,-123.0,47.55,-123.0,16.52,5,46.988,-122.005,2427,0.0917,46
CARB,carb,47.80_-122.60,47.8,-122.6,47.8,-122.625,19.02,2,46.988,-122.005,2439,0.0798,46
CARB,carb,47.80_-122.80,47.8,-122.8,47.85,-122.85,30.01,3,46.988,-122.005,2426,0.0979,46
CARB,carb,47.80_-123.00,47.8,-123.0,47.8,-123.05,47.67,5,46.988,-122.005,2466,0.0541,46
CARB,carb,47.80_-123.20,47.8,-123.2,47.75,-123.25,42.59,4,46.988,-122.005,2435,0.0831,46
CAVE,cave,41.40_-123.00,41.4,-123.0,41.4,-123.1,34.97,2,42.121,-123.571,3134,0.1595,47
CAVE,cave,42.00_-123.20,42.0,-123.2,42.05,-123.2,32.66,1,42.121,-123.571,3088,0.1014,47
CAVE,cave,42.20_-123.20,42.2,-123.2,42.15,-123.3,37.49,1,42.121,-123.571,671,0.1588,47
CAVE,cave,42.40_-123.20,42.4,-123.2,42.5,-123.3,28.2,1,42.121,-123.571,3291,0.0867,47
CAVE,cave,42.40_-123.40,42.4,-123.4,42.45,-123.4,33.6,1,42.121,-123.571,116,0.184,47
CAVE,cave,42.40_-123.60,42.4,-123.6,42.4,-123.55,40.23,1,42.121,-123.571,1297,0.3607,47
CAVE,cave,42.60_-123.20,42.6,-123.2,42.65,-123.3,28.12,1,42.121,-123.571,515,0.5259,47
CAVE,cave,42.60_-123.40,42.6,-123.4,42.6,-123.4,28.35,3,42.121,-123.571,1537,0.3582,47
CAVE,cave,42.60_-123.60,42.6,-123.6,42.55,-123.5,32.03,1,42.121,-123.571,2641,0.1418,47
CAVE,cave,42.80_-123.40,42.8,-123.4,42.8,-123.4,35.4,1,42.121,-123.571,2531,0.1759,47
CBB,cbb,49.20_-124.60,49.2,-124.6,49.175,-124.65,37.89,2,50.032,-125.365,3345,0.2579,48
CBB,cbb,49.20_-124.80,49.2,-124.8,49.25,-124.775,34.61,10,50.032,-125.365,3397,0.245,48
CBB,cbb,49.20_-125.00,49.2,-125.0,49.25,-125.05,30.54,14,50.032,-125.365,3408,0.2155,48
CBB,cbb,49.20_-125.20,49.2,-125.2,49.2,-125.25,37.44,3,50.032,-125.365,3134,0.2395,48
CBB,cbb,49.40_-124.80,49.4,-124.8,49.35,-124.8,21.57,4,50.032,-125.365,3394,0.2289,48
CBB,cbb,49.40_-125.00,49.4,-125.0,49.4,-125.075,25.69,2,50.032,-125.365,3396,0.2574,48
CBB,cbb,49.40_-125.20,49.4,-125.2,49.425,-125.225,26.61,2,50.032,-125.365,3286,0.2945,48
CBB,cbb,49.40_-125.40,49.4,-125.4,49.45,-125.375,44.89,2,50.032,-125.365,3355,0.2866,48
CBB,cbb,49.40_-125.60,49.4,-125.6,49.45,-125.675,38.5,4,50.032,-125.365,3383,0.2396,48
CBB,cbb,49.40_-125.80,49.4,-125.8,49.4,-125.75,33.05,1,50.032,-125.365,2865,0.2384,48
CBB,cbb,49.60_-125.20,49.6,-125.2,49.55,-125.25,14.69,4,50.032,-125.365,3295,0.2449,48
CBB,cbb,49.60_-125.40,49.6,-125.4,49.5,-125.375,45.61,4,50.032,-125.365,3383,0.2324,48
CBB,cbb,49.60_-126.00,49.6,-126.0,49.625,-126.025,36.3,2,50.032,-125.365,3346,0.2983,48
CBB,cbb,49.60_-126.20,49.6,-126.2,49.6,-126.2,36.51,1,50.032,-125.365,3180,0.2518,48
CBB,cbb,49.60_-126.40,49.6,-126.4,49.675,-126.45,33.42,2,50.032,-125.365,3346,0.2706,48
CBB,cbb,49.80_-126.20,49.8,-126.2,49.85,-126.25,36.42,3,50.032,-125.365,3383,0.24,48
CBB,cbb,49.80_-126.40,49.8,-126.4,49.875,-126.4,27.12,6,50.032,-125.365,3387,0.2089,48
CBB,cbb,49.80_-126.60,49.8,-126.6,49.9,-126.6,30.99,2,50.032,-125.365,3352,0.1919,48
CBB,cbb,50.00_-126.40,50.0,-126.4,50.0,-126.45,25.22,9,50.032,-125.365,3384,0.1898,48
CBB,cbb,50.00_-126.60,50.0,-126.6,50.05,-126.6,20.61,5,50.032,-125.365,3399,0.2047,48
CBB,cbb,50.00_-126.80,50.0,-126.8,49.95,-126.7,18.95,1,50.032,-125.365,3223,0.2273,48
CBB,cbb,50.20_-126.80,50.2,-126.8,50.15,-126.7,22.39,1,50.032,-125.365,3239,0.3799,48
CHIMA,chima,47.20_-122.60,47.2,-122.6,47.3,-122.55,31.32,1,48.011,-122.781,1843,0.0812,49
CHIMA,chima,47.20_-122.80,47.2,-122.8,47.15,-122.725,42.09,2,48.011,-122.781,1882,0.0625,49
CHIMA,chima,47.20_-123.00,47.2,-123.0,47.1,-123.05,41.13,2,48.011,-122.781,1884,0.0774,49
CHIMA,chima,47.40_-122.40,47.4,-122.4,47.45,-122.45,51.94,1,48.011,-122.781,1880,0.0585,49
CHIMA,chima,47.40_-122.80,47.4,-122.8,47.4,-122.8,31.15,1,48.011,-122.781,1884,0.0843,49
CHIMA,chima,47.60_-122.60,47.6,-122.6,47.5,-122.65,22.14,1,48.011,-122.781,1880,0.1047,49
CHIMA,chima,47.60_-122.80,47.6,-122.8,47.625,-122.85,24.27,2,48.011,-122.781,1884,0.0902,49
CHIMA,chima,47.60_-123.00,47.6,-123.0,47.5,-122.95,28.68,1,48.011,-122.781,1877,0.0448,49
CHIMA,chima,47.80_-122.80,47.8,-122.8,47.8,-122.85,37.01,3,48.011,-122.781,1883,0.0716,49
CHIMA,chima,47.80_-123.20,47.8,-123.2,47.875,-123.15,40.95,2,48.011,-122.781,1882,0.0719,49
CHIMA,chima,47.80_-123.40,47.8,-123.4,47.85,-123.4,42.49,1,48.011,-122.781,1874,0.0717,49
CHIMA,chima,48.00_-122.80,48.0,-122.8,48.075,-122.875,19.45,2,48.011,-122.781,1882,0.1342,49
CHIMA,chima,48.00_-123.00,48.0,-123.0,48.0,-122.95,49.47,5,48.011,-122.781,1884,0.0695,49
CHIMA,chima,48.00_-123.20,48.0,-123.2,48.025,-123.25,43.01,2,48.011,-122.781,1882,0.0816,49
CHIMA,chima,48.00_-123.40,48.0,-123.4,48.05,-123.45,42.7,2,48.011,-122.781,1883,0.0734,49
CHIMA,chima,48.00_-123.60,48.0,-123.6,48.0,-123.55,44.43,1,48.011,-122.781,1883,0.1025,49
CHIMA,chima,48.20_-122.80,48.2,-122.8,48.25,-122.9,24.73,2,48.011,-122.781,1884,0.0517,49
CHIMA,chima,48.20_-123.00,48.2,-123.0,48.25,-123.0,44.71,5,48.011,-122.781,1884,0.0389,49
CHIMA,chima,48.20_-123.20,48.2,-123.2,48.3,-123.15,18.0,2,48.011,-122.781,1884,0.0434,49
CHIMA,chima,48.20_-123.40,48.2,-123.4,48.2,-123.45,44.19,1,48.011,-122.781,751,0.2535,49
CHIMA,chima,48.20_-123.60,48.2,-123.6,48.3,-123.675,34.31,4,48.011,-122.781,1884,0.0674,49
CHIMA,chima,48.20_-123.80,48.2,-123.8,48.3,-123.75,31.17,1,48.011,-122.781,1515,0.0988,49
CHIMA,chima,48.40_-122.80,48.4,-122.8,48.35,-122.8,14.9,1,48.011,-122.781,484,0.2166,49
CHIMA,chima,48.40_-123.00,48.4,-123.0,48.35,-123.0,30.83,1,48.011,-122.781,1881,0.0921,49
CHIMA,chima,48.40_-123.20,48.4,-123.2,48.5,-123.3,23.5,1,48.011,-122.781,1882,0.0981,49
CHIMA,chima,48.40_-123.40,48.4,-123.4,48.35,-123.4,19.3,1,48.011,-122.781,1611,0.1335,49
CHIMA,chima,48.40_-123.60,48.4,-123.6,48.375,-123.675,21.16,2,48.011,-122.781,1884,0.0807,49
CHIMA,chima,48.40_-123.80,48.4,-123.8,48.45,-123.8,25.44,2,48.011,-122.781,1884,0.0711,49
CHIMA,chima,48.40_-124.00,48.4,-124.0,48.475,-123.975,32.73,2,48.011,-122.781,1884,0.0395,49
CHIMA,chima,48.60_-123.20,48.6,-123.2,48.55,-123.25,46.44,1,48.011,-122.781,154,0.1105,49
CHIMA,chima,48.60_-123.60,48.6,-123.6,48.6,-123.6,22.22,3,48.011,-122.781,1884,0.0594,49
CHIMA,chima,48.60_-123.80,48.6,-123.8,48.575,-123.775,29.26,2,48.011,-122.781,1882,0.0768,49
CHIMA,chima,48.60_-124.00,48.6,-124.0,48.575,-124.075,22.9,2,48.011,-122.781,1883,0.0666,49
CHIMA,chima,48.80_-123.60,48.8,-123.6,48.8,-123.6,19.14,5,48.011,-122.781,1884,0.0382,49
CHIMA,chima,48.80_-123.80,48.8,-123.8,48.725,-123.75,21.67,2,48.011,-122.781,1884,0.0731,49
CHIMA,chima,48.80_-124.00,48.8,-124.0,48.7,-123.95,21.99,3,48.011,-122.781,1884,0.0837,49
CINE,cine,45.80_-123.20,45.8,-123.2,45.85,-123.225,33.02,2,46.557,-122.567,2256,0.1246,50
CINE,cine,46.40_-123.20,46.4,-123.2,46.5,-123.2,40.39,1,46.557,-122.567,329,0.1806,50
CINE,cine,47.00_-122.60,47.0,-122.6,47.0,-122.55,49.11,1,46.557,-122.567,1407,0.1214,50
CINE,cine,47.00_-122.80,47.0,-122.8,46.95,-122.775,41.99,2,46.557,-122.567,2172,0.1745,50
CINE,cine,47.40_-122.80,47.4,-122.8,47.425,-122.85,26.86,6,46.557,-122.567,2298,0.0973,50
CLRS,clrs,48.60_-124.00,48.6,-124.0,48.65,-124.1,18.87,1,48.8203,-124.1309,4240,0.2106,28
CLRS,clrs,48.60_-124.20,48.6,-124.2,48.65,-124.15,36.57,5,48.8203,-124.1309,4240,0.1676,28
CLRS,clrs,48.80_-124.00,48.8,-124.0,48.7,-124.1,25.35,1,48.8203,-124.1309,4239,0.129,28
CLRS,clrs,48.80_-124.20,48.8,-124.2,48.775,-124.25,18.66,2,48.8203,-124.1309,4239,0.1877,28
CLRS,clrs,48.80_-124.40,48.8,-124.4,48.8,-124.45,35.13,5,48.8203,-124.1309,4240,0.113,28
CLRS,clrs,48.80_-124.60,48.8,-124.6,48.9,-124.55,40.22,1,48.8203,-124.1309,4159,0.1985,28
CLRS,clrs,48.80_-124.80,48.8,-124.8,48.9,-124.7,30.34,1,48.8203,-124.1309,4233,0.1434,28
CLRSnew,clrsnew,48.20_-123.40,48.2,-123.4,48.2,-123.45,44.19,1,48.8203,-124.1309,4061,0.1936,28
CLRSnew,clrsnew,48.40_-123.60,48.4,-123.6,48.45,-123.65,24.48,1,48.8203,-124.1309,4170,0.2153,28
CLRSnew,clrsnew,48.40_-123.80,48.4,-123.8,48.35,-123.8,34.0,1,48.8203,-124.1309,4197,0.1435,28
CLRSnew,clrsnew,48.60_-123.80,48.6,-123.8,48.575,-123.85,24.6,2,48.8203,-124.1309,4226,0.1188,28
CLRSnew,clrsnew,48.60_-124.00,48.6,-124.0,48.6,-124.05,16.22,2,48.8203,-124.1309,4225,0.1429,28
CLRSnew,clrsnew,48.60_-124.20,48.6,-124.2,48.6,-124.2,34.17,1,48.8203,-124.1309,4179,0.1679,28
CLRSnew,clrsnew,48.60_-124.40,48.6,-124.4,48.6,-124.4,37.85,1,48.8203,-124.1309,4099,0.1671,28
CLRSnew,clrsnew,48.80_-124.00,48.8,-124.0,48.75,-124.1,25.74,1,48.8203,-124.1309,4229,0.1663,28
CLRSnew,clrsnew,48.80_-124.20,48.8,-124.2,48.75,-124.2,23.78,14,48.8203,-124.1309,4229,0.0871,28
CLRSnew,clrsnew,48.80_-124.40,48.8,-124.4,48.8,-124.35,28.36,11,48.8203,-124.1309,4229,0.1058,28
CLRSnew,clrsnew,48.80_-124.60,48.8,-124.6,48.85,-124.65,28.71,1,48.8203,-124.1309,2628,0.3616,28
CLRSnew,clrsnew,48.80_-124.80,48.8,-124.8,48.9,-124.75,29.59,1,48.8203,-124.1309,3326,0.3771,28
CLRSnew,clrsnew,49.00_-124.40,49.0,-124.4,49.0,-124.45,38.72,3,48.8203,-124.1309,4227,0.1359,28
CLRSnew,clrsnew,49.00_-124.60,49.0,-124.6,49.05,-124.575,42.33,2,48.8203,-124.1309,4209,0.2049,28
CLRSnew,clrsnew,49.00_-124.80,49.0,-124.8,48.95,-124.7,30.22,1,48.8203,-124.1309,4188,0.1755,28
CLRSnew,clrsnew,49.40_-125.00,49.4,-125.0,49.35,-125.1,33.58,1,48.8203,-124.1309,4223,0.1821,28
CLRSnew,clrsnew,49.40_-125.20,49.4,-125.2,49.375,-125.175,18.06,2,48.8203,-124.1309,4226,0.1438,28
CORE,core,46.40_-123.00,46.4,-123.0,46.45,-123.1,42.74,1,46.926,-123.916,1600,0.2872,53
CORE,core,46.80_-123.00,46.8,-123.0,46.85,-123.05,35.83,1,46.926,-123.916,590,0.2277,53
CORE,core,47.00_-123.20,47.0,-123.2,47.0,-123.2,36.74,1,46.926,-123.916,2023,0.1264,53
CORE,core,47.20_-122.80,47.2,-122.8,47.2,-122.775,28.91,2,46.926,-123.916,2075,0.045,53
CORE,core,47.20_-123.00,47.2,-123.0,47.25,-123.1,38.21,3,46.926,-123.916,2070,0.0912,53
CORE,core,47.40_-122.80,47.4,-122.8,47.35,-122.85,43.5,1,46.926,-123.916,1902,0.229,53
CORE,core,47.40_-123.00,47.4,-123.0,47.35,-123.075,44.99,4,46.926,-123.916,2063,0.1213,53
CORE,core,47.60_-122.80,47.6,-122.8,47.7,-122.8,21.59,1,46.926,-123.916,2015,0.1509,53
CORE,core,47.60_-123.20,47.6,-123.2,47.65,-123.3,44.97,1,46.926,-123.916,2059,0.0969,53
CORE,core,47.60_-123.40,47.6,-123.4,47.675,-123.375,39.13,2,46.926,-123.916,2051,0.1054,53
CORE,core,47.80_-123.00,47.8,-123.0,47.8,-123.025,45.65,2,46.926,-123.916,2041,0.0777,53
CORE,core,47.80_-123.40,47.8,-123.4,47.75,-123.35,42.04,1,46.926,-123.916,2051,0.118,53
COWS,cows,46.80_-122.60,46.8,-122.6,46.85,-122.6,37.7,1,47.666,-121.931,1774,0.0844,54
COWS,cows,46.80_-122.80,46.8,-122.8,46.85,-122.725,23.75,2,47.666,-121.931,1775,0.1074,54
COWS,cows,46.80_-123.00,46.8,-123.0,46.9,-122.95,46.53,1,47.666,-121.931,1774,0.0885,54
COWS,cows,47.00_-122.80,47.0,-122.8,47.025,-122.75,48.32,4,47.666,-121.931,1774,0.0696,54
COWS,cows,47.20_-122.40,47.2,-122.4,47.3,-122.5,54.93,1,47.666,-121.931,1774,0.1138,54
COWS,cows,47.20_-122.60,47.2,-122.6,47.225,-122.6,32.22,2,47.666,-121.931,1774,0.0661,54
COWS,cows,47.20_-122.80,47.2,-122.8,47.15,-122.75,39.81,14,47.666,-121.931,1775,0.0618,54
COWS,cows,47.20_-123.00,47.2,-123.0,47.1,-123.05,41.13,1,47.666,-121.931,1771,0.0912,54
COWS,cows,47.20_-123.20,47.2,-123.2,47.25,-123.2,41.59,3,47.666,-121.931,1774,0.1082,54
COWS,cows,47.40_-122.60,47.4,-122.6,47.4,-122.65,35.33,3,47.666,-121.931,1774,0.0848,54
COWS,cows,47.40_-122.80,47.4,-122.8,47.45,-122.825,21.48,8,47.666,-121.931,1775,0.0546,54
COWS,cows,47.40_-123.00,47.4,-123.0,47.4,-123.0,40.99,5,47.666,-121.931,1775,0.0562,54
COWS,cows,47.40_-123.20,47.4,-123.2,47.4,-123.2,45.6,1,47.666,-121.931,1774,0.1075,54
COWS,cows,47.60_-122.60,47.6,-122.6,47.7,-122.65,20.86,3,47.666,-121.931,1774,0.0943,54
COWS,cows,47.60_-122.80,47.6,-122.8,47.7,-122.85,21.99,5,47.666,-121.931,1775,0.1109,54
COWS,cows,47.60_-123.00,47.6,-123.0,47.5,-123.0,24.78,3,47.666,-121.931,1775,0.0755,54
COWS,cows,47.60_-123.20,47.6,-123.2,47.65,-123.2,34.34,3,47.666,-121.931,1775,0.0687,54
COWS,cows,47.80_-122.80,47.8,-122.8,47.75,-122.7,29.8,1,47.666,-121.931,656,0.2499,54
COWS,cows,47.80_-123.00,47.8,-123.0,47.85,-123.05,47.79,3,47.666,-121.931,1774,0.0989,54
COWS,cows,47.80_-123.20,47.8,-123.2,47.85,-123.15,42.8,5,47.666,-121.931,1774,0.0505,54
COWS,cows,48.00_-122.80,48.0,-122.8,48.1,-122.85,32.26,2,47.666,-121.931,1774,0.0859,54
COWS,cows,48.00_-123.00,48.0,-123.0,48.025,-122.975,47.71,4,47.666,-121.931,1774,0.115,54
COWS,cows,48.00_-123.20,48.0,-123.2,48.05,-123.2,41.79,1,47.666,-121.931,1773,0.0808,54
COWS,cows,48.20_-122.80,48.2,-122.8,48.25,-122.8,22.3,3,47.666,-121.931,1774,0.0918,54
COWS,cows,48.20_-123.00,48.2,-123.0,48.25,-123.0,24.22,5,47.666,-121.931,1775,0.0638,54
COWS,cows,48.20_-123.20,48.2,-123.2,48.2,-123.15,31.3,2,47.666,-121.931,1774,0.0991,54
COWS,cows,48.40_-122.80,48.4,-122.8,48.4,-122.825,43.19,6,47.666,-121.931,1775,0.089,54
COWS,cows,48.40_-123.20,48.4,-123.2,48.35,-123.2,38.29,1,47.666,-121.931,1775,0.0996,54
CRBN,crbn,46.20_-123.20,46.2,-123.2,46.15,-123.15,18.68,1,46.988,-121.961,537,0.1468,55
CRBN,crbn,46.80_-122.80,46.8,-122.8,46.825,-122.775,39.05,2,46.988,-121.961,1158,0.1046,55
CRBN,crbn,47.00_-122.80,47.0,-122.8,46.95,-122.75,43.85,2,46.988,-121.961,777,0.086,55
CRBN,crbn,47.20_-123.00,47.2,-123.0,47.1,-123.05,41.13,1,46.988,-121.961,1090,0.0482,55
CRBN,crbn,47.40_-122.80,47.4,-122.8,47.45,-122.9,12.65,2,46.988,-121.961,1303,0.0666,55
CRBN,crbn,47.60_-123.00,47.6,-123.0,47.7,-123.0,47.53,1,46.988,-121.961,1506,0.1652,55
CRBN,crbn,47.80_-122.80,47.8,-122.8,47.875,-122.825,37.91,2,46.988,-121.961,1537,0.1176,55
CRBN,crbn,47.80_-123.00,47.8,-123.0,47.75,-123.05,46.35,3,46.988,-121.961,1311,0.0611,55
DANT,dant,40.20_-122.80,40.2,-122.8,40.3,-122.75,30.3,1,40.295,-121.802,2686,0.2229,56
DANT,dant,40.40_-122.60,40.4,-122.6,40.4,-122.55,19.62,1,40.295,-121.802,2689,0.1926,56
DANT,dant,40.40_-122.80,40.4,-122.8,40.4,-122.75,24.93,3,40.295,-121.802,2588,0.1997,56
DANT,dant,40.60_-122.60,40.6,-122.6,40.6,-122.65,16.33,1,40.295,-121.802,2424,0.19,56
DANT,dant,40.60_-122.80,40.6,-122.8,40.625,-122.75,20.31,8,40.295,-121.802,2687,0.1369,56
DANT,dant,40.60_-123.00,40.6,-123.0,40.6,-122.95,21.66,2,40.295,-121.802,2683,0.1949,56
DANT,dant,40.80_-122.60,40.8,-122.6,40.85,-122.65,30.56,3,40.295,-121.802,2679,0.167,56
DANT,dant,40.80_-122.80,40.8,-122.8,40.85,-122.8,17.86,21,40.295,-121.802,2684,0.1178,56
DANT,dant,40.80_-123.00,40.8,-123.0,40.8,-123.05,29.16,15,40.295,-121.802,2682,0.1229,56
DANT,dant,41.00_-122.80,41.0,-122.8,40.95,-122.85,20.11,15,40.295,-121.802,2686,0.0993,56
DANT,dant,41.00_-123.00,41.0,-123.0,41.0,-123.025,35.41,10,40.295,-121.802,2686,0.1488,56
DANT,dant,41.00_-123.20,41.0,-123.2,40.975,-123.15,35.43,2,40.295,-121.802,2669,0.1846,56
DANT,dant,41.20_-122.80,41.2,-122.8,41.1,-122.9,21.17,5,40.295,-121.802,2682,0.1745,56
DANT,dant,41.20_-123.00,41.2,-123.0,41.15,-123.025,20.87,12,40.295,-121.802,2684,0.1309,56
DANT,dant,41.20_-123.20,41.2,-123.2,41.1,-123.15,34.94,1,40.295,-121.802,1926,0.3136,56
DBO,dbo,42.20_-123.20,42.2,-123.2,42.3,-123.3,37.48,3,43.119,-123.244,2158,0.1934,57
DBO,dbo,42.20_-123.40,42.2,-123.4,42.3,-123.4,41.59,4,43.119,-123.244,2424,0.3099,57
DBO,dbo,42.40_-123.20,42.4,-123.2,42.4,-123.3,32.84,1,43.119,-123.244,1905,0.2563,57
DBO,dbo,42.40_-123.40,42.4,-123.4,42.45,-123.4,33.6,35,43.119,-123.244,2823,0.1493,57
DBO,dbo,42.40_-123.60,42.4,-123.6,42.5,-123.5,36.32,20,43.119,-123.244,2705,0.1759,57
DBO,dbo,42.40_-123.80,42.4,-123.8,42.375,-123.8,33.1,2,43.119,-123.244,2666,0.1991,57
DBO,dbo,42.60_-123.40,42.6,-123.4,42.6,-123.4,28.35,14,43.119,-123.244,2655,0.1826,57
DBO,dbo,42.60_-123.60,42.6,-123.6,42.575,-123.5,31.46,10,43.119,-123.244,2727,0.2072,57
DBO,dbo,42.80_-123.40,42.8,-123.4,42.85,-123.4,34.85,4,43.119,-123.244,2249,0.2128,57
DBO,dbo,42.80_-123.60,42.8,-123.6,42.9,-123.5,31.71,5,43.119,-123.244,1834,0.2543,57
DBO,dbo,43.00_-123.40,43.0,-123.4,43.0,-123.4,36.58,1,43.119,-123.244,1478,0.2253,57
DBO,dbo,43.20_-123.40,43.2,-123.4,43.15,-123.4,37.47,2,43.119,-123.244,2315,0.1702,57
DBO,dbo,43.20_-123.60,43.2,-123.6,43.25,-123.575,32.26,2,43.119,-123.244,2494,0.1934,57
DBO,dbo,43.60_-123.60,43.6,-123.6,43.65,-123.5,25.84,1,43.119,-123.244,1708,0.3256,57
DING,ding,42.20_-123.20,42.2,-123.2,42.3,-123.3,37.48,3,42.862,-124.054,2633,0.2007,58
DING,ding,42.20_-123.60,42.2,-123.6,42.2,-123.5,47.67,1,42.862,-124.054,2706,0.2366,58
DING,ding,42.40_-123.40,42.4,-123.4,42.4,-123.4,35.92,5,42.862,-124.054,2653,0.1882,58
DING,ding,42.60_-123.40,42.6,-123.4,42.6,-123.4,27.57,2,42.862,-124.054,2426,0.2433,58
DING,ding,42.60_-123.60,42.6,-123.6,42.55,-123.55,33.01,2,42.862,-124.054,2592,0.1587,58
DING,ding,42.80_-123.40,42.8,-123.4,42.8,-123.4,35.4,1,42.862,-124.054,1224,0.2798,58
DING,ding,42.80_-123.60,42.8,-123.6,42.8,-123.5,31.85,6,42.862,-124.054,2709,0.1795,58
DING,ding,43.20_-123.60,43.2,-123.6,43.225,-123.575,31.67,4,42.862,-124.054,2393,0.2156,58
DING,ding,43.20_-123.80,43.2,-123.8,43.25,-123.75,29.65,1,42.862,-124.054,28,0.1344,58
DING,ding,43.40_-123.80,43.4,-123.8,43.45,-123.8,30.84,1,42.862,-124.054,2611,0.1962,58
DLIK,dlik,40.20_-122.40,40.2,-122.4,40.25,-122.4,29.78,1,40.455,-122.894,1092,0.1841,59
DLIK,dlik,40.20_-122.60,40.2,-122.6,40.3,-122.6,16.57,4,40.455,-122.894,1126,0.3084,59
DLIK,dlik,40.20_-122.80,40.2,-122.8,40.275,-122.75,23.73,6,40.455,-122.894,1354,0.2336,59
DLIK,dlik,40.40_-122.40,40.4,-122.4,40.45,-122.5,42.55,7,40.455,-122.894,1129,0.258,59
DLIK,dlik,40.40_-122.60,40.4,-122.6,40.45,-122.6,19.19,9,40.455,-122.894,1354,0.2218,59
DLIK,dlik,40.40_-122.80,40.4,-122.8,40.4,-122.75,24.93,8,40.455,-122.894,1615,0.2321,59
DLIK,dlik,40.60_-122.60,40.6,-122.6,40.6,-122.6,17.13,6,40.455,-122.894,1322,0.2976,59
DLIK,dlik,40.60_-122.80,40.6,-122.8,40.575,-122.7,25.02,4,40.455,-122.894,1039,0.2837,59
DLIK,dlik,40.80_-122.60,40.8,-122.6,40.7,-122.65,21.65,6,40.455,-122.894,1191,0.2491,59
DLIK,dlik,40.80_-122.80,40.8,-122.8,40.875,-122.8,18.91,14,40.455,-122.894,1422,0.2096,59
DLIK,dlik,40.80_-123.00,40.8,-123.0,40.85,-123.05,36.95,4,40.455,-122.894,1170,0.2912,59
DLIK,dlik,40.80_-123.20,40.8,-123.2,40.85,-123.25,21.33,1,40.455,-122.894,828,0.2516,59
DLIK,dlik,41.00_-122.80,41.0,-122.8,41.0,-122.825,19.4,2,40.455,-122.894,1045,0.4823,59
DLIK,dlik,41.00_-123.00,41.0,-123.0,41.0,-123.05,36.47,5,40.455,-122.894,1403,0.2249,59
DLIK,dlik,41.00_-123.20,41.0,-123.2,41.05,-123.15,36.47,1,40.455,-122.894,876,0.2065,59
DLIK,dlik,41.20_-122.80,41.2,-122.8,41.175,-122.9,21.18,8,40.455,-122.894,1234,0.266,59
DLIK,dlik,41.20_-123.00,41.2,-123.0,41.2,-123.0,22.41,13,40.455,-122.894,1480,0.2151,59
DLIK,dlik,41.20_-123.20,41.2,-123.2,41.2,-123.2,34.94,3,40.455,-122.894,1318,0.2618,59
DMOR,dmor,40.20_-122.40,40.2,-122.4,40.3,-122.45,31.1,1,40.71,-123.703,1312,0.236,60
DMOR,dmor,40.20_-122.60,40.2,-122.6,40.3,-122.6,13.7,1,40.71,-123.703,88,0.3784,60
DMOR,dmor,40.20_-122.80,40.2,-122.8,40.275,-122.8,17.33,4,40.71,-123.703,1526,0.1872,60
DMOR,dmor,40.40_-122.40,40.4,-122.4,40.45,-122.5,42.55,1,40.71,-123.703,1512,0.3639,60
DMOR,dmor,40.40_-122.60,40.4,-122.6,40.425,-122.65,21.21,2,40.71,-123.703,1480,0.2073,60
DMOR,dmor,40.40_-122.80,40.4,-122.8,40.4,-122.75,32.1,4,40.71,-123.703,1522,0.1826,60
DMOR,dmor,40.40_-123.00,40.4,-123.0,40.45,-122.95,32.5,1,40.71,-123.703,1514,0.2263,60
DMOR,dmor,40.60_-122.40,40.6,-122.4,40.6,-122.4,19.79,1,40.71,-123.703,1499,0.2469,60
DMOR,dmor,40.60_-122.60,40.6,-122.6,40.65,-122.65,21.74,9,40.71,-123.703,1521,0.1738,60
DMOR,dmor,40.60_-122.80,40.6,-122.8,40.6,-122.75,24.1,10,40.71,-123.703,1532,0.2215,60
DMOR,dmor,40.60_-123.00,40.6,-123.0,40.625,-123.05,25.13,8,40.71,-123.703,1520,0.1782,60
DMOR,dmor,40.80_-122.60,40.8,-122.6,40.75,-122.65,21.65,3,40.71,-123.703,1520,0.2645,60
DMOR,dmor,40.80_-122.80,40.8,-122.8,40.75,-122.85,18.47,17,40.71,-123.703,1527,0.1835,60
DMOR,dmor,40.80_-123.00,40.8,-123.0,40.8,-123.05,28.02,21,40.71,-123.703,1531,0.1986,60
DMOR,dmor,40.80_-123.20,40.8,-123.2,40.85,-123.2,31.6,3,40.71,-123.703,1523,0.1931,60
DMOR,dmor,41.00_-122.80,41.0,-122.8,41.0,-122.75,17.45,7,40.71,-123.703,1525,0.1769,60
DMOR,dmor,41.00_-123.00,41.0,-123.0,41.0,-123.05,39.81,15,40.71,-123.703,1523,0.1841,60
DMOR,dmor,41.00_-123.20,41.0,-123.2,41.05,-123.175,35.36,4,40.71,-123.703,1500,0.2341,60
DMOR,dmor,41.20_-122.80,41.2,-122.8,41.1,-122.85,19.93,5,40.71,-123.703,1522,0.2298,60
DMOR,dmor,41.20_-123.00,41.2,-123.0,41.175,-123.025,21.66,12,40.71,-123.703,1527,0.2226,60
DMOR,dmor,41.20_-123.20,41.2,-123.2,41.1,-123.2,34.94,3,40.71,-123.703,1498,0.1608,60
DMOR,dmor,41.40_-122.80,41.4,-122.8,41.4,-122.9,20.06,1,40.71,-123.703,1409,0.25,60
DMOR,dmor,41.40_-123.00,41.4,-123.0,41.4,-123.1,35.62,5,40.71,-123.703,1497,0.2066,60
DMOR,dmor,41.40_-123.20,41.4,-123.2,41.35,-123.15,37.21,3,40.71,-123.703,1529,0.1755,60
DMOR,dmor,41.60_-123.00,41.6,-123.0,41.5,-123.075,32.14,2,40.71,-123.703,1524,0.1932,60
DONK,donk,47.60_-122.60,47.6,-122.6,47.65,-122.6,19.45,1,48.424,-122.157,1954,0.0897,61
DONK,donk,47.60_-122.80,47.6,-122.8,47.65,-122.825,30.95,4,48.424,-122.157,2319,0.0882,61
DONK,donk,47.60_-123.20,47.6,-123.2,47.7,-123.2,43.72,1,48.424,-122.157,2249,0.1594,61
DONK,donk,47.80_-122.80,47.8,-122.8,47.75,-122.9,16.85,1,48.424,-122.157,1907,0.0993,61
DONK,donk,47.80_-123.00,47.8,-123.0,47.875,-123.05,46.88,4,48.424,-122.157,2242,0.0701,61
DONK,donk,47.80_-123.20,47.8,-123.2,47.85,-123.2,42.95,1,48.424,-122.157,1706,0.0655,61
DONK,donk,47.80_-123.40,47.8,-123.4,47.825,-123.375,42.81,2,48.424,-122.157,2301,0.1589,61
DONK,donk,48.00_-123.00,48.0,-123.0,48.075,-122.95,48.28,4,48.424,-122.157,2281,0.1012,61
DONK,donk,48.00_-123.20,48.0,-123.2,48.025,-123.2,43.75,4,48.424,-122.157,2304,0.0691,61
DONK,donk,48.20_-123.00,48.2,-123.0,48.2,-123.0,22.43,3,48.424,-122.157,2206,0.0829,61
DONK,donk,48.20_-123.40,48.2,-123.4,48.3,-123.45,20.67,1,48.424,-122.157,844,0.1915,61
DONK,donk,48.40_-122.80,48.4,-122.8,48.35,-122.8,24.98,3,48.424,-122.157,2348,0.079,61
DONK,donk,48.40_-123.00,48.4,-123.0,48.35,-123.025,34.18,2,48.424,-122.157,2145,0.069,61
DONK,donk,48.40_-123.20,48.4,-123.2,48.45,-123.25,31.57,5,48.424,-122.157,2323,0.0905,61
DONK,donk,48.40_-123.40,48.4,-123.4,48.5,-123.4,20.8,1,48.424,-122.157,2284,0.1389,61
DONK,donk,48.60_-123.20,48.6,-123.2,48.6,-123.275,35.07,2,48.424,-122.157,2262,0.0825,61
DONK,donk,48.60_-123.40,48.6,-123.4,48.65,-123.45,49.45,1,48.424,-122.157,1045,0.2318,61
DONK,donk,48.80_-123.20,48.8,-123.2,48.7,-123.3,20.83,1,48.424,-122.157,2282,0.106,61
DOORS,doors,46.20_-123.20,46.2,-123.2,46.225,-123.275,25.6,4,47.055,-123.257,1731,0.0588,62
DOORS,doors,46.40_-122.80,46.4,-122.8,46.5,-122.85,26.43,3,47.055,-123.257,1731,0.0426,62
DOORS,doors,46.40_-123.00,46.4,-123.0,46.45,-123.1,42.74,1,47.055,-123.257,1731,0.1089,62
DOORS,doors,46.40_-123.20,46.4,-123.2,46.45,-123.25,22.09,3,47.055,-123.257,1731,0.0387,62
DOORS,doors,46.40_-123.40,46.4,-123.4,46.475,-123.375,22.39,2,47.055,-123.257,1731,0.0373,62
DOORS,doors,46.60_-122.80,46.6,-122.8,46.575,-122.75,30.86,2,47.055,-123.257,1731,0.0466,62
DOORS,doors,46.60_-123.20,46.6,-123.2,46.55,-123.2,39.33,3,47.055,-123.257,1731,0.0367,62
DOORS,doors,46.80_-122.60,46.8,-122.6,46.825,-122.625,43.19,2,47.055,-123.257,1731,0.026,62
DOORS,doors,46.80_-122.80,46.8,-122.8,46.8,-122.8,37.15,7,47.055,-123.257,1731,0.0407,62
DOORS,doors,46.80_-123.00,46.8,-123.0,46.825,-123.025,36.41,4,47.055,-123.257,1731,0.042,62
DOORS,doors,46.80_-123.20,46.8,-123.2,46.8,-123.2,28.93,2,47.055,-123.257,1731,0.0538,62
DOORS,doors,47.00_-122.60,47.0,-122.6,47.0,-122.625,48.67,4,47.055,-123.257,1731,0.0319,62
DOORS,doors,47.00_-122.80,47.0,-122.8,47.0,-122.8,48.24,2,47.055,-123.257,1731,0.0548,62
DOORS,doors,47.00_-123.00,47.0,-123.0,47.05,-123.05,43.32,3,47.055,-123.257,1731,0.052,62
DOORS,doors,47.20_-122.60,47.2,-122.6,47.225,-122.6,39.88,6,47.055,-123.257,1731,0.0564,62
DOORS,doors,47.20_-122.80,47.2,-122.8,47.25,-122.8,25.37,9,47.055,-123.257,1731,0.0327,62
DOORS,doors,47.20_-123.00,47.2,-123.0,47.2,-123.0,41.19,9,47.055,-123.257,1731,0.0491,62
DOORS,doors,47.20_-123.20,47.2,-123.2,47.275,-123.25,42.24,2,47.055,-123.257,1731,0.0726,62
DOORS,doors,47.40_-122.40,47.4,-122.4,47.375,-122.475,37.07,2,47.055,-123.257,1731,0.0979,62
DOORS,doors,47.40_-122.60,47.4,-122.6,47.45,-122.6,22.08,1,47.055,-123.257,1731,0.091,62
DOORS,doors,47.40_-122.80,47.4,-122.8,47.4,-122.825,23.43,6,47.055,-123.257,1731,0.0462,62
DOORS,doors,47.40_-123.00,47.4,-123.0,47.4,-123.05,37.72,7,47.055,-123.257,1731,0.0455,62
DOORS,doors,47.40_-123.20,47.4,-123.2,47.35,-123.15,41.68,1,47.055,-123.257,1731,0.0881,62
DOORS,doors,47.40_-123.40,47.4,-123.4,47.45,-123.35,35.08,1,47.055,-123.257,1730,0.0576,62
DOORS,doors,47.60_-122.20,47.6,-122.2,47.5,-122.25,39.57,1,47.055,-123.257,1731,0.0631,62
DOORS,doors,47.60_-122.60,47.6,-122.6,47.575,-122.6,20.18,2,47.055,-123.257,1731,0.076,62
DOORS,doors,47.60_-122.80,47.6,-122.8,47.6,-122.85,25.4,12,47.055,-123.257,1731,0.0354,62
DOORS,doors,47.60_-123.00,47.6,-123.0,47.6,-123.05,43.49,11,47.055,-123.257,1731,0.0316,62
DOORS,doors,47.60_-123.20,47.6,-123.2,47.675,-123.2,39.47,6,47.055,-123.257,1731,0.0489,62
DOORS,doors,47.60_-123.40,47.6,-123.4,47.6,-123.4,39.65,4,47.055,-123.257,1731,0.0427,62
DOORS,doors,47.80_-122.80,47.8,-122.8,47.8,-122.825,22.91,6,47.055,-123.257,1731,0.0498,62
DOORS,doors,47.80_-123.00,47.8,-123.0,47.85,-123.05,46.35,7,47.055,-123.257,1731,0.0384,62
DOORS,doors,47.80_-123.20,47.8,-123.2,47.825,-123.25,41.76,8,47.055,-123.257,1731,0.033,62
DOORS,doors,47.80_-123.40,47.8,-123.4,47.9,-123.4,43.57,1,47.055,-123.257,1731,0.0701,62
DOORS,doors,47.80_-123.60,47.8,-123.6,47.75,-123.5,34.68,1,47.055,-123.257,1731,0.097,62
DOTY,doty,45.80_-122.80,45.8,-122.8,45.9,-122.9,26.56,1,46.705,-123.369,1753,0.0329,63
DOTY,doty,45.80_-123.20,45.8,-123.2,45.9,-123.2,33.55,2,46.705,-123.369,1883,0.0255,63
DOTY,doty,46.00_-123.20,46.0,-123.2,46.0,-123.2,25.2,1,46.705,-123.369,1883,0.0611,63
DOTY,doty,46.00_-123.40,46.0,-123.4,46.1,-123.4,38.51,1,46.705,-123.369,1601,0.0382,63
DOTY,doty,46.20_-122.80,46.2,-122.8,46.2,-122.9,22.47,1,46.705,-123.369,1863,0.0486,63
DOTY,doty,46.20_-123.00,46.2,-123.0,46.275,-122.975,21.95,2,46.705,-123.369,1883,0.0363,63
DOTY,doty,46.40_-123.20,46.4,-123.2,46.5,-123.15,48.58,1,46.705,-123.369,1426,0.0399,63
DOTY,doty,46.80_-122.80,46.8,-122.8,46.9,-122.75,32.04,1,46.705,-123.369,1881,0.0454,63
DOTY,doty,47.00_-122.60,47.0,-122.6,47.025,-122.625,46.47,2,46.705,-123.369,1882,0.0335,63
DOTY,doty,47.00_-122.80,47.0,-122.8,46.95,-122.75,43.85,2,46.705,-123.369,1883,0.0474,63
DOTY,doty,47.20_-122.40,47.2,-122.4,47.3,-122.5,54.93,1,46.705,-123.369,1883,0.048,63
DOTY,doty,47.20_-122.60,47.2,-122.6,47.3,-122.55,31.32,1,46.705,-123.369,1883,0.0593,63
DOTY,doty,47.20_-122.80,47.2,-122.8,47.2,-122.8,25.37,5,46.705,-123.369,1883,0.0251,63
DOTY,doty,47.20_-123.00,47.2,-123.0,47.25,-122.95,43.4,1,46.705,-123.369,1864,0.0334,63
DOTY,doty,47.40_-122.80,47.4,-122.8,47.4,-122.85,24.71,5,46.705,-123.369,1883,0.0269,63
DOTY,doty,47.40_-123.00,47.4,-123.0,47.45,-123.05,17.14,3,46.705,-123.369,1875,0.0387,63
DOTY,doty,47.40_-123.20,47.4,-123.2,47.4,-123.15,30.07,1,46.705,-123.369,1883,0.0405,63
DOTY,doty,47.60_-122.80,47.6,-122.8,47.55,-122.8,20.11,7,46.705,-123.369,1883,0.021,63
DOTY,doty,47.60_-123.00,47.6,-123.0,47.5,-122.975,22.6,4,46.705,-123.369,1883,0.0291,63
DOTY,doty,47.60_-123.20,47.6,-123.2,47.55,-123.15,45.61,3,46.705,-123.369,1880,0.0613,63
DOTY,doty,47.60_-123.40,47.6,-123.4,47.55,-123.35,43.63,1,46.705,-123.369,1879,0.0305,63
DRAN,dran,42.80_-123.40,42.8,-123.4,42.85,-123.45,34.0,2,43.697,-123.349,1627,0.1507,64
DRAN,dran,42.80_-123.60,42.8,-123.6,42.875,-123.575,30.22,6,43.697,-123.349,2314,0.1557,64
DRAN,dran,42.80_-123.80,42.8,-123.8,42.9,-123.75,27.52,1,43.697,-123.349,2313,0.1648,64
DRAN,dran,43.00_-123.20,43.0,-123.2,42.95,-123.2,39.27,1,43.697,-123.349,1851,0.1131,64
DRAN,dran,43.00_-123.40,43.0,-123.4,43.0,-123.425,35.73,2,43.697,-123.349,1844,0.2392,64
DRAN,dran,43.00_-123.60,43.0,-123.6,43.0,-123.5,33.18,5,43.697,-123.349,2313,0.1449,64
DRAN,dran,43.00_-123.80,43.0,-123.8,42.95,-123.8,27.33,3,43.697,-123.349,2308,0.2239,64
DRAN,dran,43.00_-124.00,43.0,-124.0,42.95,-123.95,26.95,1,43.697,-123.349,2312,0.1561,64
DRAN,dran,43.20_-123.40,43.2,-123.4,43.15,-123.45,36.07,9,43.697,-123.349,2312,0.1447,64
DRAN,dran,43.20_-123.60,43.2,-123.6,43.15,-123.65,30.18,6,43.697,-123.349,2311,0.1611,64
DRAN,dran,43.20_-123.80,43.2,-123.8,43.175,-123.75,29.08,2,43.697,-123.349,2308,0.3081,64
DRAN,dran,43.40_-123.40,43.4,-123.4,43.45,-123.35,36.67,1,43.697,-123.349,2178,0.1595,64
DRAN,dran,43.40_-123.60,43.4,-123.6,43.35,-123.65,30.3,1,43.697,-123.349,951,0.3239,64
DRAN,dran,43.60_-123.60,43.6,-123.6,43.625,-123.55,27.35,6,43.697,-123.349,2325,0.1306,64
DRAN,dran,43.60_-123.80,43.6,-123.8,43.5,-123.85,31.07,1,43.697,-123.349,2288,0.1707,64
DRAN,dran,43.80_-123.20,43.8,-123.2,43.9,-123.3,26.63,1,43.697,-123.349,666,0.3691,64
DRAN,dran,43.80_-123.60,43.8,-123.6,43.8,-123.6,28.92,5,43.697,-123.349,2316,0.1228,64
DRAN,dran,44.00_-123.20,44.0,-123.2,43.975,-123.3,20.64,8,43.697,-123.349,2316,0.1166,64
DRAN,dran,44.00_-123.40,44.0,-123.4,44.1,-123.4,25.42,3,43.697,-123.349,2313,0.185,64
DRAN,dran,44.00_-123.60,44.0,-123.6,44.075,-123.625,28.99,4,43.697,-123.349,2302,0.1766,64
DRAN,dran,44.00_-123.80,44.0,-123.8,44.0,-123.75,33.62,2,43.697,-123.349,2303,0.1922,64
DRAN,dran,44.20_-123.40,44.2,-123.4,44.175,-123.425,30.59,2,43.697,-123.349,2313,0.1647,64
DRAN,dran,44.20_-123.60,44.2,-123.6,44.15,-123.6,31.44,1,43.697,-123.349,2171,0.1674,64
DRAN,dran,44.40_-123.40,44.4,-123.4,44.45,-123.45,31.45,1,43.697,-123.349,2287,0.1597,64
DRAN,dran,44.40_-123.60,44.4,-123.6,44.45,-123.55,28.57,11,43.697,-123.349,2318,0.1352,64
DRAN,dran,44.40_-123.80,44.4,-123.8,44.45,-123.75,24.53,2,43.697,-123.349,2311,0.1489,64
DRAN,dran,44.60_-123.40,44.6,-123.4,44.55,-123.45,24.68,2,43.697,-123.349,2307,0.167,64
DRAN,dran,44.60_-123.60,44.6,-123.6,44.55,-123.6,28.76,7,43.697,-123.349,2317,0.1313,64
DRAN,dran,44.60_-123.80,44.6,-123.8,44.55,-123.75,16.8,1,43.697,-123.349,2314,0.207,64
EAGLE,eagle,46.60_-122.80,46.6,-122.8,46.6,-122.85,48.91,1,47.258,-122.999,1691,0.1198,65
EAGLE,eagle,46.60_-123.00,46.6,-123.0,46.575,-122.975,45.78,2,47.258,-122.999,1691,0.1088,65
EAGLE,eagle,46.60_-123.20,46.6,-123.2,46.65,-123.3,19.97,1,47.258,-122.999,1692,0.1445,65
EAGLE,eagle,46.80_-123.00,46.8,-123.0,46.85,-123.05,34.63,4,47.258,-122.999,1692,0.0647,65
EAGLE,eagle,47.00_-122.80,47.0,-122.8,46.975,-122.85,42.49,2,47.258,-122.999,1691,0.1029,65
EAGLE,eagle,47.00_-123.20,47.0,-123.2,47.025,-123.2,37.29,2,47.258,-122.999,1691,0.1159,65
EAGLE,eagle,47.20_-122.60,47.2,-122.6,47.3,-122.6,47.99,1,47.258,-122.999,1502,0.1559,65
EAGLE,eagle,47.20_-122.80,47.2,-122.8,47.2,-122.75,35.55,2,47.258,-122.999,1392,0.1922,65
EAGLE,eagle,47.20_-123.00,47.2,-123.0,47.175,-123.075,39.67,2,47.258,-122.999,1682,0.0524,65
EAGLE,eagle,47.20_-123.20,47.2,-123.2,47.2,-123.175,44.46,2,47.258,-122.999,1692,0.1038,65
EAGLE,eagle,47.40_-122.80,47.4,-122.8,47.4,-122.9,40.0,1,47.258,-122.999,1692,0.0604,65
EAGLE,eagle,47.40_-123.00,47.4,-123.0,47.35,-123.025,42.99,2,47.258,-122.999,1692,0.0697,65
EAGLE,eagle,47.60_-122.60,47.6,-122.6,47.7,-122.65,20.86,1,47.258,-122.999,1692,0.0638,65
EAGLE,eagle,47.60_-122.80,47.6,-122.8,47.5,-122.85,20.91,1,47.258,-122.999,1028,0.1828,65
EAGLE,eagle,47.60_-123.00,47.6,-123.0,47.5,-122.95,28.68,1,47.258,-122.999,1606,0.1334,65
EAGLE,eagle,48.00_-123.00,48.0,-123.0,48.0,-123.0,49.47,3,47.258,-122.999,1688,0.1814,65
EAGLE,eagle,48.00_-123.40,48.0,-123.4,48.05,-123.45,35.11,1,47.258,-122.999,1691,0.1365,65
EAGLE,eagle,48.00_-123.60,48.0,-123.6,48.05,-123.5,49.65,1,47.258,-122.999,1691,0.1365,65
FISH,fish,45.00_-123.40,45.0,-123.4,45.05,-123.4,18.23,1,45.931,-123.559,1117,0.124,66
FISH,fish,45.20_-123.00,45.2,-123.0,45.2,-123.05,23.34,2,45.931,-123.559,1154,0.0745,66
FISH,fish,45.20_-123.60,45.2,-123.6,45.25,-123.525,47.42,2,45.931,-123.559,1148,0.0857,66
FISH,fish,45.40_-123.60,45.4,-123.6,45.35,-123.55,44.29,1,45.931,-123.559,1108,0.1561,66
FISH,fish,45.80_-123.00,45.8,-123.0,45.9,-123.1,17.08,1,45.931,-123.559,683,0.1101,66
FISH,fish,45.80_-123.20,45.8,-123.2,45.8,-123.25,32.5,1,45.931,-123.559,1110,0.0469,66
FISH,fish,46.60_-123.20,46.6,-123.2,46.65,-123.15,36.89,1,45.931,-123.559,1089,0.1095,66
GDR,gdr,49.00_-124.80,49.0,-124.8,49.0,-124.75,29.65,4,49.781,-126.056,1411,0.3191,67
GDR,gdr,49.20_-124.80,49.2,-124.8,49.125,-124.8,33.09,2,49.781,-126.056,1669,0.3852,67
GDR,gdr,49.20_-125.00,49.2,-125.0,49.2,-125.05,30.54,3,49.781,-126.056,378,0.4783,67
GDR,gdr,49.40_-125.60,49.4,-125.6,49.4,-125.7,32.14,3,49.781,-126.056,1840,0.4134,67
GDR,gdr,49.60_-125.60,49.6,-125.6,49.5,-125.6,36.19,5,49.781,-126.056,1494,0.3447,67
GDR,gdr,49.60_-126.00,49.6,-126.0,49.55,-126.1,41.17,2,49.781,-126.056,1616,0.3015,67
GDR,gdr,49.60_-126.20,49.6,-126.2,49.65,-126.15,37.87,2,49.781,-126.056,874,0.358,67
GDR,gdr,49.80_-126.40,49.8,-126.4,49.9,-126.3,35.84,1,49.781,-126.056,319,0.5978,67
GDR,gdr,50.00_-126.40,50.0,-126.4,50.0,-126.45,25.23,3,49.781,-126.056,972,0.326,67
GDR,gdr,50.00_-126.60,50.0,-126.6,50.1,-126.6,18.01,1,49.781,-126.056,323,0.8536,67
GDR,gdr,50.00_-126.80,50.0,-126.8,50.1,-126.8,26.13,2,49.781,-126.056,1308,0.4946,67
GHNB,ghnb,48.40_-123.20,48.4,-123.2,48.5,-123.225,27.54,2,49.306,-124.236,1546,0.2408,68
GHNB,ghnb,48.40_-123.60,48.4,-123.6,48.5,-123.65,22.0,1,49.306,-124.236,1729,0.2912,68
GHNB,ghnb,48.40_-123.80,48.4,-123.8,48.5,-123.75,21.92,1,49.306,-124.236,1733,0.2115,68
GHNB,ghnb,48.40_-124.00,48.4,-124.0,48.5,-123.95,32.72,3,49.306,-124.236,1734,0.184,68
GHNB,ghnb,48.60_-123.80,48.6,-123.8,48.6,-123.825,28.08,2,49.306,-124.236,1734,0.2178,68
GHNB,ghnb,48.60_-124.00,48.6,-124.0,48.6,-124.0,23.89,7,49.306,-124.236,1734,0.1884,68
GHNB,ghnb,48.60_-124.20,48.6,-124.2,48.625,-124.225,36.59,2,49.306,-124.236,1734,0.2484,68
GHNB,ghnb,48.60_-124.40,48.6,-124.4,48.65,-124.3,36.81,1,49.306,-124.236,1701,0.1478,68
GHNB,ghnb,48.80_-123.60,48.8,-123.6,48.85,-123.6,27.31,2,49.306,-124.236,1733,0.2542,68
GHNB,ghnb,48.80_-123.80,48.8,-123.8,48.8,-123.825,34.77,2,49.306,-124.236,1543,0.144,68
GHNB,ghnb,48.80_-124.00,48.8,-124.0,48.75,-123.95,25.74,5,49.306,-124.236,1734,0.1472,68
GHNB,ghnb,48.80_-124.40,48.8,-124.4,48.8,-124.4,34.46,3,49.306,-124.236,1732,0.1287,68
GHNB,ghnb,48.80_-124.80,48.8,-124.8,48.9,-124.85,36.41,1,49.306,-124.236,1700,0.1941,68
GHNB,ghnb,49.00_-124.00,49.0,-124.0,49.0,-124.05,22.91,1,49.306,-124.236,1730,0.2372,68
GHNB,ghnb,49.00_-124.40,49.0,-124.4,49.05,-124.45,27.49,3,49.306,-124.236,1729,0.1642,68
GHNB,ghnb,49.00_-124.60,49.0,-124.6,48.95,-124.55,41.17,1,49.306,-124.236,1597,0.2799,68
GHNB,ghnb,49.00_-124.80,49.0,-124.8,49.0,-124.8,27.86,5,49.306,-124.236,1722,0.1662,68
GHNB,ghnb,49.00_-125.00,49.0,-125.0,49.05,-125.05,37.69,3,49.306,-124.236,1731,0.1444,68
GHNB,ghnb,49.20_-124.80,49.2,-124.8,49.2,-124.85,35.22,3,49.306,-124.236,1734,0.1083,68
GHNB,ghnb,49.20_-125.00,49.2,-125.0,49.225,-125.0,25.91,4,49.306,-124.236,1695,0.2097,68
GHNB,ghnb,49.20_-125.20,49.2,-125.2,49.2,-125.2,42.13,1,49.306,-124.236,1715,0.1443,68
GHNB,ghnb,49.40_-125.20,49.4,-125.2,49.4,-125.2,14.28,1,49.306,-124.236,825,0.4136,68
GROV,grov,44.60_-123.40,44.6,-123.4,44.65,-123.45,18.57,1,45.538,-123.157,2099,0.1071,69
GROV,grov,44.80_-123.60,44.8,-123.6,44.9,-123.6,26.48,1,45.538,-123.157,2068,0.1456,69
GROV,grov,45.20_-123.20,45.2,-123.2,45.225,-123.175,26.05,2,45.538,-123.157,2014,0.1893,69
GROV,grov,45.20_-123.40,45.2,-123.4,45.2,-123.45,41.8,1,45.538,-123.157,1890,0.1749,69
GROV,grov,45.40_-123.00,45.4,-123.0,45.35,-123.1,22.5,1,45.538,-123.157,596,0.4305,69
GROV,grov,45.40_-123.40,45.4,-123.4,45.35,-123.45,23.39,1,45.538,-123.157,1545,0.199,69
GROV,grov,45.60_-123.40,45.6,-123.4,45.55,-123.45,38.17,3,45.538,-123.157,2031,0.2252,69
GROV,grov,45.60_-123.60,45.6,-123.6,45.7,-123.5,29.65,1,45.538,-123.157,246,0.2665,69
GROV,grov,45.80_-123.20,45.8,-123.2,45.9,-123.225,38.23,4,45.538,-123.157,2092,0.1401,69
GROV,grov,45.80_-123.40,45.8,-123.4,45.9,-123.35,34.03,3,45.538,-123.157,2109,0.105,69
GROV,grov,46.00_-123.20,46.0,-123.2,46.0,-123.25,36.13,2,45.538,-123.157,2109,0.1075,69
GROV,grov,46.40_-123.20,46.4,-123.2,46.4,-123.225,21.47,2,45.538,-123.157,1448,0.1383,69
GRPK,grpk,40.20_-122.80,40.2,-122.8,40.3,-122.7,33.5,1,41.122,-121.994,681,0.1774,70
GRPK,grpk,40.40_-122.60,40.4,-122.6,40.5,-122.6,19.19,1,41.122,-121.994,699,0.1067,70
GRPK,grpk,40.40_-122.80,40.4,-122.8,40.4,-122.7,30.09,1,41.122,-121.994,261,0.146,70
GRPK,grpk,40.60_-122.60,40.6,-122.6,40.65,-122.65,21.74,4,41.122,-121.994,364,0.3202,70
GRPK,grpk,40.60_-122.80,40.6,-122.8,40.6,-122.7,18.41,7,41.122,-121.994,604,0.2105,70
GRPK,grpk,40.80_-122.60,40.8,-122.6,40.7,-122.6,20.33,1,41.122,-121.994,653,0.2021,70
GRPK,grpk,40.80_-122.80,40.8,-122.8,40.8,-122.775,17.91,4,41.122,-121.994,527,0.175,70
GRPK,grpk,40.80_-123.00,40.8,-123.0,40.875,-123.075,37.6,4,41.122,-121.994,744,0.1502,70
GRPK,grpk,41.00_-122.80,41.0,-122.8,41.0,-122.8,18.75,3,41.122,-121.994,586,0.2732,70
GRPK,grpk,41.00_-123.00,41.0,-123.0,41.05,-123.1,39.81,3,41.122,-121.994,734,0.2091,70
GRPK,grpk,41.00_-123.20,41.0,-123.2,41.05,-123.2,33.88,3,41.122,-121.994,249,0.2593,70
GRPK,grpk,41.20_-122.80,41.2,-122.8,41.15,-122.9,21.17,2,41.122,-121.994,263,0.2756,70
GRPK,grpk,41.20_-123.00,41.2,-123.0,41.15,-123.025,21.15,14,41.122,-121.994,801,0.1894,70
GRPK,grpk,41.40_-122.80,41.4,-122.8,41.4,-122.75,16.79,1,41.122,-121.994,455,0.2413,70
GRPK,grpk,41.40_-123.00,41.4,-123.0,41.375,-123.075,33.15,4,41.122,-121.994,798,0.162,70
GRPK,grpk,41.40_-123.20,41.4,-123.2,41.35,-123.3,39.0,1,41.122,-121.994,198,1.0069,70
GRPK,grpk,41.60_-123.00,41.6,-123.0,41.6,-123.05,29.22,1,41.122,-121.994,281,0.2127,70
GRPK,grpk,41.60_-123.20,41.6,-123.2,41.55,-123.2,32.75,2,41.122,-121.994,492,0.2056,70
GTWY,gtwy,46.40_-123.20,46.4,-123.2,46.5,-123.15,48.58,1,46.74,-121.917,2077,0.0247,71
GTWY,gtwy,46.80_-122.80,46.8,-122.8,46.8,-122.8,33.95,1,46.74,-121.917,2077,0.0255,71
GTWY,gtwy,46.80_-123.00,46.8,-123.0,46.9,-122.95,46.53,1,46.74,-121.917,2077,0.0213,71
GTWY,gtwy,47.00_-122.60,47.0,-122.6,47.0,-122.55,49.11,1,46.74,-121.917,2075,0.0292,71
GTWY,gtwy,47.00_-122.80,47.0,-122.8,47.0,-122.7,45.29,1,46.74,-121.917,2077,0.0346,71
GTWY,gtwy,47.00_-123.00,47.0,-123.0,47.05,-123.0,41.26,1,46.74,-121.917,2077,0.0296,71
GTWY,gtwy,47.20_-122.60,47.2,-122.6,47.275,-122.55,45.26,4,46.74,-121.917,2077,0.0248,71
GTWY,gtwy,47.20_-122.80,47.2,-122.8,47.15,-122.75,49.13,2,46.74,-121.917,2077,0.0547,71
GTWY,gtwy,47.20_-123.00,47.2,-123.0,47.175,-123.05,43.28,2,46.74,-121.917,2059,0.1169,71
GTWY,gtwy,47.40_-122.60,47.4,-122.6,47.4,-122.65,29.95,2,46.74,-121.917,2077,0.0268,71
GTWY,gtwy,47.40_-122.80,47.4,-122.8,47.4,-122.75,27.47,1,46.74,-121.917,2077,0.0226,71
GTWY,gtwy,47.40_-123.00,47.4,-123.0,47.425,-122.95,18.85,2,46.74,-121.917,2077,0.0178,71
GTWY,gtwy,47.60_-122.80,47.6,-122.8,47.6,-122.75,19.66,2,46.74,-121.917,2077,0.0449,71
GTWY,gtwy,47.60_-123.00,47.6,-123.0,47.5,-123.0,16.52,1,46.74,-121.917,1272,0.0376,71
GTWY,gtwy,47.60_-123.20,47.6,-123.2,47.6,-123.15,47.19,1,46.74,-121.917,2077,0.0367,71
GUEM,guem,47.60_-122.80,47.6,-122.8,47.7,-122.875,39.36,2,48.547,-122.63,1459,0.0748,72
GUEM,guem,47.60_-123.40,47.6,-123.4,47.7,-123.4,38.07,1,48.547,-122.63,1242,0.0687,72
GUEM,guem,47.80_-122.60,47.8,-122.6,47.75,-122.65,12.92,1,48.547,-122.63,1627,0.1841,72
GUEM,guem,47.80_-122.80,47.8,-122.8,47.8,-122.7,27.83,1,48.547,-122.63,1628,0.1463,72
GUEM,guem,47.80_-123.00,47.8,-123.0,47.825,-123.075,44.83,2,48.547,-122.63,1640,0.0869,72
GUEM,guem,47.80_-123.20,47.8,-123.2,47.85,-123.25,41.69,5,48.547,-122.63,1629,0.1023,72
GUEM,guem,48.00_-122.80,48.0,-122.8,48.0,-122.85,18.0,3,48.547,-122.63,1904,0.1054,72
GUEM,guem,48.00_-123.20,48.0,-123.2,47.975,-123.175,41.73,2,48.547,-122.63,1627,0.1318,72
GUEM,guem,48.00_-123.40,48.0,-123.4,48.1,-123.45,36.94,3,48.547,-122.63,1634,0.1288,72
GUEM,guem,48.00_-123.60,48.0,-123.6,48.05,-123.55,44.59,1,48.547,-122.63,1626,0.1102,72
GUEM,guem,48.20_-122.80,48.2,-122.8,48.225,-122.875,23.7,2,48.547,-122.63,1627,0.1496,72
GUEM,guem,48.20_-123.00,48.2,-123.0,48.2,-123.1,21.08,1,48.547,-122.63,1627,0.0879,72
GUEM,guem,48.20_-123.20,48.2,-123.2,48.3,-123.15,18.0,1,48.547,-122.63,483,0.3087,72
GUEM,guem,48.20_-123.40,48.2,-123.4,48.25,-123.425,35.06,2,48.547,-122.63,1627,0.0875,72
GUEM,guem,48.20_-123.60,48.2,-123.6,48.3,-123.6,31.35,5,48.547,-122.63,1881,0.0559,72
GUEM,guem,48.20_-123.80,48.2,-123.8,48.25,-123.85,35.4,1,48.547,-122.63,1647,0.0455,72
GUEM,guem,48.40_-122.80,48.4,-122.8,48.375,-122.8,34.44,2,48.547,-122.63,1650,0.0634,72
GUEM,guem,48.40_-123.00,48.4,-123.0,48.35,-123.1,44.72,4,48.547,-122.63,1632,0.0732,72
GUEM,guem,48.40_-123.40,48.4,-123.4,48.45,-123.35,35.62,1,48.547,-122.63,1727,0.0803,72
GUEM,guem,48.40_-123.60,48.4,-123.6,48.35,-123.55,16.49,1,48.547,-122.63,1628,0.1047,72
GUEM,guem,48.40_-123.80,48.4,-123.8,48.4,-123.75,19.6,5,48.547,-122.63,1905,0.0783,72
GUEM,guem,48.40_-124.00,48.4,-124.0,48.45,-123.9,47.03,1,48.547,-122.63,1626,0.1678,72
GUEM,guem,48.60_-123.20,48.6,-123.2,48.6,-123.3,44.37,1,48.547,-122.63,1624,0.0911,72
GUEM,guem,48.60_-123.40,48.6,-123.4,48.55,-123.35,42.15,1,48.547,-122.63,1621,0.0422,72
GUEM,guem,48.60_-123.60,48.6,-123.6,48.55,-123.65,39.06,2,48.547,-122.63,1627,0.1631,72
GUEM,guem,48.80_-123.60,48.8,-123.6,48.85,-123.7,41.41,3,48.547,-122.63,1627,0.1296,72
GUEM,guem,48.80_-123.80,48.8,-123.8,48.9,-123.775,41.2,6,48.547,-122.63,1648,0.0824,72
GUEM,guem,48.80_-124.00,48.8,-124.0,48.9,-123.9,26.54,1,48.547,-122.63,39,0.0724,72
GUEM,guem,49.00_-123.80,49.0,-123.8,48.95,-123.85,48.26,4,48.547,-122.63,1904,0.0607,72
GUEM,guem,49.00_-124.00,49.0,-124.0,48.95,-123.925,43.75,2,48.547,-122.63,1647,0.0709,72
GUMB,gumb,40.40_-122.40,40.4,-122.4,40.45,-122.4,17.73,1,41.213,-122.509,210,0.486,73
GUMB,gumb,40.40_-122.60,40.4,-122.6,40.35,-122.6,15.63,1,41.213,-122.509,203,0.3081,73
GUMB,gumb,40.40_-122.80,40.4,-122.8,40.35,-122.85,17.49,1,41.213,-122.509,101,0.5178,73
GUMB,gumb,40.60_-123.00,40.6,-123.0,40.65,-122.975,16.06,2,41.213,-122.509,521,0.404,73
GUMB,gumb,40.80_-122.80,40.8,-122.8,40.85,-122.85,23.61,1,41.213,-122.509,133,0.252,73
GUMB,gumb,40.80_-123.00,40.8,-123.0,40.9,-123.05,36.65,7,41.213,-122.509,819,0.3229,73
GUMB,gumb,41.00_-122.80,41.0,-122.8,41.0,-122.75,17.39,3,41.213,-122.509,767,0.2634,73
GUMB,gumb,41.00_-123.00,41.0,-123.0,41.0,-122.95,22.33,3,41.213,-122.509,205,0.1959,73
GUMB,gumb,41.20_-123.00,41.2,-123.0,41.2,-123.0,22.47,11,41.213,-122.509,845,0.3154,73
GUMB,gumb,41.20_-123.20,41.2,-123.2,41.2,-123.2,35.42,2,41.213,-122.509,236,0.2638,73
GUMB,gumb,41.40_-123.00,41.4,-123.0,41.375,-123.025,29.91,2,41.213,-122.509,446,0.2971,73
GUMB,gumb,41.40_-123.20,41.4,-123.2,41.4,-123.25,34.9,1,41.213,-122.509,173,0.3918,73
GUMB,gumb,41.60_-123.00,41.6,-123.0,41.6,-123.05,27.77,5,41.213,-122.509,418,0.2458,73
GUMB,gumb,41.60_-123.20,41.6,-123.2,41.6,-123.3,35.43,4,41.213,-122.509,595,0.3309,73
GUMB,gumb,41.60_-123.40,41.6,-123.4,41.6,-123.4,38.68,6,41.213,-122.509,689,0.3227,73
GUMB,gumb,41.80_-123.40,41.8,-123.4,41.75,-123.4,39.26,1,41.213,-122.509,265,0.3316,73
HANS,hans,47.20_-122.80,47.2,-122.8,47.15,-122.9,41.78,1,47.907,-122.569,1873,0.1259,74
HANS,hans,47.40_-122.80,47.4,-122.8,47.45,-122.9,12.65,1,47.907,-122.569,1873,0.1164,74
HANS,hans,47.40_-123.00,47.4,-123.0,47.35,-123.05,45.49,1,47.907,-122.569,1873,0.1259,74
HANS,hans,47.60_-122.60,47.6,-122.6,47.6,-122.6,18.56,1,47.907,-122.569,1873,0.1541,74
HANS,hans,47.60_-123.00,47.6,-123.0,47.55,-123.0,44.17,5,47.907,-122.569,1873,0.1155,74
HANS,hans,47.60_-123.20,47.6,-123.2,47.6,-123.2,44.72,3,47.907,-122.569,1873,0.1661,74
HANS,hans,47.60_-123.40,47.6,-123.4,47.6,-123.4,39.55,1,47.907,-122.569,1873,0.126,74
HANS,hans,47.80_-123.00,47.8,-123.0,47.85,-123.05,47.67,7,47.907,-122.569,1873,0.116,74
HANS,hans,47.80_-123.20,47.8,-123.2,47.9,-123.225,42.12,10,47.907,-122.569,1873,0.0905,74
HANS,hans,47.80_-123.40,47.8,-123.4,47.85,-123.35,41.09,4,47.907,-122.569,1873,0.1262,74
HANS,hans,48.00_-122.80,48.0,-122.8,48.0,-122.85,17.99,4,47.907,-122.569,1873,0.1274,74
HANS,hans,48.00_-123.00,48.0,-123.0,48.05,-123.0,45.68,7,47.907,-122.569,1873,0.0835,74
HANS,hans,48.00_-123.20,48.0,-123.2,48.0,-123.25,40.84,1,47.907,-122.569,1873,0.1302,74
HANS,hans,48.00_-123.40,48.0,-123.4,48.05,-123.4,38.29,1,47.907,-122.569,1873,0.2001,74
HANS,hans,48.00_-123.60,48.0,-123.6,48.0,-123.5,49.13,1,47.907,-122.569,1873,0.1356,74
HANS,hans,48.20_-122.80,48.2,-122.8,48.2,-122.85,26.67,3,47.907,-122.569,1873,0.1372,74
HANS,hans,48.20_-123.00,48.2,-123.0,48.2,-123.0,22.43,5,47.907,-122.569,1873,0.1075,74
HANS,hans,48.20_-123.40,48.2,-123.4,48.225,-123.425,42.73,2,47.907,-122.569,1873,0.1249,74
HANS,hans,48.20_-123.60,48.2,-123.6,48.175,-123.65,38.18,4,47.907,-122.569,1839,0.1394,74
HANS,hans,48.20_-123.80,48.2,-123.8,48.15,-123.8,33.51,1,47.907,-122.569,1868,0.1592,74
HANS,hans,48.20_-124.00,48.2,-124.0,48.3,-123.9,39.53,1,47.907,-122.569,1372,0.1595,74
HANS,hans,48.40_-122.80,48.4,-122.8,48.4,-122.85,54.79,6,47.907,-122.569,1873,0.1295,74
HANS,hans,48.40_-123.00,48.4,-123.0,48.35,-123.1,44.72,1,47.907,-122.569,1873,0.0828,74
HANS,hans,48.40_-123.60,48.4,-123.6,48.4,-123.625,20.89,6,47.907,-122.569,1873,0.1022,74
HANS,hans,48.40_-123.80,48.4,-123.8,48.4,-123.75,19.6,5,47.907,-122.569,1873,0.0846,74
HANS,hans,48.40_-124.00,48.4,-124.0,48.5,-123.9,35.62,2,47.907,-122.569,1858,0.1234,74
HANS,hans,48.60_-123.20,48.6,-123.2,48.65,-123.15,15.1,1,47.907,-122.569,518,0.3407,74
HANS,hans,48.60_-123.60,48.6,-123.6,48.55,-123.55,15.1,1,47.907,-122.569,1873,0.0955,74
HANS,hans,48.60_-123.80,48.6,-123.8,48.6,-123.75,24.88,2,47.907,-122.569,1873,0.1211,74
HANS,hans,48.60_-124.00,48.6,-124.0,48.6,-123.9,31.39,1,47.907,-122.569,1857,0.1408,74
HANS,hans,48.80_-123.60,48.8,-123.6,48.775,-123.6,18.36,2,47.907,-122.569,1873,0.1208,74
HANS,hans,48.80_-123.80,48.8,-123.8,48.725,-123.8,22.08,4,47.907,-122.569,1873,0.1008,74
HANS,hans,48.80_-124.00,48.8,-124.0,48.75,-123.9,36.21,1,47.907,-122.569,1873,0.1628,74
HAYF,hayf,40.20_-122.40,40.2,-122.4,40.175,-122.375,24.67,2,40.523,-123.232,1966,0.15,75
HAYF,hayf,40.20_-122.60,40.2,-122.6,40.25,-122.55,21.36,3,40.523,-123.232,2347,0.091,75
HAYF,hayf,40.20_-122.80,40.2,-122.8,40.15,-122.7,16.35,1,40.523,-123.232,2347,0.2394,75
HAYF,hayf,40.40_-122.40,40.4,-122.4,40.45,-122.5,42.55,3,40.523,-123.232,2347,0.1013,75
HAYF,hayf,40.40_-122.60,40.4,-122.6,40.475,-122.6,19.91,6,40.523,-123.232,2347,0.0834,75
HAYF,hayf,40.40_-122.80,40.4,-122.8,40.5,-122.725,36.61,4,40.523,-123.232,2347,0.0594,75
HAYF,hayf,40.60_-122.40,40.6,-122.4,40.55,-122.475,20.81,2,40.523,-123.232,2347,0.1212,75
HAYF,hayf,40.60_-122.60,40.6,-122.6,40.65,-122.625,21.74,8,40.523,-123.232,2348,0.0875,75
HAYF,hayf,40.60_-122.80,40.6,-122.8,40.65,-122.9,20.31,1,40.523,-123.232,2334,0.0876,75
HAYF,hayf,40.80_-122.60,40.8,-122.6,40.75,-122.65,21.03,5,40.523,-123.232,2347,0.0594,75
HAYF,hayf,40.80_-122.80,40.8,-122.8,40.85,-122.75,16.67,23,40.523,-123.232,2347,0.0581,75
HAYF,hayf,40.80_-123.00,40.8,-123.0,40.9,-123.0,36.65,7,40.523,-123.232,2347,0.1454,75
HAYF,hayf,40.80_-123.20,40.8,-123.2,40.875,-123.175,33.04,2,40.523,-123.232,2347,0.1302,75
HAYF,hayf,41.00_-122.80,41.0,-122.8,40.975,-122.9,21.35,10,40.523,-123.232,2347,0.1066,75
HAYF,hayf,41.00_-123.00,41.0,-123.0,41.0,-123.075,35.41,4,40.523,-123.232,2347,0.1402,75
HAYF,hayf,41.00_-123.20,41.0,-123.2,41.05,-123.2,33.88,3,40.523,-123.232,2347,0.1396,75
HAYF,hayf,41.00_-123.40,41.0,-123.4,40.95,-123.4,24.74,1,40.523,-123.232,2347,0.0981,75
HAYF,hayf,41.20_-122.60,41.2,-122.6,41.25,-122.65,15.03,1,40.523,-123.232,2347,0.1257,75
HAYF,hayf,41.20_-122.80,41.2,-122.8,41.2,-122.875,20.55,8,40.523,-123.232,2347,0.0631,75
HAYF,hayf,41.20_-123.00,41.2,-123.0,41.2,-123.05,21.15,18,40.523,-123.232,2347,0.0768,75
HAYF,hayf,41.20_-123.20,41.2,-123.2,41.225,-123.15,36.53,6,40.523,-123.232,2347,0.1136,75
HAYF,hayf,41.40_-122.80,41.4,-122.8,41.35,-122.8,18.41,1,40.523,-123.232,2347,0.2101,75
HAYF,hayf,41.40_-123.00,41.4,-123.0,41.35,-123.0,27.74,6,40.523,-123.232,2348,0.0947,75
HAYF,hayf,41.40_-123.20,41.4,-123.2,41.375,-123.275,36.95,2,40.523,-123.232,2347,0.0813,75
HBUG,hbug,41.80_-123.20,41.8,-123.2,41.825,-123.175,29.87,6,42.641,-124.379,2188,0.133,76
HBUG,hbug,41.80_-123.40,41.8,-123.4,41.775,-123.425,40.23,2,42.641,-124.379,2188,0.1093,76
HBUG,hbug,42.00_-123.20,42.0,-123.2,42.1,-123.25,34.9,3,42.641,-124.379,2188,0.0925,76
HBUG,hbug,42.00_-123.40,42.0,-123.4,42.05,-123.4,41.6,1,42.641,-124.379,2179,0.0935,76
HBUG,hbug,42.20_-123.00,42.2,-123.0,42.15,-123.1,27.91,1,42.641,-124.379,2188,0.1486,76
HBUG,hbug,42.20_-123.20,42.2,-123.2,42.25,-123.3,37.48,9,42.641,-124.379,2188,0.1033,76
HBUG,hbug,42.20_-123.40,42.2,-123.4,42.25,-123.4,41.59,8,42.641,-124.379,2188,0.1119,76
HBUG,hbug,42.20_-123.60,42.2,-123.6,42.2,-123.55,45.95,3,42.641,-124.379,2188,0.1235,76
HBUG,hbug,42.40_-123.00,42.4,-123.0,42.35,-123.1,29.02,1,42.641,-124.379,2186,0.1421,76
HBUG,hbug,42.40_-123.20,42.4,-123.2,42.4,-123.25,32.84,5,42.641,-124.379,2188,0.1163,76
HBUG,hbug,42.40_-123.40,42.4,-123.4,42.45,-123.4,33.6,9,42.641,-124.379,2188,0.1018,76
HBUG,hbug,42.40_-123.60,42.4,-123.6,42.45,-123.55,37.89,17,42.641,-124.379,2188,0.1029,76
HBUG,hbug,42.40_-123.80,42.4,-123.8,42.35,-123.8,30.24,1,42.641,-124.379,398,0.317,76
HBUG,hbug,42.60_-123.20,42.6,-123.2,42.625,-123.3,27.06,2,42.641,-124.379,2188,0.1292,76
HBUG,hbug,42.60_-123.40,42.6,-123.4,42.6,-123.45,28.9,7,42.641,-124.379,2188,0.1204,76
HBUG,hbug,42.60_-123.60,42.6,-123.6,42.6,-123.55,31.41,5,42.641,-124.379,2188,0.1434,76
HBUG,hbug,42.80_-123.40,42.8,-123.4,42.775,-123.425,33.55,6,42.641,-124.379,2188,0.1093,76
HBUG,hbug,42.80_-123.60,42.8,-123.6,42.8,-123.55,30.01,7,42.641,-124.379,2188,0.1163,76
HBUG,hbug,43.00_-123.60,43.0,-123.6,43.025,-123.625,29.7,4,42.641,-124.379,2188,0.1007,76
HBUG,hbug,43.00_-123.80,43.0,-123.8,43.0,-123.75,27.81,1,42.641,-124.379,2188,0.1748,76
HBUG,hbug,43.20_-123.40,43.2,-123.4,43.1,-123.45,36.07,3,42.641,-124.379,2188,0.1015,76
HBUG,hbug,43.20_-123.60,43.2,-123.6,43.125,-123.525,32.93,4,42.641,-124.379,2188,0.0979,76
HBUG,hbug,43.40_-123.40,43.4,-123.4,43.4,-123.45,33.81,1,42.641,-124.379,2188,0.1623,76
HBUG,hbug,43.40_-123.60,43.4,-123.6,43.425,-123.6,31.05,2,42.641,-124.379,2189,0.1294,76
HBUG,hbug,43.40_-123.80,43.4,-123.8,43.4,-123.8,30.62,1,42.641,-124.379,2188,0.1572,76
HBUG,hbug,43.60_-123.80,43.6,-123.8,43.5,-123.75,31.2,1,42.641,-124.379,2188,0.1184,76
HEBO,hebo,44.40_-123.60,44.4,-123.6,44.45,-123.55,27.65,3,45.214,-123.755,225,0.4818,77
HEBO,hebo,44.80_-123.60,44.8,-123.6,44.9,-123.65,26.04,1,45.214,-123.755,218,0.3801,77
HEBO,hebo,45.00_-123.20,45.0,-123.2,45.05,-123.3,22.48,1,45.214,-123.755,224,0.6841,77
HEBO,hebo,45.00_-123.60,45.0,-123.6,44.95,-123.6,26.01,1,45.214,-123.755,229,0.6343,77
HEBO,hebo,45.40_-123.20,45.4,-123.2,45.45,-123.3,18.88,1,45.214,-123.755,59,0.445,77
HEBO,hebo,45.60_-123.00,45.6,-123.0,45.55,-123.0,47.31,1,45.214,-123.755,13,1.1349,77
HEBO,hebo,45.60_-123.40,45.6,-123.4,45.6,-123.4,38.95,1,45.214,-123.755,12,0.3932,77
HEBO,hebo,45.80_-123.00,45.8,-123.0,45.8,-122.95,21.54,1,45.214,-123.755,177,0.2944,77
HEBO,hebo,45.80_-123.20,45.8,-123.2,45.9,-123.2,33.55,1,45.214,-123.755,16,0.9483,77
HILL,hill,47.60_-122.60,47.6,-122.6,47.7,-122.625,21.05,2,48.388,-122.447,2133,0.056,78
HILL,hill,47.60_-122.80,47.6,-122.8,47.675,-122.8,28.28,4,48.388,-122.447,2133,0.0845,78
HILL,hill,47.60_-123.40,47.6,-123.4,47.7,-123.35,40.57,1,48.388,-122.447,2131,0.0536,78
HILL,hill,47.80_-123.20,47.8,-123.2,47.75,-123.25,44.89,1,48.388,-122.447,1511,0.0947,78
HILL,hill,47.80_-123.40,47.8,-123.4,47.85,-123.4,42.49,1,48.388,-122.447,2037,0.137,78
HILL,hill,47.80_-123.60,47.8,-123.6,47.9,-123.5,37.73,1,48.388,-122.447,2129,0.0789,78
HILL,hill,48.00_-123.00,48.0,-123.0,48.1,-122.95,46.83,3,48.388,-122.447,2133,0.0507,78
HILL,hill,48.00_-123.20,48.0,-123.2,48.0,-123.25,40.84,1,48.388,-122.447,2133,0.086,78
HILL,hill,48.00_-123.40,48.0,-123.4,48.1,-123.45,36.94,1,48.388,-122.447,2133,0.0727,78
HILL,hill,48.00_-123.60,48.0,-123.6,48.025,-123.55,44.51,2,48.388,-122.447,2133,0.0549,78
HILL,hill,48.20_-122.80,48.2,-122.8,48.2,-122.9,26.67,1,48.388,-122.447,2122,0.074,78
HILL,hill,48.20_-123.00,48.2,-123.0,48.225,-123.0,46.22,6,48.388,-122.447,2133,0.0716,78
HILL,hill,48.20_-123.20,48.2,-123.2,48.3,-123.15,18.0,4,48.388,-122.447,2133,0.0728,78
HILL,hill,48.20_-123.40,48.2,-123.4,48.225,-123.4,31.6,2,48.388,-122.447,2133,0.0669,78
HILL,hill,48.20_-123.60,48.2,-123.6,48.275,-123.625,31.9,10,48.388,-122.447,2133,0.048,78
HILL,hill,48.20_-123.80,48.2,-123.8,48.3,-123.75,31.17,1,48.388,-122.447,2105,0.1496,78
HILL,hill,48.40_-122.80,48.4,-122.8,48.4,-122.825,38.34,2,48.388,-122.447,2133,0.0695,78
HILL,hill,48.40_-123.00,48.4,-123.0,48.375,-123.1,40.29,2,48.388,-122.447,2133,0.0527,78
HILL,hill,48.40_-123.20,48.4,-123.2,48.5,-123.15,31.57,1,48.388,-122.447,2133,0.0627,78
HILL,hill,48.60_-123.20,48.6,-123.2,48.65,-123.25,54.81,1,48.388,-122.447,2133,0.0636,78
HILL,hill,48.60_-123.40,48.6,-123.4,48.6,-123.35,48.51,1,48.388,-122.447,2133,0.0853,78
HILL,hill,48.60_-123.60,48.6,-123.6,48.6,-123.625,26.99,8,48.388,-122.447,2133,0.0599,78
HILL,hill,48.60_-123.80,48.6,-123.8,48.625,-123.75,27.77,2,48.388,-122.447,2133,0.0703,78
HILL,hill,48.80_-123.60,48.8,-123.6,48.8,-123.65,18.89,10,48.388,-122.447,2133,0.0673,78
HILL,hill,48.80_-123.80,48.8,-123.8,48.9,-123.75,41.2,1,48.388,-122.447,1356,0.1135,78
HOQUI,hoqui,46.20_-123.00,46.2,-123.0,46.2,-123.1,18.31,1,47.081,-123.957,1392,0.5554,79
HOQUI,hoqui,46.40_-123.20,46.4,-123.2,46.425,-123.3,21.95,2,47.081,-123.957,1526,0.448,79
HOQUI,hoqui,46.80_-123.00,46.8,-123.0,46.8,-123.0,32.07,1,47.081,-123.957,1483,0.297,79
HOQUI,hoqui,46.80_-123.20,46.8,-123.2,46.85,-123.15,32.82,1,47.081,-123.957,1551,0.4992,79
HOQUI,hoqui,47.00_-122.60,47.0,-122.6,46.95,-122.65,51.28,1,47.081,-123.957,1531,0.4021,79
HOQUI,hoqui,47.00_-122.80,47.0,-122.8,46.95,-122.75,43.85,1,47.081,-123.957,1512,0.4136,79
HOQUI,hoqui,47.20_-122.80,47.2,-122.8,47.3,-122.85,31.79,3,47.081,-123.957,1608,0.27,79
HOQUI,hoqui,47.20_-123.00,47.2,-123.0,47.3,-123.1,46.14,3,47.081,-123.957,1536,0.2945,79
HOQUI,hoqui,47.40_-122.80,47.4,-122.8,47.45,-122.9,12.65,1,47.081,-123.957,1426,0.5713,79
HOQUI,hoqui,47.40_-123.00,47.4,-123.0,47.45,-123.0,27.51,4,47.081,-123.957,1640,0.2245,79
HOQUI,hoqui,47.40_-123.40,47.4,-123.4,47.35,-123.35,38.89,1,47.081,-123.957,1300,0.6467,79
HOQUI,hoqui,47.60_-122.60,47.6,-122.6,47.65,-122.65,22.49,2,47.081,-123.957,1435,0.3431,79
HOQUI,hoqui,47.60_-122.80,47.6,-122.8,47.65,-122.8,30.77,17,47.081,-123.957,1642,0.2184,79
HOQUI,hoqui,47.60_-123.00,47.6,-123.0,47.65,-123.05,44.53,9,47.081,-123.957,1634,0.1602,79
HOQUI,hoqui,47.60_-123.20,47.6,-123.2,47.6,-123.3,45.42,5,47.081,-123.957,1639,0.2081,79
HOQUI,hoqui,47.60_-123.40,47.6,-123.4,47.55,-123.375,41.37,2,47.081,-123.957,1422,0.4177,79
HOQUI,hoqui,47.80_-122.80,47.8,-122.8,47.8,-122.85,26.32,7,47.081,-123.957,1576,0.2314,79
HOQUI,hoqui,47.80_-123.00,47.8,-123.0,47.9,-123.0,48.77,9,47.081,-123.957,1609,0.2357,79
HOQUI,hoqui,47.80_-123.20,47.8,-123.2,47.85,-123.2,41.17,13,47.081,-123.957,1596,0.1855,79
HOQUI,hoqui,47.80_-123.40,47.8,-123.4,47.75,-123.35,42.04,1,47.081,-123.957,1435,0.2277,79
HOQUI,hoqui,47.80_-123.60,47.8,-123.6,47.85,-123.55,35.05,1,47.081,-123.957,1582,0.3788,79
HOQUI,hoqui,48.00_-122.80,48.0,-122.8,47.95,-122.8,49.98,2,47.081,-123.957,1563,0.5061,79
HOQUI,hoqui,48.00_-123.00,48.0,-123.0,47.95,-123.0,48.66,3,47.081,-123.957,1545,0.2669,79
HOQUI,hoqui,48.00_-123.20,48.0,-123.2,47.95,-123.2,40.17,1,47.081,-123.957,1171,0.5852,79
IRYS,irys,43.00_-123.20,43.0,-123.2,43.0,-123.25,41.68,1,43.886,-123.257,2276,0.1611,80
IRYS,irys,43.00_-123.60,43.0,-123.6,43.05,-123.55,31.78,3,43.886,-123.257,2290,0.109,80
IRYS,irys,43.20_-123.40,43.2,-123.4,43.25,-123.45,36.36,5,43.886,-123.257,2279,0.157,80
IRYS,irys,43.20_-123.60,43.2,-123.6,43.2,-123.5,34.07,11,43.886,-123.257,2299,0.1125,80
IRYS,irys,43.20_-123.80,43.2,-123.8,43.25,-123.85,29.58,2,43.886,-123.257,2301,0.1389,80
IRYS,irys,43.40_-123.40,43.4,-123.4,43.4,-123.425,35.16,2,43.886,-123.257,2301,0.1611,80
IRYS,irys,43.40_-123.60,43.4,-123.6,43.375,-123.675,30.35,2,43.886,-123.257,2261,0.1751,80
IRYS,irys,43.40_-124.00,43.4,-124.0,43.35,-123.9,30.44,1,43.886,-123.257,2202,0.1773,80
IRYS,irys,43.60_-123.20,43.6,-123.2,43.55,-123.3,34.31,1,43.886,-123.257,1847,0.1495,80
IRYS,irys,43.60_-123.40,43.6,-123.4,43.625,-123.375,26.71,4,43.886,-123.257,2272,0.1456,80
IRYS,irys,43.60_-123.60,43.6,-123.6,43.55,-123.55,27.33,10,43.886,-123.257,2303,0.1132,80
IRYS,irys,43.80_-123.40,43.8,-123.4,43.75,-123.425,23.02,2,43.886,-123.257,2298,0.1654,80
IRYS,irys,43.80_-123.60,43.8,-123.6,43.775,-123.6,28.93,2,43.886,-123.257,2280,0.2031,80
IRYS,irys,44.20_-123.60,44.2,-123.6,44.15,-123.6,31.44,1,43.886,-123.257,2301,0.1778,80
IRYS,irys,44.80_-123.40,44.8,-123.4,44.75,-123.45,35.84,1,43.886,-123.257,2302,0.1195,80
IRYS,irys,44.80_-123.60,44.8,-123.6,44.75,-123.5,34.63,1,43.886,-123.257,280,0.3907,80
JEDS,jeds,42.80_-123.20,42.8,-123.2,42.9,-123.225,37.54,2,43.752,-124.049,980,0.1496,81
JEDS,jeds,42.80_-123.40,42.8,-123.4,42.9,-123.45,34.29,3,43.752,-124.049,980,0.1408,81
JEDS,jeds,42.80_-123.60,42.8,-123.6,42.9,-123.6,29.6,6,43.752,-124.049,980,0.1246,81
JEDS,jeds,42.80_-123.80,42.8,-123.8,42.9,-123.8,26.97,3,43.752,-124.049,980,0.0903,81
JEDS,jeds,43.00_-123.20,43.0,-123.2,43.05,-123.225,42.35,4,43.752,-124.049,980,0.1062,81
JEDS,jeds,43.00_-123.40,43.0,-123.4,43.0,-123.425,35.73,4,43.752,-124.049,980,0.1591,81
JEDS,jeds,43.00_-123.60,43.0,-123.6,43.0,-123.55,31.19,9,43.752,-124.049,980,0.0966,81
JEDS,jeds,43.00_-123.80,43.0,-123.8,42.95,-123.8,27.64,3,43.752,-124.049,980,0.0866,81
JEDS,jeds,43.20_-123.20,43.2,-123.2,43.125,-123.25,42.42,2,43.752,-124.049,980,0.0858,81
JEDS,jeds,43.20_-123.40,43.2,-123.4,43.15,-123.375,38.47,4,43.752,-124.049,980,0.1063,81
JEDS,jeds,43.20_-123.60,43.2,-123.6,43.2,-123.6,30.79,9,43.752,-124.049,980,0.1035,81
JEDS,jeds,43.20_-123.80,43.2,-123.8,43.15,-123.8,28.74,3,43.752,-124.049,980,0.0996,81
JEDS,jeds,43.20_-124.00,43.2,-124.0,43.15,-123.9,28.49,1,43.752,-124.049,980,0.1113,81
JEDS,jeds,43.40_-123.20,43.4,-123.2,43.375,-123.25,43.9,2,43.752,-124.049,980,0.1357,81
JEDS,jeds,43.40_-123.40,43.4,-123.4,43.425,-123.4,35.24,4,43.752,-124.049,980,0.0893,81
JEDS,jeds,43.40_-123.60,43.4,-123.6,43.4,-123.55,28.8,9,43.752,-124.049,980,0.1102,81
JEDS,jeds,43.40_-123.80,43.4,-123.8,43.375,-123.775,30.5,2,43.752,-124.049,980,0.1213,81
JEDS,jeds,43.40_-124.00,43.4,-124.0,43.45,-124.0,30.91,1,43.752,-124.049,980,0.2405,81
JEDS,jeds,43.60_-123.20,43.6,-123.2,43.6,-123.3,33.05,6,43.752,-124.049,980,0.1058,81
JEDS,jeds,43.60_-123.40,43.6,-123.4,43.55,-123.4,28.77,7,43.752,-124.049,980,0.1531,81
JEDS,jeds,43.60_-123.60,43.6,-123.6,43.6,-123.55,27.38,13,43.752,-124.049,980,0.0894,81
JEDS,jeds,43.60_-123.80,43.6,-123.8,43.525,-123.8,31.27,2,43.752,-124.049,980,0.1583,81
JEDS,jeds,43.80_-123.20,43.8,-123.2,43.8,-123.3,29.37,3,43.752,-124.049,980,0.1197,81
JEDS,jeds,43.80_-123.40,43.8,-123.4,43.8,-123.4,22.81,5,43.752,-124.049,980,0.0918,81
JEDS,jeds,43.80_-123.60,43.8,-123.6,43.75,-123.6,28.92,3,43.752,-124.049,980,0.1183,81
JEDS,jeds,44.00_-123.20,44.0,-123.2,44.05,-123.3,19.18,2,43.752,-124.049,980,0.124,81
JEDS,jeds,44.00_-123.40,44.0,-123.4,44.0,-123.35,18.77,1,43.752,-124.049,980,0.1021,81
JEDS,jeds,44.00_-123.60,44.0,-123.6,44.025,-123.5,23.9,2,43.752,-124.049,980,0.1653,81
JEDS,jeds,44.20_-123.40,44.2,-123.4,44.2,-123.4,33.21,1,43.752,-124.049,979,0.1501,81
JEDS,jeds,44.20_-123.60,44.2,-123.6,44.2,-123.675,33.64,2,43.752,-124.049,980,0.2275,81
JEDS,jeds,44.40_-123.40,44.4,-123.4,44.5,-123.35,35.45,1,43.752,-124.049,980,0.1241,81
JEDS,jeds,44.40_-123.60,44.4,-123.6,44.45,-123.6,27.68,5,43.752,-124.049,980,0.0921,81
JEDS,jeds,44.40_-123.80,44.4,-123.8,44.45,-123.75,24.53,2,43.752,-124.049,980,0.1258,81
JEDS,jeds,44.60_-123.20,44.6,-123.2,44.55,-123.25,36.89,2,43.752,-124.049,980,0.1337,81
JEDS,jeds,44.60_-123.40,44.6,-123.4,44.6,-123.4,25.84,2,43.752,-124.049,980,0.1093,81
JEDS,jeds,44.60_-123.60,44.6,-123.6,44.575,-123.6,28.67,6,43.752,-124.049,980,0.1112,81
JRO,jro,45.80_-123.20,45.8,-123.2,45.9,-123.15,24.16,1,46.275,-122.218,1028,0.1968,82
JRO,jro,46.00_-123.00,46.0,-123.0,46.1,-123.1,15.53,1,46.275,-122.218,947,0.2477,82
JRO,jro,46.00_-123.20,46.0,-123.2,46.1,-123.15,18.62,2,46.275,-122.218,1116,0.2858,82
JRO,jro,46.20_-123.00,46.2,-123.0,46.3,-122.95,20.44,3,46.275,-122.218,1640,0.1135,82
JRO,jro,46.40_-122.80,46.4,-122.8,46.45,-122.85,27.5,1,46.275,-122.218,84,0.3291,82
JRO,jro,46.60_-122.80,46.6,-122.8,46.55,-122.7,23.67,1,46.275,-122.218,1100,0.1938,82
JRO,jro,46.80_-122.60,46.8,-122.6,46.75,-122.6,28.59,1,46.275,-122.218,320,0.2152,82
JRO,jro,46.80_-122.80,46.8,-122.8,46.9,-122.75,39.4,2,46.275,-122.218,758,0.211,82
JRO,jro,46.80_-123.00,46.8,-123.0,46.725,-123.0,42.81,2,46.275,-122.218,862,0.0778,82
JRO,jro,47.00_-122.80,47.0,-122.8,47.0,-122.75,42.55,2,46.275,-122.218,1382,0.1918,82
JRO,jro,47.00_-123.00,47.0,-123.0,47.0,-123.0,40.21,1,46.275,-122.218,1145,0.14,82
JRO,jro,47.20_-122.60,47.2,-122.6,47.1,-122.6,26.49,1,46.275,-122.218,952,0.2303,82
KBO,kbo,42.40_-123.20,42.4,-123.2,42.425,-123.275,30.92,2,42.212,-124.226,789,0.8431,83
KBO,kbo,42.40_-123.40,42.4,-123.4,42.45,-123.4,35.14,3,42.212,-124.226,747,0.626,83
KBO,kbo,42.40_-123.60,42.4,-123.6,42.5,-123.65,37.09,1,42.212,-124.226,1089,0.4202,83
KBO,kbo,42.60_-123.40,42.6,-123.4,42.65,-123.4,29.68,3,42.212,-124.226,1305,0.5753,83
KBO,kbo,42.60_-123.60,42.6,-123.6,42.6,-123.5,29.71,2,42.212,-124.226,530,0.8371,83
KCPB,kcpb,39.80_-122.80,39.8,-122.8,39.9,-122.75,12.0,1,39.686,-123.582,4147,0.0505,84
KCPB,kcpb,40.00_-122.40,40.0,-122.4,40.05,-122.5,17.31,1,39.686,-123.582,3909,0.0657,84
KCPB,kcpb,40.20_-122.40,40.2,-122.4,40.25,-122.35,25.83,3,39.686,-123.582,3896,0.2315,84
KCPB,kcpb,40.20_-122.60,40.2,-122.6,40.3,-122.55,15.31,1,39.686,-123.582,2815,0.1226,84
KCPB,kcpb,40.20_-122.80,40.2,-122.8,40.25,-122.775,15.12,2,39.686,-123.582,3612,0.332,84
KCPB,kcpb,40.40_-122.60,40.4,-122.6,40.45,-122.575,19.57,2,39.686,-123.582,4490,0.0972,84
KCPB,kcpb,40.40_-122.80,40.4,-122.8,40.35,-122.7,37.49,1,39.686,-123.582,399,0.2343,84
KCPB,kcpb,40.60_-122.60,40.6,-122.6,40.6,-122.6,17.93,1,39.686,-123.582,2499,0.3735,84
KEB,keb,42.20_-123.20,42.2,-123.2,42.25,-123.3,38.09,3,42.872,-124.334,1261,0.3752,85
KEB,keb,42.20_-123.40,42.2,-123.4,42.225,-123.425,43.65,2,42.872,-124.334,1028,0.4403,85
KEB,keb,42.40_-123.00,42.4,-123.0,42.35,-123.05,27.48,1,42.872,-124.334,1072,0.4874,85
KEB,keb,42.40_-123.20,42.4,-123.2,42.475,-123.3,29.36,4,42.872,-124.334,1230,0.4351,85
KEB,keb,42.40_-123.40,42.4,-123.4,42.4,-123.375,34.38,20,42.872,-124.334,1336,0.2908,85
KEB,keb,42.40_-123.60,42.4,-123.6,42.45,-123.5,37.89,9,42.872,-124.334,1265,0.3751,85
KEB,keb,42.40_-123.80,42.4,-123.8,42.45,-123.75,40.96,1,42.872,-124.334,1087,0.4762,85
KEB,keb,42.60_-123.20,42.6,-123.2,42.625,-123.25,25.83,6,42.872,-124.334,1947,0.3408,85
KEB,keb,42.60_-123.40,42.6,-123.4,42.65,-123.45,30.46,7,42.872,-124.334,1182,0.3025,85
KEB,keb,42.60_-123.60,42.6,-123.6,42.6,-123.525,31.14,6,42.872,-124.334,1043,0.3235,85
KEB,keb,42.80_-123.20,42.8,-123.2,42.775,-123.2,31.86,2,42.872,-124.334,1177,0.6239,85
KEB,keb,42.80_-123.40,42.8,-123.4,42.825,-123.375,34.57,2,42.872,-124.334,1310,0.3899,85
KEB,keb,42.80_-123.60,42.8,-123.6,42.8,-123.5,32.0,6,42.872,-124.334,1256,0.3321,85
KEB,keb,43.00_-123.40,43.0,-123.4,43.025,-123.45,35.03,2,42.872,-124.334,1187,0.406,85
KEB,keb,43.20_-123.20,43.2,-123.2,43.1,-123.25,42.27,1,42.872,-124.334,1024,0.4321,85
KEB,keb,43.20_-123.40,43.2,-123.4,43.2,-123.45,36.07,3,42.872,-124.334,1168,0.3075,85
KEB,keb,43.20_-123.60,43.2,-123.6,43.15,-123.6,30.97,10,42.872,-124.334,1287,0.2809,85
KEB,keb,43.20_-123.80,43.2,-123.8,43.25,-123.775,29.63,2,42.872,-124.334,1060,0.4842,85
KEB,keb,43.40_-123.40,43.4,-123.4,43.35,-123.45,36.34,1,42.872,-124.334,1022,0.3039,85
KEB,keb,43.60_-123.60,43.6,-123.6,43.6,-123.65,30.39,1,42.872,-124.334,629,0.4867,85
KEB,keb,43.60_-123.80,43.6,-123.8,43.55,-123.75,31.5,1,42.872,-124.334,1119,0.4927,85
KHBB,khbb,40.60_-122.60,40.6,-122.6,40.65,-122.65,21.74,1,40.66,-123.22,536,0.2678,86
KHBB,khbb,40.80_-122.60,40.8,-122.6,40.75,-122.6,13.02,3,40.66,-123.22,579,0.2154,86
KHBB,khbb,40.80_-122.80,40.8,-122.8,40.9,-122.8,18.32,6,40.66,-123.22,2280,0.3904,86
KHBB,khbb,41.00_-122.80,41.0,-122.8,40.95,-122.8,18.75,7,40.66,-123.22,2383,0.394,86
KHBB,khbb,41.00_-123.00,41.0,-123.0,41.0,-123.1,41.3,1,40.66,-123.22,335,0.3736,86
KHBB,khbb,41.20_-123.00,41.2,-123.0,41.25,-123.0,25.33,1,40.66,-123.22,1146,0.3856,86
KHBB,khbb,41.20_-123.20,41.2,-123.2,41.25,-123.2,39.09,1,40.66,-123.22,564,0.2838,86
KHBB,khbb,41.40_-122.80,41.4,-122.8,41.45,-122.9,20.35,1,40.66,-123.22,1550,0.4597,86
KHBB,khbb,41.40_-123.00,41.4,-123.0,41.35,-123.1,35.62,4,40.66,-123.22,1719,0.4579,86
KHBB,khbb,41.40_-123.20,41.4,-123.2,41.4,-123.15,35.73,1,40.66,-123.22,1447,0.4072,86
KHBB,khbb,41.60_-123.20,41.6,-123.2,41.5,-123.2,31.64,1,40.66,-123.22,339,0.4435,86
KHMB,khmb,40.00_-122.40,40.0,-122.4,40.05,-122.5,17.31,1,40.875,-123.733,1720,0.0524,87
KHMB,khmb,40.20_-122.80,40.2,-122.8,40.275,-122.775,14.54,2,40.875,-123.733,2016,0.0655,87
KHMB,khmb,40.40_-122.80,40.4,-122.8,40.4,-122.775,25.91,2,40.875,-123.733,1678,0.0679,87
KHMB,khmb,40.60_-122.80,40.6,-122.8,40.55,-122.85,29.65,1,40.875,-123.733,923,0.2425,87
KHMB,khmb,40.60_-123.20,40.6,-123.2,40.55,-123.15,30.51,1,40.875,-123.733,1679,0.0745,87
KHMB,khmb,40.80_-122.80,40.8,-122.8,40.85,-122.8,22.23,2,40.875,-123.733,1801,0.0447,87
KHMB,khmb,41.00_-122.80,41.0,-122.8,40.95,-122.85,20.11,1,40.875,-123.733,1606,0.0597,87
KHMB,khmb,41.20_-123.00,41.2,-123.0,41.2,-123.025,21.85,4,40.875,-123.733,1992,0.0579,87
KHMB,khmb,41.40_-122.80,41.4,-122.8,41.4,-122.7,18.52,1,40.875,-123.733,1186,0.2148,87
KHMB,khmb,41.40_-123.40,41.4,-123.4,41.45,-123.4,37.55,1,40.875,-123.733,1765,0.0543,87
KHMB,khmb,41.60_-122.80,41.6,-122.8,41.7,-122.8,18.83,1,40.875,-123.733,1637,0.0769,87
KHMB,khmb,41.60_-123.20,41.6,-123.2,41.6,-123.2,31.39,1,40.875,-123.733,1043,0.1826,87
KMR,kmr,40.40_-122.60,40.4,-122.6,40.4,-122.55,19.62,1,40.202,-123.709,163,0.1625,88
KMR,kmr,40.60_-122.80,40.6,-122.8,40.6,-122.7,18.41,1,40.202,-123.709,97,0.2942,88
KRMB,krmb,40.80_-122.80,40.8,-122.8,40.85,-122.9,27.87,1,41.523,-123.908,3174,0.222,89
KRMB,krmb,41.20_-122.80,41.2,-122.8,41.2,-122.9,21.19,1,41.523,-123.908,3167,0.2689,89
KRMB,krmb,41.20_-123.00,41.2,-123.0,41.2,-123.0,22.5,8,41.523,-123.908,3358,0.2181,89
KRMB,krmb,41.20_-123.20,41.2,-123.2,41.25,-123.2,35.89,11,41.523,-123.908,3360,0.2085,89
KRMB,krmb,41.20_-123.40,41.2,-123.4,41.3,-123.35,33.07,1,41.523,-123.908,3319,0.2326,89
KRMB,krmb,41.40_-123.00,41.4,-123.0,41.4,-123.1,35.62,10,41.523,-123.908,3337,0.2218,89
KRMB,krmb,41.40_-123.20,41.4,-123.2,41.35,-123.2,37.21,9,41.523,-123.908,3339,0.2208,89
KRMB,krmb,41.40_-123.40,41.4,-123.4,41.35,-123.35,24.53,1,41.523,-123.908,3306,0.2964,89
KRMB,krmb,41.60_-123.20,41.6,-123.2,41.6,-123.25,33.38,12,41.523,-123.908,3356,0.1862,89
KRMB,krmb,41.60_-123.40,41.6,-123.4,41.6,-123.4,38.0,7,41.523,-123.908,3338,0.2124,89
KRMB,krmb,41.80_-123.20,41.8,-123.2,41.8,-123.2,30.95,1,41.523,-123.908,3212,0.2727,89
KRMB,krmb,41.80_-123.40,41.8,-123.4,41.85,-123.4,39.15,9,41.523,-123.908,3342,0.2108,89
KRMB,krmb,42.00_-123.20,42.0,-123.2,42.1,-123.3,37.7,2,41.523,-123.908,3317,0.2653,89
KRMB,krmb,42.20_-123.20,42.2,-123.2,42.25,-123.3,37.79,2,41.523,-123.908,3301,0.2655,89
KRMB,krmb,42.20_-123.40,42.2,-123.4,42.3,-123.375,39.79,2,41.523,-123.908,3302,0.3018,89
KRMB,krmb,42.40_-123.40,42.4,-123.4,42.35,-123.4,38.24,2,41.523,-123.908,3334,0.2596,89
KRP,krp,40.40_-122.80,40.4,-122.8,40.35,-122.8,29.99,1,41.158,-124.023,313,0.3326,90
KRP,krp,40.60_-122.80,40.6,-122.8,40.6,-122.8,24.36,3,41.158,-124.023,3890,0.2812,90
KRP,krp,40.60_-123.00,40.6,-123.0,40.625,-123.05,17.66,2,41.158,-124.023,3688,0.3592,90
KRP,krp,40.80_-122.80,40.8,-122.8,40.75,-122.75,16.96,3,41.158,-124.023,3436,0.3868,90
KRP,krp,40.80_-123.00,40.8,-123.0,40.75,-123.0,18.97,2,41.158,-124.023,2493,0.5133,90
KRP,krp,40.80_-123.20,40.8,-123.2,40.85,-123.2,31.58,1,41.158,-124.023,3782,0.2593,90
KRP,krp,41.00_-122.80,41.0,-122.8,41.0,-122.7,16.16,1,41.158,-124.023,3101,0.561,90
KRP,krp,41.00_-123.00,41.0,-123.0,40.95,-123.1,36.8,1,41.158,-124.023,514,0.2692,90
KRP,krp,41.20_-122.80,41.2,-122.8,41.2,-122.9,21.31,2,41.158,-124.023,3649,0.4491,90
KRP,krp,41.20_-123.00,41.2,-123.0,41.25,-123.05,29.7,3,41.158,-124.023,3193,0.5917,90
KRP,krp,41.20_-123.20,41.2,-123.2,41.275,-123.25,36.38,2,41.158,-124.023,3694,0.4055,90
KRP,krp,41.40_-122.80,41.4,-122.8,41.4,-122.85,17.73,5,41.158,-124.023,3884,0.3798,90
KRP,krp,41.40_-123.00,41.4,-123.0,41.45,-123.0,28.04,1,41.158,-124.023,162,0.3929,90
KRP,krp,41.40_-123.20,41.4,-123.2,41.4,-123.2,35.73,3,41.158,-124.023,3376,0.5593,90
KRP,krp,41.60_-122.80,41.6,-122.8,41.65,-122.8,18.65,1,41.158,-124.023,2906,0.3582,90
KRP,krp,41.60_-123.00,41.6,-123.0,41.625,-123.0,26.91,2,41.158,-124.023,2605,0.5331,90
KRP,krp,41.80_-123.40,41.8,-123.4,41.8,-123.45,41.2,1,41.158,-124.023,287,0.357,90
KRP,krp,41.80_-123.60,41.8,-123.6,41.8,-123.5,43.25,1,41.158,-124.023,901,0.7302,90
KRP,krp,42.00_-123.20,42.0,-123.2,42.025,-123.275,35.73,2,41.158,-124.023,3458,0.4657,90
KRP,krp,42.00_-123.40,42.0,-123.4,42.0,-123.35,38.79,1,41.158,-124.023,2951,0.4342,90
KSXB,ksxb,41.20_-123.00,41.2,-123.0,41.3,-123.1,34.96,1,41.83,-123.877,5384,0.111,91
KSXB,ksxb,41.40_-123.00,41.4,-123.0,41.375,-123.075,33.8,2,41.83,-123.877,5313,0.2208,91
KSXB,ksxb,41.40_-123.20,41.4,-123.2,41.4,-123.3,35.95,1,41.83,-123.877,648,0.2673,91
KSXB,ksxb,41.60_-123.20,41.6,-123.2,41.6,-123.25,33.44,5,41.83,-123.877,5380,0.1544,91
KSXB,ksxb,41.60_-123.40,41.6,-123.4,41.65,-123.4,39.53,4,41.83,-123.877,5016,0.1964,91
KSXB,ksxb,41.80_-123.20,41.8,-123.2,41.8,-123.3,35.05,4,41.83,-123.877,5299,0.2222,91
KSXB,ksxb,41.80_-123.40,41.8,-123.4,41.8,-123.4,39.15,4,41.83,-123.877,5328,0.1188,91
KSXB,ksxb,42.00_-123.20,42.0,-123.2,42.1,-123.3,37.7,4,41.83,-123.877,5501,0.1336,91
KSXB,ksxb,42.00_-123.40,42.0,-123.4,42.1,-123.35,39.94,7,41.83,-123.877,5544,0.1348,91
KSXB,ksxb,42.20_-123.20,42.2,-123.2,42.25,-123.3,38.69,4,41.83,-123.877,5455,0.0793,91
KSXB,ksxb,42.20_-123.40,42.2,-123.4,42.2,-123.4,42.88,17,41.83,-123.877,5540,0.1094,91
KSXB,ksxb,42.20_-123.60,42.2,-123.6,42.225,-123.525,45.73,2,41.83,-123.877,5430,0.0932,91
KSXB,ksxb,42.40_-123.40,42.4,-123.4,42.375,-123.375,36.31,8,41.83,-123.877,5534,0.1125,91
KSXB,ksxb,42.40_-123.60,42.4,-123.6,42.45,-123.55,38.66,9,41.83,-123.877,5542,0.1068,91
KSXB,ksxb,42.40_-123.80,42.4,-123.8,42.375,-123.825,29.68,2,41.83,-123.877,5280,0.1071,91
KSXB,ksxb,42.60_-123.40,42.6,-123.4,42.6,-123.45,28.35,2,41.83,-123.877,4881,0.1113,91
KSXB,ksxb,42.60_-123.60,42.6,-123.6,42.575,-123.6,32.7,2,41.83,-123.877,5356,0.1058,91
KUHN,kuhn,46.00_-123.40,46.0,-123.4,45.95,-123.4,37.13,1,45.785,-122.896,1465,0.0725,92
LACKA,lacka,46.00_-123.20,46.0,-123.2,45.975,-123.225,34.83,6,46.852,-122.486,1687,0.0414,93
LACKA,lacka,46.00_-123.40,46.0,-123.4,45.975,-123.4,37.76,2,46.852,-122.486,1687,0.0414,93
LACKA,lacka,46.20_-122.80,46.2,-122.8,46.2,-122.9,22.47,1,46.852,-122.486,1687,0.0635,93
LACKA,lacka,46.20_-123.00,46.2,-123.0,46.15,-123.05,15.49,3,46.852,-122.486,1687,0.0692,93
LACKA,lacka,46.20_-123.20,46.2,-123.2,46.225,-123.175,18.18,2,46.852,-122.486,1687,0.0647,93
LACKA,lacka,46.40_-123.00,46.4,-123.0,46.5,-123.05,49.64,1,46.852,-122.486,1687,0.0711,93
LACKA,lacka,46.40_-123.20,46.4,-123.2,46.4,-123.25,26.36,5,46.852,-122.486,1687,0.0785,93
LACKA,lacka,46.40_-123.40,46.4,-123.4,46.45,-123.35,27.34,1,46.852,-122.486,1687,0.0937,93
LACKA,lacka,46.60_-122.80,46.6,-122.8,46.575,-122.725,23.37,2,46.852,-122.486,1687,0.0873,93
LACKA,lacka,46.60_-123.00,46.6,-123.0,46.6,-123.025,49.89,4,46.852,-122.486,1687,0.045,93
LACKA,lacka,46.60_-123.20,46.6,-123.2,46.65,-123.2,31.5,2,46.852,-122.486,1687,0.0842,93
LACKA,lacka,46.80_-122.60,46.8,-122.6,46.8,-122.65,20.88,3,46.852,-122.486,1687,0.0711,93
LACKA,lacka,46.80_-122.80,46.8,-122.8,46.9,-122.875,42.94,2,46.852,-122.486,1687,0.0601,93
LACKA,lacka,46.80_-123.00,46.8,-123.0,46.8,-123.0,42.86,5,46.852,-122.486,1687,0.0361,93
LACKA,lacka,46.80_-123.20,46.8,-123.2,46.7,-123.25,24.19,1,46.852,-122.486,1687,0.0643,93
LACKA,lacka,47.00_-122.40,47.0,-122.4,46.95,-122.5,28.78,1,46.852,-122.486,1687,0.0761,93
LACKA,lacka,47.00_-122.60,47.0,-122.6,47.0,-122.65,49.0,5,46.852,-122.486,1687,0.0552,93
LACKA,lacka,47.00_-122.80,47.0,-122.8,46.95,-122.8,45.81,5,46.852,-122.486,1687,0.051,93
LACKA,lacka,47.00_-123.00,47.0,-123.0,46.975,-122.975,43.99,2,46.852,-122.486,1687,0.0416,93
LACKA,lacka,47.00_-123.20,47.0,-123.2,47.0,-123.15,42.24,4,46.852,-122.486,1687,0.0293,93
LACKA,lacka,47.20_-122.40,47.2,-122.4,47.25,-122.5,37.38,1,46.852,-122.486,1687,0.0624,93
LACKA,lacka,47.20_-122.60,47.2,-122.6,47.225,-122.65,31.43,2,46.852,-122.486,1687,0.0487,93
LACKA,lacka,47.20_-122.80,47.2,-122.8,47.25,-122.8,28.62,6,46.852,-122.486,1687,0.0456,93
LACKA,lacka,47.20_-123.00,47.2,-123.0,47.15,-123.025,41.65,4,46.852,-122.486,1687,0.0447,93
LACKA,lacka,47.20_-123.20,47.2,-123.2,47.2,-123.15,41.16,3,46.852,-122.486,1687,0.0467,93
LACKA,lacka,47.40_-122.40,47.4,-122.4,47.45,-122.4,25.63,1,46.852,-122.486,1687,0.0535,93
LACKA,lacka,47.40_-122.60,47.4,-122.6,47.4,-122.6,39.21,1,46.852,-122.486,1687,0.0514,93
LACKA,lacka,47.40_-122.80,47.4,-122.8,47.35,-122.75,26.84,5,46.852,-122.486,1687,0.0462,93
LACKA,lacka,47.40_-123.00,47.4,-123.0,47.4,-123.05,28.08,6,46.852,-122.486,1687,0.0398,93
LACKA,lacka,47.40_-123.20,47.4,-123.2,47.425,-123.175,33.25,2,46.852,-122.486,1687,0.072,93
LACKA,lacka,47.60_-122.40,47.6,-122.4,47.5,-122.3,19.73,1,46.852,-122.486,1687,0.0606,93
LACKA,lacka,47.60_-122.60,47.6,-122.6,47.675,-122.575,19.7,2,46.852,-122.486,1687,0.0714,93
LACKA,lacka,47.60_-122.80,47.6,-122.8,47.6,-122.825,20.77,10,46.852,-122.486,1687,0.0424,93
LACKA,lacka,47.60_-123.00,47.6,-123.0,47.575,-123.025,38.48,10,46.852,-122.486,1687,0.0495,93
LACKA,lacka,47.60_-123.20,47.6,-123.2,47.625,-123.175,38.75,2,46.852,-122.486,1687,0.089,93
LACKA,lacka,47.60_-123.40,47.6,-123.4,47.7,-123.35,40.57,3,46.852,-122.486,1687,0.0422,93
LACKA,lacka,47.80_-122.80,47.8,-122.8,47.75,-122.8,24.52,2,46.852,-122.486,1687,0.0666,93
LAIR,lair,42.60_-123.40,42.6,-123.4,42.65,-123.375,29.29,2,43.161,-123.931,893,0.4481,94
LAIR,lair,42.60_-123.60,42.6,-123.6,42.65,-123.5,31.11,1,43.161,-123.931,772,0.4728,94
LAIR,lair,42.80_-123.20,42.8,-123.2,42.75,-123.3,32.36,1,43.161,-123.931,777,0.3457,94
LAIR,lair,42.80_-123.60,42.8,-123.6,42.9,-123.5,32.59,1,43.161,-123.931,625,0.2989,94
LAIR,lair,43.00_-123.40,43.0,-123.4,43.05,-123.45,35.18,1,43.161,-123.931,794,0.5349,94
LAIR,lair,43.20_-123.60,43.2,-123.6,43.3,-123.55,33.26,1,43.161,-123.931,688,0.4629,94
LAIR,lair,43.80_-123.60,43.8,-123.6,43.8,-123.6,28.94,1,43.161,-123.931,658,0.5314,94
LBR,lbr,40.60_-122.40,40.6,-122.4,40.65,-122.5,22.99,1,41.409,-122.068,2402,0.1282,95
LBR,lbr,40.60_-122.60,40.6,-122.6,40.65,-122.6,21.74,3,41.409,-122.068,2396,0.1724,95
LBR,lbr,40.60_-122.80,40.6,-122.8,40.6,-122.75,19.43,3,41.409,-122.068,2436,0.1433,95
LBR,lbr,40.60_-123.00,40.6,-123.0,40.6,-122.975,30.03,2,41.409,-122.068,2189,0.2261,95
LBR,lbr,40.80_-122.60,40.8,-122.6,40.7,-122.625,20.99,2,41.409,-122.068,2369,0.1826,95
LBR,lbr,40.80_-122.80,40.8,-122.8,40.775,-122.8,18.98,8,41.409,-122.068,2436,0.1582,95
LBR,lbr,40.80_-123.00,40.8,-123.0,40.85,-123.0,33.86,7,41.409,-122.068,2382,0.1725,95
LBR,lbr,40.80_-123.20,40.8,-123.2,40.875,-123.225,28.11,4,41.409,-122.068,2409,0.1951,95
LBR,lbr,41.00_-122.60,41.0,-122.6,40.95,-122.65,16.5,1,41.409,-122.068,2340,0.1598,95
LBR,lbr,41.00_-122.80,41.0,-122.8,41.025,-122.8,18.72,10,41.409,-122.068,2447,0.1468,95
LBR,lbr,41.00_-123.00,41.0,-123.0,41.025,-123.025,30.64,2,41.409,-122.068,2338,0.1565,95
LBR,lbr,41.00_-123.20,41.0,-123.2,41.0,-123.2,36.6,3,41.409,-122.068,2239,0.2555,95
LBR,lbr,41.20_-122.60,41.2,-122.6,41.25,-122.65,15.03,1,41.409,-122.068,2317,0.2602,95
LBR,lbr,41.20_-122.80,41.2,-122.8,41.2,-122.85,19.96,10,41.409,-122.068,2452,0.1613,95
LBR,lbr,41.20_-123.00,41.2,-123.0,41.175,-123.025,21.61,10,41.409,-122.068,2405,0.1505,95
LBR,lbr,41.20_-123.20,41.2,-123.2,41.2,-123.25,35.89,9,41.409,-122.068,2446,0.1692,95
LBR,lbr,41.20_-123.40,41.2,-123.4,41.25,-123.4,40.71,1,41.409,-122.068,1769,0.2003,95
LBR,lbr,41.40_-123.00,41.4,-123.0,41.4,-123.05,31.89,7,41.409,-122.068,2449,0.1575,95
LBR,lbr,41.40_-123.20,41.4,-123.2,41.35,-123.2,37.21,3,41.409,-122.068,2427,0.1707,95
LBR,lbr,41.40_-123.40,41.4,-123.4,41.35,-123.35,24.53,1,41.409,-122.068,2307,0.31,95
LBR,lbr,41.60_-122.80,41.6,-122.8,41.65,-122.85,17.0,6,41.409,-122.068,2395,0.1724,95
LBR,lbr,41.60_-123.00,41.6,-123.0,41.55,-123.1,31.06,3,41.409,-122.068,2370,0.16,95
LBR,lbr,41.60_-123.20,41.6,-123.2,41.65,-123.25,33.33,9,41.409,-122.068,2434,0.1682,95
LBR,lbr,41.60_-123.40,41.6,-123.4,41.65,-123.4,39.48,3,41.409,-122.068,2394,0.2193,95
LBR,lbr,41.80_-123.00,41.8,-123.0,41.8,-123.1,26.85,1,41.409,-122.068,2382,0.1931,95
LBR,lbr,41.80_-123.20,41.8,-123.2,41.825,-123.175,29.87,2,41.409,-122.068,2421,0.2159,95
LBR,lbr,41.80_-123.40,41.8,-123.4,41.85,-123.375,38.49,2,41.409,-122.068,2449,0.2061,95
LBR,lbr,42.00_-123.20,42.0,-123.2,42.05,-123.25,34.9,2,41.409,-122.068,2393,0.2311,95
LBR,lbr,42.20_-123.20,42.2,-123.2,42.3,-123.25,35.95,1,41.409,-122.068,2136,0.2315,95
LBR,lbr,42.20_-123.40,42.2,-123.4,42.25,-123.35,39.75,2,41.409,-122.068,2386,0.2001,95
LCCR,lccr,44.40_-123.60,44.4,-123.6,44.425,-123.675,29.6,2,45.206,-122.478,4662,0.1272,96
LCCR,lccr,44.40_-123.80,44.4,-123.8,44.5,-123.75,20.14,2,45.206,-122.478,4664,0.0645,96
LCCR,lccr,44.60_-123.40,44.6,-123.4,44.6,-123.4,25.42,1,45.206,-122.478,4664,0.1269,96
LCCR,lccr,44.60_-123.60,44.6,-123.6,44.65,-123.55,26.4,3,45.206,-122.478,4663,0.0898,96
LCCR,lccr,44.80_-123.20,44.8,-123.2,44.875,-123.175,37.38,2,45.206,-122.478,4665,0.0773,96
LCCR,lccr,44.80_-123.40,44.8,-123.4,44.75,-123.4,36.44,4,45.206,-122.478,4662,0.1012,96
LCCR,lccr,44.80_-123.60,44.8,-123.6,44.775,-123.55,30.98,6,45.206,-122.478,4664,0.0708,96
LCCR,lccr,44.80_-123.80,44.8,-123.8,44.9,-123.75,27.72,1,45.206,-122.478,4663,0.115,96
LCCR,lccr,45.00_-123.00,45.0,-123.0,44.95,-123.1,28.89,1,45.206,-122.478,4660,0.082,96
LCCR,lccr,45.00_-123.20,45.0,-123.2,45.0,-123.25,30.37,5,45.206,-122.478,4664,0.1129,96
LCCR,lccr,45.00_-123.40,45.0,-123.4,45.0,-123.4,18.08,2,45.206,-122.478,4653,0.0781,96
LCCR,lccr,45.00_-123.60,45.0,-123.6,44.975,-123.55,26.79,6,45.206,-122.478,4663,0.0808,96
LCCR,lccr,45.20_-123.00,45.2,-123.0,45.25,-123.05,22.87,3,45.206,-122.478,4660,0.0711,96
LCCR,lccr,45.20_-123.20,45.2,-123.2,45.25,-123.225,24.14,4,45.206,-122.478,4662,0.1182,96
LCCR,lccr,45.20_-123.40,45.2,-123.4,45.15,-123.35,31.62,7,45.206,-122.478,4662,0.0861,96
LCCR,lccr,45.20_-123.60,45.2,-123.6,45.15,-123.525,38.34,2,45.206,-122.478,3123,0.1878,96
LCCR,lccr,45.40_-123.00,45.4,-123.0,45.35,-123.0,20.02,6,45.206,-122.478,4662,0.0635,96
LCCR,lccr,45.40_-123.20,45.4,-123.2,45.4,-123.3,19.64,3,45.206,-122.478,4606,0.0932,96
LCCR,lccr,45.40_-123.40,45.4,-123.4,45.35,-123.35,20.89,1,45.206,-122.478,4657,0.0659,96
LCCR,lccr,45.40_-123.60,45.4,-123.6,45.4,-123.5,35.15,2,45.206,-122.478,4661,0.1171,96
LCCR,lccr,45.60_-123.00,45.6,-123.0,45.7,-123.1,41.51,1,45.206,-122.478,4656,0.1225,96
LCCR,lccr,45.60_-123.20,45.6,-123.2,45.7,-123.3,17.34,3,45.206,-122.478,4553,0.1008,96
LCCR,lccr,45.60_-123.40,45.6,-123.4,45.675,-123.425,32.93,2,45.206,-122.478,4632,0.1063,96
LCCR,lccr,45.80_-123.20,45.8,-123.2,45.8,-123.3,27.04,5,45.206,-122.478,4663,0.0688,96
LCCR,lccr,46.00_-123.20,46.0,-123.2,45.95,-123.2,33.33,1,45.206,-122.478,4570,0.0984,96
LCM,lcm,40.20_-122.40,40.2,-122.4,40.3,-122.35,31.71,2,40.147,-121.523,354,0.4084,97
LCM,lcm,40.40_-122.40,40.4,-122.4,40.45,-122.4,17.73,1,40.147,-121.523,247,0.2321,97
LCM,lcm,40.40_-122.60,40.4,-122.6,40.475,-122.625,19.91,4,40.147,-121.523,361,0.235,97
LCM,lcm,40.40_-122.80,40.4,-122.8,40.475,-122.725,32.91,4,40.147,-121.523,353,0.2384,97
LCM,lcm,40.60_-122.60,40.6,-122.6,40.65,-122.65,21.74,5,40.147,-121.523,359,0.289,97
LCM,lcm,40.60_-122.80,40.6,-122.8,40.6,-122.75,24.02,7,40.147,-121.523,370,0.2164,97
LCM,lcm,40.80_-122.60,40.8,-122.6,40.7,-122.6,20.33,7,40.147,-121.523,368,0.2217,97
LCM,lcm,40.80_-122.80,40.8,-122.8,40.85,-122.8,16.67,9,40.147,-121.523,369,0.2305,97
LCM,lcm,41.00_-122.80,41.0,-122.8,40.95,-122.8,18.53,4,40.147,-121.523,348,0.2432,97
LCOW,lcow,40.40_-122.60,40.4,-122.6,40.5,-122.55,22.02,1,40.643,-122.185,2223,0.0722,98
LCOW,lcow,40.40_-122.80,40.4,-122.8,40.35,-122.85,17.49,1,40.643,-122.185,2188,0.1237,98
LCOW,lcow,40.60_-122.60,40.6,-122.6,40.65,-122.65,21.74,1,40.643,-122.185,2060,0.1426,98
LCOW,lcow,40.60_-122.80,40.6,-122.8,40.6,-122.75,20.31,3,40.643,-122.185,2225,0.0684,98
LCOW,lcow,40.60_-123.00,40.6,-123.0,40.625,-123.0,24.78,2,40.643,-122.185,2225,0.0642,98
LCOW,lcow,40.80_-122.60,40.8,-122.6,40.9,-122.65,23.89,1,40.643,-122.185,2215,0.107,98
LCOW,lcow,40.80_-122.80,40.8,-122.8,40.85,-122.8,18.92,19,40.643,-122.185,2225,0.0669,98
LCOW,lcow,40.80_-123.00,40.8,-123.0,40.85,-123.0,34.48,17,40.643,-122.185,2225,0.058,98
LCOW,lcow,41.00_-122.80,41.0,-122.8,41.0,-122.8,18.69,17,40.643,-122.185,2225,0.0841,98
LCOW,lcow,41.00_-123.00,41.0,-123.0,40.975,-123.025,31.22,8,40.643,-122.185,2224,0.0478,98
LCOW,lcow,41.00_-123.20,41.0,-123.2,41.05,-123.2,37.55,4,40.643,-122.185,2224,0.103,98
LCOW,lcow,41.20_-122.80,41.2,-122.8,41.175,-122.875,20.2,4,40.643,-122.185,2225,0.1029,98
LCOW,lcow,41.20_-123.00,41.2,-123.0,41.15,-123.05,22.5,12,40.643,-122.185,2225,0.0609,98
LCOW,lcow,41.20_-123.20,41.2,-123.2,41.1,-123.2,39.09,9,40.643,-122.185,2224,0.1056,98
LCOW,lcow,41.40_-123.00,41.4,-123.0,41.35,-123.05,31.48,3,40.643,-122.185,2215,0.0973,98
LCOW,lcow,41.40_-123.20,41.4,-123.2,41.4,-123.15,35.95,3,40.643,-122.185,2223,0.0855,98
LCOW,lcow,41.40_-123.40,41.4,-123.4,41.45,-123.4,37.55,1,40.643,-122.185,2220,0.1117,98
LCOW,lcow,41.60_-123.00,41.6,-123.0,41.5,-122.95,24.1,1,40.643,-122.185,2225,0.0743,98
LCOW,lcow,41.60_-123.20,41.6,-123.2,41.5,-123.175,31.85,2,40.643,-122.185,2225,0.0513,98
LDH,ldh,39.80_-122.80,39.8,-122.8,39.9,-122.8,12.0,1,40.512,-121.582,5748,0.1739,99
LDH,ldh,40.00_-122.40,40.0,-122.4,40.1,-122.425,19.5,6,40.512,-121.582,5750,0.1021,99
LDH,ldh,40.00_-122.60,40.0,-122.6,40.05,-122.575,18.18,2,40.512,-121.582,5749,0.1772,99
LDH,ldh,40.00_-122.80,40.0,-122.8,40.1,-122.75,13.65,3,40.512,-121.582,5755,0.1897,99
LDH,ldh,40.20_-122.20,40.2,-122.2,40.15,-122.2,24.41,3,40.512,-121.582,5753,0.1773,99
LDH,ldh,40.20_-122.40,40.2,-122.4,40.15,-122.5,21.93,5,40.512,-121.582,5753,0.1273,99
LDH,ldh,40.20_-122.60,40.2,-122.6,40.3,-122.6,14.51,4,40.512,-121.582,5751,0.1533,99
LDH,ldh,40.20_-122.80,40.2,-122.8,40.3,-122.775,17.64,6,40.512,-121.582,5752,0.1227,99
LDH,ldh,40.40_-122.40,40.4,-122.4,40.45,-122.5,22.32,5,40.512,-121.582,5751,0.1494,99
LDH,ldh,40.40_-122.60,40.4,-122.6,40.45,-122.6,19.4,16,40.512,-121.582,5752,0.1258,99
LDH,ldh,40.40_-122.80,40.4,-122.8,40.45,-122.8,22.38,8,40.512,-121.582,5753,0.1199,99
LDH,ldh,40.60_-122.40,40.6,-122.4,40.65,-122.5,22.99,1,40.512,-121.582,5741,0.1217,99
LDH,ldh,40.60_-122.60,40.6,-122.6,40.65,-122.65,21.74,8,40.512,-121.582,5754,0.1425,99
LDH,ldh,40.60_-122.80,40.6,-122.8,40.6,-122.75,20.31,11,40.512,-121.582,5751,0.1326,99
LDH,ldh,40.80_-122.40,40.8,-122.4,40.7,-122.45,25.97,1,40.512,-121.582,5751,0.1575,99
LDH,ldh,40.80_-122.60,40.8,-122.6,40.775,-122.625,21.67,8,40.512,-121.582,5751,0.144,99
LDH,ldh,40.80_-122.80,40.8,-122.8,40.775,-122.75,18.26,26,40.512,-121.582,5756,0.1139,99
LDH,ldh,41.00_-122.60,41.0,-122.6,40.95,-122.6,21.07,1,40.512,-121.582,5750,0.259,99
LDH,ldh,41.00_-122.80,41.0,-122.8,41.0,-122.8,18.75,13,40.512,-121.582,5755,0.1582,99
LDH,ldh,41.20_-122.80,41.2,-122.8,41.2,-122.875,20.42,8,40.512,-121.582,5752,0.1275,99
LDL,ldl,40.60_-122.40,40.6,-122.4,40.65,-122.5,22.99,1,41.381,-122.294,2761,0.1638,100
LDL,ldl,40.60_-122.60,40.6,-122.6,40.575,-122.575,19.02,2,41.381,-122.294,3168,0.0828,100
LDL,ldl,40.60_-122.80,40.6,-122.8,40.65,-122.7,20.24,1,41.381,-122.294,3168,0.1133,100
LDL,ldl,40.80_-122.60,40.8,-122.6,40.8,-122.625,22.15,2,41.381,-122.294,3168,0.0626,100
LDL,ldl,40.80_-122.80,40.8,-122.8,40.85,-122.8,16.67,10,41.381,-122.294,3169,0.0516,100
LDL,ldl,40.80_-123.00,40.8,-123.0,40.8,-123.0,23.06,3,41.381,-122.294,3167,0.081,100
LDL,ldl,41.00_-122.80,41.0,-122.8,40.975,-122.85,20.08,4,41.381,-122.294,3165,0.0838,100
LDL,ldl,41.00_-123.00,41.0,-123.0,41.05,-123.1,39.81,3,41.381,-122.294,3168,0.0683,100
LDL,ldl,41.00_-123.20,41.0,-123.2,41.0,-123.175,38.84,2,41.381,-122.294,3167,0.0565,100
LDL,ldl,41.20_-122.80,41.2,-122.8,41.2,-122.9,21.19,10,41.381,-122.294,3169,0.0647,100
LDL,ldl,41.20_-123.00,41.2,-123.0,41.15,-122.95,22.44,20,41.381,-122.294,3169,0.0591,100
LDL,ldl,41.20_-123.20,41.2,-123.2,41.1,-123.15,34.82,3,41.381,-122.294,3168,0.0674,100
LDL,ldl,41.40_-123.00,41.4,-123.0,41.35,-123.05,31.48,18,41.381,-122.294,3169,0.0508,100
LDL,ldl,41.40_-123.20,41.4,-123.2,41.4,-123.15,35.73,1,41.381,-122.294,2978,0.1518,100
LDL,ldl,41.60_-122.80,41.6,-122.8,41.625,-122.875,18.34,2,41.381,-122.294,3139,0.0971,100
LDL,ldl,41.60_-123.00,41.6,-123.0,41.65,-123.0,27.67,1,41.381,-122.294,3096,0.0763,100
LDL,ldl,41.60_-123.20,41.6,-123.2,41.5,-123.15,32.06,3,41.381,-122.294,3168,0.0726,100
LDL,ldl,41.60_-123.40,41.6,-123.4,41.5,-123.4,39.75,1,41.381,-122.294,3162,0.0445,100
LDL,ldl,41.80_-123.00,41.8,-123.0,41.8,-123.1,26.85,1,41.381,-122.294,3107,0.0965,100
LDL,ldl,41.80_-123.40,41.8,-123.4,41.75,-123.4,39.26,1,41.381,-122.294,2947,0.1722,100
LDL,ldl,42.00_-123.00,42.0,-123.0,42.05,-123.1,28.19,1,41.381,-122.294,3005,0.0762,100
LDL,ldl,42.00_-123.20,42.0,-123.2,42.05,-123.3,37.13,3,41.381,-122.294,3168,0.051,100
LDL,ldl,42.20_-123.40,42.2,-123.4,42.15,-123.4,42.81,4,41.381,-122.294,3169,0.0571,100
LEBA,leba,45.80_-123.20,45.8,-123.2,45.875,-123.225,37.2,4,46.546,-123.563,2432,0.1963,101
LEBA,leba,45.80_-123.40,45.8,-123.4,45.9,-123.35,37.88,1,46.546,-123.563,2284,0.2582,101
LEBA,leba,46.00_-123.20,46.0,-123.2,46.05,-123.25,25.24,1,46.546,-123.563,1975,0.2142,101
LEBA,leba,46.20_-123.00,46.2,-123.0,46.225,-123.075,18.31,8,46.546,-123.563,2475,0.1796,101
LEBA,leba,46.20_-123.20,46.2,-123.2,46.225,-123.175,22.41,2,46.546,-123.563,2470,0.1834,101
LEBA,leba,46.40_-123.00,46.4,-123.0,46.4,-123.1,51.19,1,46.546,-123.563,2520,0.2641,101
LEBA,leba,46.40_-123.20,46.4,-123.2,46.5,-123.15,40.39,3,46.546,-123.563,2037,0.2588,101
LEBA,leba,46.60_-122.80,46.6,-122.8,46.6,-122.7,34.94,3,46.546,-123.563,2662,0.293,101
LEBA,leba,46.60_-123.00,46.6,-123.0,46.575,-123.1,46.14,2,46.546,-123.563,1189,0.3166,101
LEBA,leba,46.60_-123.20,46.6,-123.2,46.6,-123.15,38.84,1,46.546,-123.563,2731,0.247,101
LEBA,leba,46.80_-122.60,46.8,-122.6,46.9,-122.65,50.68,2,46.546,-123.563,2304,0.303,101
LEBA,leba,46.80_-122.80,46.8,-122.8,46.8,-122.75,31.72,14,46.546,-123.563,2771,0.1334,101
LEBA,leba,46.80_-123.00,46.8,-123.0,46.825,-123.05,34.56,2,46.546,-123.563,2531,0.2683,101
LEBA,leba,47.00_-122.80,47.0,-122.8,46.95,-122.7,45.29,7,46.546,-123.563,2738,0.1282,101
LEBA,leba,47.00_-123.00,47.0,-123.0,47.0,-123.025,41.1,2,46.546,-123.563,2407,0.1364,101
LEBA,leba,47.00_-123.20,47.0,-123.2,47.05,-123.15,42.77,1,46.546,-123.563,231,0.2867,101
LEBA,leba,47.20_-122.80,47.2,-122.8,47.2,-122.9,28.86,9,46.546,-123.563,2735,0.128,101
LEBA,leba,47.20_-123.00,47.2,-123.0,47.3,-123.0,41.7,6,46.546,-123.563,2703,0.1327,101
LEBA,leba,47.20_-123.20,47.2,-123.2,47.2,-123.25,42.52,1,46.546,-123.563,2542,0.1936,101
LEBA,leba,47.40_-122.80,47.4,-122.8,47.35,-122.85,40.0,14,46.546,-123.563,2773,0.1307,101
LEBA,leba,47.40_-123.00,47.4,-123.0,47.375,-123.025,32.7,2,46.546,-123.563,2760,0.1218,101
LEBA,leba,47.40_-123.20,47.4,-123.2,47.35,-123.2,43.84,1,46.546,-123.563,2651,0.2215,101
LEID,leid,46.00_-123.20,46.0,-123.2,45.95,-123.25,42.72,1,46.829,-123.465,725,0.0476,102
LEID,leid,46.80_-122.80,46.8,-122.8,46.75,-122.85,21.52,1,46.829,-123.465,143,0.2012,102
LEID,leid,47.60_-122.60,47.6,-122.6,47.7,-122.65,20.86,1,46.829,-123.465,960,0.0427,102
LEID,leid,47.60_-122.80,47.6,-122.8,47.55,-122.85,18.52,1,46.829,-123.465,645,0.0977,102
LEID,leid,47.60_-123.00,47.6,-123.0,47.6,-123.025,29.0,2,46.829,-123.465,948,0.052,102
LGY,lgy,40.40_-122.60,40.4,-122.6,40.45,-122.6,20.63,1,41.345,-122.196,1929,0.1743,103
LGY,lgy,40.40_-122.80,40.4,-122.8,40.475,-122.7,26.91,2,41.345,-122.196,2754,0.3096,103
LGY,lgy,40.60_-122.60,40.6,-122.6,40.65,-122.6,21.9,3,41.345,-122.196,2663,0.3078,103
LGY,lgy,40.60_-122.80,40.6,-122.8,40.65,-122.75,20.24,4,41.345,-122.196,2875,0.1865,103
LGY,lgy,40.60_-123.00,40.6,-123.0,40.575,-122.975,30.38,2,41.345,-122.196,2850,0.2015,103
LGY,lgy,40.80_-122.40,40.8,-122.4,40.9,-122.45,16.86,1,41.345,-122.196,2313,0.2148,103
LGY,lgy,40.80_-122.60,40.8,-122.6,40.7,-122.6,21.03,7,41.345,-122.196,2972,0.1456,103
LGY,lgy,40.80_-122.80,40.8,-122.8,40.825,-122.775,19.01,16,41.345,-122.196,2952,0.1097,103
LGY,lgy,40.80_-123.00,40.8,-123.0,40.85,-122.975,33.26,6,41.345,-122.196,2924,0.1542,103
LGY,lgy,41.00_-122.80,41.0,-122.8,40.975,-122.825,19.43,2,41.345,-122.196,2878,0.2835,103
LGY,lgy,41.00_-123.00,41.0,-123.0,41.0,-123.025,30.34,2,41.345,-122.196,2030,0.1702,103
LGY,lgy,41.00_-123.20,41.0,-123.2,41.05,-123.15,36.47,2,41.345,-122.196,2787,0.1983,103
LGY,lgy,41.20_-122.80,41.2,-122.8,41.25,-122.9,20.52,3,41.345,-122.196,2923,0.1343,103
LGY,lgy,41.20_-123.00,41.2,-123.0,41.2,-123.0,22.2,13,41.345,-122.196,2930,0.1198,103
LGY,lgy,41.20_-123.20,41.2,-123.2,41.2,-123.15,36.53,6,41.345,-122.196,2868,0.1379,103
LGY,lgy,41.20_-123.40,41.2,-123.4,41.3,-123.35,33.07,1,41.345,-122.196,2885,0.1643,103
LGY,lgy,41.40_-122.80,41.4,-122.8,41.35,-122.8,18.41,1,41.345,-122.196,2664,0.1537,103
LGY,lgy,41.40_-123.00,41.4,-123.0,41.375,-123.1,35.62,4,41.345,-122.196,2813,0.1277,103
LGY,lgy,41.40_-123.20,41.4,-123.2,41.4,-123.2,35.31,3,41.345,-122.196,2880,0.0943,103
LGY,lgy,41.60_-122.80,41.6,-122.8,41.625,-122.875,18.34,2,41.345,-122.196,2770,0.1201,103
LGY,lgy,41.60_-123.00,41.6,-123.0,41.55,-123.075,30.85,2,41.345,-122.196,2908,0.1215,103
LGY,lgy,41.60_-123.20,41.6,-123.2,41.6,-123.25,33.44,1,41.345,-122.196,2748,0.1573,103
LGY,lgy,41.60_-123.40,41.6,-123.4,41.65,-123.35,37.54,3,41.345,-122.196,2817,0.1115,103
LGY,lgy,41.80_-123.20,41.8,-123.2,41.825,-123.275,34.17,2,41.345,-122.196,2876,0.1406,103
LGY,lgy,41.80_-123.40,41.8,-123.4,41.75,-123.35,37.21,1,41.345,-122.196,2830,0.1142,103
LGY,lgy,42.00_-123.20,42.0,-123.2,42.075,-123.275,36.3,2,41.345,-122.196,2654,0.1274,103
LGY,lgy,42.00_-123.40,42.0,-123.4,42.025,-123.375,40.19,2,41.345,-122.196,2955,0.1355,103
LGY,lgy,42.20_-123.40,42.2,-123.4,42.175,-123.4,42.73,2,41.345,-122.196,2853,0.1351,103
LMC,lmc,41.00_-122.80,41.0,-122.8,41.025,-122.8,18.72,2,41.274,-122.122,3639,0.145,104
LMC,lmc,41.20_-123.00,41.2,-123.0,41.3,-123.0,26.34,1,41.274,-122.122,3367,0.1264,104
LMC,lmc,41.40_-123.00,41.4,-123.0,41.425,-123.075,33.15,2,41.274,-122.122,2903,0.1435,104
LOKI,loki,44.20_-123.60,44.2,-123.6,44.25,-123.65,33.8,1,45.062,-123.108,2277,0.0776,105
LOKI,loki,44.40_-123.60,44.4,-123.6,44.475,-123.6,28.13,4,45.062,-123.108,2277,0.0441,105
LOKI,loki,44.60_-123.60,44.6,-123.6,44.6,-123.65,29.35,11,45.062,-123.108,2277,0.0517,105
LOKI,loki,44.80_-123.60,44.8,-123.6,44.85,-123.5,29.6,4,45.062,-123.108,2277,0.0717,105
LOKI,loki,45.00_-123.20,45.0,-123.2,45.025,-123.25,30.21,2,45.062,-123.108,2277,0.0683,105
LOKI,loki,45.00_-123.40,45.0,-123.4,45.05,-123.45,20.04,3,45.062,-123.108,2277,0.0743,105
LOKI,loki,45.00_-123.60,45.0,-123.6,44.975,-123.575,27.26,4,45.062,-123.108,2277,0.0706,105
LOKI,loki,45.20_-123.20,45.2,-123.2,45.25,-123.2,24.52,5,45.062,-123.108,2277,0.076,105
LOKI,loki,45.20_-123.40,45.2,-123.4,45.15,-123.4,27.13,11,45.062,-123.108,2277,0.0483,105
LOKI,loki,45.20_-123.60,45.2,-123.6,45.2,-123.5,37.78,3,45.062,-123.108,2277,0.0679,105
LOKI,loki,45.40_-123.00,45.4,-123.0,45.35,-123.05,17.0,3,45.062,-123.108,2277,0.0662,105
LOKI,loki,45.40_-123.20,45.4,-123.2,45.375,-123.25,26.45,2,45.062,-123.108,2277,0.0673,105
LOKI,loki,45.40_-123.40,45.4,-123.4,45.35,-123.4,22.14,1,45.062,-123.108,2266,0.0772,105
LOKI,loki,45.60_-123.20,45.6,-123.2,45.5,-123.3,27.4,5,45.062,-123.108,2277,0.079,105
LOKI,loki,45.60_-123.40,45.6,-123.4,45.55,-123.4,41.68,8,45.062,-123.108,2277,0.073,105
LOKI,loki,45.80_-123.20,45.8,-123.2,45.85,-123.2,33.77,1,45.062,-123.108,2277,0.1401,105
LOPEZ,lopez,47.60_-123.00,47.6,-123.0,47.65,-123.0,46.71,1,48.437,-122.887,1660,0.1506,106
LOPEZ,lopez,47.80_-123.00,47.8,-123.0,47.8,-123.075,43.38,2,48.437,-122.887,1660,0.1311,106
LOPEZ,lopez,47.80_-123.20,47.8,-123.2,47.85,-123.2,41.69,5,48.437,-122.887,1660,0.1523,106
LOPEZ,lopez,47.80_-123.40,47.8,-123.4,47.8,-123.375,42.27,2,48.437,-122.887,1660,0.2338,106
LOPEZ,lopez,48.00_-123.20,48.0,-123.2,48.0,-123.275,42.53,2,48.437,-122.887,1660,0.1637,106
LOPEZ,lopez,48.20_-123.40,48.2,-123.4,48.3,-123.45,20.67,1,48.437,-122.887,1660,0.1523,106
LOPEZ,lopez,48.20_-123.60,48.2,-123.6,48.25,-123.7,34.06,3,48.437,-122.887,1660,0.1675,106
LOPEZ,lopez,48.20_-123.80,48.2,-123.8,48.3,-123.75,31.27,7,48.437,-122.887,1660,0.1392,106
LOPEZ,lopez,48.40_-123.60,48.4,-123.6,48.4,-123.7,21.71,6,48.437,-122.887,1660,0.1759,106
LOPEZ,lopez,48.40_-123.80,48.4,-123.8,48.5,-123.8,31.28,15,48.437,-122.887,1660,0.1505,106
LOPEZ,lopez,48.40_-124.00,48.4,-124.0,48.5,-123.95,32.72,9,48.437,-122.887,1660,0.1622,106
LOPEZ,lopez,48.60_-123.60,48.6,-123.6,48.6,-123.6,40.59,1,48.437,-122.887,227,0.3461,106
LOPEZ,lopez,48.60_-123.80,48.6,-123.8,48.55,-123.825,20.01,4,48.437,-122.887,1660,0.1665,106
LOPEZ,lopez,48.60_-124.00,48.6,-124.0,48.6,-123.95,29.29,11,48.437,-122.887,1660,0.1797,106
LOPEZ,lopez,48.60_-124.20,48.6,-124.2,48.65,-124.175,37.58,4,48.437,-122.887,1660,0.2215,106
LOPEZ,lopez,48.80_-123.60,48.8,-123.6,48.7,-123.7,25.87,1,48.437,-122.887,1660,0.1686,106
LOPEZ,lopez,48.80_-123.80,48.8,-123.8,48.7,-123.8,21.92,5,48.437,-122.887,1660,0.1939,106
LOPEZ,lopez,48.80_-124.00,48.8,-124.0,48.7,-124.05,21.65,3,48.437,-122.887,1660,0.1967,106
LOPEZ,lopez,48.80_-124.20,48.8,-124.2,48.75,-124.2,30.58,9,48.437,-122.887,1660,0.1444,106
LTC,ltc,39.80_-122.20,39.8,-122.2,39.9,-122.25,21.18,1,40.209,-122.126,3509,0.0324,107
LTC,ltc,39.80_-122.80,39.8,-122.8,39.9,-122.9,12.0,3,40.209,-122.126,3617,0.0265,107
LTC,ltc,39.80_-123.00,39.8,-123.0,39.9,-123.0,12.19,1,40.209,-122.126,3518,0.0329,107
LTC,ltc,40.00_-122.40,40.0,-122.4,40.05,-122.375,21.52,8,40.209,-122.126,3608,0.0227,107
LTC,ltc,40.00_-122.60,40.0,-122.6,40.1,-122.625,18.46,2,40.209,-122.126,3579,0.0321,107
LTC,ltc,40.00_-122.80,40.0,-122.8,39.95,-122.8,12.27,5,40.209,-122.126,3582,0.0394,107
LTC,ltc,40.20_-122.20,40.2,-122.2,40.225,-122.25,31.74,2,40.209,-122.126,3645,0.0356,107
LTC,ltc,40.20_-122.40,40.2,-122.4,40.2,-122.4,25.03,9,40.209,-122.126,3579,0.043,107
LTC,ltc,40.20_-122.60,40.2,-122.6,40.15,-122.55,19.0,3,40.209,-122.126,3577,0.0323,107
LTC,ltc,40.20_-122.80,40.2,-122.8,40.225,-122.775,16.92,8,40.209,-122.126,3682,0.033,107
LTC,ltc,40.20_-123.00,40.2,-123.0,40.3,-123.05,39.81,4,40.209,-122.126,3637,0.0304,107
LTC,ltc,40.40_-122.40,40.4,-122.4,40.425,-122.4,24.64,6,40.209,-122.126,3587,0.0316,107
LTC,ltc,40.40_-122.60,40.4,-122.6,40.4,-122.6,20.63,7,40.209,-122.126,3634,0.0295,107
LTC,ltc,40.40_-122.80,40.4,-122.8,40.425,-122.8,29.32,12,40.209,-122.126,3648,0.0289,107
LTC,ltc,40.40_-123.00,40.4,-123.0,40.45,-123.0,39.46,3,40.209,-122.126,3574,0.0335,107
LTC,ltc,40.60_-122.00,40.6,-122.0,40.6,-121.95,12.94,1,40.209,-122.126,3523,0.0339,107
LTC,ltc,40.60_-122.40,40.6,-122.4,40.575,-122.5,19.62,2,40.209,-122.126,3507,0.0294,107
LTC,ltc,40.60_-122.60,40.6,-122.6,40.625,-122.6,21.82,6,40.209,-122.126,3523,0.0325,107
LTC,ltc,40.60_-122.80,40.6,-122.8,40.625,-122.775,20.28,10,40.209,-122.126,3639,0.0331,107
LTC,ltc,40.60_-123.00,40.6,-123.0,40.6,-123.05,37.69,2,40.209,-122.126,3629,0.0359,107
LTC,ltc,40.60_-123.20,40.6,-123.2,40.65,-123.15,35.59,1,40.209,-122.126,3514,0.0423,107
LTC,ltc,40.80_-122.00,40.8,-122.0,40.9,-122.0,18.1,1,40.209,-122.126,3562,0.0475,107
LTC,ltc,40.80_-122.40,40.8,-122.4,40.75,-122.5,17.74,2,40.209,-122.126,3677,0.0418,107
LTC,ltc,40.80_-122.60,40.8,-122.6,40.8,-122.6,21.03,3,40.209,-122.126,3549,0.0285,107
LTC,ltc,40.80_-122.80,40.8,-122.8,40.8,-122.8,18.39,12,40.209,-122.126,3533,0.0239,107
LTC,ltc,40.80_-123.00,40.8,-123.0,40.8,-123.0,23.96,7,40.209,-122.126,3542,0.025,107
LTC,ltc,40.80_-123.20,40.8,-123.2,40.8,-123.15,24.53,1,40.209,-122.126,3521,0.0315,107
LTC,ltc,41.00_-122.80,41.0,-122.8,41.0,-122.85,19.99,3,40.209,-122.126,3640,0.0347,107
LTC,ltc,41.00_-123.00,41.0,-123.0,41.025,-123.05,32.45,6,40.209,-122.126,3669,0.0295,107
LTC,ltc,41.00_-123.20,41.0,-123.2,41.0,-123.2,33.88,3,40.209,-122.126,3631,0.0392,107
LTC,ltc,41.20_-122.80,41.2,-122.8,41.1,-122.8,18.63,1,40.209,-122.126,3508,0.0471,107
LTC,ltc,41.20_-123.00,41.2,-123.0,41.1,-123.025,27.17,2,40.209,-122.126,3511,0.0408,107
LTC,ltc,41.20_-123.20,41.2,-123.2,41.1,-123.225,37.27,2,40.209,-122.126,3546,0.0346,107
MARQ,marq,44.20_-123.40,44.2,-123.4,44.3,-123.45,35.67,1,45.066,-122.669,2194,0.088,108
MARQ,marq,44.20_-123.60,44.2,-123.6,44.225,-123.5,29.26,2,45.066,-122.669,2194,0.0459,108
MARQ,marq,44.40_-123.40,44.4,-123.4,44.475,-123.4,33.45,2,45.066,-122.669,2194,0.0931,108
MARQ,marq,44.40_-123.60,44.4,-123.6,44.425,-123.55,30.37,8,45.066,-122.669,2194,0.0451,108
MARQ,marq,44.40_-123.80,44.4,-123.8,44.475,-123.775,22.25,2,45.066,-122.669,2194,0.0558,108
MARQ,marq,44.60_-123.20,44.6,-123.2,44.6,-123.3,34.61,3,45.066,-122.669,2194,0.0396,108
MARQ,marq,44.60_-123.40,44.6,-123.4,44.6,-123.425,25.05,4,45.066,-122.669,2194,0.0623,108
MARQ,marq,44.60_-123.60,44.6,-123.6,44.6,-123.6,27.18,7,45.066,-122.669,2194,0.0631,108
MARQ,marq,44.60_-123.80,44.6,-123.8,44.6,-123.75,22.16,1,45.066,-122.669,2194,0.0508,108
MARQ,marq,44.80_-123.20,44.8,-123.2,44.775,-123.225,39.25,6,45.066,-122.669,2194,0.0374,108
MARQ,marq,44.80_-123.40,44.8,-123.4,44.85,-123.35,33.86,5,45.066,-122.669,2194,0.0451,108
MARQ,marq,44.80_-123.60,44.8,-123.6,44.825,-123.55,30.57,8,45.066,-122.669,2194,0.0464,108
MARQ,marq,44.80_-123.80,44.8,-123.8,44.9,-123.8,23.42,1,45.066,-122.669,2194,0.1179,108
MARQ,marq,45.00_-123.00,45.0,-123.0,45.05,-123.075,30.28,2,45.066,-122.669,2194,0.0382,108
MARQ,marq,45.00_-123.20,45.0,-123.2,45.0,-123.225,33.43,4,45.066,-122.669,2194,0.0549,108
MARQ,marq,45.00_-123.40,45.0,-123.4,45.05,-123.4,18.23,2,45.066,-122.669,2194,0.0764,108
MARQ,marq,45.00_-123.60,45.0,-123.6,45.0,-123.6,28.3,9,45.066,-122.669,2194,0.0541,108
MARQ,marq,45.20_-123.00,45.2,-123.0,45.25,-123.05,21.38,5,45.066,-122.669,2194,0.0337,108
MARQ,marq,45.20_-123.20,45.2,-123.2,45.175,-123.25,26.03,8,45.066,-122.669,2194,0.0371,108
MARQ,marq,45.20_-123.40,45.2,-123.4,45.15,-123.4,28.26,8,45.066,-122.669,2194,0.0393,108
MARQ,marq,45.20_-123.60,45.2,-123.6,45.2,-123.55,46.82,7,45.066,-122.669,2194,0.0501,108
MARQ,marq,45.40_-123.00,45.4,-123.0,45.4,-123.05,17.87,1,45.066,-122.669,2194,0.057,108
MARQ,marq,45.40_-123.20,45.4,-123.2,45.425,-123.25,26.61,4,45.066,-122.669,2194,0.049,108
MARQ,marq,45.40_-123.40,45.4,-123.4,45.4,-123.4,21.2,3,45.066,-122.669,2194,0.0569,108
MARQ,marq,45.40_-123.60,45.4,-123.6,45.4,-123.5,39.5,3,45.066,-122.669,2194,0.0545,108
MARQ,marq,45.60_-123.00,45.6,-123.0,45.6,-122.95,32.66,1,45.066,-122.669,2194,0.0676,108
MARQ,marq,45.60_-123.20,45.6,-123.2,45.6,-123.25,25.84,6,45.066,-122.669,2194,0.058,108
MARQ,marq,45.60_-123.40,45.6,-123.4,45.6,-123.45,35.46,7,45.066,-122.669,2194,0.06,108
MARQ,marq,45.60_-123.60,45.6,-123.6,45.525,-123.525,35.43,4,45.066,-122.669,2194,0.0497,108
MARQ,marq,45.80_-123.00,45.8,-123.0,45.85,-123.0,25.6,1,45.066,-122.669,2194,0.0836,108
MARQ,marq,45.80_-123.20,45.8,-123.2,45.85,-123.2,27.04,7,45.066,-122.669,2194,0.0409,108
MARQ,marq,45.80_-123.40,45.8,-123.4,45.85,-123.45,18.6,5,45.066,-122.669,2194,0.0376,108
MARQ,marq,46.00_-123.00,46.0,-123.0,45.95,-123.05,18.29,1,45.066,-122.669,2101,0.1159,108
MARQ,marq,46.00_-123.20,46.0,-123.2,45.95,-123.3,51.03,1,45.066,-122.669,2178,0.0928,108
MARQ,marq,46.00_-123.40,46.0,-123.4,45.95,-123.375,39.43,2,45.066,-122.669,2194,0.0679,108
MGRB,mgrb,48.00_-123.40,48.0,-123.4,48.1,-123.45,36.94,1,49.0,-124.697,1506,0.2446,109
MGRB,mgrb,48.20_-123.40,48.2,-123.4,48.275,-123.45,30.12,10,49.0,-124.697,2342,0.1461,109
MGRB,mgrb,48.20_-123.60,48.2,-123.6,48.25,-123.65,32.45,22,49.0,-124.697,2330,0.1341,109
MGRB,mgrb,48.20_-123.80,48.2,-123.8,48.25,-123.75,31.38,5,49.0,-124.697,2293,0.1683,109
MGRB,mgrb,48.20_-124.00,48.2,-124.0,48.3,-123.95,37.75,1,49.0,-124.697,2250,0.1934,109
MGRB,mgrb,48.40_-123.40,48.4,-123.4,48.4,-123.425,20.2,4,49.0,-124.697,2265,0.1673,109
MGRB,mgrb,48.40_-123.60,48.4,-123.6,48.35,-123.65,23.87,11,49.0,-124.697,2350,0.1608,109
MGRB,mgrb,48.40_-123.80,48.4,-123.8,48.5,-123.8,27.76,12,49.0,-124.697,2363,0.1565,109
MGRB,mgrb,48.40_-124.00,48.4,-124.0,48.45,-123.95,44.22,7,49.0,-124.697,2359,0.1613,109
MGRB,mgrb,48.40_-124.20,48.4,-124.2,48.35,-124.25,31.83,1,49.0,-124.697,2292,0.2408,109
MGRB,mgrb,48.60_-123.60,48.6,-123.6,48.55,-123.6,25.95,1,49.0,-124.697,2218,0.1292,109
MGRB,mgrb,48.60_-123.80,48.6,-123.8,48.6,-123.8,21.52,9,49.0,-124.697,2352,0.1622,109
MGRB,mgrb,48.60_-124.00,48.6,-124.0,48.6,-123.95,25.74,15,49.0,-124.697,2368,0.1448,109
MGRB,mgrb,48.60_-124.20,48.6,-124.2,48.65,-124.15,36.57,1,49.0,-124.697,2092,0.2825,109
MGRB,mgrb,48.80_-123.60,48.8,-123.6,48.75,-123.7,18.64,1,49.0,-124.697,1430,0.303,109
MGRB,mgrb,48.80_-123.80,48.8,-123.8,48.7,-123.75,21.92,1,49.0,-124.697,1849,0.3124,109
MGRB,mgrb,48.80_-124.00,48.8,-124.0,48.7,-124.0,25.35,5,49.0,-124.697,2291,0.1817,109
MGRB,mgrb,48.80_-124.20,48.8,-124.2,48.75,-124.2,20.89,1,49.0,-124.697,2248,0.2194,109
MGRB,mgrb,49.20_-124.60,49.2,-124.6,49.2,-124.65,36.91,1,49.0,-124.697,1973,0.2293,109
MGRB,mgrb,49.20_-124.80,49.2,-124.8,49.175,-124.825,38.77,2,49.0,-124.697,2055,0.2352,109
MGRB,mgrb,49.20_-125.00,49.2,-125.0,49.15,-125.1,27.82,1,49.0,-124.697,1526,0.184,109
MGRB,mgrb,49.40_-125.20,49.4,-125.2,49.35,-125.275,27.68,2,49.0,-124.697,2168,0.1544,109
MGRB,mgrb,49.40_-125.40,49.4,-125.4,49.4,-125.35,43.5,1,49.0,-124.697,211,0.5069,109
MGRB,mgrb,49.60_-125.20,49.6,-125.2,49.525,-125.3,29.56,2,49.0,-124.697,754,0.2678,109
MILL,mill,41.20_-123.00,41.2,-123.0,41.15,-123.05,29.7,3,41.705,-124.041,1470,0.2169,110
MILL,mill,41.20_-123.20,41.2,-123.2,41.3,-123.25,35.89,1,41.705,-124.041,1146,0.3381,110
MILL,mill,41.20_-123.40,41.2,-123.4,41.25,-123.35,39.06,1,41.705,-124.041,1620,0.1995,110
MILL,mill,41.40_-123.00,41.4,-123.0,41.35,-123.1,35.62,4,41.705,-124.041,1682,0.1744,110
MILL,mill,41.40_-123.20,41.4,-123.2,41.4,-123.2,35.73,5,41.705,-124.041,1715,0.2517,110
MILL,mill,41.40_-123.60,41.4,-123.6,41.45,-123.525,39.33,2,41.705,-124.041,1646,0.2526,110
MILL,mill,41.60_-122.80,41.6,-122.8,41.65,-122.85,16.61,1,41.705,-124.041,1657,0.3523,110
MILL,mill,41.60_-123.00,41.6,-123.0,41.5,-122.95,24.1,1,41.705,-124.041,255,0.2094,110
MILL,mill,41.60_-123.20,41.6,-123.2,41.6,-123.25,33.33,9,41.705,-124.041,1745,0.2036,110
MILL,mill,41.60_-123.40,41.6,-123.4,41.65,-123.4,38.68,12,41.705,-124.041,1762,0.1838,110
MILL,mill,41.60_-123.60,41.6,-123.6,41.6,-123.5,40.47,1,41.705,-124.041,1225,0.3337,110
MILL,mill,41.80_-123.00,41.8,-123.0,41.85,-123.05,24.69,1,41.705,-124.041,1607,0.347,110
MILL,mill,41.80_-123.20,41.8,-123.2,41.775,-123.3,35.1,4,41.705,-124.041,1695,0.2291,110
MILL,mill,41.80_-123.40,41.8,-123.4,41.8,-123.425,40.25,6,41.705,-124.041,1734,0.2826,110
MILL,mill,41.80_-123.60,41.8,-123.6,41.75,-123.6,42.43,1,41.705,-124.041,1447,0.3695,110
MILL,mill,42.00_-123.20,42.0,-123.2,42.05,-123.3,36.56,3,41.705,-124.041,1764,0.2737,110
MILL,mill,42.00_-123.40,42.0,-123.4,42.05,-123.35,39.94,5,41.705,-124.041,1732,0.2674,110
MILL,mill,42.20_-123.20,42.2,-123.2,42.225,-123.3,38.39,4,41.705,-124.041,1709,0.2021,110
MILL,mill,42.20_-123.40,42.2,-123.4,42.2,-123.4,42.88,4,41.705,-124.041,1753,0.2349,110
MILL,mill,42.20_-123.60,42.2,-123.6,42.25,-123.6,46.17,3,41.705,-124.041,1734,0.2433,110
MILL,mill,42.40_-123.20,42.4,-123.2,42.35,-123.3,35.16,5,41.705,-124.041,1754,0.219,110
MILL,mill,42.40_-123.40,42.4,-123.4,42.4,-123.4,35.14,9,41.705,-124.041,1760,0.2413,110
MILL,mill,42.40_-123.60,42.4,-123.6,42.5,-123.55,36.67,9,41.705,-124.041,1755,0.2285,110
MILL,mill,42.60_-123.40,42.6,-123.4,42.55,-123.4,28.96,2,41.705,-124.041,1744,0.2827,110
MINN,minn,44.40_-123.60,44.4,-123.6,44.45,-123.55,31.35,4,45.212,-123.264,3537,0.094,111
MINN,minn,44.60_-123.40,44.6,-123.4,44.55,-123.4,28.14,1,45.212,-123.264,3539,0.0728,111
MINN,minn,44.60_-123.60,44.6,-123.6,44.575,-123.55,29.22,4,45.212,-123.264,3494,0.1348,111
MINN,minn,44.80_-123.20,44.8,-123.2,44.85,-123.3,23.86,2,45.212,-123.264,3543,0.1099,111
MINN,minn,44.80_-123.60,44.8,-123.6,44.8,-123.5,31.54,10,45.212,-123.264,3543,0.0719,111
MINN,minn,45.00_-123.20,45.0,-123.2,45.0,-123.25,32.2,1,45.212,-123.264,3262,0.1416,111
MINN,minn,45.00_-123.40,45.0,-123.4,45.05,-123.45,20.04,1,45.212,-123.264,3504,0.0907,111
MINN,minn,45.00_-123.60,45.0,-123.6,44.95,-123.65,28.3,1,45.212,-123.264,3542,0.1788,111
MINN,minn,45.20_-123.00,45.2,-123.0,45.25,-123.05,20.59,1,45.212,-123.264,2394,0.275,111
MINN,minn,45.20_-123.20,45.2,-123.2,45.3,-123.2,30.99,3,45.212,-123.264,3539,0.1147,111
MINN,minn,45.20_-123.40,45.2,-123.4,45.15,-123.4,28.25,15,45.212,-123.264,3541,0.0809,111
MINN,minn,45.20_-123.60,45.2,-123.6,45.15,-123.55,37.41,7,45.212,-123.264,3540,0.0854,111
MINN,minn,45.40_-123.00,45.4,-123.0,45.4,-123.0,20.91,2,45.212,-123.264,3541,0.102,111
MINN,minn,45.40_-123.20,45.4,-123.2,45.4,-123.25,24.4,2,45.212,-123.264,3430,0.1004,111
MINN,minn,45.40_-123.40,45.4,-123.4,45.35,-123.45,23.39,3,45.212,-123.264,3541,0.1059,111
MINN,minn,45.40_-123.60,45.4,-123.6,45.45,-123.525,41.95,2,45.212,-123.264,3537,0.1193,111
MINN,minn,45.60_-123.20,45.6,-123.2,45.55,-123.2,28.11,2,45.212,-123.264,3542,0.0633,111
MINN,minn,45.80_-123.20,45.8,-123.2,45.9,-123.2,33.55,1,45.212,-123.264,3541,0.1267,111
MOGU,mogu,41.00_-122.80,41.0,-122.8,41.0,-122.9,21.35,1,41.831,-122.421,944,0.3285,25
MOGU,mogu,41.20_-123.00,41.2,-123.0,41.15,-123.0,20.15,1,41.831,-122.421,775,0.3018,25
MOGU,mogu,42.20_-123.20,42.2,-123.2,42.3,-123.3,37.48,4,41.831,-122.421,1585,0.2212,25
MOGU,mogu,42.20_-123.40,42.2,-123.4,42.2,-123.45,45.28,1,41.831,-122.421,778,0.3068,25
MOGU,mogu,42.40_-123.20,42.4,-123.2,42.35,-123.3,35.16,1,41.831,-122.421,472,0.2507,25
MOGU,mogu,42.40_-123.40,42.4,-123.4,42.4,-123.4,35.14,7,41.831,-122.421,1874,0.3584,25
MOGU,mogu,42.40_-123.60,42.4,-123.6,42.45,-123.6,38.66,1,41.831,-122.421,1018,0.2752,25
MOGU,mogu,42.60_-123.40,42.6,-123.4,42.6,-123.45,28.35,3,41.831,-122.421,1805,0.3103,25
MOGU,mogu,42.60_-123.60,42.6,-123.6,42.6,-123.55,30.56,2,41.831,-122.421,807,0.3105,25
MONKS,monks,45.20_-123.40,45.2,-123.4,45.3,-123.45,25.31,1,45.994,-123.004,421,0.1403,113
MONKS,monks,45.20_-123.60,45.2,-123.6,45.15,-123.5,37.41,1,45.994,-123.004,2328,0.0808,113
MONKS,monks,45.40_-123.00,45.4,-123.0,45.4,-122.95,23.95,1,45.994,-123.004,2327,0.0467,113
MONKS,monks,45.40_-123.20,45.4,-123.2,45.4,-123.3,19.95,2,45.994,-123.004,2171,0.0696,113
MONKS,monks,45.40_-123.40,45.4,-123.4,45.375,-123.4,22.29,2,45.994,-123.004,1810,0.1045,113
MONKS,monks,45.60_-123.20,45.6,-123.2,45.7,-123.3,17.34,1,45.994,-123.004,1468,0.2141,113
MONKS,monks,45.80_-123.20,45.8,-123.2,45.9,-123.275,42.9,6,45.994,-123.004,2329,0.0838,113
MONKS,monks,45.80_-123.40,45.8,-123.4,45.9,-123.45,13.75,1,45.994,-123.004,2329,0.0771,113
MONKS,monks,46.00_-123.00,46.0,-123.0,45.95,-123.05,18.29,1,45.994,-123.004,2325,0.0672,113
MONKS,monks,46.00_-123.20,46.0,-123.2,46.0,-123.25,36.34,5,45.994,-123.004,2328,0.108,113
MONKS,monks,46.20_-123.00,46.2,-123.0,46.2,-122.95,19.93,2,45.994,-123.004,2198,0.1391,113
MONKS,monks,46.20_-123.20,46.2,-123.2,46.25,-123.15,18.91,1,45.994,-123.004,2329,0.0612,113
MONTE,monte,46.20_-123.40,46.2,-123.4,46.2,-123.45,14.82,1,47.024,-123.575,1449,0.087,114
MONTE,monte,46.80_-122.80,46.8,-122.8,46.875,-122.8,41.04,4,47.024,-123.575,1823,0.0484,114
MONTE,monte,46.80_-123.00,46.8,-123.0,46.775,-123.05,40.2,2,47.024,-123.575,1821,0.0424,114
MONTE,monte,46.80_-123.20,46.8,-123.2,46.8,-123.15,29.39,2,47.024,-123.575,1795,0.0987,114
MONTE,monte,47.00_-122.80,47.0,-122.8,47.0,-122.75,42.42,1,47.024,-123.575,1820,0.039,114
MONTE,monte,47.20_-122.80,47.2,-122.8,47.2,-122.7,49.99,1,47.024,-123.575,1822,0.0509,114
MONTE,monte,47.20_-123.20,47.2,-123.2,47.1,-123.2,41.59,1,47.024,-123.575,1820,0.0418,114
MONTE,monte,47.40_-122.80,47.4,-122.8,47.375,-122.825,33.42,2,47.024,-123.575,1635,0.0694,114
MONTE,monte,47.40_-123.00,47.4,-123.0,47.35,-122.95,40.99,2,47.024,-123.575,1807,0.0892,114
MONTE,monte,47.60_-122.80,47.6,-122.8,47.55,-122.8,21.59,3,47.024,-123.575,1589,0.1124,114
MONTE,monte,47.80_-122.80,47.8,-122.8,47.85,-122.8,30.01,1,47.024,-123.575,1467,0.0753,114
MONTE,monte,47.80_-123.00,47.8,-123.0,47.9,-123.0,49.18,1,47.024,-123.575,1547,0.07,114
MONTE,monte,47.80_-123.20,47.8,-123.2,47.8,-123.15,28.83,1,47.024,-123.575,1446,0.0543,114
MULN,muln,47.60_-122.60,47.6,-122.6,47.7,-122.65,20.86,1,48.535,-122.064,1790,0.0317,115
MULN,muln,47.60_-122.80,47.6,-122.8,47.7,-122.8,27.73,7,48.535,-122.064,1790,0.0194,115
MULN,muln,47.60_-123.00,47.6,-123.0,47.675,-123.1,44.79,2,48.535,-122.064,1790,0.022,115
MULN,muln,47.60_-123.20,47.6,-123.2,47.65,-123.15,29.11,1,48.535,-122.064,1790,0.0201,115
MULN,muln,47.80_-122.60,47.8,-122.6,47.8,-122.55,13.94,1,48.535,-122.064,1779,0.0545,115
MULN,muln,47.80_-122.80,47.8,-122.8,47.75,-122.875,23.14,6,48.535,-122.064,1790,0.0169,115
MULN,muln,47.80_-123.00,47.8,-123.0,47.8,-123.0,47.67,5,48.535,-122.064,1790,0.0399,115
MULN,muln,47.80_-123.20,47.8,-123.2,47.9,-123.15,40.67,1,48.535,-122.064,1790,0.0375,115
MULN,muln,47.80_-123.40,47.8,-123.4,47.8,-123.4,39.96,1,48.535,-122.064,1790,0.0364,115
MULN,muln,48.00_-122.80,48.0,-122.8,48.05,-122.875,21.64,4,48.535,-122.064,1790,0.0204,115
MULN,muln,48.00_-123.00,48.0,-123.0,48.0,-123.0,48.59,7,48.535,-122.064,1790,0.0143,115
MULN,muln,48.00_-123.20,48.0,-123.2,47.95,-123.25,41.3,3,48.535,-122.064,1781,0.0341,115
MULN,muln,48.20_-122.80,48.2,-122.8,48.25,-122.875,29.45,4,48.535,-122.064,1790,0.0212,115
MULN,muln,48.20_-123.00,48.2,-123.0,48.25,-123.0,24.22,7,48.535,-122.064,1790,0.0253,115
MULN,muln,48.20_-123.20,48.2,-123.2,48.275,-123.15,23.4,2,48.535,-122.064,1790,0.0394,115
MULN,muln,48.20_-123.40,48.2,-123.4,48.3,-123.4,25.92,1,48.535,-122.064,1730,0.0358,115
MULN,muln,48.40_-122.80,48.4,-122.8,48.35,-122.8,18.33,4,48.535,-122.064,1790,0.0161,115
MULN,muln,48.40_-123.20,48.4,-123.2,48.4,-123.15,35.38,1,48.535,-122.064,1779,0.0342,115
MULN,muln,48.60_-123.20,48.6,-123.2,48.575,-123.2,46.75,2,48.535,-122.064,1790,0.0283,115
MULN,muln,48.60_-123.40,48.6,-123.4,48.6,-123.35,48.51,1,48.535,-122.064,1774,0.0353,115
MULN,muln,48.80_-123.00,48.8,-123.0,48.7,-123.05,40.8,1,48.535,-122.064,1790,0.0322,115
NATEM,natem,47.40_-122.80,47.4,-122.8,47.4,-122.75,27.47,1,48.106,-122.819,1931,0.1122,116
NATEM,natem,47.60_-122.80,47.6,-122.8,47.6,-122.8,19.95,3,48.106,-122.819,1927,0.0976,116
NATEM,natem,47.60_-123.40,47.6,-123.4,47.7,-123.35,40.57,1,48.106,-122.819,1924,0.0755,116
NATEM,natem,47.80_-122.60,47.8,-122.6,47.85,-122.6,18.87,1,48.106,-122.819,1915,0.093,116
NATEM,natem,47.80_-123.00,47.8,-123.0,47.875,-123.025,42.89,2,48.106,-122.819,1931,0.0771,116
NATEM,natem,47.80_-123.20,47.8,-123.2,47.75,-123.2,42.8,1,48.106,-122.819,1889,0.0705,116
NATEM,natem,48.00_-122.80,48.0,-122.8,48.05,-122.875,21.64,2,48.106,-122.819,1893,0.0808,116
NATEM,natem,48.00_-123.20,48.0,-123.2,48.025,-123.175,43.28,4,48.106,-122.819,1926,0.0672,116
NATEM,natem,48.00_-123.60,48.0,-123.6,48.05,-123.55,44.59,2,48.106,-122.819,1912,0.0707,116
NATEM,natem,48.20_-122.80,48.2,-122.8,48.2,-122.9,26.67,1,48.106,-122.819,1926,0.0969,116
NATEM,natem,48.20_-123.00,48.2,-123.0,48.15,-122.95,50.83,1,48.106,-122.819,1899,0.1662,116
NATEM,natem,48.20_-123.20,48.2,-123.2,48.3,-123.15,18.0,1,48.106,-122.819,1897,0.1265,116
NATEM,natem,48.20_-123.40,48.2,-123.4,48.3,-123.4,25.92,1,48.106,-122.819,1713,0.1944,116
NATEM,natem,48.20_-123.60,48.2,-123.6,48.225,-123.6,36.64,2,48.106,-122.819,1923,0.0601,116
NATEM,natem,48.20_-123.80,48.2,-123.8,48.275,-123.775,31.32,2,48.106,-122.819,1930,0.0731,116
NATEM,natem,48.40_-122.80,48.4,-122.8,48.4,-122.85,54.79,3,48.106,-122.819,1930,0.0657,116
NATEM,natem,48.40_-123.60,48.4,-123.6,48.35,-123.65,26.33,1,48.106,-122.819,1931,0.0956,116
NATEM,natem,48.80_-123.60,48.8,-123.6,48.825,-123.55,39.56,2,48.106,-122.819,1932,0.099,116
NATEM,natem,48.80_-123.80,48.8,-123.8,48.75,-123.8,38.9,1,48.106,-122.819,1926,0.0807,116
NATEM,natem,48.80_-124.00,48.8,-124.0,48.8,-124.0,21.14,2,48.106,-122.819,1925,0.14,116
NATEM,natem,49.00_-124.00,49.0,-124.0,48.95,-123.9,46.33,3,48.106,-122.819,1857,0.0966,116
NBFR,nbfr,44.80_-123.60,44.8,-123.6,44.9,-123.6,26.48,1,45.726,-123.853,1255,0.2313,117
NBFR,nbfr,45.00_-123.40,45.0,-123.4,45.05,-123.35,16.42,1,45.726,-123.853,2137,0.1545,117
NBFR,nbfr,45.00_-123.60,45.0,-123.6,45.05,-123.55,30.95,1,45.726,-123.853,1204,0.1495,117
NBFR,nbfr,45.20_-123.20,45.2,-123.2,45.2,-123.25,31.46,1,45.726,-123.853,2301,0.0789,117
NBFR,nbfr,45.20_-123.40,45.2,-123.4,45.15,-123.45,36.27,3,45.726,-123.853,2150,0.2309,117
NBFR,nbfr,45.20_-123.60,45.2,-123.6,45.2,-123.5,37.78,3,45.726,-123.853,2025,0.1759,117
NBFR,nbfr,45.40_-123.60,45.4,-123.6,45.45,-123.5,40.64,1,45.726,-123.853,1787,0.1852,117
NBFR,nbfr,45.60_-123.20,45.6,-123.2,45.5,-123.25,37.87,2,45.726,-123.853,1619,0.2079,117
NBFR,nbfr,45.60_-123.40,45.6,-123.4,45.6,-123.35,38.67,1,45.726,-123.853,1532,0.289,117
NBFR,nbfr,45.60_-123.60,45.6,-123.6,45.6,-123.5,38.83,1,45.726,-123.853,2304,0.1049,117
NBFR,nbfr,45.80_-123.20,45.8,-123.2,45.825,-123.2,33.99,6,45.726,-123.853,2304,0.0958,117
NBFR,nbfr,45.80_-123.40,45.8,-123.4,45.9,-123.35,37.88,1,45.726,-123.853,517,0.1462,117
NBFR,nbfr,46.00_-123.00,46.0,-123.0,46.05,-123.1,15.56,1,45.726,-123.853,1870,0.2943,117
NBFR,nbfr,46.00_-123.40,46.0,-123.4,45.95,-123.45,27.75,1,45.726,-123.853,907,0.3598,117
NBFR,nbfr,46.40_-123.20,46.4,-123.2,46.4,-123.2,25.01,1,45.726,-123.853,2300,0.1314,117
NCSB,ncsb,49.60_-125.60,49.6,-125.6,49.5,-125.5,42.59,1,50.403,-126.056,2225,0.1834,118
NCSB,ncsb,49.60_-125.80,49.6,-125.8,49.7,-125.8,39.86,1,50.403,-126.056,2071,0.1687,118
NCSB,ncsb,49.60_-126.00,49.6,-126.0,49.65,-125.9,26.44,1,50.403,-126.056,2190,0.1642,118
NCSB,ncsb,49.60_-126.80,49.6,-126.8,49.7,-126.8,25.2,1,50.403,-126.056,2247,0.1707,118
NCSB,ncsb,50.00_-126.80,50.0,-126.8,50.1,-126.85,27.89,1,50.403,-126.056,2172,0.1719,118
NCSB,ncsb,50.00_-127.00,50.0,-127.0,50.025,-127.025,28.56,2,50.403,-126.056,2267,0.181,118
NCSB,ncsb,50.00_-127.20,50.0,-127.2,50.05,-127.25,27.46,1,50.403,-126.056,2218,0.1734,118
NCSB,ncsb,50.20_-126.80,50.2,-126.8,50.2,-126.85,22.97,2,50.403,-126.056,2266,0.1642,118
NCSB,ncsb,50.20_-127.00,50.2,-127.0,50.175,-126.975,31.87,2,50.403,-126.056,2270,0.168,118
NEMA,nema,45.60_-123.00,45.6,-123.0,45.65,-123.0,33.83,1,46.497,-123.75,1490,0.1324,119
NEMA,nema,45.60_-123.20,45.6,-123.2,45.6,-123.2,24.93,1,46.497,-123.75,648,0.4306,119
NEMA,nema,45.60_-123.40,45.6,-123.4,45.65,-123.4,34.84,1,46.497,-123.75,360,0.7243,119
NEMA,nema,45.80_-123.20,45.8,-123.2,45.75,-123.3,20.88,1,46.497,-123.75,1498,0.3872,119
NEMA,nema,46.00_-123.20,46.0,-123.2,45.95,-123.2,33.33,1,46.497,-123.75,599,0.5,119
NEMA,nema,46.20_-123.00,46.2,-123.0,46.15,-123.1,15.49,1,46.497,-123.75,1027,0.4873,119
NEMA,nema,46.20_-123.20,46.2,-123.2,46.3,-123.15,15.01,1,46.497,-123.75,921,0.2069,119
NEMA,nema,46.40_-123.20,46.4,-123.2,46.5,-123.25,32.83,1,46.497,-123.75,1224,0.2971,119
NEMA,nema,46.60_-123.20,46.6,-123.2,46.65,-123.2,31.79,1,46.497,-123.75,893,0.204,119
NEMA,nema,46.80_-122.60,46.8,-122.6,46.875,-122.625,44.19,2,46.497,-123.75,1697,0.345,119
NEMA,nema,46.80_-122.80,46.8,-122.8,46.875,-122.775,37.41,6,46.497,-123.75,1766,0.7539,119
NEMA,nema,47.00_-122.60,47.0,-122.6,47.0,-122.6,47.91,2,46.497,-123.75,1607,0.2021,119
NEMA,nema,47.00_-122.80,47.0,-122.8,46.975,-122.775,44.83,2,46.497,-123.75,1552,0.1241,119
NEMA,nema,47.00_-123.00,47.0,-123.0,47.05,-123.1,45.93,1,46.497,-123.75,1499,0.1498,119
NEMA,nema,47.00_-123.20,47.0,-123.2,47.0,-123.2,36.74,1,46.497,-123.75,896,1.0049,119
NEMA,nema,47.20_-122.60,47.2,-122.6,47.15,-122.6,32.65,4,46.497,-123.75,1690,0.207,119
NEMA,nema,47.20_-122.80,47.2,-122.8,47.2,-122.75,43.26,3,46.497,-123.75,1720,0.3328,119
NEMA,nema,47.20_-123.00,47.2,-123.0,47.175,-123.075,39.85,8,46.497,-123.75,1795,0.3869,119
NEMA,nema,47.20_-123.20,47.2,-123.2,47.2,-123.2,42.21,6,46.497,-123.75,1696,0.1334,119
NEMA,nema,47.40_-123.00,47.4,-123.0,47.35,-123.1,44.99,1,46.497,-123.75,1512,0.1533,119
NEMA,nema,47.40_-123.20,47.4,-123.2,47.35,-123.2,43.84,1,46.497,-123.75,1404,0.2103,119
NLWA,nlwa,46.80_-122.60,46.8,-122.6,46.9,-122.6,50.25,1,47.392,-123.869,5865,0.1066,120
NLWA,nlwa,46.80_-122.80,46.8,-122.8,46.9,-122.8,35.94,2,47.392,-123.869,5808,0.1049,120
NLWA,nlwa,46.80_-123.00,46.8,-123.0,46.9,-123.0,42.86,5,47.392,-123.869,5919,0.0769,120
NLWA,nlwa,46.80_-123.20,46.8,-123.2,46.8,-123.2,25.8,1,47.392,-123.869,5825,0.0951,120
NLWA,nlwa,47.00_-122.80,47.0,-122.8,46.95,-122.8,45.81,5,47.392,-123.869,5901,0.0709,120
NLWA,nlwa,47.00_-123.00,47.0,-123.0,47.0,-123.05,44.06,3,47.392,-123.869,5913,0.0753,120
NLWA,nlwa,47.00_-123.20,47.0,-123.2,46.95,-123.2,41.0,1,47.392,-123.869,5882,0.1342,120
NLWA,nlwa,47.20_-122.60,47.2,-122.6,47.3,-122.65,24.05,1,47.392,-123.869,5564,0.0911,120
NLWA,nlwa,47.20_-122.80,47.2,-122.8,47.225,-122.775,39.18,4,47.392,-123.869,5862,0.0963,120
NLWA,nlwa,47.20_-123.00,47.2,-123.0,47.2,-123.05,41.13,5,47.392,-123.869,5895,0.0715,120
NLWA,nlwa,47.20_-123.20,47.2,-123.2,47.2,-123.2,42.46,2,47.392,-123.869,5910,0.0794,120
NLWA,nlwa,47.40_-122.80,47.4,-122.8,47.4,-122.8,24.71,3,47.392,-123.869,5899,0.1096,120
NLWA,nlwa,47.40_-123.00,47.4,-123.0,47.4,-123.0,32.12,5,47.392,-123.869,5911,0.0609,120
NLWA,nlwa,47.60_-122.80,47.6,-122.8,47.65,-122.825,22.54,12,47.392,-123.869,5925,0.089,120
NLWA,nlwa,47.60_-123.00,47.6,-123.0,47.55,-123.0,35.29,4,47.392,-123.869,5902,0.0645,120
NLWA,nlwa,47.60_-123.20,47.6,-123.2,47.5,-123.25,43.98,3,47.392,-123.869,5896,0.0909,120
NLWA,nlwa,47.80_-122.80,47.8,-122.8,47.8,-122.9,47.13,1,47.392,-123.869,5357,0.1545,120
NLWA,nlwa,47.80_-123.00,47.8,-123.0,47.85,-123.0,47.7,6,47.392,-123.869,5919,0.0963,120
NLWA,nlwa,48.00_-122.80,48.0,-122.8,48.05,-122.875,22.7,2,47.392,-123.869,5878,0.1238,120
NLWA,nlwa,48.00_-123.00,48.0,-123.0,47.95,-122.95,48.59,3,47.392,-123.869,5870,0.1701,120
NLWA,nlwa,48.00_-123.20,48.0,-123.2,48.05,-123.2,43.28,3,47.392,-123.869,5881,0.0784,120
NLWA,nlwa,48.00_-123.40,48.0,-123.4,48.1,-123.35,40.14,5,47.392,-123.869,5904,0.0935,120
NLWA,nlwa,48.00_-123.60,48.0,-123.6,47.95,-123.6,39.21,3,47.392,-123.869,5910,0.107,120
NLWA,nlwa,48.20_-123.00,48.2,-123.0,48.25,-123.1,24.22,1,47.392,-123.869,5089,0.0831,120
NLWA,nlwa,48.20_-123.20,48.2,-123.2,48.15,-123.25,40.36,1,47.392,-123.869,4651,0.231,120
NLWA,nlwa,48.20_-123.40,48.2,-123.4,48.225,-123.375,39.05,2,47.392,-123.869,5887,0.0708,120
NLWA,nlwa,48.20_-123.60,48.2,-123.6,48.25,-123.625,34.87,6,47.392,-123.869,5869,0.0958,120
OLGA,olga,47.80_-122.80,47.8,-122.8,47.9,-122.8,32.22,1,48.605,-122.803,1719,0.0975,121
OLGA,olga,47.80_-123.00,47.8,-123.0,47.85,-123.05,46.48,5,48.605,-122.803,1720,0.0863,121
OLGA,olga,47.80_-123.20,47.8,-123.2,47.9,-123.2,41.69,3,48.605,-122.803,1720,0.0807,121
OLGA,olga,47.80_-123.40,47.8,-123.4,47.8,-123.375,30.97,2,48.605,-122.803,1720,0.1054,121
OLGA,olga,48.00_-122.80,48.0,-122.8,48.05,-122.9,26.35,2,48.605,-122.803,1720,0.0718,121
OLGA,olga,48.00_-123.00,48.0,-123.0,48.0,-123.0,45.68,5,48.605,-122.803,1720,0.0942,121
OLGA,olga,48.00_-123.20,48.0,-123.2,48.0,-123.175,41.48,4,48.605,-122.803,1720,0.0726,121
OLGA,olga,48.00_-123.40,48.0,-123.4,48.05,-123.35,40.42,3,48.605,-122.803,1720,0.1187,121
OLGA,olga,48.00_-123.60,48.0,-123.6,48.05,-123.575,42.06,2,48.605,-122.803,1720,0.0962,121
OLGA,olga,48.20_-122.80,48.2,-122.8,48.225,-122.825,27.13,4,48.605,-122.803,1720,0.078,121
OLGA,olga,48.20_-123.00,48.2,-123.0,48.25,-123.025,24.58,2,48.605,-122.803,1720,0.0685,121
OLGA,olga,48.20_-123.20,48.2,-123.2,48.25,-123.175,32.25,2,48.605,-122.803,1720,0.0795,121
OLGA,olga,48.20_-123.40,48.2,-123.4,48.25,-123.35,30.86,1,48.605,-122.803,1720,0.1325,121
OLGA,olga,48.20_-123.60,48.2,-123.6,48.25,-123.6,32.45,11,48.605,-122.803,1720,0.0871,121
OLGA,olga,48.20_-123.80,48.2,-123.8,48.3,-123.85,35.4,3,48.605,-122.803,1720,0.0614,121
OLGA,olga,48.40_-122.80,48.4,-122.8,48.4,-122.8,45.79,5,48.605,-122.803,1720,0.0735,121
OLGA,olga,48.40_-123.00,48.4,-123.0,48.35,-123.1,44.72,1,48.605,-122.803,1720,0.0886,121
OLGA,olga,48.40_-123.20,48.4,-123.2,48.35,-123.15,46.7,1,48.605,-122.803,1720,0.0892,121
OLGA,olga,48.40_-123.60,48.4,-123.6,48.45,-123.65,24.18,14,48.605,-122.803,1720,0.0854,121
OLGA,olga,48.40_-123.80,48.4,-123.8,48.45,-123.8,31.28,13,48.605,-122.803,1720,0.0785,121
OLGA,olga,48.40_-124.00,48.4,-124.0,48.45,-123.95,35.62,5,48.605,-122.803,1720,0.0989,121
OLGA,olga,48.60_-123.20,48.6,-123.2,48.625,-123.3,34.03,2,48.605,-122.803,1720,0.065,121
OLGA,olga,48.60_-123.60,48.6,-123.6,48.55,-123.65,23.37,3,48.605,-122.803,1720,0.1013,121
OLGA,olga,48.60_-123.80,48.6,-123.8,48.6,-123.85,29.19,3,48.605,-122.803,1720,0.0841,121
OLGA,olga,48.60_-124.00,48.6,-124.0,48.6,-123.95,27.88,11,48.605,-122.803,1720,0.0648,121
OLGA,olga,48.60_-124.20,48.6,-124.2,48.6,-124.15,37.55,1,48.605,-122.803,1717,0.1149,121
OLGA,olga,48.80_-123.60,48.8,-123.6,48.85,-123.7,34.93,3,48.605,-122.803,1720,0.0657,121
OLGA,olga,48.80_-123.80,48.8,-123.8,48.775,-123.825,30.49,2,48.605,-122.803,1720,0.1355,121
OLGA,olga,48.80_-124.00,48.8,-124.0,48.7,-124.05,20.74,3,48.605,-122.803,1720,0.1085,121
OLGA,olga,49.00_-123.80,49.0,-123.8,48.95,-123.85,48.26,1,48.605,-122.803,1720,0.0707,121
OLGA,olga,49.00_-124.00,49.0,-124.0,48.975,-123.9,44.6,2,48.605,-122.803,1720,0.0762,121
OLQN,olqn,46.60_-123.20,46.6,-123.2,46.65,-123.15,36.89,1,47.513,-123.813,2345,0.1166,122
OLQN,olqn,46.80_-122.80,46.8,-122.8,46.9,-122.85,39.85,3,47.513,-123.813,2363,0.0984,122
OLQN,olqn,46.80_-123.00,46.8,-123.0,46.7,-123.0,46.39,1,47.513,-123.813,2363,0.1244,122
OLQN,olqn,46.80_-123.20,46.8,-123.2,46.75,-123.25,24.12,2,47.513,-123.813,2363,0.0873,122
OLQN,olqn,47.00_-122.80,47.0,-122.8,46.95,-122.7,47.56,1,47.513,-123.813,2362,0.1156,122
OLQN,olqn,47.00_-123.00,47.0,-123.0,46.95,-122.95,48.22,1,47.513,-123.813,2362,0.0829,122
OLQN,olqn,47.00_-123.20,47.0,-123.2,47.0,-123.2,36.74,1,47.513,-123.813,2363,0.0918,122
OLQN,olqn,47.20_-122.80,47.2,-122.8,47.175,-122.8,35.16,2,47.513,-123.813,2362,0.1111,122
OLQN,olqn,47.20_-123.00,47.2,-123.0,47.2,-123.05,37.19,2,47.513,-123.813,2362,0.0816,122
OLQN,olqn,47.20_-123.20,47.2,-123.2,47.15,-123.175,35.91,2,47.513,-123.813,2362,0.1307,122
OLQN,olqn,47.40_-122.80,47.4,-122.8,47.375,-122.8,24.1,4,47.513,-123.813,2363,0.1085,122
OLQN,olqn,47.40_-123.00,47.4,-123.0,47.4,-123.075,33.03,4,47.513,-123.813,2363,0.1139,122
OLQN,olqn,47.40_-123.20,47.4,-123.2,47.45,-123.2,36.43,1,47.513,-123.813,2361,0.1057,122
OLQN,olqn,47.60_-122.60,47.6,-122.6,47.7,-122.65,20.86,1,47.513,-123.813,2363,0.1665,122
OLQN,olqn,47.60_-122.80,47.6,-122.8,47.55,-122.775,21.91,6,47.513,-123.813,2363,0.1109,122
OLQN,olqn,47.60_-123.00,47.6,-123.0,47.65,-123.025,30.42,2,47.513,-123.813,2362,0.0866,122
OLQN,olqn,47.60_-123.20,47.6,-123.2,47.6,-123.15,47.19,1,47.513,-123.813,2362,0.1124,122
OLQN,olqn,47.60_-123.40,47.6,-123.4,47.675,-123.375,39.18,2,47.513,-123.813,2363,0.1049,122
OLQN,olqn,47.80_-122.60,47.8,-122.6,47.75,-122.6,18.38,1,47.513,-123.813,2363,0.0892,122
OLQN,olqn,47.80_-122.80,47.8,-122.8,47.825,-122.825,34.62,6,47.513,-123.813,2363,0.0939,122
OLQN,olqn,47.80_-123.00,47.8,-123.0,47.825,-123.025,47.28,8,47.513,-123.813,2362,0.0898,122
OLQN,olqn,47.80_-123.20,47.8,-123.2,47.75,-123.175,42.59,4,47.513,-123.813,2363,0.0948,122
OLQN,olqn,47.80_-123.40,47.8,-123.4,47.8,-123.425,39.83,2,47.513,-123.813,2359,0.1869,122
OLQN,olqn,48.00_-122.80,48.0,-122.8,48.05,-122.85,25.3,3,47.513,-123.813,2363,0.1129,122
OLQN,olqn,48.00_-123.00,48.0,-123.0,48.0,-123.05,45.02,5,47.513,-123.813,2363,0.1029,122
OLQN,olqn,48.00_-123.20,48.0,-123.2,48.05,-123.275,42.08,2,47.513,-123.813,2362,0.0866,122
OLQN,olqn,48.00_-123.40,48.0,-123.4,47.95,-123.4,43.97,1,47.513,-123.813,2361,0.1154,122
OLQN,olqn,48.20_-122.80,48.2,-122.8,48.2,-122.9,26.67,1,47.513,-123.813,2362,0.133,122
OLQN,olqn,48.20_-123.00,48.2,-123.0,48.25,-123.05,24.22,5,47.513,-123.813,2363,0.1239,122
OLQN,olqn,48.20_-123.20,48.2,-123.2,48.25,-123.25,41.01,1,47.513,-123.813,2340,0.1284,122
OLQN,olqn,48.20_-123.60,48.2,-123.6,48.25,-123.6,34.06,11,47.513,-123.813,2363,0.079,122
OLQN,olqn,48.20_-123.80,48.2,-123.8,48.225,-123.775,33.26,4,47.513,-123.813,2362,0.0884,122
OLQN,olqn,48.20_-124.00,48.2,-124.0,48.3,-123.9,39.53,1,47.513,-123.813,2361,0.1237,122
OLQN,olqn,48.40_-122.80,48.4,-122.8,48.4,-122.85,53.98,3,47.513,-123.813,2362,0.072,122
OLQN,olqn,48.40_-123.20,48.4,-123.2,48.35,-123.3,28.26,1,47.513,-123.813,2363,0.1092,122
OLQN,olqn,48.40_-123.40,48.4,-123.4,48.4,-123.45,19.12,1,47.513,-123.813,2363,0.0953,122
OLQN,olqn,48.40_-123.60,48.4,-123.6,48.4,-123.55,15.23,1,47.513,-123.813,2362,0.0903,122
OLQN,olqn,48.40_-123.80,48.4,-123.8,48.35,-123.775,29.18,2,47.513,-123.813,2363,0.1191,122
OLQN,olqn,48.40_-124.00,48.4,-124.0,48.35,-123.95,40.72,2,47.513,-123.813,2363,0.1208,122
OSQM,osqm,47.20_-122.80,47.2,-122.8,47.2,-122.85,31.79,1,48.043,-123.131,1953,0.1126,4
OSQM,osqm,47.60_-123.00,47.6,-123.0,47.7,-123.1,46.33,1,48.043,-123.131,1953,0.1139,4
OSQM,osqm,47.60_-123.20,47.6,-123.2,47.55,-123.2,38.7,4,48.043,-123.131,1953,0.1146,4
OSQM,osqm,47.80_-123.00,47.8,-123.0,47.8,-123.1,46.15,5,48.043,-123.131,1953,0.1043,4
OSQM,osqm,47.80_-123.20,47.8,-123.2,47.8,-123.15,42.92,2,48.043,-123.131,1953,0.076,4
OSQM,osqm,47.80_-123.40,47.8,-123.4,47.9,-123.4,43.57,3,48.043,-123.131,1940,0.1384,4
OSQM,osqm,48.00_-123.00,48.0,-123.0,48.025,-123.075,45.66,2,48.043,-123.131,1953,0.1137,4
OSQM,osqm,48.00_-123.20,48.0,-123.2,48.05,-123.2,43.01,4,48.043,-123.131,1953,0.0861,4
OSQM,osqm,48.20_-123.60,48.2,-123.6,48.3,-123.6,31.35,1,48.043,-123.131,1953,0.116,4
OSQM,osqm,48.20_-123.80,48.2,-123.8,48.3,-123.75,31.17,2,48.043,-123.131,1884,0.1553,4
OSQM,osqm,48.40_-123.60,48.4,-123.6,48.4,-123.7,21.02,4,48.043,-123.131,1953,0.1168,4
OSQM,osqm,48.40_-123.80,48.4,-123.8,48.5,-123.85,31.28,4,48.043,-123.131,1953,0.117,4
OSQM,osqm,48.60_-123.80,48.6,-123.8,48.575,-123.8,28.67,2,48.043,-123.131,1953,0.1492,4
OSQM,osqm,48.60_-124.00,48.6,-124.0,48.55,-123.95,18.93,3,48.043,-123.131,1953,0.107,4
OTR,otr,47.20_-123.00,47.2,-123.0,47.25,-123.05,39.3,2,48.086,-124.345,2036,0.1416,124
OTR,otr,47.20_-123.20,47.2,-123.2,47.25,-123.15,41.16,1,48.086,-124.345,2025,0.1784,124
OTR,otr,47.40_-123.00,47.4,-123.0,47.375,-123.025,37.67,4,48.086,-124.345,2011,0.1934,124
OTR,otr,47.40_-123.20,47.4,-123.2,47.375,-123.15,35.88,2,48.086,-124.345,2029,0.2464,124
OTR,otr,47.60_-123.00,47.6,-123.0,47.575,-123.05,34.65,4,48.086,-124.345,2035,0.1717,124
OTR,otr,47.60_-123.20,47.6,-123.2,47.6,-123.15,47.19,1,48.086,-124.345,2039,0.1618,124
OTR,otr,47.80_-123.00,47.8,-123.0,47.875,-123.075,45.85,4,48.086,-124.345,2040,0.1505,124
OTR,otr,47.80_-123.20,47.8,-123.2,47.8,-123.2,42.8,7,48.086,-124.345,2038,0.1383,124
OTR,otr,47.80_-123.60,47.8,-123.6,47.85,-123.5,37.42,1,48.086,-124.345,1966,0.21,124
OTR,otr,48.00_-123.00,48.0,-123.0,48.0,-123.05,45.65,5,48.086,-124.345,2041,0.1473,124
OTR,otr,48.00_-123.20,48.0,-123.2,48.05,-123.25,43.84,8,48.086,-124.345,2043,0.1418,124
OTR,otr,48.00_-123.40,48.0,-123.4,48.05,-123.35,36.94,5,48.086,-124.345,2030,0.1333,124
OTR,otr,48.00_-123.60,48.0,-123.6,48.05,-123.6,39.6,4,48.086,-124.345,2037,0.1599,124
OTR,otr,48.20_-123.00,48.2,-123.0,48.25,-123.05,24.22,3,48.086,-124.345,2031,0.1651,124
OTR,otr,48.20_-123.20,48.2,-123.2,48.25,-123.2,34.89,8,48.086,-124.345,2041,0.1492,124
OTR,otr,48.20_-123.40,48.2,-123.4,48.2,-123.375,38.78,4,48.086,-124.345,2032,0.1428,124
OTR,otr,48.20_-123.60,48.2,-123.6,48.225,-123.65,34.16,10,48.086,-124.345,2038,0.1386,124
OTR,otr,48.20_-123.80,48.2,-123.8,48.3,-123.8,33.5,2,48.086,-124.345,2033,0.1899,124
OTR,otr,48.40_-123.00,48.4,-123.0,48.35,-123.05,29.91,1,48.086,-124.345,2028,0.2152,124
OTR,otr,48.40_-123.20,48.4,-123.2,48.35,-123.25,41.7,1,48.086,-124.345,2043,0.1793,124
OTR,otr,48.40_-123.40,48.4,-123.4,48.425,-123.375,21.93,6,48.086,-124.345,2037,0.143,124
OTR,otr,48.40_-123.60,48.4,-123.6,48.425,-123.6,21.09,12,48.086,-124.345,2043,0.1511,124
OTR,otr,48.40_-123.80,48.4,-123.8,48.45,-123.8,26.24,7,48.086,-124.345,2039,0.1554,124
OTR,otr,48.40_-124.00,48.4,-124.0,48.475,-124.0,33.09,8,48.086,-124.345,2039,0.138,124
OTR,otr,48.60_-123.40,48.6,-123.4,48.6,-123.425,37.02,2,48.086,-124.345,2021,0.1727,124
OTR,otr,48.60_-123.60,48.6,-123.6,48.575,-123.675,38.58,2,48.086,-124.345,2036,0.1977,124
OTR,otr,48.60_-123.80,48.6,-123.8,48.6,-123.825,25.9,6,48.086,-124.345,2037,0.1543,124
OTR,otr,48.60_-124.00,48.6,-124.0,48.625,-124.0,23.98,8,48.086,-124.345,2037,0.1508,124
OTR,otr,48.60_-124.20,48.6,-124.2,48.6,-124.25,37.55,5,48.086,-124.345,2043,0.1387,124
OTR,otr,48.60_-124.40,48.6,-124.4,48.65,-124.35,34.37,2,48.086,-124.345,2026,0.1479,124
OTR,otr,48.80_-123.60,48.8,-123.6,48.75,-123.55,15.5,1,48.086,-124.345,2039,0.1703,124
OTR,otr,48.80_-123.80,48.8,-123.8,48.8,-123.8,19.2,1,48.086,-124.345,2009,0.1554,124
OTR,otr,48.80_-124.00,48.8,-124.0,48.8,-124.05,22.3,5,48.086,-124.345,2037,0.1541,124
OTR,otr,48.80_-124.20,48.8,-124.2,48.75,-124.2,21.22,8,48.086,-124.345,2036,0.1446,124
OTR,otr,48.80_-124.40,48.8,-124.4,48.75,-124.35,30.58,4,48.086,-124.345,2039,0.1505,124
OTR,otr,48.80_-124.80,48.8,-124.8,48.9,-124.9,40.81,1,48.086,-124.345,1935,0.1588,124
OZB,ozb,48.60_-124.20,48.6,-124.2,48.65,-124.175,37.09,2,48.961,-125.498,2820,0.1588,125
OZB,ozb,48.80_-124.20,48.8,-124.2,48.75,-124.25,15.76,3,48.961,-125.498,3048,0.21,125
OZB,ozb,48.80_-124.40,48.8,-124.4,48.8,-124.3,21.13,1,48.961,-125.498,2678,0.1917,125
OZB,ozb,49.00_-124.40,49.0,-124.4,48.975,-124.375,22.55,2,48.961,-125.498,2849,0.2386,125
OZB,ozb,49.20_-124.60,49.2,-124.6,49.2,-124.65,36.91,4,48.961,-125.498,3243,0.239,125
OZB,ozb,49.20_-124.80,49.2,-124.8,49.225,-124.775,34.82,2,48.961,-125.498,1714,0.3628,125
OZB,ozb,49.20_-125.00,49.2,-125.0,49.25,-125.025,35.43,2,48.961,-125.498,2859,0.1799,125
OZB,ozb,49.40_-125.80,49.4,-125.8,49.4,-125.8,35.95,1,48.961,-125.498,2841,0.2086,125
OZB,ozb,49.40_-126.00,49.4,-126.0,49.375,-125.9,38.84,2,48.961,-125.498,2791,0.1841,125
OZB,ozb,49.60_-124.40,49.6,-124.4,49.7,-124.5,13.48,1,48.961,-125.498,1420,0.513,125
OZB,ozb,49.60_-125.80,49.6,-125.8,49.625,-125.8,26.32,4,48.961,-125.498,2955,0.1698,125
OZB,ozb,49.60_-126.00,49.6,-126.0,49.6,-125.925,29.98,8,48.961,-125.498,3158,0.1877,125
OZB,ozb,49.60_-126.20,49.6,-126.2,49.7,-126.2,37.16,1,48.961,-125.498,3004,0.1723,125
OZB,ozb,49.60_-126.40,49.6,-126.4,49.675,-126.325,38.24,2,48.961,-125.498,2616,0.1556,125
OZB,ozb,49.80_-125.80,49.8,-125.8,49.8,-125.75,41.54,1,48.961,-125.498,2454,0.3874,125
OZB,ozb,49.80_-126.00,49.8,-126.0,49.8,-126.0,42.78,2,48.961,-125.498,2927,0.1691,125
OZB,ozb,49.80_-126.20,49.8,-126.2,49.8,-126.2,36.48,7,48.961,-125.498,3070,0.1772,125
OZB,ozb,49.80_-126.40,49.8,-126.4,49.8,-126.3,38.75,12,48.961,-125.498,3110,0.1644,125
PABB,pabb,48.40_-124.00,48.4,-124.0,48.5,-123.9,35.62,1,49.219,-124.811,1949,0.1069,29
PABB,pabb,48.60_-124.00,48.6,-124.0,48.625,-124.025,28.59,4,49.219,-124.811,1978,0.1676,29
PABB,pabb,48.60_-124.20,48.6,-124.2,48.65,-124.175,37.09,4,49.219,-124.811,2151,0.1928,29
PABB,pabb,48.80_-124.00,48.8,-124.0,48.9,-123.95,24.41,1,49.219,-124.811,2219,0.1255,29
PABB,pabb,48.80_-124.20,48.8,-124.2,48.7,-124.25,29.61,3,49.219,-124.811,2259,0.2835,29
PABB,pabb,48.80_-124.40,48.8,-124.4,48.8,-124.35,30.26,13,49.219,-124.811,2372,0.163,29
PABB,pabb,49.00_-124.60,49.0,-124.6,49.05,-124.6,42.57,1,49.219,-124.811,1035,0.5589,29
PABB,pabb,49.00_-125.00,49.0,-125.0,49.05,-125.05,37.69,1,49.219,-124.811,1951,0.2217,29
PABB,pabb,49.20_-124.60,49.2,-124.6,49.1,-124.575,43.31,2,49.219,-124.811,1564,0.2401,29
PABB,pabb,49.20_-125.00,49.2,-125.0,49.25,-125.1,32.18,1,49.219,-124.811,2098,0.1858,29
PAN4H,pan4h,47.60_-122.80,47.6,-122.8,47.65,-122.7,34.96,1,47.176,-123.27,1871,0.0535,127
PAN4H,pan4h,47.60_-123.00,47.6,-123.0,47.65,-122.95,46.94,3,47.176,-123.27,1263,0.384,127
PAN4H,pan4h,47.60_-123.20,47.6,-123.2,47.55,-123.175,32.0,2,47.176,-123.27,1871,0.0781,127
PAN4H,pan4h,47.80_-122.80,47.8,-122.8,47.8,-122.9,47.13,1,47.176,-123.27,1023,0.2042,127
PAN4H,pan4h,47.80_-123.00,47.8,-123.0,47.85,-123.0,43.28,4,47.176,-123.27,1850,0.1572,127
PAN4H,pan4h,47.80_-123.20,47.8,-123.2,47.8,-123.175,43.78,4,47.176,-123.27,1865,0.143,127
PAN4H,pan4h,47.80_-123.40,47.8,-123.4,47.9,-123.35,43.77,1,47.176,-123.27,716,0.5371,127
PAN4H,pan4h,48.00_-122.80,48.0,-122.8,47.95,-122.85,47.46,2,47.176,-123.27,1870,0.075,127
PAN4H,pan4h,48.00_-123.00,48.0,-123.0,48.0,-122.975,49.6,4,47.176,-123.27,1133,0.2507,127
PAN4H,pan4h,48.00_-123.20,48.0,-123.2,48.05,-123.2,41.79,1,47.176,-123.27,788,0.1223,127
PAN4H,pan4h,48.00_-123.40,48.0,-123.4,48.05,-123.45,35.11,1,47.176,-123.27,65,0.1648,127
PETY,pety,40.20_-122.80,40.2,-122.8,40.3,-122.75,23.69,8,40.177,-122.788,1214,0.3188,128
PETY,pety,40.40_-122.40,40.4,-122.4,40.35,-122.5,32.73,2,40.177,-122.788,1349,0.3642,128
PETY,pety,40.40_-122.60,40.4,-122.6,40.45,-122.6,19.19,10,40.177,-122.788,2051,0.2495,128
PETY,pety,40.40_-122.80,40.4,-122.8,40.45,-122.75,21.74,7,40.177,-122.788,1981,0.2222,128
PETY,pety,40.60_-122.60,40.6,-122.6,40.65,-122.65,21.74,16,40.177,-122.788,1951,0.2292,128
PETY,pety,40.60_-122.80,40.6,-122.8,40.65,-122.7,20.24,19,40.177,-122.788,2026,0.2334,128
PETY,pety,40.80_-122.60,40.8,-122.6,40.7,-122.65,21.65,5,40.177,-122.788,1521,0.303,128
PETY,pety,40.80_-122.80,40.8,-122.8,40.75,-122.8,18.92,7,40.177,-122.788,1945,0.2225,128
PETY,pety,40.80_-123.00,40.8,-123.0,40.85,-123.05,35.56,10,40.177,-122.788,2221,0.196,128
PETY,pety,41.00_-122.80,41.0,-122.8,41.0,-122.8,18.75,1,40.177,-122.788,741,0.2946,128
PETY,pety,41.00_-123.00,41.0,-123.0,41.0,-123.05,36.92,2,40.177,-122.788,1644,0.2683,128
PGCbhz,pgcbhz,47.80_-123.00,47.8,-123.0,47.9,-123.075,46.05,2,48.6498,-123.4521,2693,0.1077,8
PGCbhz,pgcbhz,47.80_-123.20,47.8,-123.2,47.875,-123.2,41.18,2,48.6498,-123.4521,2693,0.1556,8
PGCbhz,pgcbhz,47.80_-123.40,47.8,-123.4,47.875,-123.375,43.13,2,48.6498,-123.4521,2695,0.1159,8
PGCbhz,pgcbhz,47.80_-123.60,47.8,-123.6,47.9,-123.6,36.79,1,48.6498,-123.4521,2688,0.2072,8
PGCbhz,pgcbhz,48.00_-123.00,48.0,-123.0,48.0,-122.95,49.73,1,48.6498,-123.4521,2693,0.1294,8
PGCbhz,pgcbhz,48.00_-123.20,48.0,-123.2,48.1,-123.3,43.33,1,48.6498,-123.4521,2486,0.1541,8
PGCbhz,pgcbhz,48.00_-123.40,48.0,-123.4,48.05,-123.4,38.29,3,48.6498,-123.4521,2697,0.1315,8
PGCbhz,pgcbhz,48.00_-123.60,48.0,-123.6,48.1,-123.55,44.43,5,48.6498,-123.4521,2695,0.088,8
PGCbhz,pgcbhz,48.20_-122.80,48.2,-122.8,48.3,-122.8,29.67,1,48.6498,-123.4521,2694,0.1777,8
PGCbhz,pgcbhz,48.20_-123.00,48.2,-123.0,48.25,-123.0,25.93,3,48.6498,-123.4521,2695,0.1451,8
PGCbhz,pgcbhz,48.20_-123.20,48.2,-123.2,48.15,-123.25,40.36,1,48.6498,-123.4521,2691,0.1221,8
PGCbhz,pgcbhz,48.20_-123.40,48.2,-123.4,48.25,-123.45,30.86,3,48.6498,-123.4521,2484,0.1178,8
PGCbhz,pgcbhz,48.20_-123.60,48.2,-123.6,48.25,-123.6,34.26,11,48.6498,-123.4521,2695,0.1101,8
PGCbhz,pgcbhz,48.20_-123.80,48.2,-123.8,48.3,-123.8,31.34,3,48.6498,-123.4521,2696,0.12,8
PGCbhz,pgcbhz,48.40_-122.80,48.4,-122.8,48.4,-122.85,40.59,7,48.6498,-123.4521,2697,0.097,8
PGCbhz,pgcbhz,48.40_-123.00,48.4,-123.0,48.4,-123.0,48.69,1,48.6498,-123.4521,2208,0.2699,8
PGCbhz,pgcbhz,48.40_-123.60,48.4,-123.6,48.45,-123.65,21.8,9,48.6498,-123.4521,2696,0.0836,8
PGCbhz,pgcbhz,48.40_-123.80,48.4,-123.8,48.425,-123.8,32.58,4,48.6498,-123.4521,2696,0.1011,8
PGCbhz,pgcbhz,48.40_-124.00,48.4,-124.0,48.475,-123.95,39.92,6,48.6498,-123.4521,2696,0.1048,8
PGCbhz,pgcbhz,48.60_-123.60,48.6,-123.6,48.6,-123.7,22.22,1,48.6498,-123.4521,2486,0.0926,8
PGCbhz,pgcbhz,48.60_-123.80,48.6,-123.8,48.55,-123.85,24.84,3,48.6498,-123.4521,2696,0.1179,8
PGCbhz,pgcbhz,48.60_-124.00,48.6,-124.0,48.55,-124.05,17.62,3,48.6498,-123.4521,2696,0.1198,8
PGCbhz,pgcbhz,48.60_-124.20,48.6,-124.2,48.65,-124.2,37.61,3,48.6498,-123.4521,2695,0.1078,8
PGCbhz,pgcbhz,48.60_-124.40,48.6,-124.4,48.625,-124.375,29.15,2,48.6498,-123.4521,2696,0.1116,8
PGCbhz,pgcbhz,48.80_-123.60,48.8,-123.6,48.825,-123.7,34.56,2,48.6498,-123.4521,2689,0.1615,8
PGCbhz,pgcbhz,48.80_-123.80,48.8,-123.8,48.9,-123.75,41.2,1,48.6498,-123.4521,2433,0.2504,8
PGCbhz,pgcbhz,48.80_-124.00,48.8,-124.0,48.85,-124.1,21.11,2,48.6498,-123.4521,2694,0.0922,8
PGCbhz,pgcbhz,48.80_-124.20,48.8,-124.2,48.75,-124.2,23.0,5,48.6498,-123.4521,2692,0.095,8
PGCbhz,pgcbhz,48.80_-124.40,48.8,-124.4,48.8,-124.4,34.6,24,48.6498,-123.4521,2695,0.096,8
PGCbhz,pgcbhz,48.80_-124.60,48.8,-124.6,48.85,-124.6,36.11,7,48.6498,-123.4521,2695,0.0936,8
PGCbhz,pgcbhz,48.80_-124.80,48.8,-124.8,48.85,-124.75,33.77,3,48.6498,-123.4521,2693,0.0853,8
PGCbhz,pgcbhz,49.00_-123.60,49.0,-123.6,48.95,-123.7,49.12,1,48.6498,-123.4521,2690,0.1013,8
PGCbhz,pgcbhz,49.00_-124.40,49.0,-124.4,49.0,-124.5,44.02,7,48.6498,-123.4521,2694,0.1324,8
PGCbhz,pgcbhz,49.00_-124.60,49.0,-124.6,49.05,-124.6,40.97,2,48.6498,-123.4521,2690,0.1892,8
PGCbhz,pgcbhz,49.00_-124.80,49.0,-124.8,48.975,-124.75,29.65,18,48.6498,-123.4521,2696,0.1147,8
PGCbhz,pgcbhz,49.20_-124.40,49.2,-124.4,49.1,-124.3,26.58,1,48.6498,-123.4521,2605,0.1721,8
PGCbhz,pgcbhz,49.20_-124.60,49.2,-124.6,49.15,-124.65,38.87,3,48.6498,-123.4521,2695,0.1044,8
PGCbhz,pgcbhz,49.20_-124.80,49.2,-124.8,49.125,-124.7,40.36,4,48.6498,-123.4521,2695,0.1104,8
PGChhz,pgchhz,47.80_-123.00,47.8,-123.0,47.9,-123.1,45.22,3,48.6498,-123.4521,3020,0.098,8
PGChhz,pgchhz,47.80_-123.20,47.8,-123.2,47.85,-123.25,41.17,3,48.6498,-123.4521,3020,0.1583,8
PGChhz,pgchhz,47.80_-123.40,47.8,-123.4,47.875,-123.375,43.13,2,48.6498,-123.4521,3020,0.1089,8
PGChhz,pgchhz,47.80_-123.60,47.8,-123.6,47.9,-123.6,36.79,1,48.6498,-123.4521,3018,0.131,8
PGChhz,pgchhz,48.00_-123.00,48.0,-123.0,48.0,-122.975,49.6,2,48.6498,-123.4521,3002,0.1103,8
PGChhz,pgchhz,48.00_-123.20,48.0,-123.2,48.1,-123.3,43.33,1,48.6498,-123.4521,3020,0.1662,8
PGChhz,pgchhz,48.00_-123.40,48.0,-123.4,48.05,-123.4,38.29,3,48.6498,-123.4521,3020,0.1302,8
PGChhz,pgchhz,48.00_-123.60,48.0,-123.6,48.1,-123.55,42.06,4,48.6498,-123.4521,3020,0.0942,8
PGChhz,pgchhz,48.20_-122.80,48.2,-122.8,48.3,-122.8,29.67,1,48.6498,-123.4521,3020,0.1197,8
PGChhz,pgchhz,48.20_-123.00,48.2,-123.0,48.25,-123.0,25.93,3,48.6498,-123.4521,3020,0.165,8
PGChhz,pgchhz,48.20_-123.20,48.2,-123.2,48.15,-123.25,40.36,1,48.6498,-123.4521,3020,0.1233,8
PGChhz,pgchhz,48.20_-123.40,48.2,-123.4,48.2,-123.45,40.26,5,48.6498,-123.4521,3020,0.1103,8
PGChhz,pgchhz,48.20_-123.60,48.2,-123.6,48.225,-123.6,34.41,12,48.6498,-123.4521,3020,0.0973,8
PGChhz,pgchhz,48.20_-123.80,48.2,-123.8,48.25,-123.775,32.19,6,48.6498,-123.4521,3020,0.0804,8
PGChhz,pgchhz,48.40_-122.80,48.4,-122.8,48.4,-122.85,40.59,7,48.6498,-123.4521,3020,0.0982,8
PGChhz,pgchhz,48.40_-123.00,48.4,-123.0,48.4,-123.0,48.69,1,48.6498,-123.4521,2695,0.1841,8
PGChhz,pgchhz,48.40_-123.60,48.4,-123.6,48.4,-123.65,22.0,11,48.6498,-123.4521,3020,0.0749,8
PGChhz,pgchhz,48.40_-123.80,48.4,-123.8,48.425,-123.8,32.58,6,48.6498,-123.4521,3020,0.0948,8
PGChhz,pgchhz,48.40_-124.00,48.4,-124.0,48.475,-123.95,39.92,6,48.6498,-123.4521,3020,0.0885,8
PGChhz,pgchhz,48.60_-123.60,48.6,-123.6,48.6,-123.7,22.22,1,48.6498,-123.4521,3020,0.092,8
PGChhz,pgchhz,48.60_-123.80,48.6,-123.8,48.55,-123.825,22.43,4,48.6498,-123.4521,3020,0.1397,8
PGChhz,pgchhz,48.60_-124.00,48.6,-124.0,48.55,-124.05,18.87,5,48.6498,-123.4521,3020,0.0783,8
PGChhz,pgchhz,48.60_-124.20,48.6,-124.2,48.65,-124.2,37.61,4,48.6498,-123.4521,3020,0.0935,8
PGChhz,pgchhz,48.60_-124.40,48.6,-124.4,48.65,-124.35,31.93,3,48.6498,-123.4521,3020,0.0952,8
PGChhz,pgchhz,48.80_-123.60,48.8,-123.6,48.825,-123.7,34.56,2,48.6498,-123.4521,3020,0.137,8
PGChhz,pgchhz,48.80_-123.80,48.8,-123.8,48.9,-123.75,41.2,1,48.6498,-123.4521,2977,0.2781,8
PGChhz,pgchhz,48.80_-124.00,48.8,-124.0,48.8,-124.1,21.41,3,48.6498,-123.4521,3020,0.0903,8
PGChhz,pgchhz,48.80_-124.20,48.8,-124.2,48.75,-124.2,23.0,5,48.6498,-123.4521,3020,0.0766,8
PGChhz,pgchhz,48.80_-124.40,48.8,-124.4,48.8,-124.4,35.25,29,48.6498,-123.4521,3020,0.0851,8
PGChhz,pgchhz,48.80_-124.60,48.8,-124.6,48.875,-124.6,36.11,10,48.6498,-123.4521,3020,0.099,8
PGChhz,pgchhz,48.80_-124.80,48.8,-124.8,48.85,-124.725,33.4,6,48.6498,-123.4521,3020,0.0874,8
PGChhz,pgchhz,49.00_-123.60,49.0,-123.6,48.95,-123.7,49.12,1,48.6498,-123.4521,3019,0.0962,8
PGChhz,pgchhz,49.00_-124.40,49.0,-124.4,48.975,-124.475,41.37,10,48.6498,-123.4521,3020,0.1235,8
PGChhz,pgchhz,49.00_-124.60,49.0,-124.6,49.05,-124.6,40.97,2,48.6498,-123.4521,3019,0.1627,8
PGChhz,pgchhz,49.00_-124.80,49.0,-124.8,49.0,-124.75,29.65,26,48.6498,-123.4521,3020,0.1028,8
PGChhz,pgchhz,49.20_-124.40,49.2,-124.4,49.1,-124.3,26.58,1,48.6498,-123.4521,3019,0.1241,8
PGChhz,pgchhz,49.20_-124.60,49.2,-124.6,49.1,-124.65,38.87,5,48.6498,-123.4521,3020,0.09,8
PGChhz,pgchhz,49.20_-124.80,49.2,-124.8,49.15,-124.7,41.93,5,48.6498,-123.4521,3020,0.1084,8
PIT6,pit6,40.40_-122.80,40.4,-122.8,40.45,-122.825,21.68,2,40.931,-121.948,361,0.032,131
PIT6,pit6,40.60_-122.60,40.6,-122.6,40.6,-122.65,18.99,2,40.931,-121.948,361,0.0569,131
PIT6,pit6,40.80_-122.80,40.8,-122.8,40.9,-122.75,14.57,1,40.931,-121.948,355,0.114,131
PIT6,pit6,40.80_-123.00,40.8,-123.0,40.85,-122.95,32.66,1,40.931,-121.948,359,0.1718,131
PIT6,pit6,40.80_-123.20,40.8,-123.2,40.8,-123.15,24.53,1,40.931,-121.948,361,0.0606,131
PIT6,pit6,41.00_-122.40,41.0,-122.4,41.05,-122.5,16.9,1,40.931,-121.948,361,0.0908,131
PIT6,pit6,41.00_-122.80,41.0,-122.8,41.0,-122.8,18.75,3,40.931,-121.948,361,0.0449,131
PIT6,pit6,41.00_-123.00,41.0,-123.0,41.05,-123.0,18.41,1,40.931,-121.948,360,0.055,131
PIT6,pit6,41.00_-123.20,41.0,-123.2,41.05,-123.15,36.47,1,40.931,-121.948,361,0.1143,131
PIT6,pit6,41.20_-122.80,41.2,-122.8,41.15,-122.875,20.56,2,40.931,-121.948,361,0.0602,131
PIT6,pit6,41.20_-123.00,41.2,-123.0,41.125,-123.0,21.38,4,40.931,-121.948,361,0.0631,131
PIT6,pit6,41.20_-123.20,41.2,-123.2,41.3,-123.25,35.89,1,40.931,-121.948,361,0.0537,131
PIT6,pit6,41.40_-123.20,41.4,-123.2,41.4,-123.25,34.9,1,40.931,-121.948,359,0.1372,131
PIT6,pit6,41.60_-123.00,41.6,-123.0,41.55,-123.1,30.64,3,40.931,-121.948,345,0.0849,131
PIT6,pit6,41.60_-123.20,41.6,-123.2,41.5,-123.3,35.7,1,40.931,-121.948,361,0.0456,131
PIT6,pit6,41.80_-123.20,41.8,-123.2,41.75,-123.3,35.16,1,40.931,-121.948,361,0.0936,131
PR02,pr02,46.00_-123.20,46.0,-123.2,46.1,-123.2,21.3,1,46.918,-122.049,1319,0.0438,132
PR02,pr02,46.40_-122.60,46.4,-122.6,46.5,-122.65,22.1,1,46.918,-122.049,1320,0.0467,132
PR02,pr02,46.40_-122.80,46.4,-122.8,46.45,-122.8,30.99,3,46.918,-122.049,1320,0.0432,132
PR02,pr02,46.40_-123.20,46.4,-123.2,46.35,-123.2,16.17,1,46.918,-122.049,1318,0.0551,132
PR02,pr02,46.60_-122.80,46.6,-122.8,46.65,-122.7,34.94,3,46.918,-122.049,1320,0.0497,132
PR02,pr02,46.60_-123.00,46.6,-123.0,46.55,-123.0,47.81,3,46.918,-122.049,1320,0.0387,132
PR02,pr02,46.60_-123.20,46.6,-123.2,46.65,-123.25,26.1,3,46.918,-122.049,1320,0.0362,132
PR02,pr02,46.80_-122.60,46.8,-122.6,46.75,-122.65,36.13,1,46.918,-122.049,1320,0.0528,132
PR02,pr02,46.80_-122.80,46.8,-122.8,46.8,-122.8,29.49,7,46.918,-122.049,1320,0.0403,132
PR02,pr02,46.80_-123.00,46.8,-123.0,46.8,-123.0,38.49,9,46.918,-122.049,1320,0.0419,132
PR02,pr02,47.00_-122.60,47.0,-122.6,46.95,-122.65,51.28,1,46.918,-122.049,1320,0.0378,132
PR02,pr02,47.00_-122.80,47.0,-122.8,46.975,-122.75,44.99,8,46.918,-122.049,1320,0.0434,132
PR02,pr02,47.00_-123.00,47.0,-123.0,47.0,-123.0,42.84,3,46.918,-122.049,1320,0.0386,132
PR02,pr02,47.20_-122.60,47.2,-122.6,47.15,-122.6,26.49,3,46.918,-122.049,1320,0.0433,132
PR02,pr02,47.20_-122.80,47.2,-122.8,47.25,-122.85,24.4,8,46.918,-122.049,1320,0.0347,132
PR02,pr02,47.20_-123.00,47.2,-123.0,47.2,-123.05,42.16,8,46.918,-122.049,1320,0.0379,132
PR02,pr02,47.20_-123.20,47.2,-123.2,47.25,-123.25,40.65,6,46.918,-122.049,1320,0.0418,132
PR02,pr02,47.40_-122.80,47.4,-122.8,47.375,-122.775,25.77,8,46.918,-122.049,1320,0.0419,132
PR02,pr02,47.40_-123.00,47.4,-123.0,47.425,-123.05,22.23,6,46.918,-122.049,1320,0.0383,132
PR02,pr02,47.40_-123.20,47.4,-123.2,47.425,-123.15,35.89,2,46.918,-122.049,1320,0.0421,132
PR02,pr02,47.40_-123.40,47.4,-123.4,47.4,-123.35,36.99,2,46.918,-122.049,1319,0.0265,132
PR02,pr02,47.60_-122.80,47.6,-122.8,47.6,-122.8,21.59,13,46.918,-122.049,1320,0.0414,132
PR02,pr02,47.60_-123.00,47.6,-123.0,47.65,-123.025,45.43,10,46.918,-122.049,1320,0.0429,132
PR02,pr02,47.60_-123.20,47.6,-123.2,47.65,-123.225,43.95,8,46.918,-122.049,1320,0.0352,132
PR02,pr02,47.60_-123.40,47.6,-123.4,47.6,-123.35,39.76,1,46.918,-122.049,1320,0.0498,132
PR02,pr02,47.80_-122.60,47.8,-122.6,47.775,-122.6,20.87,2,46.918,-122.049,1319,0.0552,132
PR02,pr02,47.80_-122.80,47.8,-122.8,47.775,-122.875,38.28,2,46.918,-122.049,1320,0.0445,132
PR02,pr02,47.80_-123.00,47.8,-123.0,47.775,-123.05,43.57,2,46.918,-122.049,1320,0.0418,132
PR02,pr02,47.80_-123.20,47.8,-123.2,47.775,-123.225,41.78,6,46.918,-122.049,1320,0.0404,132
PR04,pr04,47.40_-122.80,47.4,-122.8,47.4,-122.9,20.82,3,46.93,-121.989,3070,0.0996,133
PR04,pr04,47.40_-123.00,47.4,-123.0,47.35,-122.95,40.99,1,46.93,-121.989,2799,0.3018,133
PR04,pr04,47.60_-122.80,47.6,-122.8,47.6,-122.8,20.91,5,46.93,-121.989,3067,0.0929,133
PR04,pr04,47.60_-123.00,47.6,-123.0,47.65,-123.05,44.53,5,46.93,-121.989,3055,0.0828,133
PR04,pr04,47.60_-123.20,47.6,-123.2,47.65,-123.3,44.97,3,46.93,-121.989,3079,0.0752,133
PR04,pr04,47.80_-122.80,47.8,-122.8,47.8,-122.8,19.67,3,46.93,-121.989,3076,0.0981,133
PR04,pr04,47.80_-123.00,47.8,-123.0,47.775,-123.0,45.97,2,46.93,-121.989,3074,0.0889,133
PR04,pr04,47.80_-123.20,47.8,-123.2,47.8,-123.275,41.5,2,46.93,-121.989,3071,0.0749,133
PR05,pr05,47.20_-123.00,47.2,-123.0,47.3,-123.05,43.0,1,46.842,-121.949,375,0.3349,134
PR05,pr05,47.40_-123.00,47.4,-123.0,47.45,-123.0,37.72,1,46.842,-121.949,2417,0.3062,134
PR05,pr05,47.60_-122.80,47.6,-122.8,47.6,-122.8,19.95,2,46.842,-121.949,2037,0.2787,134
PR05,pr05,47.60_-123.00,47.6,-123.0,47.6,-122.975,36.08,4,46.842,-121.949,2468,0.2996,134
PR05,pr05,47.60_-123.20,47.6,-123.2,47.6,-123.15,47.19,1,46.842,-121.949,2380,0.2562,134
PRIN,prin,47.40_-123.00,47.4,-123.0,47.35,-123.075,45.24,2,48.212,-122.631,1592,0.1283,135
PRIN,prin,47.60_-122.80,47.6,-122.8,47.7,-122.85,23.08,3,48.212,-122.631,2090,0.0523,135
PRIN,prin,47.60_-123.00,47.6,-123.0,47.55,-122.95,16.42,3,48.212,-122.631,2089,0.0428,135
PRIN,prin,47.80_-123.40,47.8,-123.4,47.9,-123.4,43.57,1,48.212,-122.631,2080,0.0758,135
PRIN,prin,48.00_-123.00,48.0,-123.0,48.025,-123.075,42.55,2,48.212,-122.631,2088,0.0715,135
PRIN,prin,48.00_-123.20,48.0,-123.2,48.05,-123.25,42.7,1,48.212,-122.631,2089,0.1012,135
PRIN,prin,48.00_-123.40,48.0,-123.4,48.05,-123.4,38.29,1,48.212,-122.631,2088,0.0697,135
PRIN,prin,48.20_-122.80,48.2,-122.8,48.2,-122.9,26.67,1,48.212,-122.631,2078,0.1205,135
PRIN,prin,48.20_-123.00,48.2,-123.0,48.2,-123.0,22.43,3,48.212,-122.631,2089,0.0503,135
PRIN,prin,48.20_-123.60,48.2,-123.6,48.25,-123.65,32.45,3,48.212,-122.631,2090,0.0376,135
PRIN,prin,48.20_-123.80,48.2,-123.8,48.3,-123.75,31.17,1,48.212,-122.631,1882,0.1166,135
PRIN,prin,48.40_-122.80,48.4,-122.8,48.35,-122.8,14.9,1,48.212,-122.631,2078,0.1068,135
PRIN,prin,48.40_-123.00,48.4,-123.0,48.35,-122.95,23.64,1,48.212,-122.631,2089,0.0869,135
PRIN,prin,48.40_-123.20,48.4,-123.2,48.425,-123.15,39.14,2,48.212,-122.631,2089,0.0611,135
PRIN,prin,48.40_-123.60,48.4,-123.6,48.5,-123.6,23.87,3,48.212,-122.631,2088,0.0583,135
PRIN,prin,48.40_-123.80,48.4,-123.8,48.45,-123.8,31.17,1,48.212,-122.631,2087,0.0806,135
PRIN,prin,48.60_-123.60,48.6,-123.6,48.65,-123.55,28.98,1,48.212,-122.631,2088,0.1023,135
PRIN,prin,48.60_-124.00,48.6,-124.0,48.6,-123.9,31.39,2,48.212,-122.631,2086,0.12,135
PRIN,prin,48.80_-123.60,48.8,-123.6,48.75,-123.7,18.64,3,48.212,-122.631,2089,0.1016,135
PRIN,prin,48.80_-123.80,48.8,-123.8,48.875,-123.775,35.17,2,48.212,-122.631,2088,0.0579,135
PRIN,prin,49.00_-123.80,49.0,-123.8,48.95,-123.85,48.26,1,48.212,-122.631,2085,0.0689,135
PTRF,ptrf,47.80_-123.40,47.8,-123.4,47.9,-123.4,43.57,1,48.544,-124.413,2791,0.21,136
PTRF,ptrf,48.60_-123.60,48.6,-123.6,48.6,-123.625,32.8,2,48.544,-124.413,3066,0.2779,136
PTRF,ptrf,48.60_-124.00,48.6,-124.0,48.6,-123.95,31.32,1,48.544,-124.413,1351,0.3104,136
PTRF,ptrf,48.80_-123.80,48.8,-123.8,48.85,-123.8,30.64,3,48.544,-124.413,3065,0.2232,136
PTRF,ptrf,48.80_-124.00,48.8,-124.0,48.825,-123.95,26.55,2,48.544,-124.413,2545,0.2267,136
PTRF,ptrf,48.80_-124.40,48.8,-124.4,48.75,-124.35,37.31,4,48.544,-124.413,3063,0.2028,136
PTRF,ptrf,48.80_-124.60,48.8,-124.6,48.9,-124.65,36.11,1,48.544,-124.413,3065,0.2406,136
PTRF,ptrf,48.80_-124.80,48.8,-124.8,48.9,-124.7,30.34,1,48.544,-124.413,3000,0.2661,136
PTRF,ptrf,49.00_-123.80,49.0,-123.8,48.95,-123.8,42.63,1,48.544,-124.413,2923,0.3208,136
PTRF,ptrf,49.00_-124.00,49.0,-124.0,48.95,-123.9,46.33,1,48.544,-124.413,2989,0.252,136
PTRF,ptrf,49.00_-124.40,49.0,-124.4,49.0,-124.45,27.49,3,48.544,-124.413,3021,0.2749,136
PTRF,ptrf,49.00_-124.60,49.0,-124.6,49.05,-124.6,42.57,2,48.544,-124.413,3063,0.2694,136
PTRF,ptrf,49.00_-125.00,49.0,-125.0,49.05,-125.0,39.4,1,48.544,-124.413,3066,0.2598,136
PTRF,ptrf,49.20_-125.00,49.2,-125.0,49.15,-125.1,27.82,1,48.544,-124.413,3065,0.2552,136
QEPB,qepb,48.40_-122.80,48.4,-122.8,48.425,-122.825,50.29,2,49.242,-123.114,1832,0.0872,137
QEPB,qepb,48.40_-123.00,48.4,-123.0,48.35,-123.1,44.72,1,49.242,-123.114,300,0.472,137
QEPB,qepb,48.40_-123.60,48.4,-123.6,48.5,-123.7,26.04,1,49.242,-123.114,1804,0.087,137
QEPB,qepb,48.40_-123.80,48.4,-123.8,48.35,-123.75,24.36,1,49.242,-123.114,1805,0.045,137
QEPB,qepb,48.40_-124.00,48.4,-124.0,48.5,-123.975,25.56,2,49.242,-123.114,1819,0.0619,137
QEPB,qepb,48.60_-123.60,48.6,-123.6,48.55,-123.55,15.1,1,49.242,-123.114,1807,0.091,137
QEPB,qepb,48.60_-123.80,48.6,-123.8,48.55,-123.85,20.01,1,49.242,-123.114,1781,0.0577,137
QEPB,qepb,48.60_-124.00,48.6,-124.0,48.6,-124.1,26.95,4,49.242,-123.114,1796,0.0654,137
QEPB,qepb,48.60_-124.20,48.6,-124.2,48.65,-124.15,36.57,4,49.242,-123.114,1807,0.0572,137
QEPB,qepb,48.60_-124.40,48.6,-124.4,48.625,-124.35,37.33,2,49.242,-123.114,1823,0.0868,137
QEPB,qepb,48.80_-123.60,48.8,-123.6,48.9,-123.7,41.41,3,49.242,-123.114,1834,0.0752,137
QEPB,qepb,48.80_-123.80,48.8,-123.8,48.85,-123.8,29.14,5,49.242,-123.114,1815,0.0581,137
QEPB,qepb,48.80_-124.00,48.8,-124.0,48.9,-123.95,25.55,3,49.242,-123.114,1797,0.0509,137
QEPB,qepb,48.80_-124.20,48.8,-124.2,48.85,-124.225,26.31,4,49.242,-123.114,1801,0.0493,137
QEPB,qepb,48.80_-124.40,48.8,-124.4,48.8,-124.35,27.7,4,49.242,-123.114,1752,0.1106,137
QEPB,qepb,49.00_-123.80,49.0,-123.8,48.95,-123.775,40.95,2,49.242,-123.114,1773,0.0563,137
QEPB,qepb,49.00_-124.00,49.0,-124.0,48.95,-123.95,41.18,4,49.242,-123.114,1841,0.0598,137
RADR,radr,45.60_-123.20,45.6,-123.2,45.6,-123.225,31.44,2,46.422,-123.799,2045,0.3448,138
RADR,radr,45.60_-123.40,45.6,-123.4,45.7,-123.375,31.1,2,46.422,-123.799,2322,0.2341,138
RADR,radr,45.80_-123.20,45.8,-123.2,45.9,-123.25,42.93,1,46.422,-123.799,2170,0.3136,138
RADR,radr,46.20_-123.00,46.2,-123.0,46.275,-123.075,25.93,4,46.422,-123.799,2186,0.3352,138
RADR,radr,46.20_-123.20,46.2,-123.2,46.3,-123.2,15.98,2,46.422,-123.799,2236,0.2721,138
RADR,radr,46.40_-122.80,46.4,-122.8,46.5,-122.9,36.43,1,46.422,-123.799,2420,0.4421,138
RADR,radr,46.40_-123.00,46.4,-123.0,46.5,-123.1,40.05,8,46.422,-123.799,2419,0.2542,138
RADR,radr,46.40_-123.20,46.4,-123.2,46.45,-123.2,26.36,7,46.422,-123.799,2417,0.3026,138
RADR,radr,46.40_-123.40,46.4,-123.4,46.35,-123.4,31.12,1,46.422,-123.799,2313,0.4456,138
RADR,radr,46.60_-122.80,46.6,-122.8,46.6,-122.8,47.85,5,46.422,-123.799,2402,0.2416,138
RADR,radr,46.60_-123.00,46.6,-123.0,46.65,-123.0,51.69,3,46.422,-123.799,2351,0.2814,138
RADR,radr,46.60_-123.20,46.6,-123.2,46.55,-123.25,33.86,3,46.422,-123.799,2341,0.2902,138
RADR,radr,46.80_-122.40,46.8,-122.4,46.875,-122.5,28.14,2,46.422,-123.799,2332,0.4186,138
RADR,radr,46.80_-122.60,46.8,-122.6,46.9,-122.6,50.25,5,46.422,-123.799,2356,0.3046,138
RADR,radr,46.80_-122.80,46.8,-122.8,46.8,-122.85,24.63,11,46.422,-123.799,2420,0.2293,138
RADR,radr,46.80_-123.00,46.8,-123.0,46.8,-123.0,38.49,17,46.422,-123.799,2404,0.2115,138
RADR,radr,46.80_-123.20,46.8,-123.2,46.775,-123.225,27.63,6,46.422,-123.799,2336,0.2753,138
RADR,radr,47.00_-122.60,47.0,-122.6,47.05,-122.65,44.36,1,46.422,-123.799,2325,0.3696,138
RADR,radr,47.00_-122.80,47.0,-122.8,47.0,-122.8,45.12,7,46.422,-123.799,2413,0.2852,138
RADR,radr,47.00_-123.00,47.0,-123.0,47.025,-123.0,42.46,8,46.422,-123.799,2385,0.2603,138
RADR,radr,47.00_-123.20,47.0,-123.2,46.975,-123.15,41.72,4,46.422,-123.799,2375,0.2753,138
RADR,radr,47.20_-122.60,47.2,-122.6,47.25,-122.6,42.4,4,46.422,-123.799,2416,0.3148,138
RADR,radr,47.20_-122.80,47.2,-122.8,47.25,-122.75,35.69,3,46.422,-123.799,2346,0.2934,138
RADR,radr,47.20_-123.00,47.2,-123.0,47.2,-123.0,39.94,11,46.422,-123.799,2425,0.2359,138
RADR,radr,47.20_-123.20,47.2,-123.2,47.3,-123.15,45.03,1,46.422,-123.799,2331,0.3136,138
RAIN,rain,45.20_-123.00,45.2,-123.0,45.25,-123.025,25.91,2,46.082,-123.011,3551,0.2057,139
RAIN,rain,45.20_-123.20,45.2,-123.2,45.25,-123.225,20.97,8,46.082,-123.011,3551,0.1402,139
RAIN,rain,45.20_-123.40,45.2,-123.4,45.25,-123.4,28.7,3,46.082,-123.011,3546,0.0795,139
RAIN,rain,45.20_-123.60,45.2,-123.6,45.2,-123.55,46.82,3,46.082,-123.011,3551,0.0669,139
RAIN,rain,45.40_-122.80,45.4,-122.8,45.4,-122.9,19.6,1,46.082,-123.011,3551,0.1341,139
RAIN,rain,45.40_-123.00,45.4,-123.0,45.4,-123.0,20.89,3,46.082,-123.011,3551,0.1566,139
RAIN,rain,45.40_-123.20,45.4,-123.2,45.375,-123.25,23.82,4,46.082,-123.011,3551,0.1153,139
RAIN,rain,45.40_-123.60,45.4,-123.6,45.45,-123.55,43.27,1,46.082,-123.011,3551,0.1838,139
RAIN,rain,45.60_-123.20,45.6,-123.2,45.55,-123.15,22.24,3,46.082,-123.011,3551,0.1412,139
RAIN,rain,45.60_-123.40,45.6,-123.4,45.625,-123.4,36.76,6,46.082,-123.011,3551,0.0569,139
RAIN,rain,45.80_-123.00,45.8,-123.0,45.9,-123.1,17.08,1,46.082,-123.011,3551,0.0762,139
RAIN,rain,45.80_-123.20,45.8,-123.2,45.85,-123.2,34.07,3,46.082,-123.011,3551,0.177,139
RAIN,rain,45.80_-123.40,45.8,-123.4,45.9,-123.4,23.44,1,46.082,-123.011,3546,0.0538,139
RAIN,rain,46.00_-122.80,46.0,-122.8,46.1,-122.9,15.76,1,46.082,-123.011,3551,0.0852,139
RAIN,rain,46.00_-123.20,46.0,-123.2,46.025,-123.225,33.02,2,46.082,-123.011,3551,0.0606,139
RAIN,rain,46.20_-123.00,46.2,-123.0,46.2,-123.05,19.93,5,46.082,-123.011,3551,0.085,139
RAIN,rain,46.20_-123.20,46.2,-123.2,46.3,-123.3,23.38,1,46.082,-123.011,3048,0.1194,139
RAIN,rain,46.20_-123.40,46.2,-123.4,46.2,-123.375,21.11,2,46.082,-123.011,3274,0.0665,139
RAIN,rain,46.20_-123.60,46.2,-123.6,46.3,-123.55,23.53,1,46.082,-123.011,3156,0.2462,139
RAIN,rain,46.40_-122.80,46.4,-122.8,46.5,-122.85,30.99,1,46.082,-123.011,3535,0.1187,139
RAIN,rain,46.40_-123.00,46.4,-123.0,46.425,-123.1,43.5,2,46.082,-123.011,3529,0.2155,139
RAIN,rain,46.40_-123.20,46.4,-123.2,46.4,-123.3,24.67,5,46.082,-123.011,3551,0.0912,139
RAIN,rain,46.40_-123.40,46.4,-123.4,46.4,-123.45,31.61,1,46.082,-123.011,3167,0.1519,139
RAIN,rain,46.60_-122.80,46.6,-122.8,46.55,-122.8,32.95,3,46.082,-123.011,3551,0.1861,139
RAIN,rain,46.60_-123.00,46.6,-123.0,46.6,-123.0,48.98,5,46.082,-123.011,3551,0.1131,139
RAIN,rain,46.60_-123.20,46.6,-123.2,46.55,-123.2,36.25,4,46.082,-123.011,3551,0.0895,139
RAIN,rain,46.80_-122.40,46.8,-122.4,46.9,-122.3,17.27,1,46.082,-123.011,3551,0.0674,139
RAIN,rain,46.80_-122.60,46.8,-122.6,46.775,-122.625,42.51,2,46.082,-123.011,3551,0.1501,139
RAIN,rain,46.80_-122.80,46.8,-122.8,46.8,-122.7,31.08,5,46.082,-123.011,3551,0.177,139
RAIN,rain,46.80_-123.00,46.8,-123.0,46.8,-123.05,39.19,7,46.082,-123.011,3551,0.1344,139
RAIN,rain,46.80_-123.20,46.8,-123.2,46.825,-123.25,29.3,4,46.082,-123.011,3551,0.1434,139
RAIN,rain,47.00_-122.80,47.0,-122.8,46.95,-122.725,45.71,2,46.082,-123.011,3551,0.1175,139
RAIN,rain,47.00_-123.20,47.0,-123.2,46.95,-123.2,41.0,1,46.082,-123.011,3547,0.2623,139
RATT,ratt,47.80_-123.00,47.8,-123.0,47.825,-123.0,43.28,2,47.425,-121.803,1580,0.0978,140
RATT,ratt,48.00_-123.00,48.0,-123.0,48.05,-122.95,51.96,1,47.425,-121.803,432,0.3735,140
RATT,ratt,48.20_-122.80,48.2,-122.8,48.3,-122.85,26.23,2,47.425,-121.803,1825,0.1543,140
RATT,ratt,48.20_-123.00,48.2,-123.0,48.25,-123.1,24.22,1,47.425,-121.803,1763,0.1276,140
RER,rer,47.00_-122.80,47.0,-122.8,47.025,-122.775,49.46,6,46.819,-121.843,1343,0.1957,141
RER,rer,47.20_-122.80,47.2,-122.8,47.125,-122.775,46.23,2,46.819,-121.843,849,0.3337,141
RER,rer,47.20_-123.00,47.2,-123.0,47.2,-123.0,39.55,1,46.819,-121.843,1009,0.1984,141
RER,rer,47.40_-122.60,47.4,-122.6,47.4,-122.65,29.95,1,46.819,-121.843,1385,0.0949,141
RER,rer,47.40_-122.80,47.4,-122.8,47.4,-122.9,40.0,1,46.819,-121.843,882,0.2892,141
RER,rer,47.60_-122.60,47.6,-122.6,47.65,-122.65,21.88,1,46.819,-121.843,720,0.1882,141
RER,rer,47.60_-122.80,47.6,-122.8,47.6,-122.8,19.95,7,46.819,-121.843,1389,0.1418,141
RER,rer,47.60_-123.00,47.6,-123.0,47.6,-123.075,43.83,2,46.819,-121.843,1318,0.0911,141
RER,rer,47.60_-123.20,47.6,-123.2,47.6,-123.15,47.19,2,46.819,-121.843,1312,0.2653,141
RNWY,rnwy,47.60_-123.00,47.6,-123.0,47.7,-122.95,46.94,1,48.612,-123.126,1905,0.0214,142
RNWY,rnwy,47.60_-123.40,47.6,-123.4,47.7,-123.4,38.07,1,48.612,-123.126,1905,0.0217,142
RNWY,rnwy,47.80_-122.60,47.8,-122.6,47.8,-122.65,16.3,1,48.612,-123.126,1905,0.0277,142
RNWY,rnwy,47.80_-122.80,47.8,-122.8,47.85,-122.85,30.01,5,48.612,-123.126,1905,0.0112,142
RNWY,rnwy,47.80_-123.00,47.8,-123.0,47.825,-123.0,47.7,8,48.612,-123.126,1905,0.0168,142
RNWY,rnwy,47.80_-123.20,47.8,-123.2,47.85,-123.225,42.75,4,48.612,-123.126,1905,0.0204,142
RNWY,rnwy,48.00_-122.80,48.0,-122.8,48.0,-122.8,37.16,3,48.612,-123.126,1905,0.0118,142
RNWY,rnwy,48.00_-123.00,48.0,-123.0,48.025,-123.0,39.94,2,48.612,-123.126,1905,0.0119,142
RNWY,rnwy,48.00_-123.20,48.0,-123.2,48.025,-123.225,41.77,6,48.612,-123.126,1905,0.0235,142
RNWY,rnwy,48.00_-123.60,48.0,-123.6,47.95,-123.55,42.9,3,48.612,-123.126,1905,0.0187,142
RNWY,rnwy,48.20_-122.80,48.2,-122.8,48.25,-122.875,29.45,2,48.612,-123.126,1905,0.016,142
RNWY,rnwy,48.20_-123.00,48.2,-123.0,48.2,-123.0,22.43,5,48.612,-123.126,1905,0.0109,142
RNWY,rnwy,48.20_-123.40,48.2,-123.4,48.3,-123.45,20.67,1,48.612,-123.126,1905,0.0237,142
RNWY,rnwy,48.20_-123.60,48.2,-123.6,48.25,-123.5,27.28,3,48.612,-123.126,1905,0.0201,142
RNWY,rnwy,48.20_-123.80,48.2,-123.8,48.25,-123.8,31.38,3,48.612,-123.126,1905,0.0141,142
RNWY,rnwy,48.40_-122.80,48.4,-122.8,48.375,-122.85,27.75,2,48.612,-123.126,1905,0.0191,142
RNWY,rnwy,48.40_-123.00,48.4,-123.0,48.4,-123.1,30.83,3,48.612,-123.126,1905,0.0266,142
RNWY,rnwy,48.40_-123.20,48.4,-123.2,48.45,-123.25,29.92,2,48.612,-123.126,1905,0.0251,142
RNWY,rnwy,48.40_-123.40,48.4,-123.4,48.4,-123.4,15.56,2,48.612,-123.126,1905,0.0231,142
RNWY,rnwy,48.40_-123.60,48.4,-123.6,48.45,-123.6,21.8,11,48.612,-123.126,1905,0.0114,142
RNWY,rnwy,48.40_-123.80,48.4,-123.8,48.45,-123.8,31.17,1,48.612,-123.126,1905,0.0227,142
RNWY,rnwy,48.40_-124.20,48.4,-124.2,48.5,-124.25,22.74,1,48.612,-123.126,1905,0.0123,142
RNWY,rnwy,48.60_-123.40,48.6,-123.4,48.575,-123.425,33.1,2,48.612,-123.126,1905,0.0415,142
RNWY,rnwy,48.60_-123.60,48.6,-123.6,48.65,-123.6,23.94,3,48.612,-123.126,1905,0.0189,142
RNWY,rnwy,48.60_-123.80,48.6,-123.8,48.55,-123.775,25.15,2,48.612,-123.126,1905,0.0362,142
RNWY,rnwy,48.60_-124.00,48.6,-124.0,48.6,-124.1,18.87,3,48.612,-123.126,1905,0.0129,142
RNWY,rnwy,48.60_-124.20,48.6,-124.2,48.6,-124.15,40.33,2,48.612,-123.126,1905,0.0116,142
RNWY,rnwy,48.60_-124.40,48.6,-124.4,48.65,-124.35,36.81,3,48.612,-123.126,1905,0.0223,142
RNWY,rnwy,48.80_-123.60,48.8,-123.6,48.8,-123.6,24.48,6,48.612,-123.126,1905,0.0161,142
RNWY,rnwy,48.80_-123.80,48.8,-123.8,48.85,-123.8,29.58,9,48.612,-123.126,1905,0.0119,142
RNWY,rnwy,48.80_-124.00,48.8,-124.0,48.85,-124.0,22.51,8,48.612,-123.126,1905,0.0171,142
RNWY,rnwy,48.80_-124.20,48.8,-124.2,48.75,-124.2,26.01,3,48.612,-123.126,1905,0.0241,142
RNWY,rnwy,48.80_-124.40,48.8,-124.4,48.775,-124.375,30.75,4,48.612,-123.126,1905,0.014,142
RNWY,rnwy,49.00_-123.80,49.0,-123.8,48.95,-123.8,48.26,3,48.612,-123.126,1905,0.0223,142
RNWY,rnwy,49.00_-124.00,49.0,-124.0,49.05,-124.05,23.46,1,48.612,-123.126,1905,0.0445,142
RNWY,rnwy,49.00_-124.20,49.0,-124.2,48.95,-124.25,38.45,1,48.612,-123.126,1905,0.0214,142
RNWY,rnwy,49.00_-124.40,49.0,-124.4,49.0,-124.45,22.34,3,48.612,-123.126,1905,0.0251,142
ROGE,roge,42.00_-123.20,42.0,-123.2,42.1,-123.3,37.7,1,42.695,-123.665,2837,0.2021,143
ROGE,roge,42.20_-123.20,42.2,-123.2,42.25,-123.3,37.49,5,42.695,-123.665,2850,0.1538,143
ROGE,roge,42.20_-123.40,42.2,-123.4,42.25,-123.375,40.95,2,42.695,-123.665,2706,0.2367,143
ROGE,roge,42.40_-123.20,42.4,-123.2,42.5,-123.3,28.2,2,42.695,-123.665,2796,0.1611,143
ROGE,roge,42.40_-123.40,42.4,-123.4,42.45,-123.375,33.6,8,42.695,-123.665,2874,0.1371,143
ROGE,roge,42.40_-123.60,42.4,-123.6,42.5,-123.55,35.56,1,42.695,-123.665,1046,0.3277,143
ROGE,roge,42.60_-123.20,42.6,-123.2,42.6,-123.25,25.23,3,42.695,-123.665,2768,0.2752,143
ROGE,roge,42.60_-123.40,42.6,-123.4,42.6,-123.45,28.35,3,42.695,-123.665,2506,0.1794,143
ROGE,roge,42.60_-123.60,42.6,-123.6,42.6,-123.5,29.73,4,42.695,-123.665,2545,0.1824,143
ROGE,roge,42.80_-123.20,42.8,-123.2,42.825,-123.25,34.75,2,42.695,-123.665,2658,0.2613,143
ROGE,roge,42.80_-123.60,42.8,-123.6,42.9,-123.55,30.89,1,42.695,-123.665,2344,0.1632,143
ROGE,roge,43.00_-123.20,43.0,-123.2,43.0,-123.25,41.68,1,42.695,-123.665,1806,0.2339,143
ROGE,roge,43.20_-123.60,43.2,-123.6,43.175,-123.5,34.22,2,42.695,-123.665,2645,0.2486,143
ROGE,roge,43.20_-123.80,43.2,-123.8,43.3,-123.75,30.16,1,42.695,-123.665,2544,0.3024,143
ROGE,roge,43.40_-123.80,43.4,-123.8,43.4,-123.85,30.64,1,42.695,-123.665,2781,0.2371,143
ROGE,roge,43.60_-123.60,43.6,-123.6,43.55,-123.7,31.58,1,42.695,-123.665,2833,0.2805,143
ROGE,roge,43.60_-123.80,43.6,-123.8,43.5,-123.75,31.2,1,42.695,-123.665,2565,0.2626,143
RUSH,rush,46.40_-123.20,46.4,-123.2,46.4,-123.225,21.47,2,46.903,-121.944,2257,0.1189,144
RUSH,rush,46.80_-122.80,46.8,-122.8,46.825,-122.85,31.72,4,46.903,-121.944,2200,0.0833,144
RUSH,rush,46.80_-123.00,46.8,-123.0,46.9,-123.0,42.86,1,46.903,-121.944,2086,0.1188,144
RUSH,rush,47.00_-122.60,47.0,-122.6,46.95,-122.65,51.28,1,46.903,-121.944,1154,0.1868,144
RUSH,rush,47.00_-122.80,47.0,-122.8,46.95,-122.8,40.13,1,46.903,-121.944,1701,0.1293,144
RUSH,rush,47.20_-122.80,47.2,-122.8,47.2,-122.75,33.43,3,46.903,-121.944,2234,0.1125,144
RUSH,rush,47.20_-123.00,47.2,-123.0,47.2,-123.05,40.8,4,46.903,-121.944,2297,0.0996,144
RUSH,rush,47.40_-122.80,47.4,-122.8,47.4,-122.8,26.25,3,46.903,-121.944,2152,0.0891,144
RUSH,rush,47.40_-123.00,47.4,-123.0,47.4,-123.0,40.47,6,46.903,-121.944,2260,0.0953,144
RUSH,rush,47.60_-122.80,47.6,-122.8,47.7,-122.85,21.99,3,46.903,-121.944,2185,0.079,144
RUSH,rush,47.60_-123.00,47.6,-123.0,47.6,-122.975,31.73,2,46.903,-121.944,1922,0.126,144
RUSH,rush,47.60_-123.20,47.6,-123.2,47.65,-123.2,35.22,1,46.903,-121.944,1784,0.1198,144
RVIT,rvit,40.40_-122.60,40.4,-122.6,40.35,-122.55,21.51,1,39.906,-123.379,276,0.3197,145
RVIT,rvit,40.40_-122.80,40.4,-122.8,40.375,-122.775,29.61,2,39.906,-123.379,490,0.1758,145
RVIT,rvit,40.60_-122.60,40.6,-122.6,40.6,-122.65,16.33,1,39.906,-123.379,247,0.3342,145
SAGE,sage,40.60_-122.80,40.6,-122.8,40.6,-122.8,24.02,1,40.795,-122.039,171,0.7709,146
SAGE,sage,40.80_-122.80,40.8,-122.8,40.875,-122.8,21.12,4,40.795,-122.039,1902,0.2065,146
SAGE,sage,40.80_-123.00,40.8,-123.0,40.75,-122.95,12.0,1,40.795,-122.039,735,0.4514,146
SAGE,sage,40.80_-123.20,40.8,-123.2,40.75,-123.15,27.71,1,40.795,-122.039,469,0.5231,146
SAGE,sage,41.00_-122.80,41.0,-122.8,40.975,-122.8,18.64,4,40.795,-122.039,1884,0.2612,146
SAGE,sage,41.00_-123.00,41.0,-123.0,41.0,-123.1,41.3,3,40.795,-122.039,1404,0.3433,146
SAGE,sage,41.00_-123.20,41.0,-123.2,41.05,-123.2,33.88,3,40.795,-122.039,1870,0.2914,146
SAGE,sage,41.20_-123.00,41.2,-123.0,41.15,-123.075,22.83,14,40.795,-122.039,1920,0.2212,146
SAGE,sage,41.20_-123.20,41.2,-123.2,41.15,-123.2,35.89,5,40.795,-122.039,1865,0.2438,146
SAGE,sage,41.40_-123.00,41.4,-123.0,41.375,-123.1,34.97,8,40.795,-122.039,1953,0.2564,146
SAGE,sage,41.40_-123.20,41.4,-123.2,41.4,-123.15,35.31,5,40.795,-122.039,1750,0.2388,146
SAGE,sage,41.60_-122.80,41.6,-122.8,41.6,-122.9,19.98,7,40.795,-122.039,2017,0.1685,146
SAGE,sage,41.60_-123.00,41.6,-123.0,41.625,-123.05,27.62,6,40.795,-122.039,2017,0.2073,146
SALO,salo,47.20_-123.00,47.2,-123.0,47.275,-123.1,42.17,2,47.951,-122.373,2139,0.1164,147
SALO,salo,47.40_-122.40,47.4,-122.4,47.4,-122.5,32.62,1,47.951,-122.373,2139,0.1647,147
SALO,salo,47.40_-122.80,47.4,-122.8,47.425,-122.9,26.33,2,47.951,-122.373,2139,0.1743,147
SALO,salo,47.40_-123.00,47.4,-123.0,47.425,-122.95,18.85,2,47.951,-122.373,2139,0.1361,147
SALO,salo,47.40_-123.20,47.4,-123.2,47.375,-123.15,35.88,2,47.951,-122.373,2139,0.1236,147
SALO,salo,47.60_-122.60,47.6,-122.6,47.7,-122.65,20.86,1,47.951,-122.373,2139,0.1356,147
SALO,salo,47.60_-122.80,47.6,-122.8,47.65,-122.825,27.33,8,47.951,-122.373,2139,0.1344,147
SALO,salo,47.60_-123.00,47.6,-123.0,47.65,-123.05,44.18,9,47.951,-122.373,2139,0.0948,147
SALO,salo,47.60_-123.20,47.6,-123.2,47.7,-123.225,44.73,2,47.951,-122.373,2139,0.126,147
SALO,salo,47.60_-123.40,47.6,-123.4,47.7,-123.35,40.57,1,47.951,-122.373,2139,0.1684,147
SALO,salo,47.80_-122.80,47.8,-122.8,47.75,-122.75,19.6,1,47.951,-122.373,2139,0.1471,147
SALO,salo,47.80_-123.00,47.8,-123.0,47.8,-123.1,45.22,3,47.951,-122.373,2139,0.1223,147
SALO,salo,47.80_-123.20,47.8,-123.2,47.9,-123.3,42.97,1,47.951,-122.373,2139,0.1537,147
SALO,salo,47.80_-123.40,47.8,-123.4,47.875,-123.4,43.57,6,47.951,-122.373,2139,0.1072,147
SALO,salo,48.00_-122.80,48.0,-122.8,48.05,-122.9,20.91,1,47.951,-122.373,2139,0.1124,147
SALO,salo,48.00_-123.00,48.0,-123.0,48.0,-123.05,46.83,7,47.951,-122.373,2139,0.1068,147
SALO,salo,48.00_-123.20,48.0,-123.2,48.05,-123.225,43.3,2,47.951,-122.373,2139,0.0947,147
SALO,salo,48.00_-123.40,48.0,-123.4,48.05,-123.425,36.7,2,47.951,-122.373,2139,0.1034,147
SALO,salo,48.20_-122.80,48.2,-122.8,48.2,-122.9,26.67,2,47.951,-122.373,2139,0.1267,147
SALO,salo,48.20_-123.00,48.2,-123.0,48.2,-123.025,31.73,8,47.951,-122.373,2139,0.1332,147
SALO,salo,48.20_-123.20,48.2,-123.2,48.225,-123.225,29.13,2,47.951,-122.373,2139,0.0921,147
SALO,salo,48.20_-123.40,48.2,-123.4,48.2,-123.4,35.45,2,47.951,-122.373,2139,0.1121,147
SALO,salo,48.20_-123.60,48.2,-123.6,48.15,-123.5,38.71,1,47.951,-122.373,2139,0.1485,147
SALO,salo,48.40_-122.80,48.4,-122.8,48.35,-122.85,30.9,3,47.951,-122.373,2139,0.1598,147
SALO,salo,48.40_-123.00,48.4,-123.0,48.35,-123.05,29.91,1,47.951,-122.373,2139,0.1632,147
SALO,salo,48.40_-123.20,48.4,-123.2,48.425,-123.225,28.09,2,47.951,-122.373,2139,0.1576,147
SALO,salo,48.40_-123.40,48.4,-123.4,48.45,-123.4,27.0,1,47.951,-122.373,2139,0.1408,147
SALO,salo,48.40_-123.60,48.4,-123.6,48.4,-123.55,18.19,3,47.951,-122.373,2139,0.1572,147
SALO,salo,48.60_-123.20,48.6,-123.2,48.55,-123.3,47.62,1,47.951,-122.373,2139,0.1313,147
SALO,salo,48.60_-123.40,48.6,-123.4,48.575,-123.4,41.88,2,47.951,-122.373,2139,0.101,147
SALO,salo,48.60_-123.60,48.6,-123.6,48.6,-123.55,32.54,4,47.951,-122.373,2139,0.1186,147
SALO,salo,48.80_-123.20,48.8,-123.2,48.75,-123.3,44.75,1,47.951,-122.373,2139,0.1812,147
SALO,salo,48.80_-123.60,48.8,-123.6,48.75,-123.65,19.14,5,47.951,-122.373,2139,0.1469,147
SALT,salt,41.60_-122.80,41.6,-122.8,41.65,-122.75,18.29,1,42.493,-122.588,2160,0.1991,148
SALT,salt,41.60_-123.00,41.6,-123.0,41.65,-123.05,27.39,1,42.493,-122.588,2149,0.2398,148
SALT,salt,41.60_-123.20,41.6,-123.2,41.6,-123.3,35.49,1,42.493,-122.588,2169,0.233,148
SALT,salt,41.80_-123.00,41.8,-123.0,41.85,-123.1,26.74,2,42.493,-122.588,2176,0.1765,148
SALT,salt,41.80_-123.20,41.8,-123.2,41.9,-123.225,32.06,2,42.493,-122.588,2172,0.1571,148
SALT,salt,41.80_-123.40,41.8,-123.4,41.85,-123.4,39.15,3,42.493,-122.588,2176,0.1202,148
SALT,salt,42.00_-123.00,42.0,-123.0,42.1,-123.1,27.31,1,42.493,-122.588,1708,0.3074,148
SALT,salt,42.00_-123.20,42.0,-123.2,42.1,-123.25,35.47,3,42.493,-122.588,2167,0.1359,148
SALT,salt,42.00_-123.40,42.0,-123.4,42.1,-123.35,39.94,3,42.493,-122.588,2168,0.1164,148
SALT,salt,42.00_-123.60,42.0,-123.6,42.1,-123.55,45.97,3,42.493,-122.588,2177,0.2145,148
SALT,salt,42.20_-123.20,42.2,-123.2,42.25,-123.25,36.29,7,42.493,-122.588,2160,0.0889,148
SALT,salt,42.20_-123.40,42.2,-123.4,42.25,-123.4,42.88,5,42.493,-122.588,2175,0.1511,148
SALT,salt,42.20_-123.60,42.2,-123.6,42.2,-123.6,45.8,7,42.493,-122.588,2176,0.1228,148
SALT,salt,42.20_-123.80,42.2,-123.8,42.25,-123.8,25.0,3,42.493,-122.588,2175,0.1557,148
SALT,salt,42.40_-123.20,42.4,-123.2,42.45,-123.2,28.99,7,42.493,-122.588,2176,0.1161,148
SALT,salt,42.40_-123.40,42.4,-123.4,42.475,-123.4,32.44,4,42.493,-122.588,2174,0.1622,148
SALT,salt,42.40_-123.60,42.4,-123.6,42.475,-123.6,38.26,10,42.493,-122.588,2177,0.1188,148
SALT,salt,42.40_-123.80,42.4,-123.8,42.45,-123.75,40.96,1,42.493,-122.588,2079,0.1151,148
SALT,salt,42.60_-123.20,42.6,-123.2,42.55,-123.3,25.88,3,42.493,-122.588,2169,0.1755,148
SALT,salt,42.60_-123.40,42.6,-123.4,42.6,-123.35,28.63,8,42.493,-122.588,2175,0.1179,148
SALT,salt,42.60_-123.60,42.6,-123.6,42.6,-123.55,31.26,6,42.493,-122.588,2175,0.1077,148
SALT,salt,42.60_-123.80,42.6,-123.8,42.55,-123.75,36.29,1,42.493,-122.588,2165,0.2218,148
SALT,salt,42.80_-123.20,42.8,-123.2,42.8,-123.25,34.47,7,42.493,-122.588,2176,0.1228,148
SALT,salt,42.80_-123.40,42.8,-123.4,42.75,-123.45,33.41,7,42.493,-122.588,2176,0.1176,148
SALT,salt,42.80_-123.60,42.8,-123.6,42.8,-123.6,29.41,6,42.493,-122.588,2177,0.1366,148
SALT,salt,42.80_-123.80,42.8,-123.8,42.85,-123.8,26.68,1,42.493,-122.588,1987,0.1439,148
SALT,salt,43.00_-123.20,43.0,-123.2,42.95,-123.25,40.05,1,42.493,-122.588,2171,0.1785,148
SALT,salt,43.00_-123.40,43.0,-123.4,43.0,-123.4,36.58,3,42.493,-122.588,2173,0.1013,148
SALT,salt,43.00_-123.60,43.0,-123.6,43.0,-123.625,29.55,4,42.493,-122.588,2175,0.1489,148
SALT,salt,43.00_-123.80,43.0,-123.8,42.95,-123.8,27.33,1,42.493,-122.588,2174,0.2348,148
SALT,salt,43.20_-123.40,43.2,-123.4,43.15,-123.45,35.77,1,42.493,-122.588,1542,0.1674,148
SALT,salt,43.20_-123.60,43.2,-123.6,43.15,-123.5,34.07,1,42.493,-122.588,2170,0.1616,148
SANG,sang,41.00_-122.80,41.0,-122.8,41.05,-122.85,19.99,1,41.91,-123.649,623,0.305,149
SANG,sang,41.00_-123.00,41.0,-123.0,41.05,-123.1,39.81,1,41.91,-123.649,979,0.2587,149
SANG,sang,41.20_-122.80,41.2,-122.8,41.2,-122.9,21.18,4,41.91,-123.649,1286,0.3237,149
SANG,sang,41.20_-123.00,41.2,-123.0,41.25,-123.05,23.18,9,41.91,-123.649,1372,0.2749,149
SANG,sang,41.20_-123.20,41.2,-123.2,41.3,-123.2,34.82,5,41.91,-123.649,1378,0.2111,149
SANG,sang,41.20_-123.40,41.2,-123.4,41.25,-123.4,40.71,1,41.91,-123.649,967,0.2391,149
SANG,sang,41.40_-123.00,41.4,-123.0,41.35,-122.975,25.77,4,41.91,-123.649,1183,0.2836,149
SANG,sang,41.40_-123.20,41.4,-123.2,41.375,-123.2,35.94,6,41.91,-123.649,1287,0.233,149
SANG,sang,41.40_-123.40,41.4,-123.4,41.35,-123.4,32.06,3,41.91,-123.649,1332,0.2712,149
SANG,sang,41.60_-122.80,41.6,-122.8,41.6,-122.9,20.07,1,41.91,-123.649,704,0.6157,149
SANG,sang,41.60_-123.00,41.6,-123.0,41.55,-123.1,30.64,5,41.91,-123.649,1309,0.4042,149
SANG,sang,41.60_-123.20,41.6,-123.2,41.6,-123.2,32.06,7,41.91,-123.649,982,0.2436,149
SANG,sang,41.60_-123.40,41.6,-123.4,41.575,-123.35,37.54,6,41.91,-123.649,1238,0.3413,149
SANG,sang,41.60_-123.60,41.6,-123.6,41.65,-123.5,41.14,1,41.91,-123.649,812,0.5066,149
SANG,sang,41.80_-123.00,41.8,-123.0,41.85,-123.05,24.69,5,41.91,-123.649,1343,0.2514,149
SANG,sang,41.80_-123.40,41.8,-123.4,41.9,-123.35,37.64,1,41.91,-123.649,1252,0.3113,149
SANG,sang,42.00_-123.20,42.0,-123.2,42.075,-123.275,36.3,4,41.91,-123.649,861,0.2486,149
SANG,sang,42.00_-123.40,42.0,-123.4,42.1,-123.4,42.17,3,41.91,-123.649,1262,0.2606,149
SANG,sang,42.20_-123.20,42.2,-123.2,42.2,-123.225,35.05,4,41.91,-123.649,1103,0.3125,149
SANG,sang,42.20_-123.40,42.2,-123.4,42.2,-123.375,41.62,4,41.91,-123.649,1087,0.3453,149
SANG,sang,42.20_-123.60,42.2,-123.6,42.25,-123.55,47.24,3,41.91,-123.649,1240,0.4038,149
SANG,sang,42.20_-123.80,42.2,-123.8,42.3,-123.75,31.36,1,41.91,-123.649,1243,0.3713,149
SANG,sang,42.40_-123.20,42.4,-123.2,42.45,-123.3,30.52,5,41.91,-123.649,1380,0.348,149
SANG,sang,42.40_-123.40,42.4,-123.4,42.4,-123.45,35.92,5,41.91,-123.649,1274,0.2397,149
SANG,sang,42.40_-123.60,42.4,-123.6,42.45,-123.575,38.28,8,41.91,-123.649,1199,0.2007,149
SANG,sang,42.60_-123.20,42.6,-123.2,42.575,-123.3,25.94,2,41.91,-123.649,1182,0.4337,149
SANG,sang,42.60_-123.40,42.6,-123.4,42.65,-123.375,29.29,2,41.91,-123.649,1000,0.2651,149
SANG,sang,42.60_-123.60,42.6,-123.6,42.625,-123.575,31.0,4,41.91,-123.649,1097,0.2477,149
SANG,sang,42.80_-123.40,42.8,-123.4,42.7,-123.4,31.8,1,41.91,-123.649,559,0.3354,149
SANG,sang,42.80_-123.60,42.8,-123.6,42.7,-123.55,29.88,3,41.91,-123.649,657,0.3425,149
SAXON,saxon,47.80_-122.80,47.8,-122.8,47.9,-122.825,29.27,2,48.683,-122.161,1710,0.109,150
SAXON,saxon,47.80_-123.00,47.8,-123.0,47.85,-123.05,47.79,7,48.683,-122.161,1711,0.0516,150
SAXON,saxon,47.80_-123.20,47.8,-123.2,47.85,-123.15,41.17,5,48.683,-122.161,1711,0.0765,150
SAXON,saxon,47.80_-123.40,47.8,-123.4,47.9,-123.4,43.57,1,48.683,-122.161,1708,0.1055,150
SAXON,saxon,48.00_-122.80,48.0,-122.8,48.05,-122.9,20.91,1,48.683,-122.161,1643,0.2107,150
SAXON,saxon,48.00_-123.00,48.0,-123.0,48.0,-123.0,46.83,11,48.683,-122.161,1711,0.0523,150
SAXON,saxon,48.00_-123.20,48.0,-123.2,48.05,-123.225,42.7,10,48.683,-122.161,1712,0.0842,150
SAXON,saxon,48.00_-123.40,48.0,-123.4,48.05,-123.4,44.31,2,48.683,-122.161,1712,0.1395,150
SAXON,saxon,48.00_-123.60,48.0,-123.6,48.05,-123.5,49.65,1,48.683,-122.161,1700,0.1315,150
SAXON,saxon,48.20_-122.80,48.2,-122.8,48.175,-122.9,25.7,4,48.683,-122.161,1709,0.0735,150
SAXON,saxon,48.20_-123.00,48.2,-123.0,48.25,-123.05,36.36,14,48.683,-122.161,1711,0.0473,150
SAXON,saxon,48.20_-123.20,48.2,-123.2,48.2,-123.15,31.3,9,48.683,-122.161,1711,0.0671,150
SAXON,saxon,48.20_-123.40,48.2,-123.4,48.225,-123.45,35.1,10,48.683,-122.161,1711,0.0818,150
SAXON,saxon,48.20_-123.60,48.2,-123.6,48.25,-123.5,27.28,3,48.683,-122.161,1665,0.0993,150
SAXON,saxon,48.40_-122.80,48.4,-122.8,48.35,-122.85,30.9,12,48.683,-122.161,1711,0.0738,150
SAXON,saxon,48.40_-123.00,48.4,-123.0,48.45,-122.95,29.6,3,48.683,-122.161,1709,0.0803,150
SAXON,saxon,48.40_-123.20,48.4,-123.2,48.4,-123.25,35.38,7,48.683,-122.161,1707,0.0777,150
SAXON,saxon,48.40_-123.40,48.4,-123.4,48.45,-123.45,21.09,4,48.683,-122.161,1711,0.0815,150
SAXON,saxon,48.40_-123.60,48.4,-123.6,48.375,-123.5,28.86,2,48.683,-122.161,1702,0.1416,150
SAXON,saxon,48.60_-123.20,48.6,-123.2,48.575,-123.225,41.25,4,48.683,-122.161,1711,0.0576,150
SAXON,saxon,48.60_-123.40,48.6,-123.4,48.6,-123.35,48.51,3,48.683,-122.161,1709,0.0884,150
SBAR,sbar,40.80_-122.80,40.8,-122.8,40.9,-122.75,14.57,1,41.663,-123.071,164,0.2773,151
SBAR,sbar,40.80_-123.00,40.8,-123.0,40.85,-123.0,34.03,2,41.663,-123.071,73,0.1813,151
SBAR,sbar,41.00_-122.80,41.0,-122.8,41.0,-122.8,18.75,1,41.663,-123.071,475,0.3189,151
SBAR,sbar,41.20_-123.00,41.2,-123.0,41.2,-123.05,21.28,1,41.663,-123.071,331,0.2959,151
SBAR,sbar,41.20_-123.20,41.2,-123.2,41.15,-123.15,32.04,2,41.663,-123.071,206,0.2202,151
SBAR,sbar,42.00_-123.40,42.0,-123.4,42.1,-123.35,39.94,1,41.663,-123.071,340,0.1427,151
SBAR,sbar,42.00_-123.60,42.0,-123.6,42.1,-123.55,46.89,1,41.663,-123.071,780,0.4755,151
SBAR,sbar,42.20_-123.20,42.2,-123.2,42.275,-123.3,37.48,8,41.663,-123.071,643,0.2406,151
SBAR,sbar,42.20_-123.40,42.2,-123.4,42.225,-123.375,40.82,8,41.663,-123.071,728,0.3234,151
SBAR,sbar,42.40_-123.20,42.4,-123.2,42.35,-123.275,34.4,2,41.663,-123.071,429,0.23,151
SBAR,sbar,42.40_-123.40,42.4,-123.4,42.45,-123.4,33.6,5,41.663,-123.071,475,0.3165,151
SBAR,sbar,42.40_-123.60,42.4,-123.6,42.45,-123.55,37.89,1,41.663,-123.071,418,0.3855,151
SBAR,sbar,42.60_-123.40,42.6,-123.4,42.55,-123.45,30.49,1,41.663,-123.071,704,0.3742,151
SBAR,sbar,42.60_-123.60,42.6,-123.6,42.55,-123.6,33.99,3,41.663,-123.071,401,0.1576,151
SCOT,scot,40.40_-122.60,40.4,-122.6,40.5,-122.6,19.19,1,41.392,-122.854,2131,0.2352,152
SCOT,scot,40.60_-122.60,40.6,-122.6,40.65,-122.65,21.74,5,41.392,-122.854,2461,0.185,152
SCOT,scot,40.80_-122.60,40.8,-122.6,40.7,-122.625,20.99,2,41.392,-122.854,1205,0.2608,152
SCOT,scot,40.80_-122.80,40.8,-122.8,40.85,-122.8,19.04,13,41.392,-122.854,2395,0.225,152
SCOT,scot,40.80_-123.00,40.8,-123.0,40.9,-123.1,36.65,3,41.392,-122.854,2313,0.2198,152
SCOT,scot,41.00_-122.80,41.0,-122.8,40.975,-122.825,18.89,2,41.392,-122.854,1983,0.3387,152
SCOT,scot,41.00_-123.00,41.0,-123.0,41.0,-123.05,28.43,3,41.392,-122.854,2303,0.1673,152
SCOT,scot,41.00_-123.20,41.0,-123.2,41.05,-123.15,36.47,1,41.392,-122.854,2139,0.313,152
SCOT,scot,41.20_-122.80,41.2,-122.8,41.25,-122.9,20.86,2,41.392,-122.854,1522,0.2937,152
SCOT,scot,41.20_-123.00,41.2,-123.0,41.15,-123.05,20.46,7,41.392,-122.854,2159,0.3184,152
SCOT,scot,41.20_-123.20,41.2,-123.2,41.1,-123.15,34.94,1,41.392,-122.854,104,0.2074,152
SCOT,scot,41.80_-123.20,41.8,-123.2,41.85,-123.3,34.94,2,41.392,-122.854,2452,0.3478,152
SCOT,scot,41.80_-123.40,41.8,-123.4,41.8,-123.375,38.12,4,41.392,-122.854,2472,0.2621,152
SCOT,scot,42.00_-123.20,42.0,-123.2,42.1,-123.25,35.47,1,41.392,-122.854,2557,0.3173,152
SCOT,scot,42.00_-123.40,42.0,-123.4,42.05,-123.45,43.26,3,41.392,-122.854,2080,0.1492,152
SCOT,scot,42.00_-123.60,42.0,-123.6,42.075,-123.575,44.29,2,41.392,-122.854,1041,0.3093,152
SCOT,scot,42.20_-123.20,42.2,-123.2,42.175,-123.225,34.2,2,41.392,-122.854,2300,0.3177,152
SCOT,scot,42.20_-123.40,42.2,-123.4,42.2,-123.4,42.74,3,41.392,-122.854,2131,0.2982,152
SCOT,scot,42.20_-123.60,42.2,-123.6,42.15,-123.5,47.21,1,41.392,-122.854,2420,0.1936,152
SEAS2,seas2,45.20_-123.00,45.2,-123.0,45.25,-123.025,22.69,8,46.036,-123.896,370,0.4864,153
SEAS2,seas2,45.20_-123.20,45.2,-123.2,45.25,-123.25,21.11,9,46.036,-123.896,370,0.5799,153
SEAS2,seas2,45.20_-123.40,45.2,-123.4,45.2,-123.4,31.91,6,46.036,-123.896,370,0.4558,153
SEAS2,seas2,45.20_-123.60,45.2,-123.6,45.25,-123.575,46.11,10,46.036,-123.896,370,0.5123,153
SEAS2,seas2,45.20_-123.80,45.2,-123.8,45.2,-123.8,38.89,1,46.036,-123.896,94,0.5906,153
SEAS2,seas2,45.40_-123.00,45.4,-123.0,45.375,-123.075,19.32,4,46.036,-123.896,370,0.4822,153
SEAS2,seas2,45.40_-123.20,45.4,-123.2,45.4,-123.25,21.28,5,46.036,-123.896,370,0.5088,153
SEAS2,seas2,45.40_-123.40,45.4,-123.4,45.375,-123.375,22.29,4,46.036,-123.896,370,0.5463,153
SEAS2,seas2,45.40_-123.60,45.4,-123.6,45.4,-123.5,35.77,5,46.036,-123.896,370,0.4551,153
SEAS2,seas2,45.40_-124.00,45.4,-124.0,45.45,-124.05,25.33,1,46.036,-123.896,370,0.5195,153
SEAS2,seas2,45.60_-122.80,45.6,-122.8,45.5,-122.85,28.67,1,46.036,-123.896,370,0.5193,153
SEAS2,seas2,45.60_-123.00,45.6,-123.0,45.675,-123.1,44.15,2,46.036,-123.896,370,0.5632,153
SEAS2,seas2,45.60_-123.20,45.6,-123.2,45.6,-123.25,27.4,5,46.036,-123.896,370,0.5303,153
SEAS2,seas2,45.60_-123.40,45.6,-123.4,45.6,-123.4,37.2,6,46.036,-123.896,370,0.5172,153
SEAS2,seas2,45.60_-123.60,45.6,-123.6,45.55,-123.5,34.76,3,46.036,-123.896,370,0.5792,153
SEAS2,seas2,45.80_-123.00,45.8,-123.0,45.875,-123.025,22.22,4,46.036,-123.896,370,0.4617,153
SEAS2,seas2,45.80_-123.20,45.8,-123.2,45.85,-123.2,33.77,9,46.036,-123.896,370,0.5002,153
SEAS2,seas2,45.80_-123.40,45.8,-123.4,45.9,-123.375,30.66,2,46.036,-123.896,370,0.4997,153
SEAS2,seas2,46.00_-123.00,46.0,-123.0,46.0,-123.05,19.22,2,46.036,-123.896,370,0.5426,153
SEAS2,seas2,46.00_-123.20,46.0,-123.2,46.025,-123.225,30.14,6,46.036,-123.896,370,0.5601,153
SEAS2,seas2,46.00_-123.60,46.0,-123.6,46.1,-123.5,16.79,1,46.036,-123.896,369,0.8982,153
SEAS2,seas2,46.20_-122.80,46.2,-122.8,46.15,-122.9,14.18,1,46.036,-123.896,370,0.573,153
SEAS2,seas2,46.20_-123.00,46.2,-123.0,46.225,-123.05,19.3,8,46.036,-123.896,370,0.4738,153
SEAS2,seas2,46.20_-123.20,46.2,-123.2,46.2,-123.2,18.68,3,46.036,-123.896,370,0.516,153
SEAS2,seas2,46.20_-123.40,46.2,-123.4,46.2,-123.35,25.23,1,46.036,-123.896,263,0.3056,153
SEAS2,seas2,46.20_-123.60,46.2,-123.6,46.25,-123.5,19.18,1,46.036,-123.896,370,0.3999,153
SEAS2,seas2,46.40_-122.80,46.4,-122.8,46.45,-122.85,22.34,2,46.036,-123.896,370,0.6124,153
SEAS2,seas2,46.40_-123.00,46.4,-123.0,46.375,-123.1,47.54,4,46.036,-123.896,370,0.4614,153
SEAS2,seas2,46.40_-123.20,46.4,-123.2,46.4,-123.225,24.84,6,46.036,-123.896,370,0.6141,153
SEAS2,seas2,46.40_-123.40,46.4,-123.4,46.4,-123.375,29.53,2,46.036,-123.896,370,0.4553,153
SEAS2,seas2,46.60_-122.80,46.6,-122.8,46.6,-122.8,48.91,5,46.036,-123.896,370,0.4861,153
SEAS2,seas2,46.60_-123.00,46.6,-123.0,46.575,-123.05,46.04,8,46.036,-123.896,370,0.5008,153
SEAS2,seas2,46.60_-123.20,46.6,-123.2,46.6,-123.175,38.11,4,46.036,-123.896,370,0.4958,153
SEAS2,seas2,46.80_-122.60,46.8,-122.6,46.9,-122.65,50.68,1,46.036,-123.896,368,0.6495,153
SEAS2,seas2,46.80_-122.80,46.8,-122.8,46.8,-122.85,32.04,13,46.036,-123.896,370,0.5035,153
SEAS2,seas2,46.80_-123.00,46.8,-123.0,46.775,-123.025,38.09,8,46.036,-123.896,370,0.4916,153
SEAS2,seas2,46.80_-123.20,46.8,-123.2,46.75,-123.225,27.13,6,46.036,-123.896,370,0.5279,153
SEAS2,seas2,46.80_-123.40,46.8,-123.4,46.85,-123.4,20.17,2,46.036,-123.896,370,0.5185,153
SEAS2,seas2,46.80_-123.60,46.8,-123.6,46.7,-123.5,26.11,1,46.036,-123.896,369,0.4369,153
SEAS2,seas2,47.00_-122.60,47.0,-122.6,46.95,-122.6,51.87,1,46.036,-123.896,351,0.7043,153
SEAS2,seas2,47.00_-122.80,47.0,-122.8,46.95,-122.75,43.85,1,46.036,-123.896,370,0.7595,153
SHB,shb,48.80_-124.20,48.8,-124.2,48.8,-124.15,23.5,3,49.599,-123.877,2987,0.2201,154
SHB,shb,48.80_-124.40,48.8,-124.4,48.9,-124.4,35.55,2,49.599,-123.877,2209,0.2777,154
SHB,shb,48.80_-124.60,48.8,-124.6,48.875,-124.6,31.4,4,49.599,-123.877,2844,0.2353,154
SHB,shb,48.80_-124.80,48.8,-124.8,48.9,-124.775,29.96,4,49.599,-123.877,2992,0.2074,154
SHB,shb,49.00_-124.20,49.0,-124.2,49.0,-124.15,18.14,1,49.599,-123.877,2482,0.1317,154
SHB,shb,49.00_-124.40,49.0,-124.4,49.025,-124.45,24.92,8,49.599,-123.877,3161,0.1721,154
SHB,shb,49.00_-124.60,49.0,-124.6,49.05,-124.6,42.57,6,49.599,-123.877,3169,0.2084,154
SHB,shb,49.00_-124.80,49.0,-124.8,49.0,-124.75,29.83,9,49.599,-123.877,3203,0.1681,154
SHB,shb,49.20_-124.60,49.2,-124.6,49.125,-124.6,40.53,8,49.599,-123.877,3172,0.2275,154
SHB,shb,49.20_-124.80,49.2,-124.8,49.2,-124.9,35.22,3,49.599,-123.877,2327,0.2655,154
SHB,shb,49.20_-125.00,49.2,-125.0,49.3,-125.0,23.05,3,49.599,-123.877,3196,0.143,154
SHB,shb,49.40_-125.00,49.4,-125.0,49.35,-125.1,33.58,4,49.599,-123.877,3056,0.1496,154
SHB,shb,49.40_-125.20,49.4,-125.2,49.4,-125.15,18.06,1,49.599,-123.877,1519,0.2215,154
SHBhhz,shbhhz,48.80_-124.20,48.8,-124.2,48.8,-124.2,17.37,3,49.599,-123.877,1200,0.1779,154
SHBhhz,shbhhz,48.80_-124.40,48.8,-124.4,48.9,-124.425,33.12,4,49.599,-123.877,1101,0.1409,154
SHBhhz,shbhhz,48.80_-124.60,48.8,-124.6,48.85,-124.6,28.71,5,49.599,-123.877,1183,0.1295,154
SHBhhz,shbhhz,48.80_-124.80,48.8,-124.8,48.9,-124.775,29.96,4,49.599,-123.877,1204,0.1555,154
SHBhhz,shbhhz,49.00_-124.20,49.0,-124.2,49.0,-124.15,18.14,1,49.599,-123.877,967,0.09,154
SHBhhz,shbhhz,49.00_-124.40,49.0,-124.4,49.025,-124.45,24.92,8,49.599,-123.877,1247,0.1245,154
SHBhhz,shbhhz,49.00_-124.60,49.0,-124.6,49.05,-124.6,42.57,7,49.599,-123.877,1242,0.1595,154
SHBhhz,shbhhz,49.00_-124.80,49.0,-124.8,48.95,-124.75,27.86,7,49.599,-123.877,1256,0.1116,154
SHBhhz,shbhhz,49.20_-124.60,49.2,-124.6,49.15,-124.6,40.53,7,49.599,-123.877,1188,0.1873,154
SHBhhz,shbhhz,49.20_-124.80,49.2,-124.8,49.2,-124.9,35.22,2,49.599,-123.877,1069,0.1645,154
SHBhhz,shbhhz,49.20_-125.00,49.2,-125.0,49.3,-125.0,23.05,3,49.599,-123.877,1253,0.1521,154
SHBhhz,shbhhz,49.40_-125.00,49.4,-125.0,49.35,-125.1,33.58,5,49.599,-123.877,1209,0.1147,154
SHBhhz,shbhhz,49.40_-125.20,49.4,-125.2,49.4,-125.15,18.06,1,49.599,-123.877,780,0.0789,154
SHW,shw,45.20_-123.00,45.2,-123.0,45.3,-122.95,21.38,1,46.194,-122.235,1844,0.0791,156
SHW,shw,45.20_-123.20,45.2,-123.2,45.3,-123.2,24.52,1,46.194,-122.235,1847,0.0747,156
SHW,shw,45.40_-123.00,45.4,-123.0,45.4,-123.05,18.66,2,46.194,-122.235,1847,0.0665,156
SHW,shw,45.40_-123.20,45.4,-123.2,45.4,-123.3,19.95,1,46.194,-122.235,1848,0.1186,156
SHW,shw,45.40_-123.60,45.4,-123.6,45.35,-123.525,36.98,2,46.194,-122.235,1848,0.0736,156
SHW,shw,45.60_-123.00,45.6,-123.0,45.6,-123.0,34.06,3,46.194,-122.235,1848,0.0561,156
SHW,shw,45.60_-123.20,45.6,-123.2,45.625,-123.25,18.01,2,46.194,-122.235,1848,0.0737,156
SHW,shw,45.60_-123.40,45.6,-123.4,45.65,-123.45,34.12,5,46.194,-122.235,1848,0.0659,156
SHW,shw,45.60_-123.60,45.6,-123.6,45.65,-123.5,34.76,1,46.194,-122.235,1848,0.068,156
SHW,shw,45.80_-123.00,45.8,-123.0,45.825,-123.025,23.57,4,46.194,-122.235,1848,0.0464,156
SHW,shw,45.80_-123.20,45.8,-123.2,45.875,-123.25,34.16,2,46.194,-122.235,1846,0.0614,156
SHW,shw,45.80_-123.40,45.8,-123.4,45.9,-123.4,23.44,1,46.194,-122.235,1847,0.128,156
SHW,shw,46.00_-123.00,46.0,-123.0,45.95,-123.05,18.29,1,46.194,-122.235,1847,0.0571,156
SHW,shw,46.00_-123.20,46.0,-123.2,46.05,-123.2,23.94,3,46.194,-122.235,1848,0.0862,156
SHW,shw,46.20_-123.00,46.2,-123.0,46.225,-122.95,24.85,2,46.194,-122.235,1847,0.1062,156
SHW,shw,46.20_-123.20,46.2,-123.2,46.225,-123.2,18.67,2,46.194,-122.235,1847,0.0552,156
SHW,shw,46.20_-123.40,46.2,-123.4,46.2,-123.45,14.82,1,46.194,-122.235,1494,0.1355,156
SHW,shw,46.40_-122.80,46.4,-122.8,46.45,-122.9,26.43,1,46.194,-122.235,1848,0.0792,156
SHW,shw,46.40_-123.00,46.4,-123.0,46.45,-123.1,42.74,1,46.194,-122.235,1848,0.086,156
SHW,shw,46.40_-123.20,46.4,-123.2,46.45,-123.2,25.62,7,46.194,-122.235,1848,0.0772,156
SHW,shw,46.40_-123.40,46.4,-123.4,46.4,-123.35,27.07,1,46.194,-122.235,1848,0.099,156
SHW,shw,46.60_-122.60,46.6,-122.6,46.6,-122.6,19.82,1,46.194,-122.235,1847,0.0665,156
SHW,shw,46.60_-122.80,46.6,-122.8,46.575,-122.775,37.84,4,46.194,-122.235,1848,0.0688,156
SHW,shw,46.80_-123.00,46.8,-123.0,46.85,-123.05,36.41,4,46.194,-122.235,1847,0.0698,156
SHW,shw,47.00_-122.60,47.0,-122.6,46.95,-122.6,51.87,1,46.194,-122.235,1848,0.104,156
SHW,shw,47.00_-122.80,47.0,-122.8,47.05,-122.75,43.85,5,46.194,-122.235,1848,0.0802,156
SHW,shw,47.00_-123.20,47.0,-123.2,47.0,-123.25,39.32,1,46.194,-122.235,1847,0.1657,156
SIFT,sift,46.20_-123.20,46.2,-123.2,46.25,-123.15,18.91,1,46.867,-121.953,71,0.3506,157
SIFT,sift,46.40_-123.00,46.4,-123.0,46.4,-123.1,51.19,2,46.867,-121.953,2458,0.2085,157
SIFT,sift,46.40_-123.20,46.4,-123.2,46.5,-123.25,32.83,1,46.867,-121.953,170,0.2736,157
SIFT,sift,46.60_-122.80,46.6,-122.8,46.6,-122.7,34.94,1,46.867,-121.953,2311,0.4462,157
SIFT,sift,46.60_-123.00,46.6,-123.0,46.65,-123.0,51.69,3,46.867,-121.953,2409,0.3624,157
SIFT,sift,46.80_-122.60,46.8,-122.6,46.85,-122.65,37.7,5,46.867,-121.953,2460,0.1517,157
SIFT,sift,46.80_-122.80,46.8,-122.8,46.825,-122.8,26.78,2,46.867,-121.953,2163,0.2777,157
SIFT,sift,46.80_-123.20,46.8,-123.2,46.85,-123.2,31.07,1,46.867,-121.953,2404,0.2142,157
SIFT,sift,47.00_-122.80,47.0,-122.8,46.95,-122.725,45.71,2,46.867,-121.953,2435,0.2316,157
SIFT,sift,47.00_-123.00,47.0,-123.0,47.05,-123.025,43.27,2,46.867,-121.953,2303,0.1859,157
SIFT,sift,47.20_-122.80,47.2,-122.8,47.15,-122.8,28.86,1,46.867,-121.953,2259,0.1813,157
SIFT,sift,47.20_-123.00,47.2,-123.0,47.2,-123.1,22.53,1,46.867,-121.953,1653,0.1934,157
SIFT,sift,47.20_-123.20,47.2,-123.2,47.125,-123.2,43.15,2,46.867,-121.953,2165,0.1981,157
SIFT,sift,47.40_-123.00,47.4,-123.0,47.4,-123.1,46.27,1,46.867,-121.953,2464,0.2394,157
SIFT,sift,47.60_-122.80,47.6,-122.8,47.65,-122.85,43.83,1,46.867,-121.953,1674,0.3478,157
SIFT,sift,47.60_-123.00,47.6,-123.0,47.5,-122.95,28.68,3,46.867,-121.953,2274,0.3111,157
SIGP,sigp,41.20_-123.00,41.2,-123.0,41.2,-122.95,22.41,3,41.873,-124.068,2396,0.157,158
SIGP,sigp,41.20_-123.20,41.2,-123.2,41.15,-123.15,32.04,1,41.873,-124.068,2389,0.168,158
SIGP,sigp,41.40_-123.00,41.4,-123.0,41.35,-123.05,31.48,1,41.873,-124.068,2381,0.1463,158
SIGP,sigp,41.60_-123.00,41.6,-123.0,41.55,-123.0,27.86,1,41.873,-124.068,2374,0.2441,158
SIGP,sigp,41.60_-123.20,41.6,-123.2,41.675,-123.275,34.35,4,41.873,-124.068,2385,0.1403,158
SIGP,sigp,41.60_-123.40,41.6,-123.4,41.65,-123.4,37.43,5,41.873,-124.068,2409,0.147,158
SIGP,sigp,41.60_-123.60,41.6,-123.6,41.7,-123.5,41.8,1,41.873,-124.068,2383,0.3211,158
SIGP,sigp,41.80_-123.20,41.8,-123.2,41.775,-123.2,31.0,2,41.873,-124.068,2384,0.1231,158
SIGP,sigp,41.80_-123.40,41.8,-123.4,41.775,-123.425,40.31,4,41.873,-124.068,2396,0.1389,158
SIGP,sigp,41.80_-123.60,41.8,-123.6,41.75,-123.5,42.47,1,41.873,-124.068,2401,0.2251,158
SIGP,sigp,42.00_-123.20,42.0,-123.2,42.05,-123.225,33.78,2,41.873,-124.068,2348,0.1591,158
SIGP,sigp,42.00_-123.40,42.0,-123.4,42.075,-123.375,40.48,6,41.873,-124.068,2399,0.1814,158
SIGP,sigp,42.00_-123.60,42.0,-123.6,42.1,-123.55,46.64,5,41.873,-124.068,2400,0.1639,158
SIGP,sigp,42.00_-123.80,42.0,-123.8,42.1,-123.85,35.76,1,41.873,-124.068,2365,0.2425,158
SIGP,sigp,42.20_-123.20,42.2,-123.2,42.25,-123.25,35.69,6,41.873,-124.068,2399,0.1388,158
SIGP,sigp,42.20_-123.40,42.2,-123.4,42.2,-123.35,40.56,21,41.873,-124.068,2404,0.1795,158
SIGP,sigp,42.20_-123.60,42.2,-123.6,42.2,-123.55,46.58,8,41.873,-124.068,2392,0.1415,158
SIGP,sigp,42.20_-123.80,42.2,-123.8,42.2,-123.8,33.62,1,41.873,-124.068,2383,0.1537,158
SIGP,sigp,42.40_-123.20,42.4,-123.2,42.4,-123.3,32.84,5,41.873,-124.068,2397,0.1857,158
SIGP,sigp,42.40_-123.40,42.4,-123.4,42.4,-123.4,35.92,13,41.873,-124.068,2405,0.1435,158
SIGP,sigp,42.40_-123.60,42.4,-123.6,42.45,-123.6,38.66,13,41.873,-124.068,2399,0.1272,158
SIGP,sigp,42.40_-123.80,42.4,-123.8,42.45,-123.8,37.08,5,41.873,-124.068,2402,0.1433,158
SIGP,sigp,42.40_-124.00,42.4,-124.0,42.4,-123.9,22.27,1,41.873,-124.068,2383,0.1152,158
SIGP,sigp,42.60_-123.40,42.6,-123.4,42.6,-123.4,28.35,5,41.873,-124.068,2409,0.1599,158
SIGP,sigp,42.60_-123.60,42.6,-123.6,42.575,-123.55,31.46,4,41.873,-124.068,2400,0.1786,158
SIGP,sigp,42.60_-123.80,42.6,-123.8,42.55,-123.775,36.67,2,41.873,-124.068,2407,0.1498,158
SIGP,sigp,42.80_-123.40,42.8,-123.4,42.725,-123.375,32.47,2,41.873,-124.068,2402,0.1207,158
SISQ,sisq,41.60_-123.20,41.6,-123.2,41.6,-123.3,35.49,1,42.275,-123.632,1342,0.4145,159
SISQ,sisq,41.80_-123.60,41.8,-123.6,41.85,-123.5,43.77,1,42.275,-123.632,2269,0.3372,159
SISQ,sisq,42.00_-123.20,42.0,-123.2,42.0,-123.275,35.44,6,42.275,-123.632,2070,0.306,159
SISQ,sisq,42.20_-123.20,42.2,-123.2,42.225,-123.25,35.52,4,42.275,-123.632,1807,0.5097,159
SISQ,sisq,42.20_-123.40,42.2,-123.4,42.25,-123.35,39.75,2,42.275,-123.632,2320,0.3309,159
SISQ,sisq,42.40_-123.20,42.4,-123.2,42.375,-123.275,33.24,2,42.275,-123.632,1612,0.2942,159
SISQ,sisq,42.60_-123.40,42.6,-123.4,42.65,-123.45,28.9,7,42.275,-123.632,1909,0.2774,159
SISQ,sisq,42.80_-123.40,42.8,-123.4,42.75,-123.45,33.41,1,42.275,-123.632,198,0.517,159
SISQ,sisq,42.80_-123.60,42.8,-123.6,42.825,-123.5,32.15,2,42.275,-123.632,2341,0.1785,159
SKAMO,skamo,45.40_-123.40,45.4,-123.4,45.45,-123.45,44.43,1,46.308,-123.338,1587,0.1457,160
SKAMO,skamo,45.60_-123.00,45.6,-123.0,45.625,-122.975,33.24,2,46.308,-123.338,1625,0.1672,160
SKAMO,skamo,45.60_-123.20,45.6,-123.2,45.55,-123.3,28.87,5,46.308,-123.338,1643,0.1846,160
SKAMO,skamo,45.60_-123.40,45.6,-123.4,45.6,-123.4,38.81,6,46.308,-123.338,1622,0.1311,160
SKAMO,skamo,45.80_-123.20,45.8,-123.2,45.775,-123.275,26.85,2,46.308,-123.338,1481,0.1759,160
SKAMO,skamo,45.80_-123.40,45.8,-123.4,45.875,-123.4,21.51,2,46.308,-123.338,1647,0.1384,160
SKAMO,skamo,46.00_-123.20,46.0,-123.2,46.025,-123.275,34.64,2,46.308,-123.338,1655,0.1832,160
SKAMO,skamo,46.00_-123.60,46.0,-123.6,46.0,-123.6,21.24,1,46.308,-123.338,1639,0.1715,160
SKAMO,skamo,46.40_-123.20,46.4,-123.2,46.4,-123.25,17.93,1,46.308,-123.338,1421,0.265,160
SKAMO,skamo,46.60_-122.60,46.6,-122.6,46.55,-122.6,19.48,1,46.308,-123.338,1601,0.149,160
SKAMO,skamo,46.80_-122.60,46.8,-122.6,46.7,-122.6,44.22,1,46.308,-123.338,1612,0.2155,160
SKAMO,skamo,46.80_-122.80,46.8,-122.8,46.825,-122.775,32.04,4,46.308,-123.338,1622,0.1583,160
SKAMO,skamo,46.80_-123.00,46.8,-123.0,46.85,-123.05,35.83,3,46.308,-123.338,1592,0.1629,160
SKAMO,skamo,47.00_-122.80,47.0,-122.8,47.05,-122.85,50.5,1,46.308,-123.338,1302,0.2563,160
SKAMO,skamo,47.00_-123.20,47.0,-123.2,47.0,-123.2,36.74,1,46.308,-123.338,1203,0.1246,160
SKAMO,skamo,47.20_-122.80,47.2,-122.8,47.15,-122.825,39.73,2,46.308,-123.338,1626,0.1395,160
SKAMO,skamo,47.20_-123.00,47.2,-123.0,47.2,-123.0,39.55,1,46.308,-123.338,1625,0.2173,160
SKAMO,skamo,47.20_-123.40,47.2,-123.4,47.15,-123.45,44.23,1,46.308,-123.338,1552,0.1457,160
SLDQ,sldq,47.20_-123.00,47.2,-123.0,47.2,-123.0,39.55,1,48.062,-124.141,2304,0.1868,5
SLDQ,sldq,47.40_-123.00,47.4,-123.0,47.45,-122.95,17.3,1,48.062,-124.141,2346,0.0398,5
SLDQ,sldq,47.80_-123.00,47.8,-123.0,47.85,-123.05,42.69,2,48.062,-124.141,2472,0.1649,5
SLDQ,sldq,48.00_-123.00,48.0,-123.0,48.1,-122.95,46.83,1,48.062,-124.141,612,0.4748,5
SLDQ,sldq,48.00_-123.20,48.0,-123.2,48.0,-123.3,43.33,5,48.062,-124.141,2484,0.1294,5
SLDQ,sldq,48.00_-123.40,48.0,-123.4,48.025,-123.35,45.0,4,48.062,-124.141,2485,0.1065,5
SLDQ,sldq,48.00_-123.60,48.0,-123.6,48.075,-123.625,38.08,2,48.062,-124.141,2479,0.0918,5
SLDQ,sldq,48.20_-123.00,48.2,-123.0,48.25,-123.1,24.22,3,48.062,-124.141,2471,0.1174,5
SLDQ,sldq,48.20_-123.20,48.2,-123.2,48.2,-123.15,28.8,7,48.062,-124.141,2484,0.0922,5
SLDQ,sldq,48.20_-123.40,48.2,-123.4,48.2,-123.45,44.19,5,48.062,-124.141,2483,0.1075,5
SLDQ,sldq,48.20_-123.60,48.2,-123.6,48.25,-123.65,34.06,14,48.062,-124.141,2483,0.0901,5
SLDQ,sldq,48.20_-123.80,48.2,-123.8,48.25,-123.8,31.34,5,48.062,-124.141,2480,0.1458,5
SLDQ,sldq,48.40_-123.20,48.4,-123.2,48.35,-123.3,28.26,1,48.062,-124.141,2297,0.1604,5
SLDQ,sldq,48.40_-123.60,48.4,-123.6,48.35,-123.6,21.41,2,48.062,-124.141,800,0.2688,5
SLDQ,sldq,48.40_-123.80,48.4,-123.8,48.375,-123.775,29.18,10,48.062,-124.141,2485,0.104,5
SLDQ,sldq,48.40_-124.00,48.4,-124.0,48.45,-123.9,40.09,2,48.062,-124.141,2477,0.1005,5
SLDQ,sldq,48.60_-123.60,48.6,-123.6,48.55,-123.65,31.88,1,48.062,-124.141,165,0.4576,5
SLDQ,sldq,48.60_-123.80,48.6,-123.8,48.55,-123.85,20.01,1,48.062,-124.141,2479,0.102,5
SLDQ,sldq,48.60_-124.00,48.6,-124.0,48.6,-123.975,21.29,2,48.062,-124.141,2477,0.1616,5
SLDQ,sldq,48.80_-123.80,48.8,-123.8,48.7,-123.775,20.9,2,48.062,-124.141,2457,0.1097,5
SLDQ,sldq,48.80_-124.20,48.8,-124.2,48.8,-124.25,21.55,1,48.062,-124.141,2428,0.1531,5
SLDQ,sldq,48.80_-124.40,48.8,-124.4,48.8,-124.3,21.13,1,48.062,-124.141,2463,0.1749,5
SNB,snb,48.00_-123.20,48.0,-123.2,48.1,-123.3,43.33,1,48.775,-123.172,3422,0.1981,162
SNB,snb,48.00_-123.40,48.0,-123.4,48.075,-123.4,40.97,2,48.775,-123.172,3419,0.1925,162
SNB,snb,48.00_-123.60,48.0,-123.6,48.1,-123.5,36.39,1,48.775,-123.172,3418,0.1761,162
SNB,snb,48.20_-123.00,48.2,-123.0,48.225,-123.025,25.16,2,48.775,-123.172,3422,0.1675,162
SNB,snb,48.20_-123.20,48.2,-123.2,48.25,-123.15,31.3,5,48.775,-123.172,3422,0.1815,162
SNB,snb,48.20_-123.40,48.2,-123.4,48.25,-123.45,41.26,8,48.775,-123.172,3422,0.1703,162
SNB,snb,48.20_-123.60,48.2,-123.6,48.25,-123.575,33.22,12,48.775,-123.172,3426,0.1595,162
SNB,snb,48.20_-123.80,48.2,-123.8,48.3,-123.8,31.27,6,48.775,-123.172,3422,0.1646,162
SNB,snb,48.40_-122.80,48.4,-122.8,48.4,-122.85,54.79,1,48.775,-123.172,3414,0.1807,162
SNB,snb,48.40_-123.60,48.4,-123.6,48.375,-123.65,22.94,6,48.775,-123.172,3421,0.1676,162
SNB,snb,48.40_-123.80,48.4,-123.8,48.45,-123.85,31.28,8,48.775,-123.172,3422,0.1661,162
SNB,snb,48.40_-124.00,48.4,-124.0,48.5,-123.9,35.62,5,48.775,-123.172,3421,0.1324,162
SNB,snb,48.60_-123.60,48.6,-123.6,48.55,-123.7,52.17,1,48.775,-123.172,3404,0.2257,162
SNB,snb,48.60_-123.80,48.6,-123.8,48.6,-123.85,21.52,3,48.775,-123.172,3422,0.1881,162
SNB,snb,48.60_-124.00,48.6,-124.0,48.6,-123.975,21.2,12,48.775,-123.172,3426,0.1374,162
SNB,snb,48.60_-124.40,48.6,-124.4,48.65,-124.35,34.37,1,48.775,-123.172,3421,0.2491,162
SNB,snb,48.80_-123.60,48.8,-123.6,48.85,-123.7,41.41,3,48.775,-123.172,3414,0.2237,162
SNB,snb,48.80_-123.80,48.8,-123.8,48.75,-123.8,19.54,2,48.775,-123.172,3426,0.1947,162
SNB,snb,48.80_-124.00,48.8,-124.0,48.7,-124.05,25.35,11,48.775,-123.172,3427,0.141,162
SNB,snb,48.80_-124.20,48.8,-124.2,48.7,-124.2,29.61,8,48.775,-123.172,3426,0.1692,162
SNB,snb,48.80_-124.40,48.8,-124.4,48.8,-124.35,29.12,12,48.775,-123.172,3445,0.1804,162
SNB,snb,49.00_-123.80,49.0,-123.8,48.95,-123.85,48.26,2,48.775,-123.172,3420,0.157,162
SNB,snb,49.00_-124.00,49.0,-124.0,48.95,-123.9,46.33,1,48.775,-123.172,3416,0.1424,162
SNB,snb,49.00_-124.40,49.0,-124.4,49.05,-124.5,27.49,1,48.775,-123.172,3428,0.1618,162
SNB,snb,49.20_-124.40,49.2,-124.4,49.1,-124.5,39.91,1,48.775,-123.172,2261,0.229,162
SP2,sp2,46.60_-122.80,46.6,-122.8,46.65,-122.7,26.38,1,47.556,-122.249,2978,0.0162,163
SP2,sp2,46.80_-122.60,46.8,-122.6,46.75,-122.65,37.7,3,47.556,-122.249,2978,0.0165,163
SP2,sp2,46.80_-122.80,46.8,-122.8,46.9,-122.75,32.04,3,47.556,-122.249,2979,0.0189,163
SP2,sp2,46.80_-123.20,46.8,-123.2,46.8,-123.15,29.39,1,47.556,-122.249,2977,0.0268,163
SP2,sp2,47.00_-122.80,47.0,-122.8,46.95,-122.75,43.85,2,47.556,-122.249,2978,0.0186,163
SP2,sp2,47.00_-123.00,47.0,-123.0,47.0,-123.0,40.21,1,47.556,-122.249,2976,0.027,163
SP2,sp2,47.20_-122.60,47.2,-122.6,47.2,-122.65,31.1,3,47.556,-122.249,2977,0.0116,163
SP2,sp2,47.20_-122.80,47.2,-122.8,47.3,-122.85,25.37,5,47.556,-122.249,2978,0.015,163
SP2,sp2,47.20_-123.00,47.2,-123.0,47.175,-123.05,32.57,2,47.556,-122.249,2978,0.0198,163
SP2,sp2,47.20_-123.20,47.2,-123.2,47.3,-123.15,45.03,1,47.556,-122.249,2977,0.0144,163
SP2,sp2,47.40_-122.60,47.4,-122.6,47.4,-122.65,33.33,3,47.556,-122.249,2979,0.0212,163
SP2,sp2,47.40_-122.80,47.4,-122.8,47.4,-122.85,35.58,4,47.556,-122.249,2979,0.0176,163
SP2,sp2,47.40_-123.00,47.4,-123.0,47.425,-123.0,18.77,2,47.556,-122.249,2978,0.0177,163
SP2,sp2,47.40_-123.20,47.4,-123.2,47.35,-123.3,36.04,1,47.556,-122.249,2979,0.0225,163
SP2,sp2,47.60_-122.60,47.6,-122.6,47.6,-122.65,24.13,1,47.556,-122.249,2979,0.0218,163
SP2,sp2,47.60_-122.80,47.6,-122.8,47.575,-122.775,20.51,8,47.556,-122.249,2978,0.0135,163
SP2,sp2,47.60_-123.00,47.6,-123.0,47.625,-123.0,44.72,4,47.556,-122.249,2979,0.0207,163
SP2,sp2,47.60_-123.20,47.6,-123.2,47.55,-123.3,45.61,1,47.556,-122.249,2979,0.0248,163
SP2,sp2,47.80_-122.80,47.8,-122.8,47.9,-122.8,26.32,5,47.556,-122.249,2978,0.0159,163
SP2,sp2,47.80_-123.00,47.8,-123.0,47.85,-123.0,47.72,5,47.556,-122.249,2978,0.012,163
SP2,sp2,47.80_-123.20,47.8,-123.2,47.875,-123.225,41.43,4,47.556,-122.249,2978,0.0182,163
SP2,sp2,47.80_-123.40,47.8,-123.4,47.8,-123.35,44.9,1,47.556,-122.249,2974,0.0225,163
SP2,sp2,47.80_-123.60,47.8,-123.6,47.9,-123.5,37.73,1,47.556,-122.249,2979,0.0185,163
SP2,sp2,48.00_-122.80,48.0,-122.8,48.05,-122.9,25.3,3,47.556,-122.249,2979,0.016,163
SP2,sp2,48.00_-123.00,48.0,-123.0,48.025,-122.95,47.71,4,47.556,-122.249,2978,0.0143,163
SP2,sp2,48.00_-123.20,48.0,-123.2,48.0,-123.3,43.33,3,47.556,-122.249,2978,0.0141,163
SP2,sp2,48.00_-123.40,48.0,-123.4,48.0,-123.4,40.2,1,47.556,-122.249,2978,0.0144,163
SP2,sp2,48.20_-122.80,48.2,-122.8,48.25,-122.85,29.67,3,47.556,-122.249,2978,0.0133,163
SP2,sp2,48.20_-123.00,48.2,-123.0,48.2,-123.05,39.24,5,47.556,-122.249,2979,0.0119,163
SP2,sp2,48.20_-123.20,48.2,-123.2,48.25,-123.2,28.8,5,47.556,-122.249,2978,0.0126,163
SP2,sp2,48.20_-123.40,48.2,-123.4,48.25,-123.4,26.37,3,47.556,-122.249,2978,0.0169,163
SP2,sp2,48.20_-123.60,48.2,-123.6,48.2,-123.55,35.86,1,47.556,-122.249,2978,0.0355,163
SP2,sp2,48.40_-122.80,48.4,-122.8,48.35,-122.875,26.33,2,47.556,-122.249,2978,0.0207,163
SP2,sp2,48.40_-123.00,48.4,-123.0,48.4,-123.05,29.91,3,47.556,-122.249,2978,0.0181,163
SP2,sp2,48.40_-123.20,48.4,-123.2,48.375,-123.2,41.74,2,47.556,-122.249,2978,0.0163,163
SP2,sp2,48.40_-123.40,48.4,-123.4,48.45,-123.4,27.0,1,47.556,-122.249,2976,0.02,163
SP2,sp2,48.40_-123.60,48.4,-123.6,48.4,-123.5,39.27,1,47.556,-122.249,2979,0.0201,163
SSO2,sso2,44.00_-123.20,44.0,-123.2,44.05,-123.3,19.25,1,44.841,-122.483,592,0.2041,164
SSO2,sso2,44.20_-123.40,44.2,-123.4,44.15,-123.45,27.98,1,44.841,-122.483,2189,0.1415,164
SSO2,sso2,44.20_-123.60,44.2,-123.6,44.15,-123.5,26.89,1,44.841,-122.483,1349,0.2136,164
SSO2,sso2,44.40_-123.40,44.4,-123.4,44.5,-123.4,30.85,1,44.841,-122.483,1421,0.2638,164
SSO2,sso2,44.40_-123.60,44.4,-123.6,44.45,-123.6,27.88,4,44.841,-122.483,2180,0.1579,164
SSO2,sso2,44.40_-123.80,44.4,-123.8,44.5,-123.75,20.14,1,44.841,-122.483,2109,0.1437,164
SSO2,sso2,44.60_-123.40,44.6,-123.4,44.65,-123.4,23.54,1,44.841,-122.483,1909,0.1542,164
SSO2,sso2,44.60_-123.60,44.6,-123.6,44.6,-123.6,30.18,4,44.841,-122.483,2033,0.1365,164
SSO2,sso2,44.80_-123.20,44.8,-123.2,44.85,-123.3,23.86,1,44.841,-122.483,2113,0.1128,164
SSO2,sso2,44.80_-123.40,44.8,-123.4,44.8,-123.375,25.68,2,44.841,-122.483,2098,0.1793,164
SSO2,sso2,45.00_-123.20,45.0,-123.2,44.975,-123.275,31.29,2,44.841,-122.483,2168,0.1847,164
SSO2,sso2,45.00_-123.40,45.0,-123.4,45.05,-123.425,20.04,6,44.841,-122.483,2250,0.0963,164
SSO2,sso2,45.00_-123.60,45.0,-123.6,45.0,-123.5,25.35,5,44.841,-122.483,2186,0.1756,164
SSO2,sso2,45.20_-123.20,45.2,-123.2,45.175,-123.225,25.65,2,44.841,-122.483,2069,0.1325,164
SSO2,sso2,45.20_-123.40,45.2,-123.4,45.3,-123.45,25.31,5,44.841,-122.483,2215,0.1046,164
SSO2,sso2,45.20_-123.60,45.2,-123.6,45.15,-123.5,37.41,3,44.841,-122.483,2208,0.1385,164
SSO2,sso2,45.40_-123.00,45.4,-123.0,45.4,-123.05,19.9,3,44.841,-122.483,2221,0.0934,164
SSO2,sso2,45.40_-123.20,45.4,-123.2,45.45,-123.175,30.01,4,44.841,-122.483,2065,0.1739,164
SSO2,sso2,45.40_-123.40,45.4,-123.4,45.35,-123.45,23.39,1,44.841,-122.483,1846,0.1243,164
SSO2,sso2,45.60_-123.20,45.6,-123.2,45.5,-123.25,37.87,1,44.841,-122.483,1690,0.2435,164
SSO2,sso2,45.60_-123.40,45.6,-123.4,45.6,-123.375,38.67,6,44.841,-122.483,2247,0.1285,164
STOR,stor,46.40_-122.80,46.4,-122.8,46.5,-122.85,30.99,1,47.188,-121.989,4493,0.08,165
STOR,stor,46.40_-123.00,46.4,-123.0,46.5,-123.1,50.3,1,47.188,-121.989,4493,0.1422,165
STOR,stor,46.40_-123.20,46.4,-123.2,46.4,-123.25,17.93,1,47.188,-121.989,4493,0.0682,165
STOR,stor,46.60_-122.80,46.6,-122.8,46.55,-122.8,26.78,1,47.188,-121.989,4490,0.1084,165
STOR,stor,46.60_-123.00,46.6,-123.0,46.6,-123.1,44.48,1,47.188,-121.989,4495,0.0723,165
STOR,stor,46.80_-122.60,46.8,-122.6,46.85,-122.65,20.88,1,47.188,-121.989,4494,0.1381,165
STOR,stor,46.80_-122.80,46.8,-122.8,46.8,-122.75,39.85,5,47.188,-121.989,4496,0.0733,165
STOR,stor,46.80_-123.00,46.8,-123.0,46.85,-123.05,35.83,7,47.188,-121.989,4495,0.0402,165
STOR,stor,46.80_-123.20,46.8,-123.2,46.725,-123.2,28.04,2,47.188,-121.989,4494,0.0817,165
STOR,stor,47.00_-122.60,47.0,-122.6,47.0,-122.6,48.34,1,47.188,-121.989,4453,0.0766,165
STOR,stor,47.00_-122.80,47.0,-122.8,46.95,-122.75,43.85,1,47.188,-121.989,4494,0.0829,165
STOR,stor,47.00_-123.00,47.0,-123.0,47.0,-123.0,42.16,8,47.188,-121.989,4497,0.0387,165
STOR,stor,47.00_-123.20,47.0,-123.2,47.05,-123.15,42.77,1,47.188,-121.989,4495,0.118,165
STOR,stor,47.20_-122.40,47.2,-122.4,47.1,-122.5,35.64,1,47.188,-121.989,4495,0.1835,165
STOR,stor,47.20_-122.60,47.2,-122.6,47.1,-122.6,26.49,1,47.188,-121.989,4482,0.0759,165
STOR,stor,47.20_-122.80,47.2,-122.8,47.25,-122.7,36.3,3,47.188,-121.989,4494,0.0449,165
STOR,stor,47.20_-123.00,47.2,-123.0,47.125,-123.025,41.41,10,47.188,-121.989,4495,0.0578,165
STOR,stor,47.20_-123.20,47.2,-123.2,47.25,-123.15,41.16,5,47.188,-121.989,4495,0.0409,165
STOR,stor,47.40_-122.80,47.4,-122.8,47.4,-122.9,35.58,6,47.188,-121.989,4495,0.0672,165
STOR,stor,47.40_-123.00,47.4,-123.0,47.4,-123.0,42.01,3,47.188,-121.989,4495,0.0567,165
STOR,stor,47.40_-123.20,47.4,-123.2,47.35,-123.15,41.68,1,47.188,-121.989,4487,0.1051,165
STOR,stor,47.60_-122.60,47.6,-122.6,47.675,-122.65,21.37,2,47.188,-121.989,4494,0.0839,165
STOR,stor,47.60_-122.80,47.6,-122.8,47.575,-122.775,24.47,8,47.188,-121.989,4498,0.047,165
STOR,stor,47.60_-123.00,47.6,-123.0,47.5,-123.05,35.05,3,47.188,-121.989,4496,0.0716,165
STOR,stor,47.60_-123.20,47.6,-123.2,47.575,-123.25,39.88,2,47.188,-121.989,4495,0.0852,165
STOR,stor,47.80_-122.80,47.8,-122.8,47.8,-122.8,19.67,1,47.188,-121.989,4494,0.0678,165
STOR,stor,47.80_-123.00,47.8,-123.0,47.825,-123.025,46.57,2,47.188,-121.989,4499,0.06,165
STOR,stor,47.80_-123.20,47.8,-123.2,47.8,-123.225,41.76,4,47.188,-121.989,4497,0.0716,165
STOR,stor,48.00_-122.80,48.0,-122.8,48.0,-122.9,27.4,1,47.188,-121.989,4495,0.1094,165
STOR,stor,48.00_-123.00,48.0,-123.0,47.975,-123.0,46.71,6,47.188,-121.989,4497,0.0466,165
STOR,stor,48.00_-123.20,48.0,-123.2,47.95,-123.25,42.21,4,47.188,-121.989,4495,0.0479,165
SWF2,swf2,45.20_-123.20,45.2,-123.2,45.3,-123.15,30.99,1,46.178,-122.217,2222,0.1711,166
SWF2,swf2,45.20_-123.40,45.2,-123.4,45.3,-123.425,23.57,2,46.178,-122.217,4136,0.1344,166
SWF2,swf2,45.40_-123.00,45.4,-123.0,45.45,-122.95,27.43,1,46.178,-122.217,4025,0.2129,166
SWF2,swf2,45.40_-123.20,45.4,-123.2,45.375,-123.225,25.0,4,46.178,-122.217,4143,0.1168,166
SWF2,swf2,45.40_-123.40,45.4,-123.4,45.375,-123.375,21.67,2,46.178,-122.217,4130,0.1681,166
SWF2,swf2,45.40_-123.60,45.4,-123.6,45.45,-123.55,43.27,1,46.178,-122.217,4135,0.1457,166
SWF2,swf2,45.60_-123.00,45.6,-123.0,45.7,-123.1,41.51,1,46.178,-122.217,3975,0.2099,166
SWF2,swf2,45.60_-123.20,45.6,-123.2,45.6,-123.2,24.93,10,46.178,-122.217,4138,0.112,166
SWF2,swf2,45.60_-123.40,45.6,-123.4,45.6,-123.4,38.67,11,46.178,-122.217,4149,0.0963,166
SWF2,swf2,45.80_-123.00,45.8,-123.0,45.85,-123.075,24.43,4,46.178,-122.217,4139,0.1633,166
SWF2,swf2,45.80_-123.20,45.8,-123.2,45.825,-123.25,36.63,10,46.178,-122.217,4132,0.1286,166
SWF2,swf2,45.80_-123.40,45.8,-123.4,45.85,-123.35,30.17,3,46.178,-122.217,3996,0.1308,166
SWF2,swf2,46.00_-123.00,46.0,-123.0,45.95,-123.025,19.16,2,46.178,-122.217,3987,0.1928,166
SWF2,swf2,46.00_-123.20,46.0,-123.2,45.95,-123.25,42.72,9,46.178,-122.217,4127,0.1355,166
SWF2,swf2,46.40_-122.80,46.4,-122.8,46.5,-122.9,36.43,1,46.178,-122.217,2460,0.2211,166
SWF2,swf2,46.40_-123.00,46.4,-123.0,46.5,-123.1,50.3,1,46.178,-122.217,4099,0.2151,166
SWF2,swf2,46.40_-123.20,46.4,-123.2,46.4,-123.25,17.93,1,46.178,-122.217,4048,0.1386,166
SWF2,swf2,46.60_-123.00,46.6,-123.0,46.55,-123.1,47.81,1,46.178,-122.217,2476,0.2022,166
SWF2,swf2,46.80_-122.60,46.8,-122.6,46.7,-122.65,47.33,1,46.178,-122.217,4129,0.1708,166
SWF2,swf2,46.80_-122.80,46.8,-122.8,46.8,-122.8,21.47,3,46.178,-122.217,4087,0.1855,166
SWF2,swf2,46.80_-123.00,46.8,-123.0,46.775,-123.0,37.16,4,46.178,-122.217,4087,0.1394,166
SWF2,swf2,47.00_-122.80,47.0,-122.8,47.0,-122.8,45.81,3,46.178,-122.217,4107,0.1128,166
SWF2,swf2,47.00_-123.00,47.0,-123.0,47.05,-123.1,43.95,3,46.178,-122.217,4096,0.1543,166
TOFB,tofb,48.80_-124.60,48.8,-124.6,48.85,-124.6,19.31,1,49.154,-125.908,930,0.1669,167
TOFB,tofb,48.80_-124.80,48.8,-124.8,48.9,-124.8,33.03,3,49.154,-125.908,943,0.1531,167
TOFB,tofb,49.00_-124.60,49.0,-124.6,49.05,-124.625,41.21,8,49.154,-125.908,943,0.1348,167
TOFB,tofb,49.00_-124.80,49.0,-124.8,49.0,-124.75,26.21,7,49.154,-125.908,943,0.1201,167
TOFB,tofb,49.20_-124.60,49.2,-124.6,49.15,-124.6,39.7,6,49.154,-125.908,943,0.1405,167
TOFB,tofb,49.20_-124.80,49.2,-124.8,49.2,-124.9,35.22,8,49.154,-125.908,943,0.1224,167
TOFB,tofb,49.20_-125.00,49.2,-125.0,49.25,-125.0,26.74,17,49.154,-125.908,943,0.1188,167
TOFB,tofb,49.20_-125.20,49.2,-125.2,49.25,-125.2,35.95,7,49.154,-125.908,943,0.1263,167
TOFB,tofb,49.40_-124.80,49.4,-124.8,49.375,-124.8,19.59,2,49.154,-125.908,943,0.2157,167
TOFB,tofb,49.40_-125.00,49.4,-125.0,49.35,-125.05,31.18,9,49.154,-125.908,943,0.1251,167
TOFB,tofb,49.40_-125.20,49.4,-125.2,49.4,-125.15,18.06,7,49.154,-125.908,943,0.1529,167
TOFB,tofb,49.40_-125.40,49.4,-125.4,49.45,-125.4,45.16,3,49.154,-125.908,943,0.1442,167
TOFB,tofb,49.40_-125.60,49.4,-125.6,49.4,-125.575,39.48,4,49.154,-125.908,943,0.1365,167
TOFB,tofb,49.60_-125.20,49.6,-125.2,49.55,-125.225,14.78,4,49.154,-125.908,943,0.1319,167
TOFB,tofb,49.60_-125.60,49.6,-125.6,49.5,-125.55,36.19,1,49.154,-125.908,886,0.2014,167
TOFB,tofb,49.80_-126.40,49.8,-126.4,49.8,-126.3,38.75,1,49.154,-125.908,108,0.4096,167
TOFB,tofb,50.00_-126.60,50.0,-126.6,49.95,-126.55,29.24,1,49.154,-125.908,921,0.1585,167
TOLE,tole,45.60_-123.20,45.6,-123.2,45.7,-123.25,23.38,3,46.453,-122.845,2468,0.0207,168
TOLE,tole,45.60_-123.40,45.6,-123.4,45.65,-123.425,34.98,2,46.453,-122.845,2467,0.0205,168
TOLE,tole,45.80_-123.00,45.8,-123.0,45.9,-123.0,22.9,1,46.453,-122.845,2468,0.0246,168
TOLE,tole,45.80_-123.20,45.8,-123.2,45.85,-123.25,33.77,9,46.453,-122.845,2468,0.0196,168
TOLE,tole,45.80_-123.40,45.8,-123.4,45.9,-123.425,18.59,2,46.453,-122.845,2467,0.022,168
TOLE,tole,45.80_-123.60,45.8,-123.6,45.9,-123.525,16.1,2,46.453,-122.845,2448,0.0167,168
TOLE,tole,46.00_-123.00,46.0,-123.0,46.075,-123.05,18.68,4,46.453,-122.845,2468,0.0225,168
TOLE,tole,46.00_-123.20,46.0,-123.2,45.95,-123.25,33.33,5,46.453,-122.845,2468,0.0225,168
TOLE,tole,46.00_-123.60,46.0,-123.6,45.95,-123.5,18.06,1,46.453,-122.845,2468,0.0246,168
TOLE,tole,46.20_-122.80,46.2,-122.8,46.2,-122.8,17.84,1,46.453,-122.845,2468,0.0263,168
TOLE,tole,46.20_-123.00,46.2,-123.0,46.15,-123.0,17.88,3,46.453,-122.845,2468,0.0257,168
TOLE,tole,46.20_-123.20,46.2,-123.2,46.2,-123.2,18.17,4,46.453,-122.845,2468,0.0265,168
TOLE,tole,46.40_-122.80,46.4,-122.8,46.5,-122.7,19.89,1,46.453,-122.845,2461,0.0496,168
TOLE,tole,46.40_-123.00,46.4,-123.0,46.45,-123.075,37.62,4,46.453,-122.845,2468,0.0235,168
TOLE,tole,46.40_-123.20,46.4,-123.2,46.45,-123.15,25.62,5,46.453,-122.845,2468,0.024,168
TOLE,tole,46.40_-123.40,46.4,-123.4,46.35,-123.35,25.61,1,46.453,-122.845,2463,0.018,168
TOLE,tole,46.60_-122.80,46.6,-122.8,46.575,-122.725,23.37,2,46.453,-122.845,2424,0.0418,168
TOLE,tole,46.60_-123.00,46.6,-123.0,46.6,-123.05,48.98,3,46.453,-122.845,2465,0.0225,168
TOLE,tole,46.60_-123.20,46.6,-123.2,46.55,-123.15,45.28,1,46.453,-122.845,2268,0.0183,168
TOLE,tole,46.80_-122.40,46.8,-122.4,46.8,-122.45,51.9,1,46.453,-122.845,2468,0.0215,168
TOLE,tole,46.80_-122.60,46.8,-122.6,46.85,-122.65,47.33,3,46.453,-122.845,2468,0.0197,168
TOLE,tole,46.80_-122.80,46.8,-122.8,46.8,-122.85,34.21,9,46.453,-122.845,2468,0.0221,168
TOLE,tole,46.80_-123.00,46.8,-123.0,46.85,-123.1,34.58,1,46.453,-122.845,2421,0.036,168
TOLE,tole,46.80_-123.20,46.8,-123.2,46.9,-123.175,37.21,2,46.453,-122.845,2452,0.0253,168
TOLE,tole,47.00_-122.40,47.0,-122.4,47.05,-122.5,31.0,1,46.453,-122.845,2468,0.0228,168
TOLE,tole,47.00_-122.60,47.0,-122.6,47.0,-122.6,47.91,2,46.453,-122.845,2468,0.0226,168
TOLE,tole,47.00_-122.80,47.0,-122.8,47.0,-122.85,45.12,7,46.453,-122.845,2468,0.0196,168
TOLE,tole,47.00_-123.00,47.0,-123.0,46.975,-122.975,43.99,2,46.453,-122.845,2422,0.0227,168
TOLE,tole,47.00_-123.20,47.0,-123.2,47.0,-123.15,42.24,2,46.453,-122.845,2468,0.0256,168
TOLE,tole,47.20_-122.40,47.2,-122.4,47.25,-122.45,37.95,2,46.453,-122.845,2427,0.0199,168
TOLE,tole,47.20_-122.60,47.2,-122.6,47.25,-122.65,25.69,5,46.453,-122.845,2468,0.0188,168
TOLE,tole,47.20_-122.80,47.2,-122.8,47.2,-122.75,38.38,12,46.453,-122.845,2468,0.0201,168
TOLE,tole,47.20_-123.00,47.2,-123.0,47.25,-123.05,41.13,7,46.453,-122.845,2468,0.0215,168
TOLE,tole,47.20_-123.20,47.2,-123.2,47.2,-123.15,34.14,2,46.453,-122.845,2468,0.0221,168
TOLE,tole,47.40_-122.40,47.4,-122.4,47.35,-122.5,35.8,1,46.453,-122.845,2468,0.0277,168
TOLE,tole,47.40_-122.60,47.4,-122.6,47.35,-122.55,35.33,1,46.453,-122.845,2400,0.0204,168
TOLE,tole,47.40_-122.80,47.4,-122.8,47.35,-122.775,25.04,2,46.453,-122.845,2467,0.0229,168
TOLE,tole,47.40_-123.00,47.4,-123.0,47.35,-122.95,40.99,1,46.453,-122.845,2459,0.0246,168
TRIN,trin,40.20_-122.80,40.2,-122.8,40.3,-122.75,30.3,3,40.974,-122.705,2782,0.3875,169
TRIN,trin,40.40_-122.40,40.4,-122.4,40.4,-122.45,26.96,3,40.974,-122.705,1903,0.3223,169
TRIN,trin,40.40_-122.60,40.4,-122.6,40.4,-122.65,18.32,3,40.974,-122.705,2524,0.2636,169
TRIN,trin,40.40_-122.80,40.4,-122.8,40.35,-122.7,37.49,2,40.974,-122.705,1979,0.3042,169
TRIN,trin,40.80_-122.60,40.8,-122.6,40.7,-122.6,20.33,1,40.974,-122.705,2454,0.2974,169
TRIN,trin,41.20_-123.00,41.2,-123.0,41.25,-123.05,29.7,1,40.974,-122.705,1366,0.2985,169
TRIN,trin,41.40_-123.00,41.4,-123.0,41.45,-123.1,34.32,1,40.974,-122.705,126,0.2838,169
TRIN,trin,41.60_-123.00,41.6,-123.0,41.625,-123.075,28.1,2,40.974,-122.705,2404,0.372,169
TRIN,trin,41.60_-123.20,41.6,-123.2,41.625,-123.25,33.27,8,40.974,-122.705,2698,0.2481,169
TRIN,trin,41.60_-123.40,41.6,-123.4,41.6,-123.4,38.0,3,40.974,-122.705,2257,0.3346,169
TRIN,trin,41.80_-123.40,41.8,-123.4,41.8,-123.35,37.1,5,40.974,-122.705,2693,0.2893,169
TRIPT,tript,45.20_-123.00,45.2,-123.0,45.25,-123.05,22.51,3,45.63,-123.644,1550,0.1676,170
TRIPT,tript,45.20_-123.20,45.2,-123.2,45.3,-123.2,24.52,3,45.63,-123.644,1578,0.1088,170
TRIPT,tript,45.40_-122.80,45.4,-122.8,45.4,-122.9,19.6,1,45.63,-123.644,1540,0.1671,170
TRIPT,tript,45.40_-123.20,45.4,-123.2,45.375,-123.175,32.73,2,45.63,-123.644,1542,0.2083,170
TRIPT,tript,45.60_-123.20,45.6,-123.2,45.55,-123.25,28.87,1,45.63,-123.644,1562,0.1202,170
TRIPT,tript,45.80_-123.00,45.8,-123.0,45.9,-123.0,22.9,1,45.63,-123.644,1583,0.1398,170
TRIPT,tript,45.80_-123.20,45.8,-123.2,45.8,-123.225,30.4,2,45.63,-123.644,1320,0.137,170
TRIPT,tript,46.00_-123.00,46.0,-123.0,46.0,-123.1,15.6,1,45.63,-123.644,1304,0.1797,170
TRIPT,tript,46.00_-123.20,46.0,-123.2,46.0,-123.25,25.24,3,45.63,-123.644,1575,0.1103,170
TXDB,txdb,48.80_-123.60,48.8,-123.6,48.9,-123.7,50.48,3,49.698,-124.438,1888,0.1074,171
TXDB,txdb,48.80_-123.80,48.8,-123.8,48.9,-123.85,35.59,6,49.698,-124.438,1888,0.1642,171
TXDB,txdb,48.80_-124.00,48.8,-124.0,48.875,-124.0,23.27,2,49.698,-124.438,1888,0.1535,171
TXDB,txdb,48.80_-124.20,48.8,-124.2,48.8,-124.175,20.52,4,49.698,-124.438,1888,0.1573,171
TXDB,txdb,48.80_-124.40,48.8,-124.4,48.85,-124.35,34.6,15,49.698,-124.438,1888,0.1674,171
TXDB,txdb,48.80_-124.60,48.8,-124.6,48.85,-124.6,19.31,3,49.698,-124.438,1888,0.2049,171
TXDB,txdb,48.80_-124.80,48.8,-124.8,48.9,-124.7,30.34,1,49.698,-124.438,1887,0.2001,171
TXDB,txdb,49.00_-123.80,49.0,-123.8,48.95,-123.85,48.26,1,49.698,-124.438,1888,0.1724,171
TXDB,txdb,49.00_-124.00,49.0,-124.0,49.0,-123.9,42.87,3,49.698,-124.438,1888,0.1979,171
TXDB,txdb,49.00_-124.40,49.0,-124.4,48.975,-124.45,27.07,10,49.698,-124.438,1888,0.1531,171
TXDB,txdb,49.00_-124.60,49.0,-124.6,49.025,-124.6,41.63,10,49.698,-124.438,1888,0.1324,171
TXDB,txdb,49.00_-124.80,49.0,-124.8,49.0,-124.75,29.65,5,49.698,-124.438,1888,0.1615,171
TXDB,txdb,49.20_-124.60,49.2,-124.6,49.2,-124.6,38.57,8,49.698,-124.438,1888,0.1758,171
TXDB,txdb,49.20_-124.80,49.2,-124.8,49.15,-124.75,38.79,9,49.698,-124.438,1888,0.1395,171
TXDB,txdb,49.20_-125.00,49.2,-125.0,49.25,-125.05,33.47,17,49.698,-124.438,1888,0.154,171
TXDB,txdb,49.20_-125.20,49.2,-125.2,49.3,-125.15,33.58,1,49.698,-124.438,1888,0.1643,171
TXDB,txdb,49.20_-125.60,49.2,-125.6,49.3,-125.55,32.55,1,49.698,-124.438,1888,0.1778,171
TXDB,txdb,49.40_-124.80,49.4,-124.8,49.35,-124.75,24.32,1,49.698,-124.438,1887,0.2466,171
TXDB,txdb,49.40_-125.00,49.4,-125.0,49.35,-125.075,33.46,2,49.698,-124.438,1888,0.2063,171
TXDB,txdb,49.40_-125.20,49.4,-125.2,49.35,-125.2,18.06,7,49.698,-124.438,1888,0.1768,171
TXDB,txdb,49.40_-125.40,49.4,-125.4,49.4,-125.4,42.52,6,49.698,-124.438,1888,0.1482,171
TXDB,txdb,49.40_-125.60,49.4,-125.6,49.4,-125.65,37.3,8,49.698,-124.438,1888,0.152,171
TXDB,txdb,49.60_-125.20,49.6,-125.2,49.525,-125.25,14.54,2,49.698,-124.438,1888,0.173,171
TXDB,txdb,49.60_-125.60,49.6,-125.6,49.5,-125.6,32.12,1,49.698,-124.438,1888,0.2434,171
TXDB,txdb,49.60_-125.80,49.6,-125.8,49.65,-125.75,37.25,1,49.698,-124.438,1882,0.1726,171
UCHR,uchr,44.20_-123.40,44.2,-123.4,44.15,-123.4,30.65,1,44.835,-123.871,528,0.3206,172
UCHR,uchr,44.40_-123.60,44.4,-123.6,44.475,-123.6,28.52,2,44.835,-123.871,461,0.6082,172
UCHR,uchr,44.60_-123.60,44.6,-123.6,44.55,-123.6,30.16,3,44.835,-123.871,1070,0.223,172
UCHR,uchr,44.60_-124.00,44.6,-124.0,44.65,-124.0,19.52,1,44.835,-123.871,248,0.603,172
UCHR,uchr,45.20_-123.20,45.2,-123.2,45.25,-123.175,25.15,2,44.835,-123.871,1185,0.1505,172
UCHR,uchr,45.20_-123.40,45.2,-123.4,45.15,-123.45,36.27,1,44.835,-123.871,1217,0.1429,172
UCHR,uchr,45.40_-123.00,45.4,-123.0,45.4,-122.95,23.95,1,44.835,-123.871,1055,0.209,172
UCHR,uchr,45.40_-123.20,45.4,-123.2,45.35,-123.3,19.64,1,44.835,-123.871,1113,0.1633,172
UCHR,uchr,45.60_-123.20,45.6,-123.2,45.5,-123.2,31.29,1,44.835,-123.871,807,0.2245,172
VERN,vern,45.00_-123.20,45.0,-123.2,44.975,-123.3,26.98,2,45.853,-123.248,2519,0.2373,173
VERN,vern,45.00_-123.40,45.0,-123.4,45.0,-123.425,19.44,2,45.853,-123.248,1717,0.2018,173
VERN,vern,45.00_-123.60,45.0,-123.6,45.05,-123.5,21.65,1,45.853,-123.248,962,0.2352,173
VERN,vern,45.20_-123.00,45.2,-123.0,45.25,-123.05,20.59,1,45.853,-123.248,1086,0.5209,173
VERN,vern,45.20_-123.20,45.2,-123.2,45.2,-123.2,24.52,5,45.853,-123.248,2703,0.1281,173
VERN,vern,45.20_-123.40,45.2,-123.4,45.125,-123.4,27.13,8,45.853,-123.248,2685,0.1025,173
VERN,vern,45.40_-123.00,45.4,-123.0,45.375,-123.075,20.19,2,45.853,-123.248,2697,0.1159,173
VERN,vern,45.40_-123.20,45.4,-123.2,45.425,-123.275,24.96,2,45.853,-123.248,2649,0.1245,173
VERN,vern,45.40_-123.40,45.4,-123.4,45.4,-123.375,25.57,6,45.853,-123.248,2739,0.161,173
VERN,vern,45.40_-123.60,45.4,-123.6,45.35,-123.5,29.66,1,45.853,-123.248,2135,0.1995,173
VERN,vern,45.60_-123.00,45.6,-123.0,45.6,-123.05,52.72,1,45.853,-123.248,2344,0.2187,173
VERN,vern,45.60_-123.20,45.6,-123.2,45.6,-123.3,28.68,5,45.853,-123.248,2754,0.102,173
VERN,vern,45.60_-123.40,45.6,-123.4,45.6,-123.4,38.95,15,45.853,-123.248,2710,0.1107,173
VERN,vern,45.80_-123.20,45.8,-123.2,45.8,-123.25,30.51,4,45.853,-123.248,2732,0.1291,173
VERN,vern,45.80_-123.40,45.8,-123.4,45.75,-123.4,24.18,3,45.853,-123.248,2747,0.1208,173
VERN,vern,46.40_-123.20,46.4,-123.2,46.5,-123.15,48.58,1,45.853,-123.248,2308,0.1518,173
VGZ,vgz,48.00_-123.00,48.0,-123.0,48.0,-123.1,47.08,1,48.413,-123.325,3795,0.3988,174
VGZ,vgz,48.20_-123.00,48.2,-123.0,48.2,-123.0,22.43,1,48.413,-123.325,5185,0.2682,174
VGZ,vgz,48.40_-124.00,48.4,-124.0,48.5,-123.9,35.62,1,48.413,-123.325,5421,0.0879,174
VGZ,vgz,48.60_-124.20,48.6,-124.2,48.65,-124.15,36.57,1,48.413,-123.325,4909,0.2162,174
VGZ,vgz,48.80_-124.20,48.8,-124.2,48.75,-124.25,15.76,1,48.413,-123.325,4540,0.1664,174
VGZ,vgz,48.80_-124.40,48.8,-124.4,48.8,-124.375,30.58,10,48.413,-123.325,5604,0.1554,174
VGZ,vgz,49.00_-124.20,49.0,-124.2,49.0,-124.25,33.05,1,48.413,-123.325,3262,0.2,174
VGZ,vgz,49.00_-124.40,49.0,-124.4,49.0,-124.4,26.65,1,48.413,-123.325,5178,0.3581,174
VGZ,vgz,49.00_-124.60,49.0,-124.6,48.95,-124.575,39.96,2,48.413,-123.325,5608,0.1858,174
VGZ,vgz,49.20_-124.60,49.2,-124.6,49.1,-124.6,42.49,1,48.413,-123.325,3931,0.2625,174
VINO,vino,42.60_-123.40,42.6,-123.4,42.6,-123.45,29.68,7,43.428,-123.422,2180,0.1362,175
VINO,vino,42.60_-123.60,42.6,-123.6,42.6,-123.5,31.11,3,43.428,-123.422,2180,0.1337,175
VINO,vino,42.80_-123.20,42.8,-123.2,42.85,-123.25,35.81,3,43.428,-123.422,2180,0.0766,175
VINO,vino,42.80_-123.40,42.8,-123.4,42.85,-123.45,34.0,5,43.428,-123.422,2180,0.1548,175
VINO,vino,42.80_-123.60,42.8,-123.6,42.75,-123.525,30.94,4,43.428,-123.422,2180,0.0822,175
VINO,vino,43.00_-123.40,43.0,-123.4,43.05,-123.45,35.18,3,43.428,-123.422,2180,0.1782,175
VINO,vino,43.00_-123.60,43.0,-123.6,42.95,-123.55,31.78,5,43.428,-123.422,2180,0.1524,175
VINO,vino,43.20_-123.40,43.2,-123.4,43.15,-123.4,37.62,18,43.428,-123.422,2180,0.0949,175
VINO,vino,43.20_-123.60,43.2,-123.6,43.2,-123.55,32.67,19,43.428,-123.422,2180,0.0979,175
VINO,vino,43.40_-123.40,43.4,-123.4,43.4,-123.4,35.82,2,43.428,-123.422,2180,0.1078,175
VINO,vino,43.40_-123.60,43.4,-123.6,43.4,-123.6,28.8,2,43.428,-123.422,2180,0.091,175
VINO,vino,43.40_-124.00,43.4,-124.0,43.4,-123.9,30.66,1,43.428,-123.422,2180,0.1387,175
VINO,vino,43.60_-123.40,43.6,-123.4,43.625,-123.375,26.5,2,43.428,-123.422,2180,0.1074,175
VINO,vino,43.60_-123.60,43.6,-123.6,43.65,-123.55,27.38,11,43.428,-123.422,2180,0.1,175
VINO,vino,43.80_-123.40,43.8,-123.4,43.775,-123.425,22.58,2,43.428,-123.422,2180,0.1618,175
VINO,vino,43.80_-123.60,43.8,-123.6,43.75,-123.5,25.52,1,43.428,-123.422,2180,0.1252,175
VINO,vino,43.80_-124.00,43.8,-124.0,43.85,-123.95,32.98,1,43.428,-123.422,1931,0.362,175
VINO,vino,44.00_-123.60,44.0,-123.6,44.05,-123.6,29.05,1,43.428,-123.422,496,0.1692,175
VINO,vino,44.20_-123.60,44.2,-123.6,44.25,-123.6,33.8,5,43.428,-123.422,2180,0.163,175
VINO,vino,44.20_-123.80,44.2,-123.8,44.2,-123.8,31.32,1,43.428,-123.422,829,0.2149,175
VITI,viti,43.40_-123.40,43.4,-123.4,43.425,-123.45,32.55,2,44.282,-123.318,2253,0.1169,176
VITI,viti,43.40_-123.60,43.4,-123.6,43.45,-123.6,28.82,1,44.282,-123.318,2246,0.1099,176
VITI,viti,43.60_-123.40,43.6,-123.4,43.55,-123.4,27.14,5,44.282,-123.318,2251,0.0683,176
VITI,viti,43.60_-123.60,43.6,-123.6,43.6,-123.55,27.35,8,44.282,-123.318,2253,0.071,176
VITI,viti,43.60_-123.80,43.6,-123.8,43.55,-123.75,31.5,2,44.282,-123.318,2253,0.0814,176
VITI,viti,43.80_-123.20,43.8,-123.2,43.9,-123.225,28.7,2,44.282,-123.318,2253,0.1015,176
VITI,viti,43.80_-123.40,43.8,-123.4,43.85,-123.4,21.76,3,44.282,-123.318,2253,0.0945,176
VITI,viti,43.80_-123.60,43.8,-123.6,43.775,-123.575,28.17,2,44.282,-123.318,2251,0.0841,176
VITI,viti,43.80_-123.80,43.8,-123.8,43.75,-123.85,32.54,1,44.282,-123.318,2090,0.1123,176
VITI,viti,44.00_-123.20,44.0,-123.2,43.975,-123.225,21.79,2,44.282,-123.318,2251,0.0888,176
VITI,viti,44.00_-123.40,44.0,-123.4,44.05,-123.4,22.33,4,44.282,-123.318,2253,0.078,176
VITI,viti,44.00_-123.60,44.0,-123.6,44.0,-123.575,27.91,6,44.282,-123.318,2252,0.0606,176
VITI,viti,44.20_-123.20,44.2,-123.2,44.225,-123.3,27.79,2,44.282,-123.318,2253,0.1273,176
VITI,viti,44.20_-123.40,44.2,-123.4,44.25,-123.4,35.77,1,44.282,-123.318,2253,0.1596,176
VITI,viti,44.20_-123.60,44.2,-123.6,44.25,-123.6,32.64,7,44.282,-123.318,2253,0.0783,176
VITI,viti,44.20_-123.80,44.2,-123.8,44.3,-123.8,30.42,2,44.282,-123.318,2253,0.1113,176
VITI,viti,44.40_-123.20,44.4,-123.2,44.5,-123.3,39.46,1,44.282,-123.318,2227,0.0952,176
VITI,viti,44.40_-123.40,44.4,-123.4,44.5,-123.4,35.45,3,44.282,-123.318,2253,0.1103,176
VITI,viti,44.40_-123.60,44.4,-123.6,44.4,-123.6,31.55,9,44.282,-123.318,2253,0.0598,176
VITI,viti,44.40_-123.80,44.4,-123.8,44.4,-123.75,27.0,3,44.282,-123.318,2251,0.1153,176
VITI,viti,44.40_-124.00,44.4,-124.0,44.5,-123.9,19.28,1,44.282,-123.318,2253,0.0993,176
VITI,viti,44.60_-123.20,44.6,-123.2,44.55,-123.275,38.66,2,44.282,-123.318,2253,0.054,176
VITI,viti,44.60_-123.40,44.6,-123.4,44.55,-123.4,26.78,4,44.282,-123.318,2253,0.0558,176
VITI,viti,44.60_-123.60,44.6,-123.6,44.65,-123.6,28.74,7,44.282,-123.318,2253,0.053,176
VITI,viti,44.60_-123.80,44.6,-123.8,44.625,-123.8,24.84,2,44.282,-123.318,2253,0.063,176
VITI,viti,44.60_-124.00,44.6,-124.0,44.55,-124.0,37.23,1,44.282,-123.318,2251,0.1225,176
VITI,viti,44.80_-123.20,44.8,-123.2,44.8,-123.25,40.0,3,44.282,-123.318,2251,0.0601,176
VITI,viti,44.80_-123.40,44.8,-123.4,44.875,-123.35,31.81,4,44.282,-123.318,2252,0.0622,176
VITI,viti,44.80_-123.60,44.8,-123.6,44.825,-123.6,31.11,10,44.282,-123.318,2253,0.0852,176
VITI,viti,45.00_-123.20,45.0,-123.2,44.975,-123.275,30.33,2,44.282,-123.318,2253,0.0795,176
VITI,viti,45.00_-123.40,45.0,-123.4,44.975,-123.35,22.35,2,44.282,-123.318,2253,0.0833,176
VITI,viti,45.00_-123.60,45.0,-123.6,44.95,-123.65,28.3,3,44.282,-123.318,2253,0.1286,176
VITI,viti,45.20_-123.20,45.2,-123.2,45.15,-123.275,33.83,2,44.282,-123.318,2253,0.0663,176
VITI,viti,45.20_-123.40,45.2,-123.4,45.1,-123.35,25.33,1,44.282,-123.318,2253,0.1229,176
VITI,viti,45.20_-123.60,45.2,-123.6,45.1,-123.55,31.73,3,44.282,-123.318,2253,0.0565,176
VOIT,voit,46.20_-123.20,46.2,-123.2,46.25,-123.15,18.91,2,46.966,-121.983,2128,0.0964,177
VOIT,voit,46.40_-123.20,46.4,-123.2,46.4,-123.2,25.01,9,46.966,-121.983,2128,0.066,177
VOIT,voit,46.80_-122.80,46.8,-122.8,46.875,-122.75,37.15,6,46.966,-121.983,2128,0.0726,177
VOIT,voit,46.80_-123.00,46.8,-123.0,46.825,-123.025,37.66,4,46.966,-121.983,2128,0.0712,177
VOIT,voit,46.80_-123.20,46.8,-123.2,46.85,-123.25,29.31,1,46.966,-121.983,2128,0.1183,177
VOIT,voit,47.00_-122.80,47.0,-122.8,47.0,-122.75,43.85,3,46.966,-121.983,2119,0.0602,177
VOIT,voit,47.00_-123.00,47.0,-123.0,47.025,-123.0,40.93,4,46.966,-121.983,2128,0.0716,177
VOIT,voit,47.00_-123.20,47.0,-123.2,47.05,-123.2,37.84,2,46.966,-121.983,2128,0.064,177
VOIT,voit,47.20_-122.80,47.2,-122.8,47.25,-122.8,35.69,3,46.966,-121.983,2128,0.0876,177
VOIT,voit,47.20_-123.00,47.2,-123.0,47.25,-123.0,41.19,9,46.966,-121.983,2128,0.0572,177
VOIT,voit,47.20_-123.20,47.2,-123.2,47.2,-123.15,42.93,4,46.966,-121.983,2128,0.0772,177
VOIT,voit,47.40_-122.60,47.4,-122.6,47.35,-122.55,35.33,1,46.966,-121.983,2127,0.1354,177
VOIT,voit,47.40_-122.80,47.4,-122.8,47.4,-122.825,33.74,2,46.966,-121.983,2128,0.0606,177
VOIT,voit,47.40_-123.00,47.4,-123.0,47.35,-123.05,44.99,3,46.966,-121.983,2128,0.0798,177
VOIT,voit,47.60_-122.80,47.6,-122.8,47.6,-122.7,19.36,1,46.966,-121.983,2128,0.0791,177
VOIT,voit,47.60_-123.00,47.6,-123.0,47.6,-123.1,43.49,3,46.966,-121.983,2128,0.0737,177
VOIT,voit,47.60_-123.20,47.6,-123.2,47.7,-123.2,43.72,1,46.966,-121.983,2128,0.075,177
VOIT,voit,47.80_-122.80,47.8,-122.8,47.85,-122.85,15.39,1,46.966,-121.983,2127,0.145,177
VOIT,voit,47.80_-123.00,47.8,-123.0,47.85,-123.05,46.48,3,46.966,-121.983,2128,0.1084,177
VOIT,voit,47.80_-123.20,47.8,-123.2,47.8,-123.25,41.83,7,46.966,-121.983,2128,0.0461,177
WHGC,whgc,45.80_-123.00,45.8,-123.0,45.875,-123.075,22.38,2,46.656,-123.73,1603,0.0594,178
WHGC,whgc,45.80_-123.20,45.8,-123.2,45.9,-123.25,42.93,3,46.656,-123.73,1605,0.1622,178
WHGC,whgc,45.80_-123.40,45.8,-123.4,45.9,-123.4,23.44,1,46.656,-123.73,1348,0.1299,178
WHGC,whgc,46.20_-123.00,46.2,-123.0,46.275,-123.025,18.87,2,46.656,-123.73,1558,0.1387,178
WHGC,whgc,46.20_-123.20,46.2,-123.2,46.3,-123.25,24.34,4,46.656,-123.73,1523,0.1132,178
WHGC,whgc,46.40_-123.00,46.4,-123.0,46.5,-123.05,49.64,1,46.656,-123.73,1610,0.1095,178
WHGC,whgc,46.60_-122.80,46.6,-122.8,46.55,-122.85,32.95,1,46.656,-123.73,1325,0.1208,178
WHGC,whgc,46.60_-123.00,46.6,-123.0,46.65,-123.1,41.99,1,46.656,-123.73,423,0.2657,178
WHGC,whgc,46.60_-123.20,46.6,-123.2,46.575,-123.2,36.25,2,46.656,-123.73,1613,0.0539,178
WHGC,whgc,46.60_-123.40,46.6,-123.4,46.55,-123.35,17.31,1,46.656,-123.73,56,0.1418,178
WHGC,whgc,46.80_-122.60,46.8,-122.6,46.85,-122.55,24.48,1,46.656,-123.73,1617,0.0712,178
WHGC,whgc,46.80_-122.80,46.8,-122.8,46.85,-122.7,25.62,1,46.656,-123.73,1595,0.0696,178
WHGC,whgc,46.80_-123.00,46.8,-123.0,46.75,-123.05,41.92,1,46.656,-123.73,1532,0.2312,178
WHGC,whgc,47.00_-122.80,47.0,-122.8,47.025,-122.75,48.32,2,46.656,-123.73,1597,0.0976,178
WHGC,whgc,47.20_-122.60,47.2,-122.6,47.3,-122.575,39.65,2,46.656,-123.73,1507,0.0758,178
WHGC,whgc,47.20_-122.80,47.2,-122.8,47.15,-122.75,37.67,1,46.656,-123.73,1574,0.0936,178
WHGC,whgc,47.20_-123.00,47.2,-123.0,47.25,-123.0,40.4,3,46.656,-123.73,1610,0.0822,178
WHGC,whgc,47.20_-123.20,47.2,-123.2,47.2,-123.275,38.65,2,46.656,-123.73,1614,0.1118,178
WHGC,whgc,47.40_-122.60,47.4,-122.6,47.35,-122.6,32.66,6,46.656,-123.73,1617,0.0795,178
WHGC,whgc,47.40_-122.80,47.4,-122.8,47.4,-122.75,27.47,5,46.656,-123.73,1607,0.0828,178
WHGC,whgc,47.40_-123.00,47.4,-123.0,47.4,-122.95,20.41,3,46.656,-123.73,1506,0.1142,178
WHGC,whgc,47.60_-122.80,47.6,-122.8,47.525,-122.75,25.84,4,46.656,-123.73,1619,0.0999,178
WHGC,whgc,47.60_-123.00,47.6,-123.0,47.525,-123.0,34.58,2,46.656,-123.73,1605,0.0816,178
WIKI,wiki,45.20_-123.00,45.2,-123.0,45.25,-123.1,27.59,1,46.106,-123.585,2064,0.2165,179
WIKI,wiki,45.20_-123.20,45.2,-123.2,45.3,-123.2,24.52,1,46.106,-123.585,2059,0.1642,179
WIKI,wiki,45.20_-123.40,45.2,-123.4,45.25,-123.375,30.64,2,46.106,-123.585,2063,0.2104,179
WIKI,wiki,45.40_-123.20,45.4,-123.2,45.4,-123.3,19.95,3,46.106,-123.585,2062,0.1439,179
WIKI,wiki,45.40_-123.40,45.4,-123.4,45.4,-123.45,32.49,1,46.106,-123.585,1078,0.3911,179
WIKI,wiki,45.60_-123.20,45.6,-123.2,45.65,-123.15,37.64,1,46.106,-123.585,2053,0.1128,179
WIKI,wiki,45.60_-123.40,45.6,-123.4,45.6,-123.4,38.95,7,46.106,-123.585,2063,0.1105,179
WIKI,wiki,45.80_-123.20,45.8,-123.2,45.75,-123.3,20.88,1,46.106,-123.585,2053,0.1669,179
WIKI,wiki,46.40_-123.20,46.4,-123.2,46.45,-123.3,22.09,5,46.106,-123.585,2064,0.1215,179
WIKI,wiki,46.60_-123.00,46.6,-123.0,46.65,-123.0,51.69,1,46.106,-123.585,2061,0.1482,179
WIKI,wiki,46.80_-123.00,46.8,-123.0,46.9,-122.95,46.53,2,46.106,-123.585,2059,0.0942,179
WIKI,wiki,46.80_-123.20,46.8,-123.2,46.75,-123.25,21.69,5,46.106,-123.585,2064,0.133,179
WIKI,wiki,47.00_-123.40,47.0,-123.4,46.95,-123.45,23.99,1,46.106,-123.585,2062,0.2846,179
WINDI,windi,47.60_-122.80,47.6,-122.8,47.7,-122.8,21.99,5,47.314,-123.332,1644,0.1229,180
WINDI,windi,47.60_-123.00,47.6,-123.0,47.675,-123.05,46.33,4,47.314,-123.332,1664,0.1534,180
WINDI,windi,47.60_-123.20,47.6,-123.2,47.7,-123.3,43.91,1,47.314,-123.332,1452,0.2254,180
WINDI,windi,47.80_-122.80,47.8,-122.8,47.8,-122.85,26.32,3,47.314,-123.332,1649,0.1187,180
WINDI,windi,47.80_-123.00,47.8,-123.0,47.85,-123.1,46.48,5,47.314,-123.332,1645,0.1145,180
WINDI,windi,47.80_-123.20,47.8,-123.2,47.85,-123.25,41.69,15,47.314,-123.332,1669,0.109,180
WINDI,windi,47.80_-123.40,47.8,-123.4,47.8,-123.425,34.71,2,47.314,-123.332,1660,0.1926,180
WINDI,windi,48.00_-122.80,48.0,-122.8,48.0,-122.875,22.69,2,47.314,-123.332,1572,0.079,180
WINDI,windi,48.00_-123.00,48.0,-123.0,48.0,-122.975,49.6,2,47.314,-123.332,1615,0.1338,180
WINDI,windi,48.00_-123.20,48.0,-123.2,48.05,-123.25,42.7,10,47.314,-123.332,1663,0.0974,180
WINDI,windi,48.00_-123.40,48.0,-123.4,48.05,-123.35,40.42,3,47.314,-123.332,1649,0.1634,180
WINDI,windi,48.00_-123.60,48.0,-123.6,48.025,-123.5,49.39,2,47.314,-123.332,1645,0.1217,180
WINDI,windi,48.20_-123.20,48.2,-123.2,48.2,-123.15,31.3,4,47.314,-123.332,1648,0.1028,180
WISH,wish,46.20_-123.00,46.2,-123.0,46.25,-123.1,17.3,1,47.116,-123.771,3578,0.174,181
WISH,wish,46.40_-123.20,46.4,-123.2,46.4,-123.3,21.82,1,47.116,-123.771,3563,0.1878,181
WISH,wish,46.60_-122.80,46.6,-122.8,46.6,-122.9,48.51,1,47.116,-123.771,3394,0.1554,181
WISH,wish,46.60_-123.20,46.6,-123.2,46.65,-123.2,31.79,1,47.116,-123.771,3255,0.1758,181
WISH,wish,46.80_-122.60,46.8,-122.6,46.9,-122.65,50.68,1,47.116,-123.771,3354,0.2165,181
WISH,wish,46.80_-122.80,46.8,-122.8,46.85,-122.75,32.04,5,47.116,-123.771,3643,0.1686,181
WISH,wish,46.80_-123.00,46.8,-123.0,46.85,-123.0,33.49,2,47.116,-123.771,3515,0.1571,181
WISH,wish,46.80_-123.20,46.8,-123.2,46.9,-123.2,36.34,3,47.116,-123.771,3648,0.1395,181
WISH,wish,47.00_-122.60,47.0,-122.6,47.0,-122.625,47.61,2,47.116,-123.771,3341,0.1721,181
WISH,wish,47.00_-122.80,47.0,-122.8,47.0,-122.775,43.54,4,47.116,-123.771,3543,0.1073,181
WISH,wish,47.00_-123.00,47.0,-123.0,47.05,-123.05,43.32,9,47.116,-123.771,3543,0.1521,181
WISH,wish,47.00_-123.20,47.0,-123.2,46.975,-123.2,38.87,2,47.116,-123.771,3535,0.181,181
WISH,wish,47.20_-122.60,47.2,-122.6,47.25,-122.6,46.99,2,47.116,-123.771,3586,0.1414,181
WISH,wish,47.20_-122.80,47.2,-122.8,47.3,-122.85,25.37,9,47.116,-123.771,3557,0.1139,181
WISH,wish,47.20_-123.00,47.2,-123.0,47.2,-123.025,41.41,16,47.116,-123.771,3611,0.1304,181
WISH,wish,47.20_-123.20,47.2,-123.2,47.2,-123.2,41.31,5,47.116,-123.771,3585,0.122,181
WISH,wish,47.40_-122.60,47.4,-122.6,47.4,-122.6,39.21,1,47.116,-123.771,3454,0.1122,181
WISH,wish,47.40_-122.80,47.4,-122.8,47.375,-122.775,25.77,8,47.116,-123.771,3626,0.1201,181
WISH,wish,47.40_-123.00,47.4,-123.0,47.4,-123.0,42.01,5,47.116,-123.771,3594,0.136,181
WISH,wish,47.40_-123.20,47.4,-123.2,47.4,-123.25,41.4,5,47.116,-123.771,3655,0.1509,181
WISH,wish,47.60_-122.60,47.6,-122.6,47.6,-122.625,21.34,2,47.116,-123.771,3586,0.1646,181
WISH,wish,47.60_-122.80,47.6,-122.8,47.6,-122.85,21.59,11,47.116,-123.771,3626,0.1427,181
WISH,wish,47.60_-123.00,47.6,-123.0,47.55,-123.0,35.05,9,47.116,-123.771,3596,0.1458,181
WISH,wish,47.60_-123.20,47.6,-123.2,47.575,-123.225,39.03,10,47.116,-123.771,3619,0.1562,181
WISH,wish,47.60_-123.40,47.6,-123.4,47.55,-123.4,41.01,3,47.116,-123.771,3556,0.1742,181
WISH,wish,47.80_-123.00,47.8,-123.0,47.825,-123.025,46.41,8,47.116,-123.771,3646,0.1634,181
WISH,wish,47.80_-123.20,47.8,-123.2,47.85,-123.25,42.11,12,47.116,-123.771,3595,0.1419,181
WISH,wish,47.80_-123.40,47.8,-123.4,47.8,-123.45,40.48,3,47.116,-123.771,3117,0.1645,181
WISH,wish,48.00_-122.80,48.0,-122.8,47.975,-122.875,31.46,2,47.116,-123.771,3310,0.1703,181
WISH,wish,48.00_-123.00,48.0,-123.0,48.0,-123.0,48.59,3,47.116,-123.771,3527,0.1971,181
WISH,wish,48.00_-123.20,48.0,-123.2,47.95,-123.3,44.23,3,47.116,-123.771,3596,0.1581,181
WISH,wish,48.00_-123.40,48.0,-123.4,47.95,-123.425,42.51,2,47.116,-123.771,3623,0.159,181
WISH,wish,48.00_-123.60,48.0,-123.6,48.0,-123.55,44.25,2,47.116,-123.771,3609,0.2637,181
WLOO,wloo,43.60_-123.60,43.6,-123.6,43.65,-123.5,25.84,1,44.523,-122.738,804,0.5749,182
WLOO,wloo,43.80_-123.60,43.8,-123.6,43.75,-123.5,25.52,1,44.523,-122.738,2170,0.0918,182
WLOO,wloo,44.40_-123.60,44.4,-123.6,44.5,-123.6,27.68,1,44.523,-122.738,287,0.3983,182
WLOO,wloo,44.60_-123.60,44.6,-123.6,44.6,-123.55,28.76,3,44.523,-122.738,2378,0.2132,182
WLOO,wloo,44.80_-123.60,44.8,-123.6,44.775,-123.5,31.06,4,44.523,-122.738,2686,0.2486,182
WLOO,wloo,45.00_-123.20,45.0,-123.2,45.0,-123.3,30.37,3,44.523,-122.738,2843,0.1764,182
WLOO,wloo,45.00_-123.40,45.0,-123.4,44.95,-123.45,26.5,1,44.523,-122.738,2811,0.169,182
WLOO,wloo,45.00_-123.60,45.0,-123.6,45.05,-123.6,33.39,2,44.523,-122.738,605,0.3373,182
WLOO,wloo,45.20_-123.00,45.2,-123.0,45.15,-123.1,29.08,1,44.523,-122.738,2635,0.2797,182
WLOO,wloo,45.20_-123.20,45.2,-123.2,45.3,-123.2,24.52,1,44.523,-122.738,636,0.3231,182
WLOO,wloo,45.20_-123.40,45.2,-123.4,45.1,-123.425,27.7,6,44.523,-122.738,2777,0.2038,182
WLOO,wloo,45.20_-123.60,45.2,-123.6,45.1,-123.5,29.42,2,44.523,-122.738,2562,0.1727,182
WLOO,wloo,45.40_-123.20,45.4,-123.2,45.4,-123.3,19.95,1,44.523,-122.738,692,0.3937,182
WOOD,wood,41.40_-122.80,41.4,-122.8,41.45,-122.85,16.5,1,42.218,-122.305,3423,0.123,183
WOOD,wood,41.40_-123.00,41.4,-123.0,41.45,-123.05,31.89,3,42.218,-122.305,3441,0.134,183
WOOD,wood,41.40_-123.20,41.4,-123.2,41.35,-123.25,36.06,3,42.218,-122.305,3427,0.1354,183
WOOD,wood,41.60_-122.80,41.6,-122.8,41.7,-122.9,19.89,1,42.218,-122.305,3320,0.1355,183
WOOD,wood,41.60_-123.00,41.6,-123.0,41.6,-123.05,29.22,5,42.218,-122.305,3444,0.1212,183
WOOD,wood,41.60_-123.20,41.6,-123.2,41.55,-123.2,31.39,5,42.218,-122.305,3444,0.1276,183
WOOD,wood,41.60_-123.40,41.6,-123.4,41.6,-123.35,37.54,4,42.218,-122.305,3407,0.1104,183
WOOD,wood,41.80_-123.00,41.8,-123.0,41.8,-123.05,24.8,1,42.218,-122.305,3194,0.1356,183
WOOD,wood,41.80_-123.20,41.8,-123.2,41.875,-123.2,30.98,2,42.218,-122.305,3438,0.1033,183
WOOD,wood,41.80_-123.40,41.8,-123.4,41.825,-123.45,41.37,2,42.218,-122.305,3439,0.1266,183
WOOD,wood,42.00_-123.20,42.0,-123.2,42.05,-123.25,35.18,4,42.218,-122.305,3440,0.0872,183
WOOD,wood,42.00_-123.40,42.0,-123.4,42.05,-123.4,41.6,7,42.218,-122.305,3442,0.0915,183
WOOD,wood,42.00_-123.60,42.0,-123.6,42.1,-123.55,46.89,1,42.218,-122.305,3433,0.1243,183
WOOD,wood,42.20_-123.20,42.2,-123.2,42.3,-123.25,35.1,7,42.218,-122.305,3446,0.0963,183
WOOD,wood,42.20_-123.40,42.2,-123.4,42.275,-123.375,41.08,8,42.218,-122.305,3441,0.1014,183
WOOD,wood,42.20_-123.60,42.2,-123.6,42.25,-123.5,45.95,3,42.218,-122.305,3443,0.0956,183
WOOD,wood,42.40_-123.20,42.4,-123.2,42.4,-123.25,30.92,6,42.218,-122.305,3442,0.0874,183
WOOD,wood,42.40_-123.40,42.4,-123.4,42.425,-123.4,34.76,4,42.218,-122.305,3442,0.0961,183
WOOD,wood,42.40_-123.60,42.4,-123.6,42.475,-123.55,37.11,8,42.218,-122.305,3442,0.0976,183
WOOD,wood,42.60_-123.20,42.6,-123.2,42.575,-123.275,25.55,4,42.218,-122.305,3441,0.1203,183
WOOD,wood,42.60_-123.40,42.6,-123.4,42.6,-123.4,28.96,7,42.218,-122.305,3443,0.079,183
WOOD,wood,42.60_-123.60,42.6,-123.6,42.575,-123.5,30.89,6,42.218,-122.305,3443,0.1488,183
WOOD,wood,42.80_-123.20,42.8,-123.2,42.75,-123.3,32.36,1,42.218,-122.305,3437,0.14,183
WOOD,wood,42.80_-123.40,42.8,-123.4,42.725,-123.375,32.47,4,42.218,-122.305,3437,0.0948,183
WOOD,wood,42.80_-123.60,42.8,-123.6,42.825,-123.55,30.6,4,42.218,-122.305,3435,0.0921,183
WYLD,wyld,42.20_-123.20,42.2,-123.2,42.3,-123.3,37.48,1,43.144,-123.429,2524,0.0126,184
WYLD,wyld,42.40_-123.20,42.4,-123.2,42.4,-123.25,31.31,1,43.144,-123.429,1578,0.0275,184
WYLD,wyld,42.40_-123.40,42.4,-123.4,42.5,-123.4,31.28,1,43.144,-123.429,2524,0.0121,184
WYLD,wyld,42.40_-123.60,42.4,-123.6,42.475,-123.5,35.51,4,43.144,-123.429,2524,0.0569,184
WYLD,wyld,42.60_-123.40,42.6,-123.4,42.65,-123.4,29.68,1,43.144,-123.429,2347,0.0168,184
WYLD,wyld,42.60_-123.60,42.6,-123.6,42.575,-123.55,31.85,2,43.144,-123.429,2524,0.0504,184
WYLD,wyld,42.80_-123.20,42.8,-123.2,42.9,-123.3,38.71,1,43.144,-123.429,2524,0.0127,184
WYLD,wyld,42.80_-123.40,42.8,-123.4,42.9,-123.45,34.29,1,43.144,-123.429,2520,0.0096,184
WYLD,wyld,42.80_-123.60,42.8,-123.6,42.85,-123.5,32.3,1,43.144,-123.429,2524,0.0139,184
WYLD,wyld,43.20_-123.40,43.2,-123.4,43.15,-123.45,35.77,1,43.144,-123.429,2524,0.0347,184
WYLD,wyld,44.00_-123.60,44.0,-123.6,43.95,-123.65,28.93,1,43.144,-123.429,2524,0.0213,184
WYNO,wyno,46.80_-122.80,46.8,-122.8,46.8,-122.825,31.23,2,47.434,-123.613,1772,0.1372,185
WYNO,wyno,46.80_-123.00,46.8,-123.0,46.8,-123.0,34.49,3,47.434,-123.613,1806,0.0276,185
WYNO,wyno,46.80_-123.20,46.8,-123.2,46.825,-123.15,31.11,2,47.434,-123.613,1830,0.0361,185
WYNO,wyno,47.00_-122.80,47.0,-122.8,46.95,-122.8,42.62,4,47.434,-123.613,1530,0.1231,185
WYNO,wyno,47.00_-123.00,47.0,-123.0,47.0,-123.05,41.49,3,47.434,-123.613,1813,0.0245,185
WYNO,wyno,47.00_-123.20,47.0,-123.2,47.05,-123.15,42.77,1,47.434,-123.613,1488,0.0216,185
WYNO,wyno,47.20_-122.80,47.2,-122.8,47.15,-122.8,28.86,1,47.434,-123.613,1372,0.1354,185
WYNO,wyno,47.20_-123.00,47.2,-123.0,47.15,-123.1,40.16,7,47.434,-123.613,1705,0.0483,185
WYNO,wyno,47.20_-123.20,47.2,-123.2,47.15,-123.2,41.59,5,47.434,-123.613,1804,0.0813,185
WYNO,wyno,47.40_-122.80,47.4,-122.8,47.375,-122.9,40.0,4,47.434,-123.613,1802,0.0578,185
WYNO,wyno,47.40_-123.00,47.4,-123.0,47.35,-123.05,45.49,5,47.434,-123.613,1796,0.0339,185
WYNO,wyno,47.60_-123.00,47.6,-123.0,47.5,-122.95,28.68,1,47.434,-123.613,1245,0.1589,185
WYNO,wyno,47.80_-122.60,47.8,-122.6,47.75,-122.6,18.38,1,47.434,-123.613,1694,0.0266,185
WYNO,wyno,47.80_-123.00,47.8,-123.0,47.9,-122.95,48.95,1,47.434,-123.613,1613,0.0399,185
WYNO,wyno,48.00_-123.40,48.0,-123.4,48.1,-123.45,36.94,1,47.434,-123.613,725,0.3239,185
WYNO,wyno,48.20_-123.00,48.2,-123.0,48.2,-122.95,18.1,1,47.434,-123.613,442,0.5141,185
WYNO,wyno,48.20_-123.60,48.2,-123.6,48.25,-123.7,34.06,3,47.434,-123.613,1568,0.0575,185
YACT,yact,45.00_-123.40,45.0,-123.4,45.05,-123.425,19.13,2,45.932,-122.419,3693,0.0905,186
YACT,yact,45.20_-123.00,45.2,-123.0,45.275,-123.0,20.76,2,45.932,-122.419,3693,0.0932,186
YACT,yact,45.20_-123.20,45.2,-123.2,45.2,-123.2,25.38,7,45.932,-122.419,3707,0.1041,186
YACT,yact,45.20_-123.40,45.2,-123.4,45.2,-123.4,28.49,10,45.932,-122.419,3729,0.074,186
YACT,yact,45.20_-123.60,45.2,-123.6,45.15,-123.5,37.41,3,45.932,-122.419,3718,0.0911,186
YACT,yact,45.40_-123.00,45.4,-123.0,45.35,-123.05,17.0,2,45.932,-122.419,3718,0.1113,186
YACT,yact,45.40_-123.20,45.4,-123.2,45.35,-123.2,27.69,1,45.932,-122.419,3695,0.1135,186
YACT,yact,45.60_-123.00,45.6,-123.0,45.7,-123.1,41.51,1,45.932,-122.419,3628,0.1209,186
YACT,yact,45.60_-123.20,45.6,-123.2,45.65,-123.25,21.14,2,45.932,-122.419,3717,0.1263,186
YACT,yact,45.60_-123.40,45.6,-123.4,45.6,-123.4,34.84,9,45.932,-122.419,3772,0.0825,186
YACT,yact,45.60_-123.60,45.6,-123.6,45.625,-123.525,31.21,2,45.932,-122.419,3701,0.1031,186
YACT,yact,45.80_-123.20,45.8,-123.2,45.85,-123.275,33.2,8,45.932,-122.419,3724,0.0904,186
YACT,yact,45.80_-123.40,45.8,-123.4,45.85,-123.35,34.03,1,45.932,-122.419,3231,0.0698,186
YACT,yact,46.20_-123.00,46.2,-123.0,46.2,-123.05,17.95,1,45.932,-122.419,3716,0.1147,186
YACT,yact,46.40_-123.20,46.4,-123.2,46.4,-123.2,25.01,3,45.932,-122.419,3700,0.082,186
YACT,yact,46.60_-122.80,46.6,-122.8,46.55,-122.8,26.78,2,45.932,-122.419,3707,0.1081,186
YACT,yact,46.60_-123.20,46.6,-123.2,46.6,-123.15,38.84,1,45.932,-122.419,3654,0.0741,186
YACT,yact,46.80_-122.80,46.8,-122.8,46.75,-122.8,19.11,1,45.932,-122.419,3693,0.1374,186
YBH,ybh,40.80_-122.80,40.8,-122.8,40.9,-122.85,18.78,11,41.732,-122.71,6249,0.1528,187
YBH,ybh,40.80_-123.00,40.8,-123.0,40.9,-122.95,33.86,3,41.732,-122.71,4804,0.2438,187
YBH,ybh,40.80_-123.20,40.8,-123.2,40.9,-123.2,36.45,1,41.732,-122.71,3447,0.2614,187
YBH,ybh,41.00_-122.60,41.0,-122.6,41.0,-122.65,14.07,1,41.732,-122.71,3932,0.1224,187
YBH,ybh,41.00_-122.80,41.0,-122.8,41.0,-122.8,18.72,20,41.732,-122.71,6147,0.2098,187
YBH,ybh,41.20_-122.80,41.2,-122.8,41.125,-122.8,18.78,4,41.732,-122.71,5786,0.2185,187
YBH,ybh,41.20_-123.00,41.2,-123.0,41.2,-123.025,21.74,16,41.732,-122.71,6250,0.1434,187
YBH,ybh,41.20_-123.20,41.2,-123.2,41.25,-123.2,37.54,5,41.732,-122.71,5367,0.2204,187
YBH,ybh,41.40_-123.00,41.4,-123.0,41.4,-123.05,31.48,5,41.732,-122.71,5747,0.184,187
YBH,ybh,41.40_-123.20,41.4,-123.2,41.4,-123.15,35.73,1,41.732,-122.71,2033,0.2271,187
YBH,ybh,41.60_-123.20,41.6,-123.2,41.6,-123.225,32.47,4,41.732,-122.71,6280,0.1553,187
YBH,ybh,41.60_-123.40,41.6,-123.4,41.65,-123.4,39.48,1,41.732,-122.71,4369,0.1697,187
YBH,ybh,42.20_-123.40,42.2,-123.4,42.15,-123.35,40.47,1,41.732,-122.71,5046,0.1316,187
YBH,ybh,42.40_-123.40,42.4,-123.4,42.4,-123.4,35.14,9,41.732,-122.71,6235,0.1256,187
YBH,ybh,42.40_-123.60,42.4,-123.6,42.45,-123.5,37.09,5,41.732,-122.71,5102,0.1293,187
YBH,ybh,42.60_-123.40,42.6,-123.4,42.55,-123.4,27.57,6,41.732,-122.71,6228,0.1998,187
YBH,ybh,42.60_-123.60,42.6,-123.6,42.55,-123.5,32.03,7,41.732,-122.71,6245,0.1534,187
YELM,yelm,46.20_-123.00,46.2,-123.0,46.25,-122.95,19.93,3,46.94,-122.591,1703,0.0537,188
YELM,yelm,46.20_-123.20,46.2,-123.2,46.275,-123.275,24.34,4,46.94,-122.591,1703,0.0472,188
YELM,yelm,46.40_-122.80,46.4,-122.8,46.5,-122.875,33.71,2,46.94,-122.591,1703,0.0414,188
YELM,yelm,46.40_-123.00,46.4,-123.0,46.5,-123.05,49.64,1,46.94,-122.591,1407,0.21,188
YELM,yelm,46.40_-123.20,46.4,-123.2,46.4,-123.25,22.09,9,46.94,-122.591,1703,0.0429,188
YELM,yelm,46.60_-122.60,46.6,-122.6,46.55,-122.6,19.48,1,46.94,-122.591,1703,0.0534,188
YELM,yelm,46.60_-122.80,46.6,-122.8,46.6,-122.8,39.11,3,46.94,-122.591,1703,0.0575,188
YELM,yelm,46.60_-123.00,46.6,-123.0,46.65,-123.1,44.48,3,46.94,-122.591,1703,0.0718,188
YELM,yelm,46.80_-122.60,46.8,-122.6,46.9,-122.6,50.25,3,46.94,-122.591,1703,0.0473,188
YELM,yelm,46.80_-122.80,46.8,-122.8,46.85,-122.8,34.85,12,46.94,-122.591,1703,0.0369,188
YELM,yelm,46.80_-123.00,46.8,-123.0,46.9,-123.0,39.19,5,46.94,-122.591,1703,0.0496,188
YELM,yelm,46.80_-123.20,46.8,-123.2,46.875,-123.2,33.7,2,46.94,-122.591,1703,0.0518,188
YELM,yelm,47.00_-122.40,47.0,-122.4,47.05,-122.4,50.32,1,46.94,-122.591,1703,0.0846,188
YELM,yelm,47.00_-122.60,47.0,-122.6,47.0,-122.6,49.11,5,46.94,-122.591,1703,0.0541,188
YELM,yelm,47.00_-122.80,47.0,-122.8,47.0,-122.85,45.29,3,46.94,-122.591,1703,0.0428,188
YELM,yelm,47.00_-123.00,47.0,-123.0,47.0,-123.05,42.84,3,46.94,-122.591,1703,0.0652,188
YELM,yelm,47.00_-123.20,47.0,-123.2,47.025,-123.175,39.75,2,46.94,-122.591,1703,0.062,188
YELM,yelm,47.20_-122.40,47.2,-122.4,47.275,-122.5,46.15,2,46.94,-122.591,1703,0.0748,188
YELM,yelm,47.20_-122.60,47.2,-122.6,47.125,-122.575,32.8,4,46.94,-122.591,1703,0.0688,188
YELM,yelm,47.20_-122.80,47.2,-122.8,47.2,-122.775,34.82,10,46.94,-122.591,1703,0.0388,188
YELM,yelm,47.20_-123.00,47.2,-123.0,47.25,-123.0,41.19,7,46.94,-122.591,1703,0.0479,188
YELM,yelm,47.20_-123.20,47.2,-123.2,47.25,-123.2,43.52,3,46.94,-122.591,1703,0.0482,188
YELM,yelm,47.40_-122.40,47.4,-122.4,47.4,-122.475,27.63,2,46.94,-122.591,1703,0.05,188
YELM,yelm,47.40_-122.60,47.4,-122.6,47.45,-122.625,28.09,4,46.94,-122.591,1703,0.058,188
YELM,yelm,47.40_-122.80,47.4,-122.8,47.45,-122.8,23.51,7,46.94,-122.591,1703,0.0426,188
YELM,yelm,47.40_-123.00,47.4,-123.0,47.4,-123.05,40.99,7,46.94,-122.591,1703,0.0515,188
YELM,yelm,47.40_-123.20,47.4,-123.2,47.375,-123.15,41.43,4,46.94,-122.591,1703,0.0595,188
YELM,yelm,47.40_-123.60,47.4,-123.6,47.45,-123.5,39.63,1,46.94,-122.591,1703,0.0602,188
YELM,yelm,47.60_-122.60,47.6,-122.6,47.675,-122.65,21.56,4,46.94,-122.591,1703,0.0467,188
YELM,yelm,47.60_-122.80,47.6,-122.8,47.625,-122.8,21.79,12,46.94,-122.591,1703,0.0428,188
YELM,yelm,47.60_-123.00,47.6,-123.0,47.55,-122.95,28.68,7,46.94,-122.591,1703,0.046,188
YELM,yelm,47.60_-123.20,47.6,-123.2,47.6,-123.25,43.63,3,46.94,-122.591,1703,0.0439,188
YELM,yelm,47.60_-123.40,47.6,-123.4,47.675,-123.35,40.38,2,46.94,-122.591,1703,0.0418,188
YELM,yelm,47.80_-122.60,47.8,-122.6,47.75,-122.6,18.38,1,46.94,-122.591,1703,0.0503,188
YELM,yelm,47.80_-122.80,47.8,-122.8,47.8,-122.75,29.8,3,46.94,-122.591,1703,0.0554,188
YELM,yelm,47.80_-123.00,47.8,-123.0,47.775,-122.975,47.03,4,46.94,-122.591,1703,0.0668,188
YELM,yelm,47.80_-123.20,47.8,-123.2,47.775,-123.2,43.22,4,46.94,-122.591,1703,0.0661,188
YELM,yelm,47.80_-123.60,47.8,-123.6,47.8,-123.55,36.29,1,46.94,-122.591,1703,0.0723,188
