station,fam,coda_sigma,daynight_cc,station_fake_max,gold,grade
B001,47.150_-122.900__c263,15.2,0.64,9.58,True,GOLD
B001,47.250_-123.150__c69,9.15,0.64,9.58,False,TRUSTED
B001,47.500_-123.250__c558,18.33,0.91,9.58,True,GOLD
B001,47.600_-122.550__c163,36.15,0.9,9.58,True,GOLD
B001,47.700_-122.700__c774,19.65,0.86,9.58,True,GOLD
B001,48.000_-123.700__c425,44.2,0.9,9.58,True,GOLD
B001,48.350_-123.500__c846,27.85,0.75,9.58,True,GOLD
B001,48.750_-124.250__c34,30.55,0.84,9.58,True,GOLD
B001,47.750_-123.400__c155,6.88,0.31,9.58,False,TRUSTED
B001,47.850_-123.350__c732,7.11,0.65,9.58,False,TRUSTED
B001,47.900_-123.000__c803,25.62,0.93,9.58,True,GOLD
B001,47.950_-123.150__c497,2.94,0.23,9.58,False,UNDETERMINED
B001,48.400_-122.850__c484,1.88,0.25,9.58,False,UNDETERMINED
B001,48.500_-123.600__c661,21.02,0.61,9.58,True,GOLD
B001,47.400_-122.850__c245,30.79,0.87,9.58,True,GOLD
B001,48.100_-123.250__c542,6.54,0.51,9.58,False,UNDETERMINED
B001,48.400_-123.850__c954,0.86,,9.58,False,FAIL
B001,47.250_-122.850__c191,17.85,0.79,9.58,True,GOLD
B001,47.300_-123.200__c496,-0.09,0.14,9.58,False,FAIL
B001,48.400_-122.850__c665,18.4,0.87,9.58,True,GOLD
B001,48.950_-124.200__c338,13.44,0.64,9.58,True,GOLD
B001,47.950_-123.350__c644,7.32,0.48,9.58,False,TRUSTED
B001,48.050_-123.400__c46,14.65,0.79,9.58,True,GOLD
B001,48.100_-122.750__c175,15.49,0.36,9.58,True,GOLD
B001,48.200_-123.150__c277,19.11,0.73,9.58,True,GOLD
B001,48.200_-123.650__c708,36.67,0.95,9.58,True,GOLD
B001,48.500_-123.900__c545,17.99,0.77,9.58,True,GOLD
B001,47.800_-123.150__c178,17.36,0.77,9.58,True,GOLD
B001,47.850_-123.100__c671,37.49,0.94,9.58,True,GOLD
B001,47.900_-123.000__c724,26.62,0.93,9.58,True,GOLD
B001,48.350_-122.850__c764,-1.22,0.29,9.58,False,FAIL
B001,48.400_-123.200__c904,13.42,0.58,9.58,True,GOLD
B001,48.900_-123.950__c723,4.62,0.35,9.58,False,UNDETERMINED
B001,48.000_-123.350__c778,22.35,0.67,9.58,True,GOLD
B001,47.600_-123.100__c473,3.16,0.63,9.58,False,UNDETERMINED
B001,47.800_-122.850__c178,14.18,0.72,9.58,True,GOLD
B001,48.000_-123.200__c851,5.04,0.73,9.58,False,UNDETERMINED
B001,48.200_-123.600__c118,3.63,0.55,9.58,False,UNDETERMINED
B001,48.250_-123.550__c838,8.09,0.28,9.58,False,UNDETERMINED
B001,48.500_-124.000__c499,3.47,0.24,9.58,False,UNDETERMINED
B001,47.350_-122.950__c582,21.35,0.63,9.58,True,GOLD
B001,48.650_-123.400__c335,4.33,0.58,9.58,False,UNDETERMINED
B001,48.650_-123.550__c439,37.93,0.86,9.58,True,GOLD
B001,48.400_-122.700__c128,13.72,0.28,9.58,True,GOLD
B001,48.000_-122.950__c11,1.99,,9.58,False,UNDETERMINED
B001,47.750_-123.050__c558,17.03,0.53,9.58,True,GOLD
B001,47.900_-123.150__c186,14.45,0.33,9.58,True,GOLD
B001,48.000_-122.850__c737,30.74,0.88,9.58,True,GOLD
B001,48.300_-123.100__c289,7.96,0.56,9.58,False,TRUSTED
B001,47.900_-122.950__c77,11.14,0.5,9.58,True,GOLD
B001,48.200_-123.300__c833,9.99,0.31,9.58,True,GOLD
B001,48.400_-123.150__c446,3.38,0.23,9.58,False,UNDETERMINED
B001,47.950_-122.800__c589,29.51,0.8,9.58,True,GOLD
B001,48.700_-123.850__c915,21.88,0.85,9.58,True,GOLD
B001,47.150_-122.950__c280,39.82,0.92,9.58,True,GOLD
B001,48.000_-123.400__c14,6.69,0.42,9.58,False,UNDETERMINED
B001,48.050_-122.950__c93,8.04,0.61,9.58,False,TRUSTED
B001,48.500_-124.100__c324,12.56,0.31,9.58,True,GOLD
B001,48.200_-123.150__c961,21.36,0.81,9.58,True,GOLD
B001,48.450_-123.850__c40,13.61,,9.58,True,GOLD
B001,48.100_-123.600__c664,36.41,0.86,9.58,True,GOLD
B001,48.050_-123.300__c131,17.11,0.59,9.58,True,GOLD
B001,48.000_-122.900__c232,12.97,0.69,9.58,True,GOLD
B001,48.100_-122.950__c67,4.06,0.44,9.58,False,UNDETERMINED
B001,48.250_-122.800__c77,13.54,0.71,9.58,True,GOLD
B001,47.700_-123.150__c574,0.85,0.07,9.58,False,FAIL
B001,48.450_-123.250__c121,14.71,0.78,9.58,True,GOLD
B001,48.650_-124.100__c814,6.33,0.72,9.58,False,UNDETERMINED
B001,47.900_-123.050__c505,20.72,0.95,9.58,True,GOLD
B001,48.500_-123.850__c61,0.35,-0.06,9.58,False,FAIL
B001,48.000_-123.100__c352,4.37,0.43,9.58,False,UNDETERMINED
B001,48.350_-122.750__c410,8.77,0.68,9.58,False,TRUSTED
B001,48.300_-123.050__c702,16.64,0.43,9.58,True,GOLD
B001,47.300_-122.800__c161,2.36,0.21,9.58,False,UNDETERMINED
B001,48.200_-123.050__c758,0.86,0.41,9.58,False,FAIL
B001,48.650_-124.300__c136,1.22,,9.58,False,UNDETERMINED
B001,48.100_-122.850__c767,22.41,0.64,9.58,True,GOLD
B001,48.000_-123.200__c914,16.54,0.84,9.58,True,GOLD
B001,47.600_-122.850__c651,6.51,0.56,9.58,False,UNDETERMINED
B001,48.100_-123.000__c572,12.74,0.78,9.58,True,GOLD
B001,47.750_-122.800__c627,31.09,0.76,9.58,True,GOLD
B001,47.600_-123.150__c67,44.09,0.94,9.58,True,GOLD
B001,48.850_-123.800__c805,19.92,0.7,9.58,True,GOLD
B001,48.000_-123.700__c200,5.6,0.64,9.58,False,UNDETERMINED
B001,47.600_-123.350__c354,16.55,0.8,9.58,True,GOLD
B001,48.750_-124.300__c841,1.4,,9.58,False,UNDETERMINED
B001,47.700_-123.550__c23,16.24,0.85,9.58,True,GOLD
B001,47.550_-123.300__c47,56.07,0.83,9.58,True,GOLD
B001,48.300_-123.800__c518,5.1,0.41,9.58,False,UNDETERMINED
B001,48.750_-123.850__c448,0.09,,9.58,False,FAIL
B001,48.950_-123.900__c701,2.53,-0.22,9.58,False,UNDETERMINED
B001,47.550_-122.900__c665,5.35,-0.01,9.58,False,UNDETERMINED
B001,48.100_-123.050__c630,19.94,0.83,9.58,True,GOLD
B001,48.650_-124.000__c783,41.51,0.82,9.58,True,GOLD
B001,48.000_-123.600__c221,2.84,0.32,9.58,False,UNDETERMINED
B001,47.550_-122.550__c26,33.35,0.86,9.58,True,GOLD
B001,48.750_-123.850__c765,12.15,0.68,9.58,True,GOLD
B001,48.500_-123.500__c634,25.58,0.71,9.58,True,GOLD
B001,48.100_-123.200__c325,4.98,0.5,9.58,False,UNDETERMINED
B001,48.200_-123.000__c703,37.77,0.92,9.58,True,GOLD
B003,47.350_-122.850__c1038,-1.53,0.07,6.6,False,FAIL
B003,47.400_-123.100__c278,2.38,0.16,6.6,False,UNDETERMINED
B003,47.500_-123.050__c1051,1.12,0.19,6.6,False,UNDETERMINED
B003,47.600_-123.250__c927,3.44,0.34,6.6,False,TRUSTED
B003,47.700_-123.150__c238,0.05,0.14,6.6,False,FAIL
B003,48.100_-123.000__c274,-0.56,0.21,6.6,False,FAIL
B003,48.200_-122.900__c1221,0.54,0.03,6.6,False,UNDETERMINED
B003,48.250_-122.900__c248,0.63,0.09,6.6,False,UNDETERMINED
B003,48.250_-123.050__c804,1.22,0.26,6.6,False,UNDETERMINED
B003,48.250_-123.250__c206,-0.3,0.34,6.6,False,FAIL
B003,48.250_-123.400__c222,-0.36,0.04,6.6,False,FAIL
B003,48.350_-123.050__c50,-1.46,-0.23,6.6,False,FAIL
B003,48.350_-123.350__c911,-1.34,0.01,6.6,False,FAIL
B003,48.400_-122.800__c148,0.93,0.19,6.6,False,UNDETERMINED
B003,48.400_-123.250__c630,-0.01,-0.15,6.6,False,FAIL
B003,48.400_-123.650__c68,-0.05,0.27,6.6,False,FAIL
B003,48.500_-123.600__c256,0.56,0.36,6.6,False,UNDETERMINED
B003,48.550_-123.400__c589,-1.57,-0.14,6.6,False,FAIL
B003,48.600_-123.500__c110,0.62,0.15,6.6,False,UNDETERMINED
B003,48.650_-123.250__c752,-1.34,0.08,6.6,False,FAIL
B003,48.650_-123.650__c132,-0.91,-0.11,6.6,False,FAIL
B003,48.700_-123.850__c21,-0.13,0.4,6.6,False,FAIL
B003,48.750_-123.350__c306,2.21,0.49,6.6,False,UNDETERMINED
B003,48.850_-123.400__c198,3.32,0.45,6.6,False,UNDETERMINED
B003,47.350_-123.150__c600,-1.59,-0.01,6.6,False,FAIL
B003,47.500_-123.300__c187,0.1,0.22,6.6,False,FAIL
B003,47.700_-122.850__c1248,0.38,0.28,6.6,False,FAIL
B003,47.800_-123.150__c538,-0.09,0.22,6.6,False,FAIL
B003,47.950_-122.900__c360,-1.76,-0.11,6.6,False,FAIL
B003,48.100_-123.150__c1096,-0.74,-0.11,6.6,False,FAIL
B003,48.350_-123.200__c442,-1.82,0.11,6.6,False,FAIL
B003,48.400_-122.800__c790,1.46,0.41,6.6,False,UNDETERMINED
B003,48.500_-123.250__c382,-0.65,-0.02,6.6,False,FAIL
B003,48.600_-123.550__c224,-1.83,-0.07,6.6,False,FAIL
B003,48.650_-123.300__c210,0.4,-0.2,6.6,False,FAIL
B003,48.700_-123.600__c1187,2.3,0.52,6.6,False,UNDETERMINED
B003,47.500_-123.300__c811,-0.59,-0.04,6.6,False,FAIL
B003,47.650_-123.200__c1042,-1.17,0.33,6.6,False,FAIL
B003,48.250_-123.200__c617,-1.23,-0.19,6.6,False,FAIL
B003,48.700_-123.200__c49,1.33,0.06,6.6,False,UNDETERMINED
B003,48.700_-123.450__c651,0.24,-0.12,6.6,False,FAIL
B003,47.750_-122.900__c512,2.02,0.37,6.6,False,UNDETERMINED
B003,48.250_-123.550__c744,-0.43,-0.01,6.6,False,FAIL
B003,48.500_-123.250__c546,-0.05,0.31,6.6,False,FAIL
B003,48.500_-123.250__c547,0.13,0.07,6.6,False,FAIL
B003,48.650_-123.050__c8,7.57,0.73,6.6,True,GOLD
B003,48.650_-123.600__c676,-1.05,0.03,6.6,False,FAIL
B003,47.550_-122.950__c1148,1.0,0.2,6.6,False,UNDETERMINED
B003,48.650_-123.250__c751,-1.0,0.2,6.6,False,FAIL
B003,48.950_-123.600__c198,0.89,0.36,6.6,False,UNDETERMINED
B003,47.450_-123.200__c716,-0.68,0.44,6.6,False,FAIL
B003,48.600_-123.650__c1016,-0.08,0.3,6.6,False,FAIL
B003,48.650_-123.600__c282,1.08,0.27,6.6,False,UNDETERMINED
B003,47.750_-122.950__c529,4.31,0.34,6.6,False,TRUSTED
B003,47.950_-122.900__c1052,2.36,0.2,6.6,False,UNDETERMINED
B003,48.300_-122.950__c1235,0.87,0.1,6.6,False,UNDETERMINED
B003,48.600_-123.400__c494,-0.65,0.05,6.6,False,FAIL
B003,48.950_-123.750__c382,-0.88,0.26,6.6,False,FAIL
B003,47.600_-123.250__c928,-1.03,-0.12,6.6,False,FAIL
B003,48.350_-123.000__c538,2.11,0.13,6.6,False,UNDETERMINED
B003,47.950_-123.000__c915,-0.04,0.22,6.6,False,FAIL
B003,48.550_-123.550__c971,0.14,0.25,6.6,False,FAIL
B003,48.600_-124.200__c79,3.35,0.43,6.6,False,UNDETERMINED
B003,47.700_-122.900__c1088,-0.49,0.04,6.6,False,FAIL
B003,48.600_-123.900__c699,7.01,0.53,6.6,True,GOLD
B003,47.950_-123.500__c488,14.09,0.81,6.6,True,GOLD
B003,48.600_-124.050__c753,32.84,0.88,6.6,True,GOLD
B003,48.850_-124.950__c166,11.77,0.67,6.6,True,GOLD
B003,48.750_-124.700__c80,2.26,0.05,6.6,False,UNDETERMINED
B003,48.600_-124.150__c532,7.96,0.62,6.6,True,GOLD
B003,48.100_-123.650__c752,23.89,0.88,6.6,True,GOLD
B003,48.400_-124.050__c240,16.32,0.78,6.6,True,GOLD
B003,48.900_-124.350__c394,22.56,0.87,6.6,True,GOLD
B003,48.200_-123.800__c165,12.12,0.65,6.6,True,GOLD
B003,48.950_-124.750__c422,20.39,0.91,6.6,True,GOLD
B003,47.800_-123.400__c198,10.26,0.07,6.6,True,GOLD
B003,48.050_-123.650__c560,10.92,0.56,6.6,True,GOLD
B003,48.950_-124.900__c260,0.55,0.5,6.6,False,UNDETERMINED
B003,48.250_-123.700__c745,23.03,0.91,6.6,True,GOLD
B003,48.050_-123.850__c46,26.14,0.9,6.6,True,GOLD
B003,48.200_-123.700__c587,34.9,0.87,6.6,True,GOLD
B004,47.600_-123.100__c620,16.43,0.3,12.53,True,GOLD
B004,48.150_-123.600__c946,19.7,0.88,12.53,True,GOLD
B004,48.400_-123.850__c1161,10.25,0.75,12.53,False,TRUSTED
B004,48.600_-123.500__c54,14.15,0.59,12.53,True,GOLD
B004,48.600_-124.050__c292,9.12,0.77,12.53,False,UNDETERMINED
B004,48.850_-124.350__c503,15.6,0.73,12.53,True,GOLD
B004,49.000_-123.600__c203,-0.69,-0.26,12.53,False,FAIL
B004,48.500_-123.700__c309,19.73,0.74,12.53,True,GOLD
B004,47.800_-123.400__c917,-0.79,-0.45,12.53,False,FAIL
B004,48.400_-123.750__c510,18.54,0.48,12.53,True,GOLD
B004,49.000_-124.900__c742,3.15,0.35,12.53,False,FAIL
B004,48.700_-124.150__c1318,18.38,0.7,12.53,True,GOLD
B004,48.600_-124.200__c653,32.67,0.61,12.53,True,GOLD
B004,48.700_-123.650__c1231,11.78,0.41,12.53,False,TRUSTED
B004,48.900_-124.550__c933,1.95,-0.21,12.53,False,FAIL
B004,49.100_-124.650__c704,28.3,0.89,12.53,True,GOLD
B004,48.550_-123.300__c644,1.77,0.1,12.53,False,FAIL
B004,48.050_-123.700__c580,23.58,0.81,12.53,True,GOLD
B004,49.000_-123.750__c454,-0.58,-0.13,12.53,False,FAIL
B004,47.700_-123.250__c1309,5.35,0.64,12.53,False,UNDETERMINED
B004,47.850_-123.100__c776,9.93,0.41,12.53,False,TRUSTED
B004,48.150_-123.300__c624,9.28,0.55,12.53,False,UNDETERMINED
B004,48.750_-124.500__c253,3.15,0.52,12.53,False,FAIL
B004,48.450_-123.100__c191,5.69,0.27,12.53,False,UNDETERMINED
B004,48.350_-123.100__c1219,-1.05,0.04,12.53,False,FAIL
B004,48.150_-123.550__c215,50.11,0.89,12.53,True,GOLD
B004,47.750_-123.100__c378,1.63,-0.3,12.53,False,FAIL
B004,49.100_-124.600__c189,18.93,0.56,12.53,True,GOLD
B004,48.850_-124.300__c345,2.07,0.3,12.53,False,FAIL
B004,48.750_-124.550__c138,0.98,0.2,12.53,False,FAIL
B005,47.200_-122.700__c75,9.61,0.37,9.84,False,TRUSTED
B005,47.750_-123.350__c306,9.7,0.47,9.84,False,TRUSTED
B005,47.900_-123.250__c522,18.92,,9.84,True,GOLD
B005,48.850_-123.750__c33,2.29,0.23,9.84,False,UNDETERMINED
B005,47.650_-122.800__c942,4.95,0.24,9.84,False,UNDETERMINED
B005,48.250_-123.800__c7,36.41,0.91,9.84,True,GOLD
B005,48.400_-122.850__c160,-0.86,0.15,9.84,False,FAIL
B005,48.450_-123.250__c781,12.64,0.71,9.84,True,GOLD
B005,47.250_-122.950__c804,-2.1,-0.12,9.84,False,FAIL
B005,48.050_-123.150__c6,2.48,0.14,9.84,False,UNDETERMINED
B005,48.150_-123.100__c339,1.08,0.6,9.84,False,FAIL
B005,47.500_-123.200__c64,-0.06,0.2,9.84,False,FAIL
B005,47.500_-123.250__c963,-0.62,0.22,9.84,False,FAIL
B005,47.650_-123.300__c951,0.72,0.24,9.84,False,FAIL
B005,48.200_-123.100__c776,0.02,0.46,9.84,False,FAIL
B005,48.400_-123.650__c1102,0.8,0.16,9.84,False,FAIL
B005,47.500_-123.200__c144,0.08,-0.1,9.84,False,FAIL
B005,47.700_-123.000__c11,-1.3,0.26,9.84,False,FAIL
B005,48.000_-123.450__c612,7.79,0.47,9.84,False,TRUSTED
B005,48.100_-122.950__c42,-0.2,0.0,9.84,False,FAIL
B005,48.150_-123.800__c183,9.35,0.44,9.84,False,TRUSTED
B005,48.500_-123.700__c1260,4.02,0.33,9.84,False,UNDETERMINED
B005,47.700_-123.050__c373,4.43,0.54,9.84,False,UNDETERMINED
B005,48.100_-123.550__c977,5.64,0.74,9.84,False,UNDETERMINED
B005,48.700_-124.450__c527,3.21,0.23,9.84,False,UNDETERMINED
B005,48.900_-124.250__c154,1.28,-0.33,9.84,False,FAIL
B005,48.000_-123.550__c742,29.5,0.8,9.84,True,GOLD
B005,48.750_-123.600__c193,8.55,0.75,9.84,False,TRUSTED
B005,48.800_-123.500__c748,-0.61,0.12,9.84,False,FAIL
B005,48.000_-123.400__c528,20.81,0.71,9.84,True,GOLD
B005,48.100_-122.900__c107,0.99,0.76,9.84,False,FAIL
B005,48.850_-124.550__c991,11.8,0.3,9.84,True,GOLD
B005,48.950_-123.750__c993,3.54,-0.02,9.84,False,UNDETERMINED
B005,48.100_-123.600__c273,17.62,0.76,9.84,True,GOLD
B005,47.300_-122.700__c900,-1.96,-0.01,9.84,False,FAIL
B005,47.300_-123.000__c1147,-2.01,0.34,9.84,False,FAIL
B005,47.350_-122.550__c563,-1.71,-0.19,9.84,False,FAIL
B005,47.400_-123.000__c675,-1.84,-0.15,9.84,False,FAIL
B005,47.550_-123.000__c297,-0.45,0.4,9.84,False,FAIL
B005,47.600_-123.100__c970,-1.95,-0.02,9.84,False,FAIL
B005,47.900_-122.950__c242,-0.5,-0.0,9.84,False,FAIL
B005,47.200_-122.950__c428,-1.53,0.18,9.84,False,FAIL
B005,48.000_-123.050__c402,5.49,0.31,9.84,False,UNDETERMINED
B005,48.200_-123.500__c956,17.5,0.52,9.84,True,GOLD
B005,48.400_-122.750__c114,6.11,,9.84,False,UNDETERMINED
B005,47.350_-122.850__c1069,-2.03,-0.13,9.84,False,FAIL
B005,47.300_-122.850__c1093,-0.72,0.57,9.84,False,FAIL
B005,47.300_-123.100__c87,6.13,,9.84,False,UNDETERMINED
B005,47.450_-123.300__c330,-2.35,-0.34,9.84,False,FAIL
B005,47.600_-122.850__c138,0.7,0.18,9.84,False,FAIL
B005,47.900_-122.900__c521,-1.78,-0.0,9.84,False,FAIL
B005,48.650_-124.000__c50,-0.21,-0.07,9.84,False,FAIL
B005,47.600_-122.800__c1158,3.24,0.57,9.84,False,UNDETERMINED
B005,48.900_-124.600__c86,1.53,0.08,9.84,False,FAIL
B005,47.400_-122.800__c1223,1.83,0.52,9.84,False,FAIL
B005,47.550_-123.200__c1125,-1.24,0.37,9.84,False,FAIL
B005,47.600_-123.100__c939,1.56,0.4,9.84,False,FAIL
B005,47.650_-123.000__c948,2.55,0.39,9.84,False,UNDETERMINED
B005,47.650_-123.100__c492,0.36,0.55,9.84,False,FAIL
B005,47.700_-122.950__c861,1.0,0.57,9.84,False,FAIL
B005,47.750_-123.050__c178,1.06,0.1,9.84,False,FAIL
B005,48.200_-123.450__c167,20.47,0.77,9.84,True,GOLD
B005,48.300_-123.450__c576,6.21,0.79,9.84,False,UNDETERMINED
B005,48.300_-123.900__c723,5.59,0.24,9.84,False,UNDETERMINED
B005,48.850_-123.950__c293,4.28,0.59,9.84,False,UNDETERMINED
B005,47.900_-123.400__c24,15.62,0.66,9.84,True,GOLD
B005,48.800_-123.900__c1232,-2.43,-0.09,9.84,False,FAIL
B005,47.700_-122.900__c1192,-2.2,0.19,9.84,False,FAIL
B005,47.750_-122.900__c946,5.6,0.61,9.84,False,UNDETERMINED
B005,48.100_-123.250__c711,15.9,0.74,9.84,True,GOLD
B005,48.050_-123.250__c693,15.64,0.69,9.84,True,GOLD
B005,48.150_-123.400__c810,3.95,-0.08,9.84,False,UNDETERMINED
B005,48.100_-123.400__c796,6.75,0.48,9.84,False,UNDETERMINED
B005,47.300_-122.850__c1096,-0.71,-0.05,9.84,False,FAIL
B005,48.350_-123.850__c745,13.12,0.64,9.84,True,GOLD
B005,48.500_-123.800__c52,3.31,-0.11,9.84,False,UNDETERMINED
B005,48.900_-123.850__c1213,1.93,0.35,9.84,False,FAIL
B005,47.200_-123.150__c732,-1.78,-0.06,9.84,False,FAIL
B005,48.150_-123.800__c41,13.31,0.72,9.84,True,GOLD
B005,48.300_-123.300__c691,8.25,0.39,9.84,False,TRUSTED
B005,47.550_-123.200__c999,15.66,0.29,9.84,True,GOLD
B005,47.650_-122.800__c206,6.36,0.01,9.84,False,UNDETERMINED
B005,48.800_-123.950__c252,5.84,,9.84,False,UNDETERMINED
B005,47.200_-123.050__c256,-1.39,0.17,9.84,False,FAIL
B005,47.500_-122.850__c336,-0.28,0.11,9.84,False,FAIL
B005,47.800_-123.250__c1026,-0.34,0.25,9.84,False,FAIL
B005,48.050_-123.500__c1001,24.07,0.8,9.84,True,GOLD
B005,48.900_-124.000__c485,8.87,0.67,9.84,False,TRUSTED
B005,48.450_-123.100__c614,8.22,0.67,9.84,False,TRUSTED
B005,48.650_-123.950__c572,30.16,0.78,9.84,True,GOLD
B005,47.500_-123.000__c653,3.64,0.63,9.84,False,UNDETERMINED
B005,47.750_-122.700__c252,7.59,0.77,9.84,False,TRUSTED
B005,48.100_-123.650__c931,17.13,0.76,9.84,True,GOLD
B005,48.800_-123.600__c9,6.57,0.44,9.84,False,UNDETERMINED
B005,48.700_-123.350__c52,16.04,0.71,9.84,True,GOLD
B005,48.950_-123.850__c666,7.67,0.76,9.84,False,TRUSTED
B005,48.250_-123.250__c682,6.73,0.08,9.84,False,UNDETERMINED
B005,48.700_-124.300__c420,16.24,0.75,9.84,True,GOLD
B005,48.800_-123.600__c729,0.06,0.21,9.84,False,FAIL
B005,48.400_-123.900__c903,34.85,0.7,9.84,True,GOLD
B005,47.200_-122.900__c736,-1.64,0.11,9.84,False,FAIL
B005,48.700_-123.750__c203,3.64,0.29,9.84,False,UNDETERMINED
B005,47.450_-123.050__c8,-2.39,-0.15,9.84,False,FAIL
B005,47.750_-122.900__c901,0.23,0.28,9.84,False,FAIL
B005,47.750_-122.650__c477,7.4,0.03,9.84,False,UNDETERMINED
B005,48.400_-122.750__c708,14.62,0.61,9.84,True,GOLD
B005,48.100_-123.750__c420,33.48,0.87,9.84,True,GOLD
B005,48.950_-123.850__c1298,7.58,0.5,9.84,False,TRUSTED
B005,47.750_-123.000__c1125,-1.07,-0.11,9.84,False,FAIL
B005,48.400_-123.600__c960,34.36,0.84,9.84,True,GOLD
B005,47.800_-123.250__c977,0.66,,9.84,False,FAIL
B005,47.800_-123.300__c485,5.43,0.29,9.84,False,UNDETERMINED
B005,48.050_-123.450__c273,21.47,0.65,9.84,True,GOLD
B005,48.500_-123.050__c33,20.67,0.91,9.84,True,GOLD
B005,48.250_-123.200__c49,14.96,0.67,9.84,True,GOLD
B005,48.200_-123.550__c562,10.56,0.58,9.84,True,GOLD
B005,48.050_-123.650__c672,13.01,0.38,9.84,True,GOLD
B005,48.600_-123.350__c923,3.14,0.64,9.84,False,UNDETERMINED
B005,48.800_-123.750__c685,8.63,0.63,9.84,False,TRUSTED
B005,47.700_-122.800__c938,-1.26,0.08,9.84,False,FAIL
B005,47.550_-123.200__c1158,-1.32,0.18,9.84,False,FAIL
B005,47.700_-122.950__c579,20.29,0.83,9.84,True,GOLD
B005,47.600_-123.000__c950,3.5,0.24,9.84,False,UNDETERMINED
B005,48.650_-123.900__c527,11.92,0.57,9.84,True,GOLD
B005,48.550_-123.800__c85,5.5,0.35,9.84,False,UNDETERMINED
B005,48.200_-123.600__c233,13.33,0.46,9.84,True,GOLD
B005,47.950_-123.600__c414,6.81,0.4,9.84,False,UNDETERMINED
B005,48.900_-123.700__c963,9.82,0.71,9.84,False,TRUSTED
B005,47.700_-122.700__c63,3.74,0.35,9.84,False,UNDETERMINED
B005,48.000_-123.600__c286,20.66,0.82,9.84,True,GOLD
B005,48.100_-123.250__c1101,7.88,0.56,9.84,False,TRUSTED
B011,47.750_-123.100__c288,29.23,0.67,11.68,True,GOLD
B011,48.900_-123.700__c547,15.32,0.82,11.68,True,GOLD
B011,48.900_-124.050__c395,2.67,0.16,11.68,False,UNDETERMINED
B011,48.000_-122.850__c828,14.04,0.48,11.68,True,GOLD
B011,48.400_-123.750__c1028,5.97,0.63,11.68,False,UNDETERMINED
B011,48.850_-123.650__c147,4.88,-0.04,11.68,False,UNDETERMINED
B011,48.000_-123.150__c609,26.2,0.8,11.68,True,GOLD
B011,48.850_-123.500__c244,7.93,-0.09,11.68,False,UNDETERMINED
B011,48.600_-123.900__c943,13.19,0.61,11.68,True,GOLD
B011,48.250_-122.950__c45,6.09,0.56,11.68,False,UNDETERMINED
B011,47.800_-122.700__c384,26.3,0.71,11.68,True,GOLD
B011,47.850_-122.800__c102,7.45,0.56,11.68,False,TRUSTED
B011,48.350_-123.300__c965,2.39,-0.05,11.68,False,UNDETERMINED
B011,48.550_-124.200__c234,32.26,0.71,11.68,True,GOLD
B011,48.600_-123.250__c427,20.3,0.81,11.68,True,GOLD
B011,47.800_-122.600__c221,6.7,0.61,11.68,False,UNDETERMINED
B011,48.450_-122.900__c54,20.99,0.4,11.68,True,GOLD
B011,48.850_-124.100__c234,21.67,0.81,11.68,True,GOLD
B011,48.950_-124.750__c321,15.17,0.64,11.68,True,GOLD
B011,48.800_-124.500__c366,30.9,0.9,11.68,True,GOLD
B011,48.400_-123.650__c723,4.23,0.11,11.68,False,UNDETERMINED
B011,48.550_-123.400__c79,4.48,0.34,11.68,False,UNDETERMINED
B011,48.600_-123.200__c1005,4.46,0.57,11.68,False,UNDETERMINED
B011,48.750_-123.900__c996,22.45,0.84,11.68,True,GOLD
B011,48.600_-123.350__c655,0.97,-0.19,11.68,False,FAIL
B011,48.450_-123.100__c873,10.75,0.5,11.68,False,TRUSTED
B011,48.700_-123.250__c225,10.68,0.58,11.68,False,TRUSTED
B011,48.550_-123.550__c492,1.91,0.42,11.68,False,UNDETERMINED
B011,48.200_-123.600__c1133,4.1,0.19,11.68,False,UNDETERMINED
B011,49.000_-124.300__c1185,4.86,-0.02,11.68,False,UNDETERMINED
B011,48.600_-123.850__c1386,8.74,0.51,11.68,False,TRUSTED
B011,48.900_-123.600__c1384,16.38,0.65,11.68,True,GOLD
B011,48.350_-123.550__c1413,14.19,0.43,11.68,True,GOLD
B011,48.450_-122.800__c507,23.41,0.89,11.68,True,GOLD
B011,48.700_-123.850__c1074,13.94,-0.03,11.68,True,GOLD
B011,48.600_-123.350__c884,8.67,0.78,11.68,False,TRUSTED
B011,48.950_-124.600__c985,15.08,0.45,11.68,True,GOLD
B011,48.550_-123.650__c1083,22.12,0.81,11.68,True,GOLD
B011,48.700_-123.400__c42,5.42,0.47,11.68,False,UNDETERMINED
B011,49.350_-124.700__c414,10.52,0.34,11.68,False,TRUSTED
B011,48.500_-124.100__c303,18.86,0.67,11.68,True,GOLD
B011,48.600_-123.600__c1592,15.48,0.53,11.68,True,GOLD
B011,48.700_-123.650__c341,0.89,0.21,11.68,False,FAIL
B011,48.900_-124.050__c988,16.28,0.48,11.68,True,GOLD
B011,47.800_-123.100__c489,21.73,0.8,11.68,True,GOLD
B011,48.650_-123.700__c437,15.97,0.55,11.68,True,GOLD
B011,48.050_-123.600__c694,23.63,0.85,11.68,True,GOLD
B011,48.600_-124.400__c148,8.38,0.35,11.68,False,TRUSTED
B011,49.300_-124.750__c358,0.25,-0.15,11.68,False,FAIL
B011,49.000_-124.350__c495,13.63,0.63,11.68,True,GOLD
B011,48.650_-124.000__c953,16.86,0.58,11.68,True,GOLD
B011,49.000_-123.750__c270,6.7,0.43,11.68,False,UNDETERMINED
B011,48.300_-123.850__c285,23.01,0.61,11.68,True,GOLD
B011,48.200_-122.900__c599,33.05,0.82,11.68,True,GOLD
B011,48.500_-123.150__c1124,9.97,0.59,11.68,False,TRUSTED
B011,48.300_-123.850__c807,17.33,0.72,11.68,True,GOLD
B011,48.600_-123.450__c1039,8.47,0.61,11.68,False,TRUSTED
B011,47.850_-123.500__c344,14.87,0.49,11.68,True,GOLD
B011,48.200_-123.300__c585,21.39,0.77,11.68,True,GOLD
B011,48.150_-123.300__c538,6.4,0.54,11.68,False,UNDETERMINED
B011,48.700_-123.150__c25,22.35,0.66,11.68,True,GOLD
B011,48.550_-123.400__c699,9.5,0.61,11.68,False,TRUSTED
B011,48.500_-123.450__c834,6.68,0.5,11.68,False,UNDETERMINED
B011,48.250_-123.500__c105,3.14,0.28,11.68,False,UNDETERMINED
B011,48.400_-123.750__c14,28.41,0.81,11.68,True,GOLD
B011,49.100_-124.700__c86,27.45,0.63,11.68,True,GOLD
B011,48.800_-123.500__c375,9.7,0.4,11.68,False,TRUSTED
B011,48.450_-123.300__c693,13.99,0.57,11.68,True,GOLD
B011,48.050_-122.900__c955,6.16,0.23,11.68,False,UNDETERMINED
B011,48.750_-123.600__c465,13.67,0.25,11.68,True,GOLD
B011,48.500_-123.050__c382,30.99,0.84,11.68,True,GOLD
B013,47.000_-122.800__c817,22.67,0.57,11.99,True,GOLD
B013,47.250_-122.750__c292,6.25,0.26,11.99,False,UNDETERMINED
B013,47.050_-122.800__c689,21.86,0.73,11.99,True,GOLD
B013,47.800_-122.800__c561,21.67,0.83,11.99,True,GOLD
B013,47.900_-122.800__c382,14.91,0.8,11.99,True,GOLD
B013,47.900_-123.150__c889,5.45,0.65,11.99,False,UNDETERMINED
B013,48.000_-123.550__c63,28.49,0.82,11.99,True,GOLD
B013,48.100_-123.000__c176,6.02,0.08,11.99,False,UNDETERMINED
B013,47.800_-122.900__c109,52.5,0.92,11.99,True,GOLD
B013,48.350_-122.850__c666,62.05,0.93,11.99,True,GOLD
B013,47.850_-122.750__c708,25.26,0.93,11.99,True,GOLD
B013,48.250_-123.800__c838,1.59,-0.13,11.99,False,FAIL
B013,47.700_-123.400__c810,24.33,0.91,11.99,True,GOLD
B013,47.750_-122.600__c700,9.47,0.64,11.99,False,TRUSTED
B013,47.650_-123.000__c800,2.42,0.66,11.99,False,UNDETERMINED
B013,47.750_-123.050__c896,7.72,0.6,11.99,False,UNDETERMINED
B013,47.700_-123.100__c1235,40.37,0.86,11.99,True,GOLD
B013,48.000_-123.200__c710,19.6,0.73,11.99,True,GOLD
B013,48.050_-122.900__c1046,6.61,0.74,11.99,False,UNDETERMINED
B013,47.950_-122.950__c424,21.43,0.9,11.99,True,GOLD
B013,48.500_-124.050__c791,23.69,0.79,11.99,True,GOLD
B013,48.650_-123.550__c133,20.98,0.63,11.99,True,GOLD
B013,48.700_-123.600__c116,25.72,0.91,11.99,True,GOLD
B013,47.850_-123.350__c295,13.86,0.44,11.99,True,GOLD
B013,48.300_-122.900__c446,3.56,0.76,11.99,False,UNDETERMINED
B013,47.500_-123.050__c223,-0.34,-0.4,11.99,False,FAIL
B013,47.400_-123.000__c670,19.12,0.69,11.99,True,GOLD
B013,48.250_-123.200__c416,18.74,0.77,11.99,True,GOLD
B013,47.500_-123.200__c104,9.55,0.7,11.99,False,TRUSTED
B013,48.200_-123.400__c782,1.06,-0.04,11.99,False,FAIL
B013,47.750_-122.750__c920,17.36,0.82,11.99,True,GOLD
B013,47.900_-122.950__c324,26.3,0.83,11.99,True,GOLD
B013,47.750_-123.450__c139,21.3,0.8,11.99,True,GOLD
B013,48.000_-123.400__c519,5.68,0.57,11.99,False,UNDETERMINED
B013,47.800_-123.100__c949,6.98,0.77,11.99,False,UNDETERMINED
B013,47.700_-122.950__c915,1.61,0.1,11.99,False,FAIL
B013,47.800_-122.950__c888,7.17,0.41,11.99,False,UNDETERMINED
B013,47.850_-123.100__c302,4.63,0.3,11.99,False,UNDETERMINED
B013,47.900_-122.850__c822,24.41,0.76,11.99,True,GOLD
B013,47.900_-123.050__c777,25.28,0.85,11.99,True,GOLD
B013,48.350_-123.850__c846,12.7,0.57,11.99,True,GOLD
B013,48.400_-122.800__c1047,5.31,0.65,11.99,False,UNDETERMINED
B013,48.500_-123.800__c783,19.3,0.75,11.99,True,GOLD
B013,47.650_-123.100__c110,9.23,0.17,11.99,False,UNDETERMINED
B013,47.950_-122.750__c50,10.11,0.4,11.99,False,TRUSTED
B013,47.550_-123.250__c630,2.38,0.31,11.99,False,UNDETERMINED
B013,47.650_-123.050__c381,2.3,0.17,11.99,False,UNDETERMINED
B013,47.250_-123.100__c423,38.18,0.73,11.99,True,GOLD
B013,48.550_-123.200__c1170,4.97,0.22,11.99,False,UNDETERMINED
B013,47.750_-123.400__c466,9.05,0.37,11.99,False,TRUSTED
B013,47.900_-123.050__c350,37.77,0.7,11.99,True,GOLD
B013,47.650_-122.700__c551,6.43,0.16,11.99,False,UNDETERMINED
B013,47.100_-123.100__c1064,0.92,0.39,11.99,False,FAIL
B013,47.700_-122.900__c754,26.35,0.83,11.99,True,GOLD
B013,48.250_-123.300__c1148,1.87,0.09,11.99,False,UNDETERMINED
B013,48.500_-123.400__c348,22.2,0.56,11.99,True,GOLD
B013,47.750_-122.750__c376,14.62,0.64,11.99,True,GOLD
B013,47.950_-122.850__c511,21.26,0.69,11.99,True,GOLD
B013,48.500_-122.750__c208,10.87,0.74,11.99,False,TRUSTED
B013,48.000_-122.900__c421,21.93,0.84,11.99,True,GOLD
B013,47.350_-122.750__c1097,28.78,0.86,11.99,True,GOLD
B013,48.000_-123.100__c277,2.54,0.07,11.99,False,UNDETERMINED
B013,47.850_-123.150__c547,25.11,0.87,11.99,True,GOLD
B013,48.150_-122.950__c26,7.26,0.83,11.99,False,UNDETERMINED
B013,48.200_-123.100__c480,4.29,0.45,11.99,False,UNDETERMINED
B013,47.750_-122.700__c737,1.76,0.06,11.99,False,FAIL
B013,47.600_-122.700__c585,4.35,0.28,11.99,False,UNDETERMINED
B013,47.050_-123.100__c1259,30.06,0.77,11.99,True,GOLD
B013,47.450_-123.300__c191,29.72,0.96,11.99,True,GOLD
B013,47.700_-123.450__c404,21.74,0.77,11.99,True,GOLD
B013,47.500_-122.750__c964,23.54,0.83,11.99,True,GOLD
B013,47.550_-122.850__c299,16.88,0.65,11.99,True,GOLD
B013,48.100_-123.700__c339,31.49,0.93,11.99,True,GOLD
B014,46.900_-122.650__c482,2.31,0.65,15.63,False,UNDETERMINED
B014,47.350_-122.950__c84,7.92,0.69,15.63,False,UNDETERMINED
B014,47.700_-123.400__c45,22.4,0.42,15.63,True,GOLD
B014,47.800_-123.400__c185,24.06,0.85,15.63,True,GOLD
B014,48.300_-122.950__c324,14.99,0.81,15.63,False,TRUSTED
B014,48.350_-123.600__c980,7.03,0.37,15.63,False,UNDETERMINED
B014,48.150_-123.200__c336,19.29,0.86,15.63,True,GOLD
B014,48.200_-122.850__c366,7.64,0.44,15.63,False,UNDETERMINED
B014,47.400_-122.700__c961,9.02,0.16,15.63,False,UNDETERMINED
B014,47.600_-123.150__c679,1.35,-0.23,15.63,False,FAIL
B014,47.900_-123.050__c1216,4.57,0.19,15.63,False,UNDETERMINED
B014,48.150_-123.800__c222,19.81,0.76,15.63,True,GOLD
B014,47.650_-123.350__c54,23.29,0.81,15.63,True,GOLD
B014,47.700_-122.950__c1431,6.77,0.19,15.63,False,UNDETERMINED
B014,48.100_-123.050__c630,1.63,0.35,15.63,False,FAIL
B014,48.400_-123.500__c318,17.19,0.7,15.63,True,GOLD
B014,48.300_-123.250__c25,19.91,0.74,15.63,True,GOLD
B014,47.250_-123.000__c618,3.8,0.64,15.63,False,UNDETERMINED
B014,47.900_-123.200__c928,12.66,0.58,15.63,False,TRUSTED
B014,48.300_-123.800__c235,12.05,0.42,15.63,False,TRUSTED
B014,47.200_-123.200__c234,7.13,0.48,15.63,False,UNDETERMINED
B014,47.600_-123.100__c150,0.29,-0.28,15.63,False,FAIL
B014,47.700_-122.600__c532,14.13,0.71,15.63,False,TRUSTED
B014,47.950_-122.900__c1206,12.94,0.67,15.63,False,TRUSTED
B014,48.300_-123.850__c388,14.93,0.68,15.63,False,TRUSTED
B014,47.550_-123.150__c70,5.02,0.15,15.63,False,UNDETERMINED
B014,47.700_-123.300__c375,2.8,0.1,15.63,False,UNDETERMINED
B014,47.300_-123.050__c762,13.48,0.81,15.63,False,TRUSTED
B014,46.900_-122.900__c608,8.33,0.72,15.63,False,TRUSTED
B014,48.000_-122.900__c144,26.41,0.71,15.63,True,GOLD
B014,48.200_-123.450__c342,19.49,0.69,15.63,True,GOLD
B014,47.550_-123.300__c942,7.02,0.31,15.63,False,UNDETERMINED
B014,47.600_-122.750__c752,2.33,0.24,15.63,False,UNDETERMINED
B014,48.000_-123.000__c237,23.02,0.8,15.63,True,GOLD
B014,48.000_-123.250__c542,-0.18,-0.08,15.63,False,FAIL
B014,48.050_-123.450__c1367,8.73,0.02,15.63,False,UNDETERMINED
B014,46.900_-122.800__c1014,28.64,0.78,15.63,True,GOLD
B014,48.400_-123.900__c906,7.87,0.56,15.63,False,UNDETERMINED
B014,48.000_-123.400__c771,20.44,0.57,15.63,True,GOLD
B014,47.500_-123.300__c66,2.47,0.17,15.63,False,UNDETERMINED
B014,47.550_-122.750__c139,17.29,0.73,15.63,True,GOLD
B014,47.750_-122.800__c1181,0.92,-0.04,15.63,False,FAIL
B014,47.900_-123.400__c1131,9.76,0.51,15.63,False,TRUSTED
B014,48.350_-122.900__c18,14.82,0.78,15.63,False,TRUSTED
B014,47.300_-123.050__c547,10.37,0.38,15.63,False,TRUSTED
B014,47.750_-122.850__c702,9.26,0.4,15.63,False,TRUSTED
B014,47.750_-123.450__c427,19.1,0.66,15.63,True,GOLD
B014,47.400_-122.750__c1041,7.17,0.22,15.63,False,UNDETERMINED
B014,48.000_-123.500__c777,4.35,0.38,15.63,False,UNDETERMINED
B014,47.450_-123.300__c190,2.96,0.44,15.63,False,UNDETERMINED
B014,47.550_-122.900__c647,22.25,0.51,15.63,True,GOLD
B014,47.650_-122.650__c971,14.9,0.55,15.63,False,TRUSTED
B014,47.100_-123.000__c387,4.67,0.31,15.63,False,UNDETERMINED
B014,47.050_-122.600__c173,9.95,0.81,15.63,False,TRUSTED
B014,48.300_-122.850__c526,7.0,0.4,15.63,False,UNDETERMINED
B014,48.250_-123.200__c619,1.36,0.42,15.63,False,FAIL
B014,47.600_-123.050__c1275,-0.17,0.23,15.63,False,FAIL
B014,48.250_-123.050__c1393,2.26,0.11,15.63,False,UNDETERMINED
B014,47.400_-122.750__c917,18.22,0.83,15.63,True,GOLD
B014,48.250_-123.100__c1366,11.97,0.78,15.63,False,TRUSTED
B014,47.900_-123.250__c446,16.84,0.53,15.63,True,GOLD
B014,48.400_-123.750__c272,0.53,0.03,15.63,False,FAIL
B014,48.400_-123.200__c486,5.86,0.19,15.63,False,UNDETERMINED
B014,48.200_-123.300__c659,18.32,0.75,15.63,True,GOLD
B014,48.050_-122.950__c149,10.23,0.48,15.63,False,TRUSTED
B014,47.200_-123.100__c692,25.64,0.78,15.63,True,GOLD
B014,47.200_-122.700__c508,2.51,0.0,15.63,False,UNDETERMINED
B017,46.100_-123.250__c163,3.99,0.43,5.78,False,TRUSTED
B017,47.300_-123.000__c785,2.92,0.33,5.78,False,TRUSTED
B017,47.850_-123.400__c902,1.96,0.67,5.78,False,UNDETERMINED
B017,46.300_-123.350__c161,2.01,0.29,5.78,False,UNDETERMINED
B017,46.800_-122.650__c402,3.43,0.23,5.78,False,UNDETERMINED
B017,46.850_-123.050__c953,7.12,0.74,5.78,True,GOLD
B017,46.850_-123.050__c954,8.51,0.61,5.78,True,GOLD
B017,47.000_-122.900__c828,1.1,-0.36,5.78,False,UNDETERMINED
B017,47.000_-123.200__c402,5.87,0.65,5.78,True,GOLD
B017,47.500_-122.800__c595,2.59,0.56,5.78,False,UNDETERMINED
B017,47.850_-123.200__c357,4.44,0.53,5.78,False,TRUSTED
B017,47.600_-122.600__c699,0.84,0.26,5.78,False,UNDETERMINED
B017,47.700_-123.350__c425,5.96,0.41,5.78,True,GOLD
B017,46.400_-122.850__c44,12.85,0.71,5.78,True,GOLD
B017,46.850_-123.200__c286,8.05,0.45,5.78,True,GOLD
B017,47.450_-122.700__c785,4.44,0.2,5.78,False,UNDETERMINED
B017,46.150_-123.050__c55,3.33,0.7,5.78,False,TRUSTED
B017,46.200_-122.950__c84,4.81,0.17,5.78,False,UNDETERMINED
B017,46.750_-122.850__c147,1.83,0.66,5.78,False,UNDETERMINED
B017,46.650_-123.200__c294,0.97,0.37,5.78,False,UNDETERMINED
B017,47.050_-122.850__c404,3.06,0.25,5.78,False,UNDETERMINED
B017,46.800_-123.250__c437,2.39,0.03,5.78,False,UNDETERMINED
B017,47.200_-122.700__c412,3.09,0.21,5.78,False,UNDETERMINED
B017,47.200_-123.150__c739,1.07,0.1,5.78,False,UNDETERMINED
B017,47.200_-123.250__c181,3.6,0.35,5.78,False,TRUSTED
B017,47.250_-122.850__c578,2.19,-0.04,5.78,False,UNDETERMINED
B017,47.400_-123.100__c381,2.92,0.18,5.78,False,UNDETERMINED
B017,47.500_-123.050__c480,5.49,0.4,5.78,False,TRUSTED
B017,47.750_-122.950__c421,5.7,0.5,5.78,False,TRUSTED
B017,46.900_-122.800__c300,0.74,0.33,5.78,False,UNDETERMINED
B017,47.150_-123.150__c871,1.67,0.57,5.78,False,UNDETERMINED
B017,47.550_-122.700__c729,0.27,0.46,5.78,False,FAIL
B017,46.150_-123.300__c216,1.33,0.32,5.78,False,UNDETERMINED
B017,46.500_-123.300__c587,1.87,0.47,5.78,False,UNDETERMINED
B017,46.850_-122.900__c463,8.35,0.71,5.78,True,GOLD
B017,47.850_-122.850__c749,1.22,0.43,5.78,False,UNDETERMINED
B017,46.800_-122.550__c162,5.36,0.64,5.78,False,TRUSTED
B017,47.400_-122.750__c390,7.52,0.47,5.78,True,GOLD
B017,47.400_-122.900__c846,1.65,0.15,5.78,False,UNDETERMINED
B017,47.550_-123.250__c416,4.49,0.6,5.78,False,TRUSTED
B017,47.650_-123.150__c171,2.09,0.12,5.78,False,UNDETERMINED
B017,46.350_-123.150__c189,4.75,0.39,5.78,False,TRUSTED
B017,46.900_-123.100__c18,6.1,0.67,5.78,True,GOLD
B017,47.200_-123.050__c589,3.89,0.45,5.78,False,TRUSTED
B017,47.250_-123.150__c590,1.75,0.33,5.78,False,UNDETERMINED
B017,47.350_-122.850__c88,1.64,0.02,5.78,False,UNDETERMINED
B017,47.550_-122.700__c728,2.73,0.56,5.78,False,UNDETERMINED
B017,46.200_-123.000__c558,5.0,0.28,5.78,False,UNDETERMINED
B017,47.350_-123.300__c381,3.38,0.59,5.78,False,TRUSTED
B017,46.300_-122.950__c223,4.72,0.57,5.78,False,TRUSTED
B017,46.900_-123.150__c651,0.69,0.59,5.78,False,UNDETERMINED
B017,46.450_-123.300__c518,1.03,0.32,5.78,False,UNDETERMINED
B017,47.050_-122.850__c407,3.97,0.63,5.78,False,TRUSTED
B017,46.250_-123.000__c353,0.74,0.36,5.78,False,UNDETERMINED
B017,47.000_-123.250__c206,1.96,-0.14,5.78,False,UNDETERMINED
B017,46.250_-123.200__c418,8.75,0.62,5.78,True,GOLD
B017,46.750_-123.050__c366,3.89,0.57,5.78,False,TRUSTED
B017,47.300_-123.000__c118,4.44,0.31,5.78,False,TRUSTED
B017,47.350_-122.750__c716,5.82,0.28,5.78,True,GOLD
B017,47.700_-122.650__c873,0.67,-0.06,5.78,False,UNDETERMINED
B017,47.450_-122.350__c18,2.32,0.32,5.78,False,UNDETERMINED
B017,46.450_-123.200__c38,2.04,0.58,5.78,False,UNDETERMINED
B017,47.350_-122.900__c732,2.5,0.24,5.78,False,UNDETERMINED
B017,47.750_-123.200__c342,3.68,0.58,5.78,False,TRUSTED
B017,46.900_-122.650__c355,6.4,0.51,5.78,True,GOLD
B017,47.800_-122.950__c887,2.78,0.3,5.78,False,UNDETERMINED
B017,46.500_-122.900__c267,7.1,0.55,5.78,True,GOLD
B017,46.700_-122.750__c325,1.46,0.41,5.78,False,UNDETERMINED
B017,47.450_-123.300__c182,11.0,0.83,5.78,True,GOLD
B017,47.750_-123.150__c940,2.06,0.37,5.78,False,UNDETERMINED
B017,47.150_-122.700__c669,1.48,0.68,5.78,False,UNDETERMINED
B017,46.950_-122.600__c112,4.02,0.18,5.78,False,UNDETERMINED
B017,46.700_-122.850__c584,0.88,0.36,5.78,False,UNDETERMINED
B017,47.850_-122.600__c162,9.63,0.77,5.78,True,GOLD
B017,46.850_-122.800__c536,-0.23,0.12,5.78,False,FAIL
B017,47.400_-122.600__c473,3.42,0.59,5.78,False,TRUSTED
B017,47.150_-122.700__c672,2.52,0.52,5.78,False,UNDETERMINED
B018,46.300_-122.950__c58,21.65,0.85,11.02,True,GOLD
B018,46.550_-122.800__c625,40.75,0.63,11.02,True,GOLD
B018,46.750_-122.800__c340,22.72,0.73,11.02,True,GOLD
B018,47.250_-122.950__c774,9.16,0.34,11.02,False,TRUSTED
B018,47.600_-122.700__c724,26.18,0.78,11.02,True,GOLD
B018,47.150_-123.050__c811,23.59,0.84,11.02,True,GOLD
B018,46.350_-123.050__c285,16.41,0.64,11.02,True,GOLD
B018,46.600_-122.700__c414,29.35,0.83,11.02,True,GOLD
B018,47.100_-122.750__c488,16.5,0.81,11.02,True,GOLD
B018,47.400_-123.400__c59,14.56,0.89,11.02,True,GOLD
B018,46.800_-123.050__c44,1.68,0.08,11.02,False,FAIL
B018,46.900_-122.950__c1017,20.94,0.54,11.02,True,GOLD
B018,47.250_-123.300__c72,34.17,0.82,11.02,True,GOLD
B018,46.350_-123.200__c18,22.17,0.84,11.02,True,GOLD
B018,47.050_-122.850__c190,5.92,0.19,11.02,False,UNDETERMINED
B018,47.100_-122.550__c41,11.24,0.69,11.02,True,GOLD
B018,46.800_-123.200__c107,7.37,0.27,11.02,False,UNDETERMINED
B018,47.150_-122.500__c153,32.19,0.9,11.02,True,GOLD
B018,47.250_-123.050__c1196,15.52,0.7,11.02,True,GOLD
B018,47.550_-122.850__c43,8.19,0.56,11.02,False,TRUSTED
B018,46.750_-122.950__c479,12.0,0.66,11.02,True,GOLD
B018,47.700_-122.850__c449,9.99,0.6,11.02,False,TRUSTED
B018,46.850_-123.050__c20,20.97,0.8,11.02,True,GOLD
B018,47.100_-122.900__c431,3.97,0.08,11.02,False,UNDETERMINED
B018,47.100_-123.150__c387,11.98,0.72,11.02,True,GOLD
B018,47.250_-122.850__c716,12.22,0.8,11.02,True,GOLD
B018,47.500_-123.250__c372,33.75,0.92,11.02,True,GOLD
B018,46.900_-122.850__c891,22.66,0.65,11.02,True,GOLD
B018,47.850_-123.150__c149,26.44,0.88,11.02,True,GOLD
B018,47.200_-122.650__c74,25.3,0.77,11.02,True,GOLD
B018,47.450_-123.250__c409,18.11,0.66,11.02,True,GOLD
B018,46.750_-123.100__c492,11.42,0.24,11.02,True,GOLD
B018,47.100_-123.050__c357,25.68,0.53,11.02,True,GOLD
B018,46.900_-123.150__c42,9.78,0.52,11.02,False,TRUSTED
B018,47.000_-122.950__c1036,20.58,0.6,11.02,True,GOLD
B018,46.950_-123.050__c653,7.3,0.29,11.02,False,UNDETERMINED
B018,47.450_-122.600__c306,31.77,0.73,11.02,True,GOLD
B018,47.050_-122.700__c1278,22.75,0.85,11.02,True,GOLD
B018,47.100_-123.000__c767,31.26,0.86,11.02,True,GOLD
B018,46.900_-123.000__c615,5.6,0.36,11.02,False,UNDETERMINED
B018,47.450_-123.000__c1239,2.16,0.55,11.02,False,FAIL
B018,46.900_-122.650__c276,0.06,-0.02,11.02,False,FAIL
B018,46.850_-122.950__c687,17.85,0.65,11.02,True,GOLD
B018,46.500_-123.100__c731,14.01,0.53,11.02,True,GOLD
B018,47.350_-122.650__c173,33.45,0.84,11.02,True,GOLD
B018,46.450_-123.100__c54,18.41,0.66,11.02,True,GOLD
B018,47.050_-123.100__c699,25.26,0.82,11.02,True,GOLD
B018,46.850_-123.050__c606,24.97,0.8,11.02,True,GOLD
B018,46.850_-122.650__c758,3.84,-0.09,11.02,False,UNDETERMINED
B018,47.250_-123.100__c201,10.53,0.49,11.02,False,TRUSTED
B018,46.850_-122.800__c1207,33.52,0.81,11.02,True,GOLD
B018,47.100_-123.000__c554,23.71,0.81,11.02,True,GOLD
B018,47.700_-123.250__c642,3.38,0.16,11.02,False,UNDETERMINED
B018,46.950_-123.100__c523,25.72,0.83,11.02,True,GOLD
B018,47.000_-122.950__c1157,3.07,0.62,11.02,False,UNDETERMINED
B018,46.650_-122.950__c183,16.86,0.84,11.02,True,GOLD
B020,45.500_-122.850__c61,-0.64,0.02,0.65,False,UNDETERMINED
B020,45.550_-123.300__c962,-1.45,-0.26,0.65,False,UNDETERMINED
B020,45.600_-123.200__c44,-2.39,-0.2,0.65,False,FAIL
B020,45.600_-123.350__c822,-2.04,0.23,0.65,False,UNDETERMINED
B020,45.800_-123.350__c238,-0.7,0.11,0.65,False,UNDETERMINED
B020,46.300_-123.000__c149,-1.89,0.13,0.65,False,UNDETERMINED
B020,46.300_-123.200__c371,-1.46,0.31,0.65,False,UNDETERMINED
B020,46.550_-123.100__c135,-1.27,-0.3,0.65,False,UNDETERMINED
B020,46.700_-122.900__c284,-1.52,-0.02,0.65,False,UNDETERMINED
B020,46.700_-123.000__c23,-1.98,-0.15,0.65,False,UNDETERMINED
B020,46.800_-122.700__c35,-0.34,0.59,0.65,False,UNDETERMINED
B020,46.850_-122.700__c555,-2.29,0.07,0.65,False,FAIL
B020,46.900_-122.900__c946,-0.39,0.08,0.65,False,UNDETERMINED
B020,46.900_-123.100__c623,-0.04,0.05,0.65,False,UNDETERMINED
B020,46.950_-122.700__c915,-0.42,0.06,0.65,False,UNDETERMINED
B020,46.950_-123.050__c293,-1.17,-0.02,0.65,False,UNDETERMINED
B020,47.000_-122.550__c173,-0.46,-0.04,0.65,False,UNDETERMINED
B020,47.000_-122.950__c952,-2.64,-0.21,0.65,False,FAIL
B020,47.100_-122.850__c859,-1.86,-0.33,0.65,False,UNDETERMINED
B020,47.100_-122.950__c333,-1.46,-0.11,0.65,False,UNDETERMINED
B020,47.100_-123.250__c249,12.13,0.6,0.65,True,GOLD
B020,47.150_-122.700__c1026,-2.29,-0.22,0.65,False,FAIL
B020,47.250_-122.850__c299,-1.35,0.05,0.65,False,UNDETERMINED
B020,45.500_-123.200__c490,-1.22,0.21,0.65,False,UNDETERMINED
B020,46.700_-123.200__c427,-0.15,0.39,0.65,False,TRUSTED
B020,45.850_-123.350__c341,-2.36,-0.23,0.65,False,FAIL
B020,46.250_-123.200__c481,-2.39,-0.08,0.65,False,FAIL
B020,46.500_-123.200__c140,-1.95,-0.17,0.65,False,UNDETERMINED
B020,46.900_-122.600__c957,-1.27,0.14,0.65,False,UNDETERMINED
B020,46.150_-123.150__c646,-2.05,-0.23,0.65,False,UNDETERMINED
B020,46.750_-122.750__c824,-1.67,-0.02,0.65,False,UNDETERMINED
B020,45.550_-123.350__c101,-1.03,0.32,0.65,False,UNDETERMINED
B020,46.300_-123.250__c49,-2.42,-0.43,0.65,False,FAIL
B020,47.000_-122.800__c756,-1.48,0.15,0.65,False,UNDETERMINED
B020,45.500_-123.500__c90,-2.21,0.01,0.65,False,FAIL
B020,45.900_-123.400__c97,-1.16,-0.01,0.65,False,UNDETERMINED
B020,45.950_-123.150__c464,-1.18,-0.13,0.65,False,UNDETERMINED
B020,46.450_-122.850__c181,-1.93,0.02,0.65,False,UNDETERMINED
B020,46.500_-123.250__c19,-1.19,-0.07,0.65,False,UNDETERMINED
B020,46.600_-122.800__c185,-1.83,0.37,0.65,False,UNDETERMINED
B020,46.600_-123.100__c295,-2.43,0.12,0.65,False,FAIL
B020,46.800_-122.600__c201,-2.04,-0.03,0.65,False,UNDETERMINED
B020,47.200_-122.800__c845,-1.11,0.29,0.65,False,UNDETERMINED
B020,47.200_-123.250__c378,-2.7,0.35,0.65,False,FAIL
B020,45.600_-123.400__c29,-2.17,0.24,0.65,False,FAIL
B020,46.800_-122.700__c18,-2.26,-0.16,0.65,False,FAIL
B020,46.800_-122.850__c491,-1.94,-0.07,0.65,False,UNDETERMINED
B020,47.200_-122.650__c51,-0.31,0.09,0.65,False,UNDETERMINED
B020,47.250_-122.750__c370,-0.01,0.2,0.65,False,UNDETERMINED
B020,46.450_-122.900__c33,-0.01,0.19,0.65,False,UNDETERMINED
B020,46.700_-123.050__c403,-1.96,-0.02,0.65,False,UNDETERMINED
B020,46.800_-122.650__c110,-1.85,-0.01,0.65,False,UNDETERMINED
B020,46.850_-122.950__c193,-0.6,0.17,0.65,False,UNDETERMINED
B020,47.000_-122.650__c417,-1.69,0.2,0.65,False,UNDETERMINED
B020,47.200_-123.100__c1366,-1.42,-0.05,0.65,False,UNDETERMINED
B020,46.650_-122.650__c342,0.78,0.5,0.65,True,GOLD
B020,46.800_-122.800__c241,-1.56,0.05,0.65,False,UNDETERMINED
B020,47.050_-122.800__c894,-1.19,0.2,0.65,False,UNDETERMINED
B020,47.100_-123.150__c960,-1.81,-0.23,0.65,False,UNDETERMINED
B020,47.150_-123.300__c6,-2.35,0.3,0.65,False,FAIL
B020,47.200_-122.750__c1316,-2.22,0.13,0.65,False,FAIL
B020,45.600_-123.200__c330,0.82,0.43,0.65,True,GOLD
B020,45.900_-123.100__c907,-1.92,-0.13,0.65,False,UNDETERMINED
B020,46.850_-122.850__c576,-1.5,-0.1,0.65,False,UNDETERMINED
B020,47.100_-122.650__c663,-1.29,0.38,0.65,False,UNDETERMINED
B020,47.150_-122.950__c805,-2.85,0.16,0.65,False,FAIL
B020,45.900_-123.350__c653,-1.34,0.14,0.65,False,UNDETERMINED
B020,45.600_-123.300__c1370,-1.84,-0.04,0.65,False,UNDETERMINED
B020,45.850_-123.100__c82,-0.75,0.33,0.65,False,UNDETERMINED
B020,46.500_-122.850__c584,-2.45,-0.0,0.65,False,FAIL
B020,47.150_-123.050__c490,-2.42,-0.23,0.65,False,FAIL
B020,45.800_-123.200__c269,-1.63,-0.27,0.65,False,UNDETERMINED
B020,46.500_-122.800__c600,-1.53,0.16,0.65,False,UNDETERMINED
B020,46.550_-122.850__c399,-1.34,0.33,0.65,False,UNDETERMINED
B020,46.550_-123.100__c727,-1.96,0.27,0.65,False,UNDETERMINED
B020,47.200_-122.850__c277,-2.32,0.14,0.65,False,FAIL
B020,47.300_-123.100__c22,-2.25,0.04,0.65,False,FAIL
B020,46.950_-122.850__c306,-1.51,0.12,0.65,False,UNDETERMINED
B020,46.850_-123.050__c787,-2.04,-0.15,0.65,False,UNDETERMINED
B020,46.750_-122.850__c209,-1.95,0.27,0.65,False,UNDETERMINED
B020,47.200_-123.050__c1170,-2.74,0.06,0.65,False,FAIL
B020,47.250_-123.100__c619,-1.8,-0.5,0.65,False,UNDETERMINED
B020,46.850_-122.800__c575,-1.2,0.08,0.65,False,UNDETERMINED
B020,47.200_-122.950__c167,-1.98,0.27,0.65,False,UNDETERMINED
B020,45.500_-123.400__c1208,-0.7,0.19,0.65,False,UNDETERMINED
B020,46.600_-123.300__c65,-2.47,-0.11,0.65,False,FAIL
B020,46.850_-123.100__c274,-0.86,0.27,0.65,False,UNDETERMINED
B020,46.850_-123.150__c495,1.53,0.24,0.65,True,GOLD
B020,46.950_-122.800__c388,-1.9,0.07,0.65,False,UNDETERMINED
B020,46.950_-122.650__c840,-1.03,0.61,0.65,False,UNDETERMINED
B020,47.150_-122.750__c852,-1.02,-0.01,0.65,False,UNDETERMINED
B020,47.050_-123.100__c297,-1.72,0.14,0.65,False,UNDETERMINED
B020,45.500_-123.100__c635,-2.46,-0.48,0.65,False,FAIL
B020,46.300_-122.600__c40,-1.14,0.17,0.65,False,UNDETERMINED
B020,46.800_-122.750__c1204,-2.32,-0.23,0.65,False,FAIL
B020,45.900_-123.150__c861,-1.57,0.2,0.65,False,UNDETERMINED
B020,45.550_-123.350__c72,-1.44,0.13,0.65,False,UNDETERMINED
B020,46.100_-123.200__c98,0.79,0.34,0.65,True,GOLD
B020,46.800_-122.750__c982,1.0,-0.17,0.65,True,GOLD
B022,45.050_-123.200__c163,18.92,0.84,14.28,True,GOLD
B022,45.100_-123.300__c247,13.72,0.74,14.28,False,TRUSTED
B022,45.200_-123.150__c78,22.23,0.79,14.28,True,GOLD
B022,45.300_-123.400__c19,19.47,0.69,14.28,True,GOLD
B022,45.650_-123.400__c160,16.8,0.6,14.28,True,GOLD
B022,45.850_-123.500__c15,5.78,0.23,14.28,False,UNDETERMINED
B022,46.000_-123.250__c275,22.45,0.75,14.28,True,GOLD
B022,45.550_-123.500__c214,14.57,0.33,14.28,True,GOLD
B022,45.550_-123.200__c239,9.52,0.52,14.28,False,TRUSTED
B022,45.850_-123.300__c230,7.98,0.53,14.28,False,UNDETERMINED
B022,45.100_-123.500__c744,13.87,0.77,14.28,False,TRUSTED
B022,45.500_-123.100__c203,27.77,0.83,14.28,True,GOLD
B022,45.950_-123.350__c64,46.11,0.95,14.28,True,GOLD
B022,45.300_-123.200__c396,10.85,0.7,14.28,False,TRUSTED
B022,45.550_-123.400__c25,1.38,0.18,14.28,False,FAIL
B022,46.100_-123.250__c212,40.79,0.83,14.28,True,GOLD
B022,45.150_-123.350__c496,13.32,0.82,14.28,False,TRUSTED
B022,45.150_-123.500__c1003,26.31,0.66,14.28,True,GOLD
B022,45.250_-123.550__c415,41.46,0.81,14.28,True,GOLD
B022,45.550_-123.550__c102,19.65,0.76,14.28,True,GOLD
B022,46.300_-122.950__c104,6.43,0.24,14.28,False,UNDETERMINED
B022,45.100_-123.250__c409,22.49,0.79,14.28,True,GOLD
B022,45.400_-123.150__c479,9.41,0.83,14.28,False,TRUSTED
B022,45.550_-123.350__c249,21.01,0.81,14.28,True,GOLD
B022,46.650_-123.100__c142,29.07,0.77,14.28,True,GOLD
B022,45.950_-123.300__c53,18.08,0.62,14.28,True,GOLD
B022,46.700_-122.700__c110,19.33,0.7,14.28,True,GOLD
B022,46.800_-123.150__c343,18.29,0.43,14.28,True,GOLD
B022,45.100_-123.450__c692,21.61,0.79,14.28,True,GOLD
B022,45.450_-123.400__c511,11.75,0.1,14.28,False,UNDETERMINED
B022,45.600_-123.350__c883,5.41,0.27,14.28,False,UNDETERMINED
B022,45.850_-123.200__c289,23.81,0.83,14.28,True,GOLD
B022,45.250_-123.250__c224,43.26,0.91,14.28,True,GOLD
B022,45.300_-123.400__c348,5.77,0.52,14.28,False,UNDETERMINED
B022,46.150_-122.900__c110,25.07,0.59,14.28,True,GOLD
B022,46.300_-123.000__c122,28.92,0.8,14.28,True,GOLD
B022,45.100_-123.300__c177,11.98,0.64,14.28,False,TRUSTED
B022,45.600_-123.200__c281,6.71,0.53,14.28,False,UNDETERMINED
B022,45.300_-123.100__c475,20.22,0.84,14.28,True,GOLD
B022,45.450_-123.250__c334,19.29,0.71,14.28,True,GOLD
B022,46.400_-123.000__c56,19.17,0.76,14.28,True,GOLD
B022,46.600_-123.250__c365,14.41,0.66,14.28,True,GOLD
B022,45.400_-122.900__c280,6.82,0.56,14.28,False,UNDETERMINED
B022,45.300_-123.400__c382,11.56,0.76,14.28,False,TRUSTED
B022,45.400_-123.350__c153,9.12,0.27,14.28,False,UNDETERMINED
B022,45.900_-123.200__c786,15.84,0.84,14.28,True,GOLD
B022,46.500_-123.250__c98,-1.32,0.05,14.28,False,FAIL
B022,45.200_-123.300__c709,15.73,0.75,14.28,True,GOLD
B022,45.450_-123.400__c388,1.56,-0.02,14.28,False,FAIL
B022,45.750_-123.450__c1,15.04,0.66,14.28,True,GOLD
B022,46.800_-122.750__c556,2.5,0.38,14.28,False,UNDETERMINED
B022,45.100_-123.350__c536,5.83,0.24,14.28,False,UNDETERMINED
B022,45.800_-123.400__c170,20.96,0.86,14.28,True,GOLD
B022,45.350_-123.300__c738,26.17,0.94,14.28,True,GOLD
B022,46.200_-123.400__c118,10.1,0.36,14.28,False,TRUSTED
B022,45.450_-123.300__c391,10.51,0.62,14.28,False,TRUSTED
B022,45.850_-123.400__c334,8.49,0.61,14.28,False,UNDETERMINED
B022,45.100_-123.650__c231,10.29,0.41,14.28,False,TRUSTED
B022,45.200_-123.100__c626,23.72,0.65,14.28,True,GOLD
B022,45.900_-123.200__c257,-1.13,-0.46,14.28,False,FAIL
B022,45.400_-123.300__c523,11.86,0.33,14.28,False,TRUSTED
B022,45.800_-123.500__c53,16.95,0.75,14.28,True,GOLD
B022,46.800_-123.050__c211,14.93,0.64,14.28,True,GOLD
B022,45.350_-123.700__c84,38.66,0.88,14.28,True,GOLD
B022,45.400_-122.900__c317,18.55,0.46,14.28,True,GOLD
B022,45.600_-123.400__c234,26.67,0.65,14.28,True,GOLD
B022,45.800_-123.100__c229,17.99,0.57,14.28,True,GOLD
B022,45.100_-123.450__c598,17.06,0.62,14.28,True,GOLD
B022,45.650_-123.150__c147,7.44,0.29,14.28,False,UNDETERMINED
B022,46.800_-122.800__c70,28.95,0.81,14.28,True,GOLD
B022,45.100_-123.150__c206,20.03,0.67,14.28,True,GOLD
B022,45.450_-123.200__c93,28.62,0.75,14.28,True,GOLD
B022,46.800_-122.850__c434,22.67,0.79,14.28,True,GOLD
B022,45.900_-123.100__c282,12.85,0.35,14.28,False,TRUSTED
B022,45.150_-123.600__c212,27.97,0.79,14.28,True,GOLD
B022,45.200_-123.000__c29,14.59,0.79,14.28,True,GOLD
B022,45.450_-123.600__c172,15.76,0.68,14.28,True,GOLD
B022,46.550_-122.800__c190,9.25,0.37,14.28,False,TRUSTED
B022,46.400_-123.200__c223,21.88,0.78,14.28,True,GOLD
B022,46.600_-123.000__c404,31.09,0.82,14.28,True,GOLD
B022,45.450_-123.100__c618,18.17,0.58,14.28,True,GOLD
B022,45.600_-123.200__c113,26.48,0.85,14.28,True,GOLD
B022,45.450_-123.300__c124,5.01,0.14,14.28,False,UNDETERMINED
B022,45.250_-123.050__c556,11.98,0.81,14.28,False,TRUSTED
B022,45.500_-123.350__c449,29.11,0.81,14.28,True,GOLD
B022,45.550_-123.250__c40,15.0,0.4,14.28,True,GOLD
B022,46.800_-122.750__c230,29.24,0.89,14.28,True,GOLD
B022,45.250_-123.150__c162,24.57,0.85,14.28,True,GOLD
B022,45.500_-123.500__c476,22.93,0.69,14.28,True,GOLD
B022,45.150_-123.500__c801,12.95,0.74,14.28,False,TRUSTED
B022,46.250_-123.150__c235,18.22,0.46,14.28,True,GOLD
B022,45.350_-123.550__c284,19.36,0.72,14.28,True,GOLD
B022,45.450_-123.400__c333,13.7,0.8,14.28,False,TRUSTED
B022,46.800_-123.250__c325,4.91,0.09,14.28,False,UNDETERMINED
B022,45.500_-123.100__c200,19.23,0.87,14.28,True,GOLD
B022,46.550_-122.950__c76,4.87,0.42,14.28,False,UNDETERMINED
B022,46.750_-123.300__c148,16.37,0.66,14.28,True,GOLD
B022,46.800_-122.900__c550,6.98,0.28,14.28,False,UNDETERMINED
B022,45.300_-123.450__c129,4.72,0.23,14.28,False,UNDETERMINED
B022,46.600_-123.050__c276,22.91,0.67,14.28,True,GOLD
B022,45.150_-123.450__c631,9.47,0.4,14.28,False,TRUSTED
B022,46.000_-123.150__c450,9.24,0.55,14.28,False,TRUSTED
B022,46.300_-123.400__c17,8.17,0.52,14.28,False,UNDETERMINED
B022,45.100_-123.400__c571,31.19,0.89,14.28,True,GOLD
B022,46.600_-122.950__c15,60.9,0.86,14.28,True,GOLD
B022,45.250_-123.400__c325,20.19,0.91,14.28,True,GOLD
B022,45.900_-123.250__c616,31.33,0.78,14.28,True,GOLD
B022,46.550_-122.750__c166,11.57,0.71,14.28,False,TRUSTED
B022,45.300_-122.900__c81,18.22,0.79,14.28,True,GOLD
B022,46.800_-122.850__c642,29.6,0.79,14.28,True,GOLD
B022,45.850_-123.300__c698,8.41,0.36,14.28,False,UNDETERMINED
B023,45.200_-123.000__c61,4.01,0.66,15.22,False,FAIL
B023,45.850_-123.300__c238,10.86,0.67,15.22,False,UNDETERMINED
B023,45.450_-122.950__c115,25.78,0.88,15.22,True,GOLD
B023,45.600_-122.950__c33,21.37,0.88,15.22,True,GOLD
B023,46.300_-123.000__c11,18.54,0.81,15.22,True,GOLD
B023,46.600_-122.950__c104,4.37,0.53,15.22,False,FAIL
B023,46.350_-123.350__c186,12.86,0.83,15.22,False,UNDETERMINED
B023,47.000_-122.300__c95,28.31,0.93,15.22,True,GOLD
B023,45.600_-123.200__c313,18.53,0.65,15.22,True,GOLD
B023,46.450_-123.100__c301,15.69,0.73,15.22,True,GOLD
B023,45.300_-123.100__c522,25.57,0.86,15.22,True,GOLD
B023,46.400_-123.050__c251,3.16,0.51,15.22,False,FAIL
B023,47.000_-123.050__c385,19.89,0.86,15.22,True,GOLD
B023,46.150_-123.150__c449,6.07,0.73,15.22,False,UNDETERMINED
B023,46.300_-123.250__c248,9.5,0.45,15.22,False,UNDETERMINED
B023,46.500_-123.300__c188,7.92,0.56,15.22,False,UNDETERMINED
B023,47.000_-122.850__c90,15.7,0.74,15.22,True,GOLD
B023,46.950_-122.800__c118,15.07,0.85,15.22,False,TRUSTED
B023,45.800_-123.550__c14,14.38,0.84,15.22,False,TRUSTED
B023,45.350_-122.950__c410,18.74,0.83,15.22,True,GOLD
B023,45.850_-122.950__c105,16.36,0.82,15.22,True,GOLD
B023,46.600_-123.200__c296,24.35,0.87,15.22,True,GOLD
B023,46.250_-123.050__c266,14.87,0.86,15.22,False,TRUSTED
B023,45.650_-123.200__c250,10.89,0.86,15.22,False,UNDETERMINED
B023,45.850_-123.000__c187,12.85,0.63,15.22,False,UNDETERMINED
B023,47.000_-122.700__c12,13.28,0.55,15.22,False,TRUSTED
B023,45.300_-123.300__c301,27.71,0.85,15.22,True,GOLD
B023,45.800_-123.150__c385,13.9,0.76,15.22,False,TRUSTED
B023,45.900_-123.300__c115,16.88,0.87,15.22,True,GOLD
B023,46.200_-123.400__c68,10.02,0.77,15.22,False,UNDETERMINED
B023,45.200_-123.300__c133,6.55,0.56,15.22,False,UNDETERMINED
B023,46.900_-123.150__c105,11.95,0.58,15.22,False,UNDETERMINED
B023,46.200_-123.350__c46,17.37,0.8,15.22,True,GOLD
B023,47.000_-123.100__c140,18.88,0.69,15.22,True,GOLD
B023,46.250_-123.150__c411,20.8,0.8,15.22,True,GOLD
B023,46.450_-123.150__c140,17.13,0.74,15.22,True,GOLD
B023,46.600_-122.800__c321,30.36,0.86,15.22,True,GOLD
B023,46.200_-123.100__c668,3.13,0.46,15.22,False,FAIL
B023,45.800_-123.400__c169,19.65,0.82,15.22,True,GOLD
B023,45.900_-123.100__c35,28.84,0.88,15.22,True,GOLD
B023,46.200_-123.300__c188,6.5,0.6,15.22,False,UNDETERMINED
B026,44.450_-123.250__c114,3.62,0.6,16.6,False,UNDETERMINED
B026,44.450_-123.300__c41,7.68,0.48,16.6,False,UNDETERMINED
B026,45.450_-122.900__c20,3.89,-0.17,16.6,False,UNDETERMINED
B026,45.850_-123.400__c161,10.02,0.6,16.6,False,UNDETERMINED
B026,44.900_-123.300__c531,8.7,0.04,16.6,False,UNDETERMINED
B026,46.100_-123.100__c42,3.28,0.39,16.6,False,UNDETERMINED
B026,46.200_-122.950__c121,1.55,0.41,16.6,False,FAIL
B026,44.850_-123.600__c869,9.1,0.62,16.6,False,UNDETERMINED
B026,45.000_-123.650__c302,2.03,0.4,16.6,False,FAIL
B026,45.250_-123.500__c901,1.93,0.2,16.6,False,FAIL
B026,45.800_-123.350__c403,17.61,0.87,16.6,True,GOLD
B026,45.550_-123.450__c37,17.57,0.79,16.6,True,GOLD
B026,45.200_-123.450__c991,25.2,0.65,16.6,True,GOLD
B026,45.800_-123.300__c367,4.99,0.59,16.6,False,UNDETERMINED
B026,45.400_-123.300__c531,24.34,0.82,16.6,True,GOLD
B026,46.100_-123.200__c194,4.3,0.42,16.6,False,UNDETERMINED
B026,45.200_-123.450__c949,20.7,0.87,16.6,True,GOLD
B026,44.800_-123.550__c108,19.02,0.44,16.6,True,GOLD
B026,46.200_-123.100__c73,11.69,0.34,16.6,False,TRUSTED
B026,45.400_-123.300__c697,5.81,0.42,16.6,False,UNDETERMINED
B026,45.400_-123.400__c906,25.69,0.69,16.6,True,GOLD
B026,45.800_-123.250__c135,4.07,0.28,16.6,False,UNDETERMINED
B026,45.200_-123.300__c423,15.62,0.16,16.6,False,UNDETERMINED
B026,45.500_-123.000__c326,0.61,0.32,16.6,False,FAIL
B026,45.300_-123.450__c296,10.67,0.64,16.6,False,UNDETERMINED
B026,45.400_-123.450__c383,26.22,0.63,16.6,True,GOLD
B026,44.600_-123.500__c606,14.59,0.79,16.6,False,TRUSTED
B026,45.150_-123.550__c83,8.35,0.33,16.6,False,UNDETERMINED
B026,45.400_-122.950__c873,6.53,0.36,16.6,False,UNDETERMINED
B026,46.000_-123.250__c181,20.61,0.9,16.6,True,GOLD
B026,46.050_-123.250__c131,13.84,0.68,16.6,False,TRUSTED
B026,44.800_-123.400__c575,4.61,0.45,16.6,False,UNDETERMINED
B026,45.550_-123.300__c491,11.08,0.64,16.6,False,UNDETERMINED
B026,44.800_-123.350__c35,2.34,0.43,16.6,False,UNDETERMINED
B026,45.500_-123.450__c512,20.04,0.72,16.6,True,GOLD
B026,45.600_-123.350__c42,12.2,0.74,16.6,False,TRUSTED
B026,44.600_-123.700__c430,0.32,0.45,16.6,False,FAIL
B026,45.300_-123.100__c27,11.82,0.32,16.6,False,TRUSTED
B026,45.900_-123.250__c584,19.38,0.78,16.6,True,GOLD
B026,44.900_-123.600__c531,10.42,0.19,16.6,False,UNDETERMINED
B026,45.000_-123.300__c220,15.23,0.58,16.6,False,TRUSTED
B026,45.300_-123.300__c190,10.21,0.54,16.6,False,UNDETERMINED
B026,44.900_-123.350__c159,9.64,0.34,16.6,False,UNDETERMINED
B026,45.100_-123.550__c216,12.29,0.81,16.6,False,TRUSTED
B026,45.300_-123.200__c517,6.79,0.61,16.6,False,UNDETERMINED
B028,43.600_-123.200__c32,-1.51,0.01,3.19,False,FAIL
B028,43.600_-123.600__c506,-0.73,0.19,3.19,False,FAIL
B028,43.650_-123.900__c122,-1.42,0.36,3.19,False,FAIL
B028,43.900_-123.150__c371,-0.51,-0.13,3.19,False,FAIL
B028,44.950_-123.250__c254,-1.18,0.1,3.19,False,FAIL
B028,45.100_-123.300__c41,-0.57,0.4,3.19,False,FAIL
B028,45.350_-123.100__c451,-1.63,0.01,3.19,False,FAIL
B028,43.650_-123.350__c318,-1.59,0.49,3.19,False,FAIL
B028,43.700_-123.750__c195,-1.23,0.17,3.19,False,FAIL
B028,43.750_-123.350__c359,0.14,0.17,3.19,False,UNDETERMINED
B028,44.700_-123.250__c262,-0.8,-0.0,3.19,False,FAIL
B028,44.800_-123.150__c409,0.95,0.16,3.19,False,UNDETERMINED
B028,44.900_-123.650__c542,-0.2,0.23,3.19,False,FAIL
B028,45.000_-123.300__c51,2.5,0.37,3.19,False,UNDETERMINED
B028,45.350_-122.950__c271,0.51,0.41,3.19,False,UNDETERMINED
B028,45.350_-123.150__c140,-1.43,0.13,3.19,False,FAIL
B028,43.600_-123.700__c422,0.8,0.2,3.19,False,UNDETERMINED
B028,43.750_-123.400__c988,0.97,0.31,3.19,False,UNDETERMINED
B028,43.950_-123.350__c1030,-0.99,0.02,3.19,False,FAIL
B028,44.000_-123.250__c200,-0.29,0.19,3.19,False,FAIL
B028,44.000_-123.450__c70,-0.04,0.1,3.19,False,FAIL
B028,44.200_-123.700__c119,-1.98,0.14,3.19,False,FAIL
B028,44.450_-123.650__c382,0.9,0.31,3.19,False,UNDETERMINED
B028,44.850_-123.600__c349,-0.53,0.01,3.19,False,FAIL
B028,45.200_-123.400__c938,-1.32,0.16,3.19,False,FAIL
B028,45.250_-123.400__c224,-0.66,0.15,3.19,False,FAIL
B028,45.300_-123.200__c971,-0.86,0.22,3.19,False,FAIL
B028,43.750_-123.550__c1039,-0.73,-0.33,3.19,False,FAIL
B028,43.800_-123.100__c238,-0.79,0.06,3.19,False,FAIL
B028,43.950_-123.400__c339,-1.14,-0.02,3.19,False,FAIL
B028,45.300_-123.300__c843,0.42,0.32,3.19,False,UNDETERMINED
B028,43.650_-123.500__c482,-1.4,0.31,3.19,False,FAIL
B028,43.800_-123.350__c542,-1.61,0.31,3.19,False,FAIL
B028,44.450_-123.300__c222,-1.89,-0.02,3.19,False,FAIL
B028,44.650_-123.300__c384,-1.13,0.16,3.19,False,FAIL
B028,44.800_-123.800__c192,-1.37,0.08,3.19,False,FAIL
B028,45.250_-123.550__c365,-1.02,0.14,3.19,False,FAIL
B028,45.300_-123.450__c928,-0.59,0.26,3.19,False,FAIL
B028,44.850_-123.450__c107,-0.79,0.47,3.19,False,FAIL
B028,43.600_-123.400__c305,1.81,0.29,3.19,False,UNDETERMINED
B028,45.050_-123.450__c742,-0.97,0.06,3.19,False,FAIL
B028,44.050_-123.350__c287,-1.67,0.31,3.19,False,FAIL
B028,44.600_-123.400__c439,-1.12,0.26,3.19,False,FAIL
B028,44.800_-123.200__c316,-1.63,0.36,3.19,False,FAIL
B028,44.100_-123.450__c419,-0.56,-0.13,3.19,False,FAIL
B028,43.600_-123.600__c507,0.16,0.27,3.19,False,UNDETERMINED
B028,43.700_-123.150__c93,-2.18,0.37,3.19,False,FAIL
B028,43.700_-123.600__c845,-0.88,0.21,3.19,False,FAIL
B028,44.050_-123.650__c271,-1.57,0.03,3.19,False,FAIL
B028,44.600_-123.650__c749,-1.21,0.17,3.19,False,FAIL
B028,44.750_-123.700__c500,-0.78,0.11,3.19,False,FAIL
B028,43.700_-123.500__c133,-2.07,-0.27,3.19,False,FAIL
B028,44.300_-123.450__c128,-1.9,0.48,3.19,False,FAIL
B028,45.350_-123.500__c142,-0.92,-0.15,3.19,False,FAIL
B028,44.100_-123.550__c475,-1.19,0.12,3.19,False,FAIL
B028,44.250_-123.300__c145,0.46,0.18,3.19,False,UNDETERMINED
B028,45.250_-122.950__c180,0.08,0.39,3.19,False,FAIL
B028,44.000_-123.200__c729,-0.89,0.3,3.19,False,FAIL
B028,44.050_-123.400__c19,-1.08,-0.05,3.19,False,FAIL
B028,44.200_-123.150__c100,0.04,0.2,3.19,False,FAIL
B028,45.150_-123.000__c136,0.22,0.06,3.19,False,UNDETERMINED
B028,45.350_-123.400__c554,-0.7,-0.0,3.19,False,FAIL
B028,44.600_-123.400__c525,22.15,0.6,3.19,True,GOLD
B028,43.650_-123.600__c960,-0.31,0.0,3.19,False,FAIL
B028,45.150_-123.450__c159,-0.87,-0.06,3.19,False,FAIL
B030,43.100_-123.250__c422,25.36,0.83,12.08,True,GOLD
B030,43.450_-123.300__c684,18.96,0.5,12.08,True,GOLD
B030,43.250_-123.450__c352,5.29,0.34,12.08,False,UNDETERMINED
B030,43.450_-123.700__c625,14.18,0.57,12.08,True,GOLD
B030,44.300_-123.700__c133,14.39,0.71,12.08,True,GOLD
B030,43.100_-123.300__c499,2.19,0.3,12.08,False,FAIL
B030,43.500_-123.450__c1043,2.76,0.52,12.08,False,UNDETERMINED
B030,43.500_-123.650__c500,5.24,0.52,12.08,False,UNDETERMINED
B030,43.900_-123.250__c593,15.25,0.82,12.08,True,GOLD
B030,44.650_-123.200__c73,1.59,0.25,12.08,False,FAIL
B030,43.650_-123.400__c270,15.22,0.67,12.08,True,GOLD
B030,43.700_-123.550__c537,9.1,0.13,12.08,False,UNDETERMINED
B030,44.000_-123.200__c418,20.38,0.65,12.08,True,GOLD
B030,44.000_-123.250__c340,6.2,0.22,12.08,False,UNDETERMINED
B030,43.400_-123.400__c1154,9.28,0.56,12.08,False,UNDETERMINED
B030,43.700_-123.350__c825,1.9,0.4,12.08,False,FAIL
B030,43.700_-123.650__c859,9.69,0.79,12.08,False,UNDETERMINED
B030,43.650_-123.500__c504,14.67,0.8,12.08,True,GOLD
B030,44.650_-123.450__c476,21.7,0.74,12.08,True,GOLD
B030,43.300_-123.450__c30,32.85,0.91,12.08,True,GOLD
B030,44.050_-123.300__c1011,1.56,0.63,12.08,False,FAIL
B030,44.750_-123.550__c317,5.63,0.05,12.08,False,UNDETERMINED
B030,43.100_-123.350__c1328,6.26,0.56,12.08,False,UNDETERMINED
B030,43.150_-123.450__c450,7.34,0.63,12.08,False,UNDETERMINED
B030,43.450_-123.650__c656,2.81,0.46,12.08,False,UNDETERMINED
B030,44.700_-123.200__c78,17.71,0.82,12.08,True,GOLD
B030,44.000_-123.350__c385,23.51,0.81,12.08,True,GOLD
B030,43.150_-123.400__c319,13.53,0.87,12.08,True,GOLD
B030,44.800_-123.300__c538,20.7,0.65,12.08,True,GOLD
B030,44.850_-123.400__c16,20.38,0.77,12.08,True,GOLD
B030,43.800_-123.450__c262,12.63,0.43,12.08,True,GOLD
B030,43.950_-123.350__c847,14.02,0.43,12.08,True,GOLD
B030,43.250_-123.200__c195,4.11,0.11,12.08,False,UNDETERMINED
B030,43.950_-123.250__c966,20.3,0.81,12.08,True,GOLD
B030,44.700_-123.600__c355,20.12,0.7,12.08,True,GOLD
B030,44.400_-123.550__c391,3.66,0.29,12.08,False,UNDETERMINED
B030,43.850_-123.300__c273,22.94,0.84,12.08,True,GOLD
B030,44.000_-123.600__c565,13.44,0.58,12.08,True,GOLD
B030,43.150_-123.200__c612,20.37,0.74,12.08,True,GOLD
B030,43.200_-123.650__c852,28.93,0.84,12.08,True,GOLD
B032,42.750_-123.250__c290,20.24,0.55,15.72,True,GOLD
B032,42.750_-123.550__c177,30.93,0.88,15.72,True,GOLD
B032,42.850_-123.500__c1474,2.9,-0.15,15.72,False,UNDETERMINED
B032,43.250_-123.600__c404,29.69,0.85,15.72,True,GOLD
B032,43.800_-123.500__c955,71.08,0.99,15.72,True,GOLD
B032,43.900_-123.300__c1213,2.8,0.24,15.72,False,UNDETERMINED
B032,43.200_-123.900__c78,73.11,0.97,15.72,True,GOLD
B032,43.400_-123.600__c1066,15.39,0.89,15.72,False,TRUSTED
B032,43.600_-123.300__c567,0.86,0.17,15.72,False,FAIL
B032,43.650_-123.600__c394,0.39,0.24,15.72,False,FAIL
B032,42.900_-123.300__c1405,40.01,0.87,15.72,True,GOLD
B032,43.000_-123.450__c68,30.0,0.9,15.72,True,GOLD
B032,43.150_-123.350__c1450,20.0,0.9,15.72,True,GOLD
B032,43.550_-123.350__c934,33.69,0.94,15.72,True,GOLD
B032,43.600_-123.500__c341,10.16,0.27,15.72,False,UNDETERMINED
B032,44.550_-123.600__c469,32.38,0.88,15.72,True,GOLD
B032,43.100_-123.050__c48,22.09,0.79,15.72,True,GOLD
B032,43.100_-123.700__c587,24.56,0.86,15.72,True,GOLD
B032,43.600_-123.750__c111,7.4,0.59,15.72,False,UNDETERMINED
B032,44.050_-123.300__c293,18.36,0.61,15.72,True,GOLD
B032,42.800_-123.400__c1,27.22,0.94,15.72,True,GOLD
B032,44.000_-123.700__c92,9.87,0.61,15.72,False,TRUSTED
B032,44.550_-123.200__c88,16.93,0.65,15.72,True,GOLD
B032,43.550_-123.400__c495,29.84,0.62,15.72,True,GOLD
B032,43.800_-123.600__c540,4.92,0.52,15.72,False,UNDETERMINED
B032,42.800_-123.200__c765,11.55,0.48,15.72,False,TRUSTED
B032,43.050_-123.800__c252,18.61,0.79,15.72,True,GOLD
B032,43.800_-123.550__c117,45.81,0.92,15.72,True,GOLD
B032,43.200_-123.800__c581,14.87,0.74,15.72,False,TRUSTED
B032,43.950_-123.300__c993,7.3,0.41,15.72,False,UNDETERMINED
B032,42.750_-123.550__c225,12.9,0.72,15.72,False,TRUSTED
B032,42.850_-123.600__c1021,76.2,,15.72,True,GOLD
B032,43.100_-123.850__c315,76.28,0.99,15.72,True,GOLD
B032,43.750_-123.650__c62,33.51,0.88,15.72,True,GOLD
B032,44.500_-123.600__c1058,8.74,0.35,15.72,False,TRUSTED
B032,43.900_-123.300__c1040,23.69,0.85,15.72,True,GOLD
B032,43.200_-123.400__c777,45.06,0.87,15.72,True,GOLD
B032,43.550_-123.450__c939,1.56,0.34,15.72,False,UNDETERMINED
B032,43.800_-123.450__c1122,9.65,0.78,15.72,False,TRUSTED
B032,44.450_-123.550__c81,19.58,0.8,15.72,True,GOLD
B032,42.800_-123.400__c824,16.11,0.37,15.72,True,GOLD
B032,42.900_-123.400__c420,0.32,-0.01,15.72,False,FAIL
B032,43.700_-123.750__c155,14.87,0.86,15.72,False,TRUSTED
B032,42.800_-123.650__c340,35.14,0.92,15.72,True,GOLD
B032,42.950_-123.250__c169,57.71,0.98,15.72,True,GOLD
B032,43.450_-123.350__c206,6.24,0.18,15.72,False,UNDETERMINED
B032,43.450_-123.600__c1371,29.05,0.65,15.72,True,GOLD
B032,43.650_-123.300__c400,50.38,0.96,15.72,True,GOLD
B032,43.700_-123.350__c268,14.58,0.92,15.72,False,TRUSTED
B032,43.900_-123.550__c568,29.98,0.84,15.72,True,GOLD
B032,43.500_-123.150__c31,15.76,0.91,15.72,True,GOLD
B032,43.800_-123.700__c148,16.32,0.55,15.72,True,GOLD
B032,44.050_-123.500__c616,43.65,0.86,15.72,True,GOLD
B032,42.800_-123.250__c914,0.02,0.15,15.72,False,FAIL
B032,42.750_-123.250__c418,35.04,0.89,15.72,True,GOLD
B032,44.050_-123.500__c73,35.37,0.92,15.72,True,GOLD
B032,43.350_-123.500__c55,25.46,0.83,15.72,True,GOLD
B032,43.650_-123.650__c159,58.08,0.97,15.72,True,GOLD
B032,42.900_-123.050__c189,7.77,0.68,15.72,False,TRUSTED
B032,43.200_-123.400__c309,2.67,0.02,15.72,False,UNDETERMINED
B032,43.650_-123.300__c1020,6.28,0.69,15.72,False,UNDETERMINED
B032,43.800_-123.250__c527,5.91,0.82,15.72,False,UNDETERMINED
B032,43.700_-123.600__c625,9.04,0.04,15.72,False,UNDETERMINED
B032,43.550_-123.550__c83,64.6,0.91,15.72,True,GOLD
B032,43.100_-123.300__c78,13.49,0.46,15.72,False,TRUSTED
B032,43.150_-123.650__c885,3.42,0.12,15.72,False,UNDETERMINED
B032,43.500_-123.300__c251,46.8,0.89,15.72,True,GOLD
B032,43.650_-123.500__c902,59.6,0.41,15.72,True,GOLD
B032,43.800_-123.450__c544,7.26,0.47,15.72,False,UNDETERMINED
B032,43.500_-123.600__c822,69.84,,15.72,True,GOLD
B032,44.550_-123.700__c58,21.72,0.91,15.72,True,GOLD
B032,43.450_-123.150__c241,60.97,0.96,15.72,True,GOLD
B032,42.950_-123.350__c1275,7.31,0.09,15.72,False,UNDETERMINED
B032,43.900_-123.450__c247,5.04,0.37,15.72,False,UNDETERMINED
B032,42.900_-123.400__c1129,84.12,0.71,15.72,True,GOLD
B032,43.850_-123.300__c163,5.68,-0.03,15.72,False,UNDETERMINED
B032,43.000_-123.300__c56,5.79,0.36,15.72,False,UNDETERMINED
B032,43.000_-123.750__c923,28.81,0.82,15.72,True,GOLD
B032,43.450_-123.450__c124,19.07,0.77,15.72,True,GOLD
B032,43.050_-123.450__c75,95.83,0.93,15.72,True,GOLD
B032,43.600_-123.350__c1320,48.17,0.96,15.72,True,GOLD
B032,43.950_-123.050__c194,5.46,-0.06,15.72,False,UNDETERMINED
B032,43.700_-123.600__c1437,1.52,-0.23,15.72,False,UNDETERMINED
B032,43.600_-123.100__c229,9.45,0.46,15.72,False,TRUSTED
B032,44.500_-123.300__c94,10.56,0.59,15.72,False,TRUSTED
B032,43.350_-123.700__c64,12.79,0.83,15.72,False,TRUSTED
B032,43.650_-123.350__c1291,13.5,0.52,15.72,False,TRUSTED
B032,44.050_-123.250__c464,4.64,0.57,15.72,False,UNDETERMINED
B033,42.400_-123.200__c455,20.72,0.86,10.89,True,GOLD
B033,42.750_-123.550__c448,9.1,0.34,10.89,False,TRUSTED
B033,42.900_-123.350__c777,30.58,0.93,10.89,True,GOLD
B033,42.950_-123.300__c639,7.66,0.6,10.89,False,TRUSTED
B033,43.600_-123.800__c435,1.36,-0.0,10.89,False,FAIL
B033,42.500_-123.550__c749,28.13,0.88,10.89,True,GOLD
B033,42.650_-123.450__c631,3.73,0.51,10.89,False,UNDETERMINED
B033,42.850_-123.550__c254,-0.31,-0.23,10.89,False,FAIL
B033,43.100_-123.500__c698,11.3,0.52,10.89,True,GOLD
B033,43.500_-123.400__c305,11.76,0.62,10.89,True,GOLD
B033,43.700_-123.550__c98,25.87,0.79,10.89,True,GOLD
B033,42.650_-123.650__c120,39.55,0.67,10.89,True,GOLD
B033,42.750_-123.350__c771,3.56,0.24,10.89,False,UNDETERMINED
B033,43.750_-123.550__c583,24.88,0.77,10.89,True,GOLD
B033,42.550_-123.500__c335,12.95,0.78,10.89,True,GOLD
B033,42.600_-123.100__c286,34.86,0.89,10.89,True,GOLD
B033,43.100_-123.450__c172,7.16,0.58,10.89,False,UNDETERMINED
B033,43.550_-123.300__c1221,2.33,0.56,10.89,False,UNDETERMINED
B033,43.800_-123.350__c417,18.24,0.85,10.89,True,GOLD
B033,44.000_-123.350__c204,-0.4,-0.07,10.89,False,FAIL
B033,42.400_-123.500__c1072,7.34,0.79,10.89,False,UNDETERMINED
B033,42.750_-123.400__c670,40.79,0.91,10.89,True,GOLD
B033,43.200_-123.300__c772,22.43,0.81,10.89,True,GOLD
B033,43.450_-123.450__c566,10.26,0.48,10.89,False,TRUSTED
B033,42.500_-123.650__c780,43.72,0.93,10.89,True,GOLD
B033,42.550_-124.000__c35,28.41,0.91,10.89,True,GOLD
B033,42.750_-123.400__c887,18.45,0.78,10.89,True,GOLD
B033,43.000_-123.300__c532,20.93,0.75,10.89,True,GOLD
B033,43.600_-123.050__c167,11.39,0.67,10.89,True,GOLD
B033,42.450_-123.250__c387,5.7,0.25,10.89,False,UNDETERMINED
B033,42.600_-123.400__c803,29.11,0.82,10.89,True,GOLD
B033,42.600_-123.650__c231,15.13,0.48,10.89,True,GOLD
B033,42.700_-123.300__c341,21.7,0.85,10.89,True,GOLD
B033,42.900_-123.100__c441,32.21,0.88,10.89,True,GOLD
B033,42.950_-123.050__c189,37.82,0.89,10.89,True,GOLD
B033,43.200_-123.600__c1396,7.18,0.49,10.89,False,UNDETERMINED
B033,42.500_-123.200__c1047,32.61,0.81,10.89,True,GOLD
B033,43.200_-123.250__c571,27.18,0.84,10.89,True,GOLD
B033,43.200_-123.450__c1127,15.86,0.72,10.89,True,GOLD
B033,43.200_-123.500__c1050,19.66,0.71,10.89,True,GOLD
B033,43.300_-123.600__c255,8.35,0.37,10.89,False,TRUSTED
B033,43.950_-123.650__c118,7.1,0.56,10.89,False,UNDETERMINED
B033,42.650_-123.250__c914,22.43,0.95,10.89,True,GOLD
B033,42.850_-123.450__c644,4.96,0.29,10.89,False,UNDETERMINED
B033,43.550_-123.600__c957,20.76,0.86,10.89,True,GOLD
B033,42.500_-123.500__c459,5.14,-0.1,10.89,False,UNDETERMINED
B033,42.500_-123.650__c484,33.64,0.94,10.89,True,GOLD
B033,42.650_-123.700__c591,26.07,0.88,10.89,True,GOLD
B033,43.400_-123.500__c1530,0.02,-0.03,10.89,False,FAIL
B033,42.600_-123.350__c986,3.89,0.36,10.89,False,UNDETERMINED
B033,43.850_-123.650__c317,25.66,0.91,10.89,True,GOLD
B033,43.400_-123.200__c355,11.73,0.39,10.89,True,GOLD
B033,43.650_-123.450__c1300,11.43,0.35,10.89,True,GOLD
B033,42.500_-123.400__c174,24.23,0.77,10.89,True,GOLD
B033,43.000_-123.250__c1416,11.64,0.61,10.89,True,GOLD
B033,43.050_-123.600__c1454,2.69,0.61,10.89,False,UNDETERMINED
B033,43.750_-123.500__c1186,21.92,0.77,10.89,True,GOLD
B033,42.400_-123.600__c879,14.25,0.78,10.89,True,GOLD
B033,43.250_-123.400__c86,10.78,0.6,10.89,False,TRUSTED
B033,43.350_-123.400__c1019,26.72,0.57,10.89,True,GOLD
B033,43.800_-123.500__c625,4.15,0.13,10.89,False,UNDETERMINED
B033,42.600_-123.150__c115,34.62,0.88,10.89,True,GOLD
B033,43.350_-123.350__c706,15.81,0.52,10.89,True,GOLD
B033,43.450_-123.100__c132,30.27,0.92,10.89,True,GOLD
B033,43.450_-123.500__c1385,5.46,-0.26,10.89,False,UNDETERMINED
B033,42.400_-123.350__c537,16.58,0.93,10.89,True,GOLD
B033,42.500_-123.300__c340,27.47,0.87,10.89,True,GOLD
B033,43.450_-123.500__c1279,17.2,0.78,10.89,True,GOLD
B033,43.200_-123.800__c156,28.85,0.9,10.89,True,GOLD
B033,43.350_-123.350__c755,15.08,0.82,10.89,True,GOLD
B033,42.600_-123.700__c223,13.7,0.81,10.89,True,GOLD
B033,42.600_-123.450__c733,4.05,0.07,10.89,False,UNDETERMINED
B033,42.450_-123.600__c1099,10.66,0.75,10.89,False,TRUSTED
B033,43.500_-123.700__c150,30.52,0.92,10.89,True,GOLD
B033,43.550_-123.700__c310,30.13,0.94,10.89,True,GOLD
B033,43.750_-123.700__c403,40.38,0.95,10.89,True,GOLD
B033,42.800_-123.650__c279,22.44,0.95,10.89,True,GOLD
B033,43.750_-123.350__c266,7.82,0.49,10.89,False,TRUSTED
B033,42.450_-123.400__c454,22.63,0.76,10.89,True,GOLD
B033,43.900_-123.400__c400,26.52,0.9,10.89,True,GOLD
B033,42.500_-123.800__c314,16.78,0.74,10.89,True,GOLD
B033,43.350_-123.200__c124,22.9,0.86,10.89,True,GOLD
B033,44.000_-123.500__c275,15.17,0.38,10.89,True,GOLD
B033,43.000_-123.550__c574,21.43,0.85,10.89,True,GOLD
B033,43.750_-123.650__c177,20.85,0.73,10.89,True,GOLD
B033,43.300_-123.400__c1230,2.06,0.67,10.89,False,UNDETERMINED
B033,42.750_-123.300__c218,-0.58,0.08,10.89,False,FAIL
B033,43.800_-123.450__c630,4.09,0.27,10.89,False,UNDETERMINED
B033,43.450_-123.650__c762,13.91,0.75,10.89,True,GOLD
B033,42.900_-123.700__c940,30.72,0.97,10.89,True,GOLD
B033,43.100_-123.650__c863,11.22,0.66,10.89,True,GOLD
B033,43.250_-123.350__c1060,1.69,0.02,10.89,False,FAIL
B033,43.200_-123.450__c400,16.28,0.81,10.89,True,GOLD
B033,43.000_-123.450__c611,15.22,0.68,10.89,True,GOLD
B033,43.500_-123.300__c944,13.85,0.66,10.89,True,GOLD
B033,42.400_-123.450__c988,22.59,0.84,10.89,True,GOLD
B033,42.900_-123.550__c983,24.43,0.76,10.89,True,GOLD
B033,42.400_-123.250__c43,29.23,0.89,10.89,True,GOLD
B033,42.900_-123.500__c1325,3.2,0.44,10.89,False,UNDETERMINED
B033,43.150_-123.500__c1376,8.34,0.55,10.89,False,TRUSTED
B033,43.250_-123.350__c637,19.18,0.79,10.89,True,GOLD
B033,43.450_-123.500__c1143,14.73,0.49,10.89,True,GOLD
B033,42.400_-123.400__c70,25.44,0.83,10.89,True,GOLD
B033,42.500_-123.200__c1148,5.51,0.28,10.89,False,UNDETERMINED
B033,43.600_-123.300__c1210,13.21,0.48,10.89,True,GOLD
B033,43.800_-123.500__c60,6.63,0.61,10.89,False,UNDETERMINED
B033,43.400_-123.150__c295,11.6,0.71,10.89,True,GOLD
B033,42.800_-123.400__c384,13.85,0.76,10.89,True,GOLD
B033,43.400_-123.300__c468,14.53,0.64,10.89,True,GOLD
B033,42.550_-123.000__c308,28.62,0.86,10.89,True,GOLD
B033,42.750_-123.200__c858,-0.66,-0.41,10.89,False,FAIL
B033,42.400_-123.550__c895,1.27,0.37,10.89,False,FAIL
B033,43.400_-123.600__c423,9.75,0.68,10.89,False,TRUSTED
B033,43.500_-123.550__c483,1.96,0.35,10.89,False,UNDETERMINED
B036,41.600_-123.400__c558,49.94,0.94,9.43,True,GOLD
B036,42.100_-123.000__c358,1.74,-0.24,9.43,False,UNDETERMINED
B036,42.500_-123.550__c701,17.13,0.91,9.43,True,GOLD
B036,42.550_-123.150__c219,24.18,0.91,9.43,True,GOLD
B036,42.550_-123.400__c723,6.26,0.66,9.43,False,UNDETERMINED
B036,43.000_-123.450__c460,8.34,0.39,9.43,False,TRUSTED
B036,42.050_-123.450__c751,5.08,0.12,9.43,False,UNDETERMINED
B036,42.050_-123.500__c580,23.56,0.95,9.43,True,GOLD
B036,42.300_-123.300__c682,16.06,0.69,9.43,True,GOLD
B036,42.600_-123.150__c133,8.37,0.49,9.43,False,TRUSTED
B036,43.200_-123.350__c401,20.72,0.74,9.43,True,GOLD
B036,41.750_-122.700__c140,33.03,0.94,9.43,True,GOLD
B036,42.550_-123.450__c150,30.83,0.97,9.43,True,GOLD
B036,43.400_-123.200__c27,51.87,0.99,9.43,True,GOLD
B036,42.400_-123.050__c65,13.03,0.77,9.43,True,GOLD
B036,42.150_-123.350__c68,47.36,0.99,9.43,True,GOLD
B036,42.200_-123.800__c65,18.31,0.75,9.43,True,GOLD
B036,42.400_-123.350__c635,14.87,0.67,9.43,True,GOLD
B036,42.400_-123.700__c339,31.79,0.95,9.43,True,GOLD
B036,42.550_-123.250__c512,2.96,0.28,9.43,False,UNDETERMINED
B036,42.600_-123.150__c488,19.66,0.72,9.43,True,GOLD
B036,42.600_-123.650__c382,40.36,0.94,9.43,True,GOLD
B036,42.700_-123.600__c443,48.77,0.98,9.43,True,GOLD
B036,42.500_-123.250__c827,5.79,-0.05,9.43,False,UNDETERMINED
B036,43.350_-123.300__c349,6.55,0.63,9.43,False,UNDETERMINED
B036,43.400_-123.600__c315,44.29,0.93,9.43,True,GOLD
B036,42.000_-123.350__c186,26.77,0.81,9.43,True,GOLD
B036,42.400_-123.100__c302,59.67,0.97,9.43,True,GOLD
B036,42.400_-123.350__c296,7.17,0.85,9.43,False,TRUSTED
B036,42.550_-123.550__c449,21.78,0.97,9.43,True,GOLD
B036,43.000_-123.150__c316,43.02,0.98,9.43,True,GOLD
B036,43.150_-123.450__c394,3.76,0.26,9.43,False,UNDETERMINED
B036,43.150_-123.650__c644,16.82,0.71,9.43,True,GOLD
B036,42.350_-123.250__c6,9.3,0.43,9.43,False,TRUSTED
B036,43.200_-123.600__c402,15.96,0.66,9.43,True,GOLD
B036,41.700_-122.800__c557,0.64,-0.01,9.43,False,FAIL
B036,42.650_-123.400__c797,11.54,0.65,9.43,True,GOLD
B036,42.800_-123.550__c583,35.46,0.94,9.43,True,GOLD
B036,41.650_-122.750__c433,1.53,0.13,9.43,False,UNDETERMINED
B036,41.950_-123.450__c54,43.01,0.96,9.43,True,GOLD
B036,42.400_-123.800__c286,10.24,0.41,9.43,True,GOLD
B036,42.100_-123.500__c358,35.46,0.96,9.43,True,GOLD
B036,42.500_-123.700__c239,17.69,0.92,9.43,True,GOLD
B036,42.650_-123.550__c416,7.34,0.48,9.43,False,TRUSTED
B036,42.750_-123.100__c269,12.17,0.22,9.43,True,GOLD
B036,42.750_-123.350__c627,6.84,0.68,9.43,False,TRUSTED
B036,41.600_-123.400__c746,58.79,0.99,9.43,True,GOLD
B036,42.400_-123.200__c512,55.12,0.98,9.43,True,GOLD
B036,42.600_-123.250__c446,18.43,0.87,9.43,True,GOLD
B036,41.850_-123.250__c75,10.16,0.57,9.43,True,GOLD
B036,43.100_-123.450__c358,40.25,0.97,9.43,True,GOLD
B036,43.350_-123.700__c202,39.05,0.93,9.43,True,GOLD
B036,42.550_-123.750__c210,17.6,0.89,9.43,True,GOLD
B036,41.850_-123.400__c244,17.16,0.7,9.43,True,GOLD
B036,42.400_-123.200__c569,39.98,0.93,9.43,True,GOLD
B036,42.600_-123.600__c495,14.68,0.78,9.43,True,GOLD
B036,42.900_-123.700__c478,26.61,0.95,9.43,True,GOLD
B036,42.100_-123.500__c744,24.69,0.78,9.43,True,GOLD
B036,42.200_-123.450__c385,12.34,0.8,9.43,True,GOLD
B036,42.450_-123.150__c433,42.6,0.89,9.43,True,GOLD
B036,42.750_-123.300__c568,44.54,0.9,9.43,True,GOLD
B036,42.800_-123.750__c142,1.5,-0.12,9.43,False,UNDETERMINED
B036,42.600_-123.250__c224,13.93,0.71,9.43,True,GOLD
B036,41.900_-123.400__c609,33.81,0.95,9.43,True,GOLD
B036,42.200_-123.250__c344,45.52,0.98,9.43,True,GOLD
B036,42.700_-123.200__c177,37.37,0.98,9.43,True,GOLD
B036,42.800_-123.250__c500,16.73,0.56,9.43,True,GOLD
B036,42.250_-123.300__c663,5.72,0.33,9.43,False,UNDETERMINED
B036,42.550_-123.500__c458,8.35,0.68,9.43,False,TRUSTED
B036,43.050_-123.850__c103,24.95,0.85,9.43,True,GOLD
B036,42.250_-123.250__c359,37.97,0.95,9.43,True,GOLD
B036,43.400_-123.550__c66,20.28,0.88,9.43,True,GOLD
B036,42.350_-123.500__c763,2.64,0.35,9.43,False,UNDETERMINED
B036,42.550_-123.350__c77,3.59,0.61,9.43,False,UNDETERMINED
B036,42.200_-123.550__c238,24.78,0.91,9.43,True,GOLD
B036,42.100_-123.050__c65,56.41,0.97,9.43,True,GOLD
B036,42.300_-123.800__c359,29.23,0.91,9.43,True,GOLD
B036,42.300_-123.700__c484,36.91,0.93,9.43,True,GOLD
B036,42.500_-123.650__c371,28.11,0.85,9.43,True,GOLD
B036,42.300_-123.700__c524,25.4,0.93,9.43,True,GOLD
B036,42.650_-123.350__c690,48.81,0.97,9.43,True,GOLD
B036,43.200_-123.800__c428,52.25,0.94,9.43,True,GOLD
B036,42.750_-123.700__c347,42.24,0.96,9.43,True,GOLD
B036,42.500_-123.500__c36,2.99,0.24,9.43,False,UNDETERMINED
B036,42.850_-123.550__c106,3.9,0.07,9.43,False,UNDETERMINED
B036,42.400_-123.550__c146,25.48,0.84,9.43,True,GOLD
B036,42.200_-123.550__c677,41.91,0.92,9.43,True,GOLD
B036,43.200_-123.650__c388,16.9,0.85,9.43,True,GOLD
B036,42.400_-123.400__c100,9.81,0.76,9.43,True,GOLD
B036,42.450_-123.450__c133,22.29,0.83,9.43,True,GOLD
B036,43.000_-123.200__c236,36.27,0.87,9.43,True,GOLD
B036,41.700_-123.350__c118,27.1,0.92,9.43,True,GOLD
B036,41.700_-122.750__c215,18.57,0.9,9.43,True,GOLD
B036,42.200_-123.150__c424,21.57,0.73,9.43,True,GOLD
B036,42.400_-123.650__c162,38.59,0.97,9.43,True,GOLD
B036,42.400_-123.150__c684,42.27,0.96,9.43,True,GOLD
B036,42.600_-123.500__c657,39.48,0.94,9.43,True,GOLD
B036,42.050_-123.250__c323,39.34,0.71,9.43,True,GOLD
B036,42.750_-123.450__c155,16.13,0.9,9.43,True,GOLD
B039,40.600_-122.800__c398,31.56,0.8,11.64,True,GOLD
B039,40.600_-122.850__c15,3.31,0.52,11.64,False,UNDETERMINED
B039,40.750_-122.950__c268,21.51,0.87,11.64,True,GOLD
B039,41.000_-123.150__c254,18.54,0.75,11.64,True,GOLD
B039,41.350_-123.200__c513,19.1,0.79,11.64,True,GOLD
B039,41.400_-123.000__c81,20.71,0.93,11.64,True,GOLD
B039,41.400_-123.050__c632,25.72,0.94,11.64,True,GOLD
B039,41.500_-123.000__c575,18.61,0.8,11.64,True,GOLD
B039,41.700_-123.350__c302,7.7,0.59,11.64,False,TRUSTED
B039,41.800_-123.350__c427,25.84,0.77,11.64,True,GOLD
B039,42.200_-123.550__c70,13.27,0.62,11.64,True,GOLD
B039,42.250_-123.300__c262,19.81,0.75,11.64,True,GOLD
B039,40.600_-122.900__c733,2.83,0.15,11.64,False,UNDETERMINED
B039,40.650_-123.150__c133,18.98,0.81,11.64,True,GOLD
B039,41.050_-123.100__c624,4.14,0.26,11.64,False,UNDETERMINED
B039,41.350_-122.950__c464,5.99,0.44,11.64,False,UNDETERMINED
B039,41.400_-122.950__c11,34.76,0.85,11.64,True,GOLD
B039,41.400_-123.250__c498,13.39,0.64,11.64,True,GOLD
B039,41.450_-123.000__c335,8.18,0.24,11.64,False,UNDETERMINED
B039,41.600_-122.650__c390,12.38,0.7,11.64,True,GOLD
B039,41.800_-123.100__c785,17.64,0.62,11.64,True,GOLD
B039,41.950_-122.800__c11,31.57,0.89,11.64,True,GOLD
B039,42.000_-123.600__c124,31.75,0.84,11.64,True,GOLD
B039,42.250_-123.500__c165,18.25,0.81,11.64,True,GOLD
B039,40.700_-122.800__c439,6.0,0.3,11.64,False,UNDETERMINED
B039,41.000_-122.400__c56,21.54,0.75,11.64,True,GOLD
B039,41.050_-123.000__c12,18.43,0.66,11.64,True,GOLD
B039,41.400_-123.150__c394,11.03,0.35,11.64,False,TRUSTED
B039,41.750_-123.100__c850,18.14,0.73,11.64,True,GOLD
B039,42.250_-123.150__c209,0.23,0.04,11.64,False,FAIL
B039,41.550_-123.250__c655,30.46,0.88,11.64,True,GOLD
B039,42.100_-123.450__c298,13.05,0.91,11.64,True,GOLD
B039,42.150_-123.400__c14,39.23,0.94,11.64,True,GOLD
B039,40.800_-122.900__c328,10.73,0.75,11.64,False,TRUSTED
B039,40.750_-123.050__c191,11.24,0.67,11.64,False,TRUSTED
B039,40.850_-122.900__c612,8.68,0.69,11.64,False,TRUSTED
B039,41.200_-123.200__c390,13.21,0.75,11.64,True,GOLD
B039,41.350_-122.900__c586,30.83,0.95,11.64,True,GOLD
B039,40.900_-122.600__c132,8.04,0.48,11.64,False,TRUSTED
B039,41.000_-122.800__c334,-0.16,-0.09,11.64,False,FAIL
B039,41.450_-123.100__c645,29.13,0.81,11.64,True,GOLD
B039,41.550_-122.800__c263,7.13,0.82,11.64,False,UNDETERMINED
B039,41.600_-122.750__c217,26.46,0.86,11.64,True,GOLD
B039,41.800_-122.900__c36,67.98,0.98,11.64,True,GOLD
B039,42.250_-123.600__c308,16.38,0.78,11.64,True,GOLD
B039,40.600_-122.800__c541,8.08,0.48,11.64,False,TRUSTED
B039,40.900_-123.200__c370,23.93,0.87,11.64,True,GOLD
B039,41.300_-122.750__c185,36.88,0.92,11.64,True,GOLD
B039,41.500_-123.000__c273,11.79,0.8,11.64,True,GOLD
B039,42.100_-122.950__c106,18.19,0.71,11.64,True,GOLD
B039,42.100_-123.400__c847,34.94,0.9,11.64,True,GOLD
B039,42.350_-123.050__c117,14.23,0.67,11.64,True,GOLD
B039,40.850_-122.750__c392,30.66,0.86,11.64,True,GOLD
B039,41.250_-122.850__c725,9.78,0.11,11.64,False,UNDETERMINED
B039,41.400_-123.000__c137,17.54,0.62,11.64,True,GOLD
B039,41.450_-123.200__c131,8.12,0.67,11.64,False,TRUSTED
B039,41.450_-123.200__c537,9.84,0.69,11.64,False,TRUSTED
B039,41.700_-123.050__c579,1.24,0.37,11.64,False,FAIL
B039,40.650_-122.750__c524,14.14,0.84,11.64,True,GOLD
B039,40.700_-122.450__c423,7.06,0.38,11.64,False,UNDETERMINED
B039,40.850_-123.000__c198,35.23,0.93,11.64,True,GOLD
B039,41.100_-122.850__c682,49.76,0.97,11.64,True,GOLD
B039,41.150_-122.700__c313,26.09,0.81,11.64,True,GOLD
B039,41.550_-123.000__c238,1.41,0.34,11.64,False,UNDETERMINED
B039,41.850_-123.300__c254,41.32,0.95,11.64,True,GOLD
B039,40.600_-123.000__c644,23.97,0.83,11.64,True,GOLD
B039,40.700_-122.950__c634,28.65,0.75,11.64,True,GOLD
B039,41.100_-123.050__c626,1.61,0.39,11.64,False,UNDETERMINED
B039,41.200_-123.250__c634,20.33,0.79,11.64,True,GOLD
B039,41.250_-122.900__c400,5.45,0.32,11.64,False,UNDETERMINED
B039,42.300_-123.200__c700,14.78,0.73,11.64,True,GOLD
B039,40.650_-122.650__c523,-0.06,0.1,11.64,False,FAIL
B039,40.650_-122.650__c60,1.4,0.27,11.64,False,UNDETERMINED
B039,41.100_-123.200__c558,12.42,0.64,11.64,True,GOLD
B039,40.600_-122.950__c665,2.49,0.17,11.64,False,UNDETERMINED
B039,42.000_-123.100__c95,0.88,-0.11,11.64,False,FAIL
B039,41.550_-122.600__c142,16.2,0.67,11.64,True,GOLD
B039,41.050_-123.000__c416,18.1,0.83,11.64,True,GOLD
B039,40.700_-122.450__c25,27.21,0.82,11.64,True,GOLD
B039,40.700_-122.600__c793,20.7,0.72,11.64,True,GOLD
B039,40.700_-123.250__c25,29.03,0.92,11.64,True,GOLD
B039,40.850_-123.050__c142,34.85,0.97,11.64,True,GOLD
B039,40.850_-123.100__c711,15.3,0.89,11.64,True,GOLD
B039,40.900_-123.100__c86,25.43,0.84,11.64,True,GOLD
B039,41.000_-122.450__c105,5.34,0.26,11.64,False,UNDETERMINED
B039,41.100_-123.100__c536,18.54,0.78,11.64,True,GOLD
B039,41.100_-123.150__c562,33.64,0.95,11.64,True,GOLD
B039,41.150_-122.700__c122,27.47,0.93,11.64,True,GOLD
B039,41.150_-122.950__c346,18.28,0.85,11.64,True,GOLD
B039,41.150_-123.050__c456,17.69,0.8,11.64,True,GOLD
B039,41.150_-123.050__c599,40.98,0.96,11.64,True,GOLD
B039,41.300_-122.950__c768,8.56,0.72,11.64,False,TRUSTED
B039,41.300_-123.250__c707,18.58,0.87,11.64,True,GOLD
B039,41.550_-123.000__c444,10.91,0.65,11.64,False,TRUSTED
B039,41.550_-123.100__c242,7.27,0.32,11.64,False,UNDETERMINED
B039,41.600_-123.050__c12,41.93,0.82,11.64,True,GOLD
B039,41.750_-122.700__c51,23.69,0.74,11.64,True,GOLD
B039,41.900_-123.400__c308,16.97,0.77,11.64,True,GOLD
B039,41.100_-123.100__c132,8.81,-0.1,11.64,False,UNDETERMINED
B039,41.900_-123.250__c291,24.17,0.89,11.64,True,GOLD
B039,40.900_-123.150__c185,6.24,0.73,11.64,False,UNDETERMINED
B039,41.900_-123.000__c437,25.29,0.92,11.64,True,GOLD
B039,42.200_-123.250__c165,2.54,-0.29,11.64,False,UNDETERMINED
B039,42.300_-123.200__c186,18.36,0.88,11.64,True,GOLD
B039,40.950_-123.100__c106,24.81,0.71,11.64,True,GOLD
B039,41.600_-122.950__c586,11.43,0.63,11.64,False,TRUSTED
B039,41.350_-123.200__c286,4.73,0.46,11.64,False,UNDETERMINED
B039,41.250_-123.150__c544,3.72,0.2,11.64,False,UNDETERMINED
B039,42.100_-122.950__c105,15.06,0.77,11.64,True,GOLD
B039,41.600_-122.850__c663,9.24,0.3,11.64,False,UNDETERMINED
B039,40.800_-123.100__c178,27.91,0.88,11.64,True,GOLD
B039,41.400_-123.250__c582,2.5,0.12,11.64,False,UNDETERMINED
B039,40.650_-122.900__c429,2.72,0.39,11.64,False,UNDETERMINED
B039,41.400_-123.150__c329,19.4,0.61,11.64,True,GOLD
B039,42.300_-123.450__c810,11.41,0.69,11.64,False,TRUSTED
B039,42.250_-123.150__c514,0.4,-0.47,11.64,False,FAIL
B039,41.700_-122.850__c929,13.42,0.81,11.64,True,GOLD
B040,40.950_-122.900__c746,4.91,0.63,9.35,False,UNDETERMINED
B040,41.000_-123.050__c656,5.62,0.57,9.35,False,UNDETERMINED
B040,41.250_-122.950__c1097,10.21,0.71,9.35,True,GOLD
B040,42.600_-123.350__c116,21.8,0.71,9.35,True,GOLD
B040,41.100_-123.100__c773,39.41,0.91,9.35,True,GOLD
B040,42.700_-123.450__c254,20.88,0.88,9.35,True,GOLD
B040,41.400_-123.400__c106,33.18,0.9,9.35,True,GOLD
B040,41.800_-123.200__c1273,13.69,0.77,9.35,True,GOLD
B040,41.950_-123.300__c277,9.27,0.49,9.35,False,TRUSTED
B040,42.650_-123.600__c1059,29.2,0.8,9.35,True,GOLD
B040,41.800_-123.250__c709,13.92,0.78,9.35,True,GOLD
B040,42.050_-123.600__c410,24.99,0.93,9.35,True,GOLD
B040,41.000_-122.900__c855,7.49,0.68,9.35,False,TRUSTED
B040,41.450_-123.250__c613,17.95,0.89,9.35,True,GOLD
B040,42.300_-123.600__c321,21.61,0.81,9.35,True,GOLD
B040,42.650_-123.250__c229,14.92,0.78,9.35,True,GOLD
B040,41.000_-123.150__c76,2.81,0.44,9.35,False,UNDETERMINED
B040,41.400_-122.900__c652,23.42,0.9,9.35,True,GOLD
B040,41.450_-123.300__c303,6.91,0.64,9.35,False,UNDETERMINED
B040,41.050_-122.750__c908,33.38,0.91,9.35,True,GOLD
B040,41.700_-122.800__c1519,9.69,0.58,9.35,True,GOLD
B040,41.450_-123.450__c8,8.99,0.51,9.35,False,TRUSTED
B040,41.650_-123.200__c814,14.5,0.68,9.35,True,GOLD
B040,41.300_-123.250__c548,26.63,0.93,9.35,True,GOLD
B040,41.350_-123.350__c260,17.53,0.66,9.35,True,GOLD
B040,42.400_-123.450__c95,32.95,0.86,9.35,True,GOLD
B040,42.250_-123.400__c532,16.6,0.62,9.35,True,GOLD
B040,42.450_-123.100__c435,23.48,0.75,9.35,True,GOLD
B040,41.600_-123.150__c255,21.87,0.75,9.35,True,GOLD
B040,41.650_-123.300__c782,24.18,0.9,9.35,True,GOLD
B040,41.950_-123.300__c452,21.27,0.87,9.35,True,GOLD
B040,42.150_-123.250__c286,13.32,0.68,9.35,True,GOLD
B040,42.400_-123.250__c264,34.75,0.89,9.35,True,GOLD
B040,41.800_-123.200__c985,9.48,0.8,9.35,True,GOLD
B040,41.450_-123.300__c669,18.72,0.9,9.35,True,GOLD
B040,41.400_-123.400__c285,29.15,0.91,9.35,True,GOLD
B040,41.000_-122.700__c77,17.09,0.89,9.35,True,GOLD
B040,42.300_-123.150__c969,1.28,-0.02,9.35,False,FAIL
B040,41.050_-122.900__c343,21.68,0.84,9.35,True,GOLD
B040,41.600_-122.750__c398,19.98,0.86,9.35,True,GOLD
B040,42.000_-123.350__c585,0.57,0.22,9.35,False,FAIL
B040,42.150_-123.250__c223,15.5,0.72,9.35,True,GOLD
B040,41.550_-123.450__c122,6.73,0.53,9.35,False,UNDETERMINED
B040,41.000_-123.150__c149,11.18,0.53,9.35,True,GOLD
B040,42.100_-123.150__c359,1.83,0.4,9.35,False,UNDETERMINED
B040,41.950_-123.150__c609,13.73,0.75,9.35,True,GOLD
B040,41.350_-122.700__c103,44.09,0.93,9.35,True,GOLD
B040,41.200_-123.250__c913,25.91,0.92,9.35,True,GOLD
B040,41.100_-123.050__c357,24.11,0.88,9.35,True,GOLD
B040,41.300_-122.600__c249,17.12,0.77,9.35,True,GOLD
B040,42.100_-123.000__c172,14.03,0.62,9.35,True,GOLD
B040,42.350_-123.200__c1114,35.43,0.87,9.35,True,GOLD
B040,41.500_-123.450__c552,13.59,0.81,9.35,True,GOLD
B040,41.750_-122.850__c1189,2.92,0.52,9.35,False,UNDETERMINED
B040,41.800_-123.350__c550,25.61,0.93,9.35,True,GOLD
B040,41.200_-122.950__c874,15.91,0.84,9.35,True,GOLD
B040,41.200_-123.200__c225,25.86,0.92,9.35,True,GOLD
B040,41.900_-123.400__c53,20.05,0.76,9.35,True,GOLD
B040,42.050_-123.250__c313,28.11,0.67,9.35,True,GOLD
B040,42.050_-123.400__c832,13.7,0.55,9.35,True,GOLD
B040,41.700_-123.400__c1184,17.06,0.86,9.35,True,GOLD
B040,41.850_-123.400__c270,25.92,0.91,9.35,True,GOLD
B040,41.150_-122.800__c1115,11.68,0.61,9.35,True,GOLD
B040,41.000_-122.750__c917,16.74,0.87,9.35,True,GOLD
B040,42.650_-123.400__c1011,11.34,0.71,9.35,True,GOLD
B040,42.300_-123.500__c280,9.93,0.68,9.35,True,GOLD
B040,42.350_-123.200__c1108,30.05,0.96,9.35,True,GOLD
B040,41.450_-123.000__c995,19.61,0.86,9.35,True,GOLD
B040,41.300_-123.300__c421,22.17,0.9,9.35,True,GOLD
B040,41.850_-122.800__c93,1.28,0.32,9.35,False,FAIL
B040,41.750_-123.350__c1145,29.54,0.7,9.35,True,GOLD
B040,41.300_-123.350__c173,11.5,0.56,9.35,True,GOLD
B040,42.150_-123.450__c364,28.28,0.79,9.35,True,GOLD
B040,42.000_-123.050__c375,24.19,0.89,9.35,True,GOLD
B040,41.350_-123.100__c1060,21.77,0.82,9.35,True,GOLD
B045,39.900_-122.900__c330,32.35,0.76,16.1,True,GOLD
B045,40.550_-122.850__c1406,64.51,0.9,16.1,True,GOLD
B045,40.800_-123.400__c24,18.57,0.73,16.1,True,GOLD
B045,40.850_-122.800__c528,0.96,0.2,16.1,False,FAIL
B045,40.900_-122.800__c1573,16.31,0.59,16.1,True,GOLD
B045,41.000_-123.200__c1203,14.7,0.62,16.1,False,TRUSTED
B045,40.450_-122.800__c180,6.34,0.3,16.1,False,UNDETERMINED
B045,40.800_-123.050__c477,12.15,0.5,16.1,False,TRUSTED
B045,41.000_-122.850__c1386,1.64,-0.05,16.1,False,UNDETERMINED
B045,41.100_-122.850__c882,0.59,0.11,16.1,False,FAIL
B045,41.200_-122.850__c1310,23.34,0.92,16.1,True,GOLD
B045,41.200_-123.300__c1051,37.32,0.87,16.1,True,GOLD
B045,40.800_-122.900__c1147,26.23,0.82,16.1,True,GOLD
B045,40.800_-123.150__c517,30.44,0.85,16.1,True,GOLD
B045,41.300_-123.050__c685,6.79,0.41,16.1,False,UNDETERMINED
B045,39.900_-122.900__c483,16.31,0.67,16.1,True,GOLD
B045,40.050_-123.650__c452,24.63,0.77,16.1,True,GOLD
B045,40.300_-122.950__c550,-0.22,0.05,16.1,False,FAIL
B045,40.500_-122.900__c173,2.58,0.63,16.1,False,UNDETERMINED
B045,40.650_-122.900__c1461,1.93,0.13,16.1,False,UNDETERMINED
B045,40.800_-122.850__c1459,22.99,0.86,16.1,True,GOLD
B045,41.050_-122.850__c1402,8.43,-0.08,16.1,False,UNDETERMINED
B045,41.250_-122.950__c117,56.9,0.97,16.1,True,GOLD
B045,40.800_-122.950__c1419,11.6,0.64,16.1,False,TRUSTED
B045,41.050_-122.800__c207,18.81,0.78,16.1,True,GOLD
B045,41.100_-122.900__c438,3.42,0.41,16.1,False,UNDETERMINED
B045,40.850_-123.150__c757,22.05,0.84,16.1,True,GOLD
B045,40.950_-123.000__c1011,1.31,0.16,16.1,False,FAIL
B045,40.900_-123.050__c1044,22.15,0.93,16.1,True,GOLD
B045,41.250_-122.950__c554,18.41,0.73,16.1,True,GOLD
B045,41.250_-123.050__c876,13.31,0.43,16.1,False,TRUSTED
B045,40.750_-122.800__c838,37.15,0.89,16.1,True,GOLD
B045,41.300_-122.950__c173,27.15,0.86,16.1,True,GOLD
B045,40.850_-122.850__c676,27.77,0.92,16.1,True,GOLD
B045,41.000_-123.150__c1204,29.09,0.92,16.1,True,GOLD
B045,41.200_-123.150__c817,18.39,0.46,16.1,True,GOLD
B045,41.250_-122.850__c12,19.71,0.84,16.1,True,GOLD
B045,39.950_-123.000__c79,13.17,0.63,16.1,False,TRUSTED
B045,40.600_-123.050__c1205,34.9,0.86,16.1,True,GOLD
B045,41.000_-123.150__c908,13.51,0.66,16.1,False,TRUSTED
B045,41.250_-123.050__c942,10.55,0.4,16.1,False,TRUSTED
B045,41.300_-123.050__c525,6.44,0.57,16.1,False,UNDETERMINED
B045,40.800_-122.900__c1135,56.89,0.95,16.1,True,GOLD
B045,41.150_-123.250__c1185,4.67,0.06,16.1,False,UNDETERMINED
B045,40.900_-122.950__c84,25.34,0.76,16.1,True,GOLD
B045,41.000_-123.300__c558,43.25,0.95,16.1,True,GOLD
B045,41.150_-123.150__c551,39.86,0.9,16.1,True,GOLD
B045,40.100_-123.600__c702,14.36,0.6,16.1,False,TRUSTED
B045,40.900_-122.800__c160,2.83,0.38,16.1,False,UNDETERMINED
B045,41.000_-123.300__c410,23.56,0.66,16.1,True,GOLD
B045,40.650_-122.800__c1085,5.81,0.21,16.1,False,UNDETERMINED
B045,40.650_-123.000__c1300,13.33,0.61,16.1,False,TRUSTED
B045,41.200_-122.900__c1488,25.39,0.9,16.1,True,GOLD
B045,40.400_-122.850__c1027,18.46,0.53,16.1,True,GOLD
B045,40.600_-123.000__c781,8.41,0.44,16.1,False,UNDETERMINED
B045,41.050_-123.050__c234,32.42,0.93,16.1,True,GOLD
B045,41.300_-123.400__c844,30.06,0.96,16.1,True,GOLD
B045,40.450_-123.100__c293,57.85,0.92,16.1,True,GOLD
B045,40.950_-123.000__c307,4.94,0.58,16.1,False,UNDETERMINED
B045,40.400_-122.950__c782,17.3,0.85,16.1,True,GOLD
B045,41.150_-123.350__c383,4.43,0.31,16.1,False,UNDETERMINED
B045,41.250_-123.500__c44,14.91,0.83,16.1,False,TRUSTED
B045,40.600_-122.900__c1572,42.06,0.8,16.1,True,GOLD
B045,40.950_-123.150__c960,5.19,0.22,16.1,False,UNDETERMINED
B045,41.200_-123.000__c792,9.48,0.66,16.1,False,TRUSTED
B045,41.350_-123.000__c1074,20.39,0.84,16.1,True,GOLD
B045,40.600_-122.850__c207,29.43,0.9,16.1,True,GOLD
B045,40.700_-123.000__c207,47.88,0.98,16.1,True,GOLD
B045,40.100_-122.900__c585,24.58,0.77,16.1,True,GOLD
B045,40.150_-122.850__c1050,36.2,0.87,16.1,True,GOLD
B045,41.050_-122.900__c1279,23.1,0.88,16.1,True,GOLD
B045,41.000_-122.800__c1121,27.1,0.85,16.1,True,GOLD
B045,40.150_-122.850__c1027,5.18,0.67,16.1,False,UNDETERMINED
B045,40.800_-122.950__c880,2.87,0.26,16.1,False,UNDETERMINED
B045,40.800_-122.950__c1443,5.39,0.5,16.1,False,UNDETERMINED
B045,40.850_-122.850__c1117,0.44,0.14,16.1,False,FAIL
B045,41.200_-123.350__c470,52.89,0.95,16.1,True,GOLD
B045,41.350_-123.250__c652,7.67,0.73,16.1,False,UNDETERMINED
B045,40.950_-123.050__c982,3.18,0.23,16.1,False,UNDETERMINED
B045,41.000_-122.850__c1033,0.11,-0.11,16.1,False,FAIL
B045,41.000_-123.250__c889,5.23,-0.06,16.1,False,UNDETERMINED
B045,41.300_-123.100__c1472,25.35,0.73,16.1,True,GOLD
B045,40.350_-122.950__c694,32.52,0.88,16.1,True,GOLD
B045,40.000_-123.050__c8,13.21,0.62,16.1,False,TRUSTED
B045,40.900_-123.050__c863,15.11,0.8,16.1,False,TRUSTED
B045,41.200_-123.200__c23,38.61,0.82,16.1,True,GOLD
B045,41.250_-123.250__c1027,10.86,0.54,16.1,False,TRUSTED
B045,40.900_-122.900__c1297,28.18,0.95,16.1,True,GOLD
B045,41.100_-123.150__c561,12.75,0.6,16.1,False,TRUSTED
B045,41.150_-123.050__c1261,0.28,-0.14,16.1,False,FAIL
B045,40.750_-123.050__c1127,2.0,0.1,16.1,False,UNDETERMINED
B045,40.950_-123.000__c315,7.83,0.42,16.1,False,UNDETERMINED
B045,40.550_-122.850__c683,24.82,0.8,16.1,True,GOLD
B045,40.800_-123.000__c431,55.03,0.96,16.1,True,GOLD
B045,41.300_-123.400__c385,26.05,0.89,16.1,True,GOLD
B045,41.250_-123.200__c821,8.79,0.21,16.1,False,UNDETERMINED
B045,41.300_-123.300__c795,21.49,0.69,16.1,True,GOLD
B045,40.900_-123.300__c553,33.03,0.74,16.1,True,GOLD
B045,41.250_-122.950__c1109,8.47,0.64,16.1,False,UNDETERMINED
B045,40.700_-122.850__c961,-1.3,-0.04,16.1,False,FAIL
B049,39.800_-122.700__c41,4.88,0.44,16.26,False,TRUSTED
B049,40.650_-122.850__c692,4.57,0.31,16.26,False,TRUSTED
B049,40.750_-122.900__c1238,3.57,0.42,16.26,False,UNDETERMINED
B049,40.050_-122.700__c823,6.49,0.56,16.26,False,TRUSTED
B049,40.950_-122.900__c10,2.66,0.25,16.26,False,UNDETERMINED
B049,41.100_-123.300__c645,19.45,0.52,16.26,True,GOLD
B049,41.000_-123.050__c378,1.39,0.01,16.26,False,UNDETERMINED
B049,40.850_-122.800__c101,23.01,0.88,16.26,True,GOLD
B049,41.100_-122.900__c1283,0.55,0.28,16.26,False,FAIL
B049,40.800_-122.700__c869,-0.33,0.11,16.26,False,FAIL
B049,41.050_-123.000__c321,8.16,0.22,16.26,False,UNDETERMINED
B049,41.050_-123.350__c288,1.05,0.37,16.26,False,UNDETERMINED
B049,40.800_-122.750__c254,2.58,0.47,16.26,False,UNDETERMINED
B049,40.900_-123.150__c987,5.07,0.45,16.26,False,TRUSTED
B049,41.050_-122.800__c1539,4.11,0.28,16.26,False,UNDETERMINED
B049,40.050_-123.650__c123,-0.73,-0.0,16.26,False,FAIL
B049,40.700_-122.700__c932,3.83,0.38,16.26,False,UNDETERMINED
B049,41.050_-123.350__c408,11.62,0.84,16.26,False,TRUSTED
B049,40.300_-122.700__c1219,29.75,0.92,16.26,True,GOLD
B049,40.750_-122.900__c249,4.07,0.23,16.26,False,UNDETERMINED
B049,41.100_-123.200__c503,28.5,0.87,16.26,True,GOLD
B049,40.100_-123.550__c25,16.71,0.72,16.26,True,GOLD
B049,40.600_-123.000__c645,4.45,0.69,16.26,False,TRUSTED
B049,40.600_-123.050__c572,21.76,0.64,16.26,True,GOLD
B049,40.650_-123.050__c1184,14.61,0.8,16.26,False,TRUSTED
B049,40.800_-122.800__c542,5.56,0.58,16.26,False,TRUSTED
B049,40.900_-122.750__c494,40.51,0.92,16.26,True,GOLD
B049,40.850_-122.900__c1381,35.68,0.85,16.26,True,GOLD
B049,40.900_-122.750__c137,4.16,-0.07,16.26,False,UNDETERMINED
B049,41.050_-122.800__c449,7.16,0.46,16.26,False,TRUSTED
B049,39.900_-122.800__c319,7.05,0.57,16.26,False,TRUSTED
B049,41.050_-122.850__c126,5.81,0.09,16.26,False,UNDETERMINED
B049,40.450_-122.750__c299,16.46,0.55,16.26,True,GOLD
B049,40.450_-122.700__c10,1.94,0.05,16.26,False,UNDETERMINED
B049,40.900_-122.800__c757,3.02,-0.02,16.26,False,UNDETERMINED
B049,40.950_-122.950__c867,37.46,0.89,16.26,True,GOLD
B049,40.400_-123.100__c45,14.57,0.73,16.26,False,TRUSTED
B049,40.050_-122.650__c619,22.84,0.84,16.26,True,GOLD
B049,40.850_-122.950__c1008,7.71,0.28,16.26,False,UNDETERMINED
B049,40.250_-122.650__c1257,3.02,0.24,16.26,False,UNDETERMINED
B049,39.900_-122.900__c999,6.16,0.6,16.26,False,TRUSTED
B049,40.400_-122.650__c150,9.47,0.16,16.26,False,UNDETERMINED
B201,45.400_-123.000__c114,15.34,0.7,15.35,False,TRUSTED
B201,45.450_-122.950__c67,1.38,0.46,15.35,False,FAIL
B201,45.450_-123.050__c422,28.75,0.91,15.35,True,GOLD
B201,46.900_-122.900__c857,10.2,0.42,15.35,False,UNDETERMINED
B201,46.900_-123.100__c107,30.94,0.85,15.35,True,GOLD
B201,47.100_-122.950__c609,5.72,0.33,15.35,False,UNDETERMINED
B201,47.200_-122.700__c723,20.14,0.84,15.35,True,GOLD
B201,45.900_-123.300__c289,1.14,0.51,15.35,False,FAIL
B201,46.700_-122.700__c401,13.34,0.76,15.35,False,TRUSTED
B201,46.700_-123.000__c421,8.89,0.68,15.35,False,UNDETERMINED
B201,46.900_-122.750__c1355,8.78,0.53,15.35,False,UNDETERMINED
B201,46.850_-122.550__c123,4.57,0.49,15.35,False,UNDETERMINED
B201,46.600_-123.100__c17,57.96,0.96,15.35,True,GOLD
B201,45.450_-123.350__c11,14.2,0.64,15.35,False,TRUSTED
B201,46.350_-122.750__c17,7.41,0.85,15.35,False,UNDETERMINED
B201,46.900_-123.050__c585,17.04,0.75,15.35,True,GOLD
B201,47.200_-122.800__c492,47.2,0.9,15.35,True,GOLD
B201,45.700_-123.200__c199,6.97,0.77,15.35,False,UNDETERMINED
B201,46.800_-123.000__c751,9.75,0.63,15.35,False,UNDETERMINED
B201,47.000_-122.750__c994,12.66,0.53,15.35,False,TRUSTED
B201,46.500_-123.100__c64,19.1,0.85,15.35,True,GOLD
B201,46.750_-122.800__c46,24.63,0.95,15.35,True,GOLD
B201,46.900_-122.700__c937,21.9,0.77,15.35,True,GOLD
B201,46.550_-123.000__c163,9.75,0.51,15.35,False,UNDETERMINED
B201,45.500_-123.250__c281,10.61,0.61,15.35,False,UNDETERMINED
B201,45.900_-123.350__c59,17.86,0.91,15.35,True,GOLD
B201,46.300_-122.900__c148,17.05,0.88,15.35,True,GOLD
B201,46.450_-123.150__c447,10.23,0.61,15.35,False,UNDETERMINED
B201,46.600_-123.050__c289,18.41,0.73,15.35,True,GOLD
B201,47.100_-122.750__c473,32.09,0.81,15.35,True,GOLD
B201,46.150_-123.100__c223,13.22,0.84,15.35,False,TRUSTED
B201,47.100_-123.000__c736,25.4,0.85,15.35,True,GOLD
B201,46.800_-123.150__c147,5.49,0.67,15.35,False,UNDETERMINED
B201,47.000_-122.800__c853,26.23,0.78,15.35,True,GOLD
B201,46.900_-123.100__c67,2.22,0.07,15.35,False,FAIL
B201,46.950_-123.000__c214,79.43,0.98,15.35,True,GOLD
B201,46.800_-123.150__c140,12.9,0.83,15.35,False,TRUSTED
B201,46.850_-123.100__c219,18.09,0.74,15.35,True,GOLD
B201,45.750_-123.200__c404,1.25,0.67,15.35,False,FAIL
B201,45.750_-123.400__c193,41.0,0.92,15.35,True,GOLD
B201,45.850_-123.250__c424,25.93,0.63,15.35,True,GOLD
B201,46.850_-122.600__c343,16.86,0.76,15.35,True,GOLD
B201,46.850_-123.150__c289,61.11,0.94,15.35,True,GOLD
B201,46.750_-122.850__c646,1.02,-0.02,15.35,False,FAIL
B201,46.850_-122.450__c48,35.47,0.9,15.35,True,GOLD
B201,46.200_-123.000__c495,20.47,0.85,15.35,True,GOLD
B201,46.400_-123.150__c587,8.57,0.82,15.35,False,UNDETERMINED
B201,46.550_-122.950__c241,5.13,0.73,15.35,False,UNDETERMINED
B201,46.900_-122.700__c1263,2.14,0.27,15.35,False,FAIL
B204,45.300_-123.050__c7,8.32,0.49,17.16,False,UNDETERMINED
B204,45.500_-123.200__c162,16.45,0.86,17.16,False,TRUSTED
B204,45.650_-123.400__c24,19.82,0.87,17.16,True,GOLD
B204,46.800_-122.950__c196,0.91,0.37,17.16,False,FAIL
B204,45.350_-123.000__c747,8.25,0.57,17.16,False,UNDETERMINED
B204,45.700_-123.300__c395,17.34,0.6,17.16,True,GOLD
B204,47.000_-122.650__c558,1.15,0.16,17.16,False,FAIL
B204,45.900_-123.150__c1,3.56,0.55,17.16,False,FAIL
B204,46.850_-123.100__c243,2.21,0.53,17.16,False,FAIL
B204,45.550_-123.150__c137,8.92,0.44,17.16,False,UNDETERMINED
B204,46.200_-123.100__c121,11.28,0.53,17.16,False,UNDETERMINED
B204,47.000_-122.700__c700,4.28,0.21,17.16,False,FAIL
B204,47.000_-122.700__c796,2.29,0.51,17.16,False,FAIL
B204,46.150_-123.050__c98,11.15,0.43,17.16,False,UNDETERMINED
B204,46.900_-122.850__c643,15.73,0.56,17.16,False,TRUSTED
B204,46.900_-122.800__c1226,0.77,-0.08,17.16,False,FAIL
B204,45.450_-123.000__c17,9.51,0.48,17.16,False,UNDETERMINED
B204,46.900_-123.000__c913,8.67,0.44,17.16,False,UNDETERMINED
B204,46.950_-122.700__c1146,8.95,0.61,17.16,False,UNDETERMINED
B927,48.400_-123.450__c723,9.17,0.65,15.17,False,UNDETERMINED
B927,48.900_-123.650__c1116,20.99,0.54,15.17,True,GOLD
B927,49.000_-124.950__c159,11.9,0.67,15.17,False,TRUSTED
B927,49.050_-124.800__c1402,19.69,0.39,15.17,True,GOLD
B927,48.500_-123.750__c43,24.47,0.59,15.17,True,GOLD
B927,48.750_-123.550__c705,9.5,0.63,15.17,False,UNDETERMINED
B927,48.800_-123.700__c375,12.16,0.44,15.17,False,TRUSTED
B927,48.900_-124.050__c133,18.01,0.81,15.17,True,GOLD
B927,49.100_-124.850__c1217,3.8,0.12,15.17,False,FAIL
B927,49.200_-125.050__c371,2.6,0.27,15.17,False,FAIL
B927,48.500_-123.450__c603,4.53,0.21,15.17,False,FAIL
B927,48.850_-123.900__c978,2.11,0.19,15.17,False,FAIL
B927,49.300_-124.950__c901,24.83,0.9,15.17,True,GOLD
B927,48.750_-124.400__c193,11.74,0.39,15.17,False,TRUSTED
B927,49.050_-125.050__c520,14.66,0.58,15.17,False,TRUSTED
B927,48.900_-123.850__c1199,10.01,0.51,15.17,False,UNDETERMINED
B927,49.200_-124.550__c716,9.89,0.43,15.17,False,UNDETERMINED
B927,49.250_-125.050__c177,6.59,0.15,15.17,False,UNDETERMINED
B927,48.800_-124.000__c759,9.12,0.62,15.17,False,UNDETERMINED
B927,49.150_-124.950__c722,19.07,0.61,15.17,True,GOLD
B927,49.250_-124.650__c794,5.65,0.41,15.17,False,UNDETERMINED
B927,48.900_-124.450__c830,12.77,0.66,15.17,False,TRUSTED
B927,49.250_-125.000__c359,17.49,0.69,15.17,True,GOLD
B927,49.600_-125.550__c37,40.0,0.86,15.17,True,GOLD
B927,48.650_-124.500__c369,5.24,0.05,15.17,False,UNDETERMINED
B927,49.700_-126.100__c457,30.08,0.87,15.17,True,GOLD
B927,48.550_-124.300__c234,21.61,0.78,15.17,True,GOLD
B927,49.100_-124.450__c577,6.06,0.25,15.17,False,UNDETERMINED
B927,49.100_-124.600__c534,7.7,0.37,15.17,False,UNDETERMINED
B927,49.850_-126.150__c290,15.75,0.44,15.17,True,GOLD
B927,49.300_-124.750__c976,4.88,-0.16,15.17,False,UNDETERMINED
B927,48.600_-123.700__c526,8.87,0.64,15.17,False,UNDETERMINED
B927,48.800_-124.000__c958,7.67,0.63,15.17,False,UNDETERMINED
B927,48.850_-124.850__c63,30.27,0.7,15.17,True,GOLD
B927,48.950_-123.950__c872,6.57,0.36,15.17,False,UNDETERMINED
B927,49.250_-124.650__c56,14.72,0.7,15.17,False,TRUSTED
B927,48.800_-123.800__c370,9.46,0.26,15.17,False,UNDETERMINED
B927,48.900_-123.850__c177,3.36,0.41,15.17,False,FAIL
B927,49.050_-124.100__c288,11.95,0.65,15.17,False,TRUSTED
B927,49.100_-124.650__c937,21.47,0.87,15.17,True,GOLD
B927,49.350_-124.950__c229,28.18,0.74,15.17,True,GOLD
B927,49.500_-125.700__c359,6.11,0.51,15.17,False,UNDETERMINED
B927,48.650_-123.600__c682,20.26,0.48,15.17,True,GOLD
B927,49.300_-125.600__c51,2.76,0.16,15.17,False,FAIL
B927,48.550_-123.550__c325,10.54,0.81,15.17,False,TRUSTED
B927,48.500_-124.000__c1086,3.91,0.28,15.17,False,FAIL
B927,48.850_-124.700__c344,6.48,0.45,15.17,False,UNDETERMINED
B927,49.000_-124.700__c1205,5.91,0.7,15.17,False,UNDETERMINED
B927,48.800_-123.700__c67,3.44,0.25,15.17,False,FAIL
B927,48.450_-123.900__c931,4.96,0.16,15.17,False,UNDETERMINED
B927,48.950_-124.250__c528,11.3,0.29,15.17,False,UNDETERMINED
B927,48.900_-123.750__c944,15.66,0.43,15.17,True,GOLD
B927,49.250_-124.750__c672,9.14,0.29,15.17,False,UNDETERMINED
B927,49.350_-124.900__c496,17.2,0.79,15.17,True,GOLD
B927,48.500_-123.950__c418,9.39,0.62,15.17,False,UNDETERMINED
B927,48.700_-124.200__c127,12.11,0.35,15.17,False,TRUSTED
B927,48.900_-124.350__c1093,9.64,0.62,15.17,False,UNDETERMINED
B927,49.250_-124.800__c53,12.85,0.56,15.17,False,TRUSTED
B927,48.750_-123.700__c1104,5.41,0.63,15.17,False,UNDETERMINED
B927,48.750_-123.850__c589,6.17,0.12,15.17,False,UNDETERMINED
B927,49.500_-125.300__c447,4.08,0.2,15.17,False,FAIL
B927,49.600_-126.150__c340,33.12,0.92,15.17,True,GOLD
B927,49.600_-125.300__c279,10.65,0.66,15.17,False,TRUSTED
B927,48.800_-124.000__c736,12.11,0.54,15.17,False,TRUSTED
B927,48.950_-124.950__c235,16.29,0.73,15.17,True,GOLD
B927,49.000_-124.200__c1087,1.23,0.31,15.17,False,FAIL
B927,49.050_-125.100__c274,18.99,0.85,15.17,True,GOLD
B927,49.300_-125.150__c270,12.77,0.31,15.17,False,TRUSTED
B927,49.150_-124.650__c506,15.97,0.76,15.17,True,GOLD
B927,49.000_-125.250__c82,11.91,0.55,15.17,False,TRUSTED
B927,49.200_-124.500__c408,0.25,0.31,15.17,False,FAIL
B927,49.200_-125.000__c442,5.08,0.67,15.17,False,UNDETERMINED
B927,49.100_-125.000__c878,5.54,-0.03,15.17,False,UNDETERMINED
B927,49.600_-125.650__c256,9.87,0.63,15.17,False,UNDETERMINED
B927,48.550_-123.650__c207,7.4,0.32,15.17,False,UNDETERMINED
B927,49.200_-125.100__c666,12.6,0.49,15.17,False,TRUSTED
B927,49.400_-125.200__c977,11.12,0.74,15.17,False,TRUSTED
B927,49.900_-126.050__c295,74.85,0.94,15.17,True,GOLD
B927,48.500_-124.000__c424,1.26,0.05,15.17,False,FAIL
B927,49.300_-125.150__c1018,20.36,0.8,15.17,True,GOLD
B927,48.800_-123.550__c906,8.88,0.57,15.17,False,UNDETERMINED
B927,49.100_-124.850__c1269,16.32,0.8,15.17,True,GOLD
B927,49.150_-125.150__c451,8.49,0.33,15.17,False,UNDETERMINED
B927,48.850_-123.700__c871,36.0,0.87,15.17,True,GOLD
B927,48.950_-124.650__c660,14.3,0.74,15.17,False,TRUSTED
B927,48.900_-123.900__c326,4.17,0.53,15.17,False,FAIL
B927,49.000_-123.800__c361,0.75,-0.14,15.17,False,FAIL
B927,49.450_-125.100__c654,21.42,0.41,15.17,True,GOLD
B927,48.550_-124.200__c113,19.03,0.79,15.17,True,GOLD
B927,49.200_-124.800__c596,12.47,0.92,15.17,False,TRUSTED
B927,49.400_-125.700__c752,7.81,0.67,15.17,False,UNDETERMINED
B927,48.800_-123.900__c646,10.33,0.36,15.17,False,UNDETERMINED
B927,48.900_-124.200__c698,3.2,0.03,15.17,False,FAIL
B927,49.100_-124.550__c144,1.21,0.32,15.17,False,FAIL
B927,48.900_-123.900__c506,-0.56,-0.01,15.17,False,FAIL
B927,49.150_-124.600__c35,11.88,0.41,15.17,False,TRUSTED
B927,49.300_-125.350__c314,19.17,0.52,15.17,True,GOLD
B927,48.750_-124.350__c523,3.76,0.01,15.17,False,FAIL
B927,48.900_-124.000__c645,1.28,0.32,15.17,False,FAIL
B928,48.050_-123.800__c48,2.8,0.56,6.26,False,UNDETERMINED
B928,49.100_-125.450__c11,4.94,0.59,6.26,False,TRUSTED
B928,49.550_-125.300__c848,14.29,0.83,6.26,True,GOLD
B928,48.550_-124.100__c191,2.31,0.41,6.26,False,UNDETERMINED
B928,48.500_-123.900__c550,-0.28,0.44,6.26,False,UNDETERMINED
B928,48.900_-124.650__c856,2.95,0.05,6.26,False,UNDETERMINED
B928,48.950_-123.850__c1104,14.5,0.82,6.26,True,GOLD
B928,49.000_-124.050__c926,3.87,0.42,6.26,False,UNDETERMINED
B928,49.050_-124.700__c1135,3.46,0.37,6.26,False,UNDETERMINED
B928,49.350_-125.050__c599,4.64,0.34,6.26,False,TRUSTED
B928,48.950_-124.550__c284,8.07,0.79,6.26,True,GOLD
B928,48.850_-124.950__c170,10.55,0.82,6.26,True,GOLD
B928,49.450_-125.250__c269,4.29,0.34,6.26,False,TRUSTED
B928,49.000_-125.100__c103,21.6,0.87,6.26,True,GOLD
B928,48.950_-125.000__c105,1.29,0.17,6.26,False,UNDETERMINED
B928,49.100_-125.300__c307,2.07,0.33,6.26,False,UNDETERMINED
B928,48.950_-124.700__c39,17.64,0.66,6.26,True,GOLD
B928,49.000_-125.100__c101,10.21,0.8,6.26,True,GOLD
B928,49.200_-125.300__c649,6.37,0.61,6.26,True,GOLD
B928,49.450_-124.950__c114,5.15,0.64,6.26,False,TRUSTED
B928,49.700_-125.700__c180,6.41,0.29,6.26,True,GOLD
B928,49.200_-125.250__c162,6.81,0.61,6.26,True,GOLD
B928,49.650_-126.150__c101,13.29,0.75,6.26,True,GOLD
B928,48.350_-124.100__c163,4.65,0.14,6.26,False,UNDETERMINED
B928,48.800_-124.600__c376,11.22,0.42,6.26,True,GOLD
B928,49.250_-124.500__c52,5.17,0.64,6.26,False,TRUSTED
B928,49.100_-125.150__c942,8.26,0.64,6.26,True,GOLD
B928,49.050_-124.700__c800,6.0,0.28,6.26,False,UNDETERMINED
B928,49.050_-125.050__c1100,31.67,0.91,6.26,True,GOLD
B928,49.150_-124.350__c209,35.16,0.94,6.26,True,GOLD
B928,49.300_-125.550__c53,15.71,0.76,6.26,True,GOLD
B928,49.050_-124.550__c1114,3.09,-0.09,6.26,False,UNDETERMINED
B928,49.450_-125.700__c997,33.49,0.93,6.26,True,GOLD
B928,48.800_-124.800__c377,7.52,0.57,6.26,True,GOLD
B928,48.900_-124.900__c168,14.64,0.85,6.26,True,GOLD
B928,49.050_-125.350__c71,12.69,0.89,6.26,True,GOLD
B928,49.150_-124.850__c56,32.52,0.96,6.26,True,GOLD
B928,49.500_-125.050__c141,7.93,0.52,6.26,True,GOLD
B928,48.400_-123.850__c833,4.88,0.7,6.26,False,TRUSTED
B928,49.550_-126.200__c164,8.12,0.82,6.26,True,GOLD
B928,48.800_-124.500__c297,11.91,0.92,6.26,True,GOLD
B928,49.050_-124.600__c927,9.8,0.76,6.26,True,GOLD
B928,48.400_-123.750__c310,20.91,0.86,6.26,True,GOLD
B928,49.250_-125.000__c649,19.39,0.92,6.26,True,GOLD
B928,49.150_-125.050__c523,3.34,0.22,6.26,False,UNDETERMINED
B928,48.750_-124.500__c302,28.16,0.82,6.26,True,GOLD
B928,48.800_-124.900__c245,1.51,0.38,6.26,False,UNDETERMINED
B928,48.950_-123.750__c174,22.49,0.86,6.26,True,GOLD
B928,48.200_-123.850__c399,9.29,0.66,6.26,True,GOLD
B928,48.800_-124.900__c188,11.67,0.81,6.26,True,GOLD
B928,49.650_-125.800__c162,33.17,0.89,6.26,True,GOLD
B928,49.400_-125.850__c1050,7.55,0.37,6.26,True,GOLD
B932,40.100_-123.100__c41,21.54,0.88,13.86,True,GOLD
B932,41.050_-123.100__c979,21.32,0.86,13.86,True,GOLD
B932,40.850_-123.050__c815,15.58,0.63,13.86,True,GOLD
B932,40.800_-123.050__c541,37.63,0.92,13.86,True,GOLD
B932,40.700_-123.300__c40,68.95,0.98,13.86,True,GOLD
B932,40.100_-123.600__c269,26.08,0.76,13.86,True,GOLD
B932,40.750_-123.300__c19,7.91,0.72,13.86,False,UNDETERMINED
B932,40.950_-123.150__c546,45.46,0.88,13.86,True,GOLD
B932,41.000_-123.250__c380,5.22,0.56,13.86,False,UNDETERMINED
B932,41.150_-123.200__c278,8.72,0.13,13.86,False,UNDETERMINED
B932,40.800_-123.100__c298,10.82,0.72,13.86,False,TRUSTED
B932,40.900_-123.350__c119,2.97,0.44,13.86,False,FAIL
B932,40.950_-123.100__c350,7.3,0.6,13.86,False,UNDETERMINED
B932,40.850_-123.150__c499,27.18,0.91,13.86,True,GOLD
B932,40.250_-123.050__c68,21.92,0.92,13.86,True,GOLD
B932,40.650_-123.150__c364,19.51,0.78,13.86,True,GOLD
B932,40.950_-123.150__c528,12.19,0.72,13.86,False,TRUSTED
B932,40.300_-123.100__c116,53.11,0.97,13.86,True,GOLD
B932,40.100_-123.550__c183,21.08,0.83,13.86,True,GOLD
B932,41.050_-123.100__c834,17.57,0.83,13.86,True,GOLD
B932,41.100_-123.200__c80,20.49,0.85,13.86,True,GOLD
B932,41.050_-123.150__c324,8.13,0.68,13.86,False,UNDETERMINED
B932,40.950_-123.100__c175,7.53,0.44,13.86,False,UNDETERMINED
B932,40.900_-123.050__c339,8.99,0.64,13.86,False,UNDETERMINED
B932,41.000_-123.150__c619,12.49,0.78,13.86,False,TRUSTED
B932,40.850_-123.050__c1106,17.59,0.64,13.86,True,GOLD
B932,40.750_-123.100__c484,22.67,0.86,13.86,True,GOLD
B932,40.900_-123.200__c98,13.74,0.8,13.86,False,TRUSTED
B932,41.000_-123.100__c383,21.85,0.93,13.86,True,GOLD
B932,41.100_-123.200__c667,7.84,0.82,13.86,False,UNDETERMINED
B932,40.950_-123.100__c176,1.24,-0.04,13.86,False,FAIL
B932,40.650_-123.100__c543,5.19,0.49,13.86,False,UNDETERMINED
B932,40.950_-123.200__c218,16.31,0.69,13.86,True,GOLD
B932,40.750_-123.050__c323,26.64,0.84,13.86,True,GOLD
B932,41.100_-123.050__c389,11.93,0.76,13.86,False,TRUSTED
B932,40.850_-123.150__c406,17.06,0.85,13.86,True,GOLD
B932,40.900_-123.250__c290,3.98,0.5,13.86,False,UNDETERMINED
B932,41.050_-123.150__c539,31.5,0.84,13.86,True,GOLD
B932,40.900_-123.100__c212,19.1,0.84,13.86,True,GOLD
B932,40.900_-123.200__c457,21.34,0.89,13.86,True,GOLD
B935,40.000_-122.550__c467,1.38,0.53,6.85,False,UNDETERMINED
B935,40.300_-122.600__c1291,-1.24,-0.16,6.85,False,FAIL
B935,40.450_-122.600__c684,4.3,0.42,6.85,False,TRUSTED
B935,40.700_-122.900__c302,0.33,-0.01,6.85,False,FAIL
B935,40.950_-122.700__c254,0.63,0.19,6.85,False,FAIL
B935,40.950_-122.800__c769,-0.18,0.19,6.85,False,FAIL
B935,41.150_-123.250__c1151,1.1,0.18,6.85,False,UNDETERMINED
B935,41.250_-122.900__c632,5.78,0.53,6.85,False,TRUSTED
B935,40.900_-123.000__c277,3.0,0.14,6.85,False,UNDETERMINED
B935,40.050_-122.600__c193,-1.53,-0.27,6.85,False,FAIL
B935,40.400_-122.600__c134,1.71,0.19,6.85,False,UNDETERMINED
B935,40.400_-122.800__c1054,1.52,0.43,6.85,False,UNDETERMINED
B935,40.550_-122.650__c1024,1.7,0.17,6.85,False,UNDETERMINED
B935,40.550_-122.800__c406,-1.74,0.19,6.85,False,FAIL
B935,40.850_-122.650__c1149,-0.04,0.13,6.85,False,FAIL
B935,40.900_-122.500__c294,0.92,-0.03,6.85,False,UNDETERMINED
B935,41.000_-123.300__c378,-0.67,-0.25,6.85,False,FAIL
B935,41.050_-123.200__c264,-0.44,-0.08,6.85,False,FAIL
B935,41.100_-122.850__c708,-0.78,0.1,6.85,False,FAIL
B935,41.200_-123.250__c643,7.8,0.47,6.85,True,GOLD
B935,41.250_-123.300__c757,0.41,0.44,6.85,False,FAIL
B935,40.650_-122.950__c404,6.77,0.52,6.85,False,TRUSTED
B935,40.850_-123.050__c674,0.67,0.16,6.85,False,UNDETERMINED
B935,40.900_-123.150__c938,5.0,0.28,6.85,False,UNDETERMINED
B935,41.100_-122.750__c1232,3.21,0.49,6.85,False,UNDETERMINED
B935,40.950_-123.250__c631,4.19,0.63,6.85,False,TRUSTED
B935,41.150_-122.900__c1264,7.73,0.38,6.85,True,GOLD
B935,41.400_-123.300__c579,-0.44,0.15,6.85,False,FAIL
B935,40.600_-122.600__c117,1.04,-0.14,6.85,False,UNDETERMINED
B935,41.350_-123.400__c249,0.93,0.54,6.85,False,UNDETERMINED
B935,40.400_-122.850__c537,8.43,0.55,6.85,True,GOLD
B935,40.850_-122.950__c570,-0.56,-0.33,6.85,False,FAIL
B935,40.850_-123.150__c170,2.3,0.38,6.85,False,UNDETERMINED
B935,41.150_-122.750__c422,3.04,0.3,6.85,False,UNDETERMINED
B935,40.700_-122.650__c463,2.02,0.38,6.85,False,UNDETERMINED
B935,40.900_-123.000__c275,2.48,0.5,6.85,False,UNDETERMINED
B935,41.000_-123.150__c765,3.1,0.46,6.85,False,UNDETERMINED
B935,41.050_-122.800__c497,0.62,0.28,6.85,False,FAIL
B935,41.200_-122.700__c511,0.23,0.25,6.85,False,FAIL
B935,41.200_-122.950__c1264,0.12,-0.15,6.85,False,FAIL
B935,40.350_-122.650__c277,0.13,0.49,6.85,False,FAIL
B935,41.050_-122.750__c998,-0.6,0.12,6.85,False,FAIL
B935,41.100_-122.950__c301,-0.94,0.17,6.85,False,FAIL
B935,40.550_-122.400__c89,0.14,0.02,6.85,False,FAIL
B935,41.000_-122.450__c282,5.52,0.43,6.85,False,TRUSTED
B935,40.450_-122.550__c620,-0.41,0.34,6.85,False,FAIL
B935,41.050_-123.250__c790,0.09,0.18,6.85,False,FAIL
B935,41.250_-122.750__c675,1.82,0.32,6.85,False,UNDETERMINED
B935,40.000_-123.600__c31,6.25,0.53,6.85,False,TRUSTED
B935,40.550_-122.950__c451,1.28,0.25,6.85,False,UNDETERMINED
B935,40.800_-122.750__c1156,-0.32,0.08,6.85,False,FAIL
B935,41.200_-122.800__c898,0.31,0.23,6.85,False,FAIL
B935,40.300_-122.600__c733,5.2,0.5,6.85,False,TRUSTED
B935,40.750_-122.850__c490,-0.25,0.24,6.85,False,FAIL
B935,41.100_-122.750__c1231,2.51,0.14,6.85,False,UNDETERMINED
B935,41.100_-123.250__c614,4.22,0.43,6.85,False,TRUSTED
B935,40.850_-123.100__c886,0.44,0.17,6.85,False,FAIL
B935,41.050_-123.150__c913,1.16,0.44,6.85,False,UNDETERMINED
B935,41.100_-122.700__c828,0.95,0.26,6.85,False,UNDETERMINED
B935,41.300_-123.400__c126,0.02,0.21,6.85,False,FAIL
B935,41.400_-123.350__c32,2.86,0.59,6.85,False,UNDETERMINED
B935,41.000_-122.850__c761,1.68,-0.07,6.85,False,UNDETERMINED
B935,40.000_-123.500__c7,4.7,0.57,6.85,False,TRUSTED
B935,40.250_-122.400__c438,4.79,0.54,6.85,False,TRUSTED
B935,40.650_-122.450__c166,0.73,0.07,6.85,False,UNDETERMINED
B935,41.150_-123.100__c1105,5.87,0.58,6.85,False,TRUSTED
B935,41.200_-123.150__c1035,-0.05,0.13,6.85,False,FAIL
B935,41.350_-123.350__c419,0.88,0.27,6.85,False,UNDETERMINED
B935,40.500_-122.550__c785,0.41,0.52,6.85,False,FAIL
B935,41.050_-123.000__c1043,3.2,0.49,6.85,False,UNDETERMINED
B935,41.150_-122.850__c721,1.96,0.37,6.85,False,UNDETERMINED
B935,41.150_-122.500__c35,-0.9,0.14,6.85,False,FAIL
B935,40.250_-122.400__c406,2.53,0.31,6.85,False,UNDETERMINED
B935,40.950_-122.850__c1173,-0.71,0.21,6.85,False,FAIL
B935,41.250_-123.150__c370,6.25,0.68,6.85,False,TRUSTED
B935,41.300_-122.700__c234,1.27,0.17,6.85,False,UNDETERMINED
B935,40.750_-122.450__c215,-0.89,-0.04,6.85,False,FAIL
B935,40.850_-123.100__c542,6.29,0.17,6.85,False,UNDETERMINED
B935,41.200_-122.750__c1029,3.1,0.15,6.85,False,UNDETERMINED
B935,40.800_-122.450__c135,0.7,0.23,6.85,False,UNDETERMINED
B935,40.900_-122.800__c655,3.79,0.21,6.85,False,UNDETERMINED
B935,40.950_-122.600__c732,0.48,-0.11,6.85,False,FAIL
B935,40.500_-122.800__c592,-0.3,0.01,6.85,False,FAIL
B935,41.250_-123.000__c1124,2.59,0.61,6.85,False,UNDETERMINED
B935,41.300_-123.050__c462,-0.42,-0.39,6.85,False,FAIL
B935,40.650_-122.750__c1030,6.94,0.51,6.85,True,GOLD
B935,41.200_-123.050__c1233,4.36,0.62,6.85,False,TRUSTED
B935,41.250_-123.300__c395,3.17,0.33,6.85,False,UNDETERMINED
B935,40.050_-122.600__c130,12.24,0.72,6.85,True,GOLD
B935,40.150_-123.650__c7,4.36,0.23,6.85,False,UNDETERMINED
B935,40.850_-122.600__c13,2.18,0.48,6.85,False,UNDETERMINED
B935,41.350_-123.000__c899,1.6,0.4,6.85,False,UNDETERMINED
B935,40.500_-122.450__c77,-0.62,0.16,6.85,False,FAIL
B935,41.000_-122.650__c1053,1.3,0.11,6.85,False,UNDETERMINED
B935,41.150_-123.200__c862,0.96,0.45,6.85,False,UNDETERMINED
B935,40.950_-122.950__c668,0.84,0.32,6.85,False,UNDETERMINED
B935,41.250_-123.250__c1120,1.29,0.24,6.85,False,UNDETERMINED
B935,40.250_-122.650__c1308,1.98,0.51,6.85,False,UNDETERMINED
B935,40.000_-123.600__c78,0.02,-0.2,6.85,False,FAIL
B935,40.750_-122.550__c327,-0.66,0.26,6.85,False,FAIL
B935,40.900_-123.200__c608,1.51,0.42,6.85,False,UNDETERMINED
B935,41.100_-122.650__c194,4.35,0.43,6.85,False,TRUSTED
B935,41.300_-123.100__c1068,0.09,0.38,6.85,False,FAIL
B935,40.800_-123.450__c18,18.18,0.84,6.85,True,GOLD
B935,41.100_-123.300__c79,0.72,0.14,6.85,False,UNDETERMINED
B935,40.750_-123.350__c90,3.77,0.19,6.85,False,UNDETERMINED
B935,41.050_-122.950__c102,2.95,-0.1,6.85,False,UNDETERMINED
B935,40.700_-122.600__c1024,2.32,0.3,6.85,False,UNDETERMINED
B935,40.850_-122.750__c643,2.27,0.17,6.85,False,UNDETERMINED
B935,40.450_-122.850__c287,0.38,0.03,6.85,False,FAIL
B935,40.450_-122.650__c103,0.31,-0.26,6.85,False,FAIL
B935,40.900_-122.900__c729,2.78,0.34,6.85,False,UNDETERMINED
B935,40.700_-122.850__c887,1.66,0.47,6.85,False,UNDETERMINED
B941,46.150_-123.100__c386,31.3,0.93,12.11,True,GOLD
B941,46.900_-122.700__c748,31.82,0.88,12.11,True,GOLD
B941,46.400_-123.200__c479,11.84,0.55,12.11,False,TRUSTED
B941,47.000_-122.700__c103,27.17,0.81,12.11,True,GOLD
B941,47.000_-122.800__c491,15.51,0.53,12.11,True,GOLD
B941,47.400_-123.250__c578,21.23,0.78,12.11,True,GOLD
B941,47.450_-123.400__c176,11.4,0.46,12.11,False,TRUSTED
B941,46.900_-123.050__c43,5.99,0.55,12.11,False,UNDETERMINED
B941,47.350_-123.300__c253,12.21,0.72,12.11,True,GOLD
B941,47.450_-122.950__c1073,25.1,0.75,12.11,True,GOLD
B941,46.750_-122.650__c376,24.39,0.85,12.11,True,GOLD
B941,47.650_-122.700__c149,18.08,0.82,12.11,True,GOLD
B941,47.750_-123.100__c719,4.28,0.23,12.11,False,UNDETERMINED
B941,47.100_-122.700__c375,19.33,0.81,12.11,True,GOLD
B941,46.700_-123.100__c385,17.16,0.76,12.11,True,GOLD
B941,47.350_-122.700__c513,18.13,0.68,12.11,True,GOLD
B941,47.400_-122.450__c234,11.23,0.42,12.11,False,TRUSTED
B941,47.900_-123.200__c28,28.0,0.88,12.11,True,GOLD
B941,46.850_-122.550__c206,6.39,0.58,12.11,False,UNDETERMINED
B941,47.350_-122.500__c645,0.05,0.02,12.11,False,FAIL
B941,46.200_-123.050__c300,14.35,0.78,12.11,True,GOLD
B941,47.100_-122.950__c38,30.75,0.92,12.11,True,GOLD
B941,46.950_-122.700__c260,22.0,0.71,12.11,True,GOLD
B941,47.350_-123.300__c221,36.31,0.8,12.11,True,GOLD
B941,46.550_-122.750__c395,21.19,0.76,12.11,True,GOLD
B941,47.750_-122.700__c546,31.54,0.86,12.11,True,GOLD
B941,47.300_-122.900__c337,18.89,0.92,12.11,True,GOLD
B941,46.750_-122.850__c680,8.9,0.42,12.11,False,TRUSTED
B941,47.800_-122.900__c507,6.17,0.41,12.11,False,UNDETERMINED
B941,46.350_-123.100__c244,10.74,0.76,12.11,False,TRUSTED
B941,47.800_-122.800__c524,7.51,0.53,12.11,False,UNDETERMINED
B941,46.700_-123.200__c157,7.0,0.62,12.11,False,UNDETERMINED
