station,patch,n_days,first,last,span_d,cov_station,cov_own_span,max_gap_d,p90_gap_d,med_cc,med_nstack,flag_gappy,flag_bursty,flag_short,flag_lowcc,quality
B004,47.600_-123.100__c620,4369,2005-11-23,2025-09-15,7237,0.633,0.658,337,2.0,0.967,26,False,False,False,False,GOOD
B004,47.700_-123.250__c1309,104,2007-10-05,2024-10-19,6225,0.015,0.018,3128,6.0,0.934,15,True,True,False,False,BAD
B004,47.750_-123.100__c378,2759,2005-11-10,2026-06-03,7511,0.4,0.4,248,3.0,0.928,22,True,True,False,False,BAD
B004,47.800_-123.400__c917,3649,2005-11-28,2024-10-19,6901,0.528,0.577,290,3.0,0.743,24,False,False,False,False,GOOD
B004,47.850_-123.100__c776,2282,2006-01-21,2026-05-29,7434,0.33,0.334,267,4.0,0.927,20,True,True,False,False,BAD
B004,48.050_-123.700__c580,3274,2005-12-07,2024-10-19,6892,0.474,0.518,323,3.0,0.982,23,True,False,False,False,BAD
B004,48.150_-123.300__c624,3754,2005-11-24,2024-10-19,6905,0.544,0.593,368,2.0,0.948,26,False,False,False,False,GOOD
B004,48.150_-123.550__c215,2480,2005-12-10,2024-10-19,6889,0.359,0.393,780,3.0,0.992,23,True,True,False,False,BAD
B004,48.150_-123.600__c946,5152,2005-11-12,2026-06-03,7509,0.746,0.746,245,2.0,0.989,26,False,False,False,False,GOOD
B004,48.350_-123.100__c1219,2412,2005-12-10,2024-11-09,6910,0.349,0.381,733,3.0,0.785,21,True,True,False,False,BAD
B004,48.400_-123.750__c510,3463,2005-12-06,2025-10-19,7258,0.502,0.52,561,3.0,0.931,23,False,False,False,False,GOOD
B004,48.400_-123.850__c1161,4272,2005-11-25,2025-10-07,7257,0.619,0.641,289,2.0,0.984,25,False,False,False,False,GOOD
B004,48.450_-123.100__c191,2764,2005-11-12,2026-06-04,7510,0.4,0.4,259,3.0,0.951,22,True,True,False,False,BAD
B004,48.500_-123.700__c309,3821,2005-11-25,2024-10-19,6904,0.553,0.604,368,2.0,0.98,26,False,False,False,False,GOOD
B004,48.550_-123.300__c644,2086,2005-12-14,2025-10-19,7250,0.302,0.313,557,5.0,0.783,17,True,True,False,False,BAD
B004,48.600_-123.500__c54,667,2005-12-16,2024-10-19,6883,0.097,0.106,1782,6.5,0.972,13,True,True,False,False,BAD
B004,48.600_-124.050__c292,3398,2005-12-07,2025-10-28,7266,0.492,0.509,232,3.0,0.957,21,True,False,False,False,BAD
B004,48.600_-124.200__c653,3322,2005-11-28,2024-10-19,6901,0.481,0.525,621,3.0,0.982,22,True,False,False,False,BAD
B004,48.700_-123.650__c1231,1515,2005-12-14,2024-11-09,6906,0.219,0.239,742,6.0,0.946,15,True,True,False,False,BAD
B004,48.700_-124.150__c1318,2081,2005-12-23,2025-10-19,7241,0.301,0.313,560,5.0,0.963,18,True,True,False,False,BAD
B004,48.750_-124.500__c253,2446,2005-11-11,2026-05-28,7504,0.354,0.355,248,3.0,0.945,19,True,True,False,False,BAD
B004,48.750_-124.550__c138,2342,2005-11-11,2026-06-02,7509,0.339,0.339,249,3.0,0.954,19,True,True,False,False,BAD
B004,48.850_-124.300__c345,1940,2005-12-13,2024-11-09,6907,0.281,0.306,734,4.0,0.903,19,True,True,False,False,BAD
B004,48.850_-124.350__c503,4683,2005-11-23,2025-10-19,7271,0.678,0.701,257,2.0,0.982,25,False,False,False,False,GOOD
B004,48.900_-124.550__c933,2651,2005-12-25,2025-10-28,7248,0.384,0.398,238,4.0,0.738,19,True,True,False,False,BAD
B004,49.000_-123.600__c203,1251,2005-12-26,2025-10-29,7248,0.181,0.188,403,7.0,0.737,13,True,True,False,False,BAD
B004,49.000_-123.750__c454,3365,2005-12-09,2025-10-19,7255,0.487,0.505,561,3.0,0.877,22,True,False,False,False,BAD
B004,49.000_-124.900__c742,4052,2005-11-25,2025-09-09,7229,0.587,0.611,289,3.0,0.949,24,False,False,False,False,GOOD
B004,49.100_-124.600__c189,2692,2005-11-10,2026-06-03,7511,0.39,0.39,244,3.0,0.983,21,True,True,False,False,BAD
B004,49.100_-124.650__c704,4526,2005-11-21,2025-09-15,7239,0.655,0.681,337,2.0,0.99,26,False,False,False,False,GOOD
B011,47.750_-123.100__c288,6526,2005-11-10,2026-06-05,7513,0.881,0.881,19,2.0,0.98,27,False,False,False,False,GOOD
B011,47.800_-122.600__c221,7409,2005-11-10,2026-06-05,7513,1.0,1.0,19,1.0,0.974,30,False,False,False,False,GOOD
B011,47.800_-122.700__c384,7406,2005-11-10,2026-06-05,7513,0.999,0.999,19,1.0,0.993,30,False,False,False,False,GOOD
B011,47.800_-123.100__c489,7408,2005-11-10,2026-06-05,7513,1.0,1.0,19,1.0,0.978,30,False,False,False,False,GOOD
B011,47.850_-122.800__c102,7400,2005-11-10,2026-06-05,7513,0.999,0.999,19,1.0,0.93,30,False,False,False,False,GOOD
B011,47.850_-123.500__c344,7406,2005-11-10,2026-06-05,7513,0.999,0.999,19,1.0,0.977,30,False,False,False,False,GOOD
B011,48.000_-122.850__c828,3896,2005-11-23,2026-06-04,7499,0.526,0.527,121,4.0,0.943,19,False,False,False,False,GOOD
B011,48.000_-123.150__c609,7407,2005-11-10,2026-06-05,7513,0.999,0.999,19,1.0,0.981,30,False,False,False,False,GOOD
B011,48.050_-122.900__c955,7407,2005-11-10,2026-06-05,7513,0.999,0.999,19,1.0,0.918,30,False,False,False,False,GOOD
B011,48.050_-123.600__c694,7403,2005-11-10,2026-06-05,7513,0.999,0.999,19,1.0,0.992,30,False,False,False,False,GOOD
B011,48.150_-123.300__c538,7394,2005-11-10,2026-06-05,7513,0.998,0.998,19,1.0,0.959,30,False,False,False,False,GOOD
B011,48.200_-122.900__c599,7406,2005-11-10,2026-06-05,7513,0.999,0.999,19,1.0,0.99,30,False,False,False,False,GOOD
B011,48.200_-123.300__c585,7404,2005-11-10,2026-06-05,7513,0.999,0.999,19,1.0,0.991,30,False,False,False,False,GOOD
B011,48.200_-123.600__c1133,7403,2005-11-10,2026-06-05,7513,0.999,0.999,19,1.0,0.942,30,False,False,False,False,GOOD
B011,48.250_-122.950__c45,7404,2005-11-10,2026-06-05,7513,0.999,0.999,19,1.0,0.978,30,False,False,False,False,GOOD
B011,48.250_-123.500__c105,7352,2005-11-10,2026-06-05,7513,0.992,0.992,19,1.0,0.93,30,False,False,False,False,GOOD
B011,48.300_-123.850__c285,7405,2005-11-10,2026-06-05,7513,0.999,0.999,19,1.0,0.992,30,False,False,False,False,GOOD
B011,48.300_-123.850__c807,7396,2005-11-10,2026-06-05,7513,0.998,0.998,19,1.0,0.977,30,False,False,False,False,GOOD
B011,48.350_-123.300__c965,7144,2005-11-10,2026-06-05,7513,0.964,0.964,19,1.0,0.931,29,False,False,False,False,GOOD
B011,48.350_-123.550__c1413,7402,2005-11-10,2026-06-05,7513,0.999,0.999,19,1.0,0.988,30,False,False,False,False,GOOD
B011,48.400_-123.650__c723,7406,2005-11-10,2026-06-05,7513,0.999,0.999,19,1.0,0.964,30,False,False,False,False,GOOD
B011,48.400_-123.750__c1028,7406,2005-11-10,2026-06-05,7513,0.999,0.999,19,1.0,0.948,30,False,False,False,False,GOOD
B011,48.400_-123.750__c14,7407,2005-11-10,2026-06-05,7513,0.999,0.999,19,1.0,0.987,30,False,False,False,False,GOOD
B011,48.450_-122.800__c507,7406,2005-11-10,2026-06-05,7513,0.999,0.999,19,1.0,0.983,30,False,False,False,False,GOOD
B011,48.450_-122.900__c54,7408,2005-11-10,2026-06-05,7513,1.0,1.0,19,1.0,0.992,30,False,False,False,False,GOOD
B011,48.450_-123.100__c873,6407,2005-11-10,2026-06-03,7511,0.865,0.865,20,2.0,0.972,27,False,False,False,False,GOOD
B011,48.450_-123.300__c693,7406,2005-11-10,2026-06-05,7513,0.999,0.999,19,1.0,0.977,30,False,False,False,False,GOOD
B011,48.500_-123.050__c382,7406,2005-11-10,2026-06-05,7513,0.999,0.999,19,1.0,0.979,30,False,False,False,False,GOOD
B011,48.500_-123.150__c1124,7400,2005-11-10,2026-06-05,7513,0.999,0.999,19,1.0,0.98,30,False,False,False,False,GOOD
B011,48.500_-123.450__c834,7403,2005-11-10,2026-06-05,7513,0.999,0.999,19,1.0,0.949,30,False,False,False,False,GOOD
B011,48.500_-124.100__c303,7407,2005-11-10,2026-06-05,7513,0.999,0.999,19,1.0,0.98,30,False,False,False,False,GOOD
B011,48.550_-123.400__c699,7134,2005-11-10,2026-06-05,7513,0.963,0.963,19,1.0,0.957,29,False,False,False,False,GOOD
B011,48.550_-123.400__c79,7404,2005-11-10,2026-06-05,7513,0.999,0.999,19,1.0,0.951,30,False,False,False,False,GOOD
B011,48.550_-123.550__c492,5948,2005-11-15,2026-06-05,7508,0.803,0.803,19,2.0,0.782,26,False,False,False,False,GOOD
B011,48.550_-123.650__c1083,7404,2005-11-10,2026-06-05,7513,0.999,0.999,19,1.0,0.991,30,False,False,False,False,GOOD
B011,48.550_-124.200__c234,7407,2005-11-10,2026-06-05,7513,0.999,0.999,19,1.0,0.994,30,False,False,False,False,GOOD
B011,48.600_-123.200__c1005,7406,2005-11-10,2026-06-05,7513,0.999,0.999,19,1.0,0.96,30,False,False,False,False,GOOD
B011,48.600_-123.250__c427,7404,2005-11-10,2026-06-05,7513,0.999,0.999,19,1.0,0.991,30,False,False,False,False,GOOD
B011,48.600_-123.350__c655,7046,2005-11-10,2026-06-05,7513,0.951,0.951,19,1.0,0.863,29,False,False,False,False,GOOD
B011,48.600_-123.350__c884,7406,2005-11-10,2026-06-05,7513,0.999,0.999,19,1.0,0.97,30,False,False,False,False,GOOD
B011,48.600_-123.450__c1039,7406,2005-11-10,2026-06-05,7513,0.999,0.999,19,1.0,0.958,30,False,False,False,False,GOOD
B011,48.600_-123.600__c1592,7405,2005-11-10,2026-06-05,7513,0.999,0.999,19,1.0,0.978,30,False,False,False,False,GOOD
B011,48.600_-123.850__c1386,7364,2005-11-10,2026-06-05,7513,0.994,0.994,19,1.0,0.961,30,False,False,False,False,GOOD
B011,48.600_-123.900__c943,7409,2005-11-10,2026-06-05,7513,1.0,1.0,19,1.0,0.932,30,False,False,False,False,GOOD
B011,48.600_-124.400__c148,7406,2005-11-10,2026-06-05,7513,0.999,0.999,19,1.0,0.973,30,False,False,False,False,GOOD
B011,48.650_-123.700__c437,7380,2005-11-10,2026-06-05,7513,0.996,0.996,19,1.0,0.985,30,False,False,False,False,GOOD
B011,48.650_-124.000__c953,7406,2005-11-10,2026-06-05,7513,0.999,0.999,19,1.0,0.984,30,False,False,False,False,GOOD
B011,48.700_-123.150__c25,12,2007-10-05,2022-12-24,5560,0.002,0.002,4837,675.0,0.978,6,True,True,False,False,BAD
B011,48.700_-123.250__c225,7404,2005-11-10,2026-06-05,7513,0.999,0.999,19,1.0,0.977,30,False,False,False,False,GOOD
B011,48.700_-123.400__c42,7405,2005-11-10,2026-06-05,7513,0.999,0.999,19,1.0,0.962,30,False,False,False,False,GOOD
B011,48.700_-123.650__c341,7406,2005-11-10,2026-06-05,7513,0.999,0.999,19,1.0,0.823,30,False,False,False,False,GOOD
B011,48.700_-123.850__c1074,7406,2005-11-10,2026-06-05,7513,0.999,0.999,19,1.0,0.971,30,False,False,False,False,GOOD
B011,48.750_-123.600__c465,7404,2005-11-10,2026-06-05,7513,0.999,0.999,19,1.0,0.987,30,False,False,False,False,GOOD
B011,48.750_-123.900__c996,7404,2005-11-10,2026-06-05,7513,0.999,0.999,19,1.0,0.987,30,False,False,False,False,GOOD
B011,48.800_-123.500__c375,13,2007-10-05,2022-12-24,5560,0.002,0.002,3353,1403.1000000000004,0.952,6,True,True,False,False,BAD
B011,48.800_-124.500__c366,7406,2005-11-10,2026-06-05,7513,0.999,0.999,19,1.0,0.991,30,False,False,False,False,GOOD
B011,48.850_-123.500__c244,7403,2005-11-10,2026-06-05,7513,0.999,0.999,19,1.0,0.976,30,False,False,False,False,GOOD
B011,48.850_-123.650__c147,7408,2005-11-10,2026-06-05,7513,1.0,1.0,19,1.0,0.856,30,False,False,False,False,GOOD
B011,48.850_-124.100__c234,7399,2005-11-10,2026-06-05,7513,0.998,0.998,19,1.0,0.991,30,False,False,False,False,GOOD
B011,48.900_-123.600__c1384,7407,2005-11-10,2026-06-05,7513,0.999,0.999,19,1.0,0.975,30,False,False,False,False,GOOD
B011,48.900_-123.700__c547,7407,2005-11-10,2026-06-05,7513,0.999,0.999,19,1.0,0.99,30,False,False,False,False,GOOD
B011,48.900_-124.050__c395,7180,2005-11-10,2026-06-05,7513,0.969,0.969,19,1.0,0.971,30,False,False,False,False,GOOD
B011,48.900_-124.050__c988,7407,2005-11-10,2026-06-05,7513,0.999,0.999,19,1.0,0.959,30,False,False,False,False,GOOD
B011,48.950_-124.600__c985,7397,2005-11-10,2026-06-05,7513,0.998,0.998,19,1.0,0.984,30,False,False,False,False,GOOD
B011,48.950_-124.750__c321,7406,2005-11-10,2026-06-05,7513,0.999,0.999,19,1.0,0.97,30,False,False,False,False,GOOD
B011,49.000_-123.750__c270,7406,2005-11-10,2026-06-05,7513,0.999,0.999,19,1.0,0.973,30,False,False,False,False,GOOD
B011,49.000_-124.300__c1185,7404,2005-11-10,2026-06-05,7513,0.999,0.999,19,1.0,0.978,30,False,False,False,False,GOOD
B011,49.000_-124.350__c495,3033,2005-11-23,2026-06-05,7500,0.409,0.41,67,5.0,0.938,15,True,False,False,False,BAD
B011,49.100_-124.700__c86,7404,2005-11-10,2026-06-05,7513,0.999,0.999,19,1.0,0.993,30,False,False,False,False,GOOD
B011,49.300_-124.750__c358,6542,2005-11-10,2026-06-05,7513,0.883,0.883,19,1.0,0.793,28,False,False,False,False,GOOD
B011,49.350_-124.700__c414,4701,2005-11-10,2026-06-05,7513,0.634,0.634,99,3.0,0.915,21,False,False,False,False,GOOD
B013,47.000_-122.800__c817,2041,2007-02-08,2026-06-03,7056,0.298,0.298,215,5.0,0.965,18,True,True,False,False,BAD
B013,47.050_-122.800__c689,4173,2007-01-25,2026-06-04,7071,0.608,0.609,84,3.0,0.986,20,False,False,False,False,GOOD
B013,47.050_-123.100__c1259,6647,2007-01-23,2026-06-05,7074,0.969,0.969,79,1.0,0.971,30,False,False,False,False,GOOD
B013,47.100_-123.100__c1064,65,2007-02-05,2025-01-08,6548,0.009,0.01,1172,359.70000000000005,0.526,7,True,True,False,True,BAD
B013,47.250_-122.750__c292,6143,2007-01-23,2026-06-04,7073,0.895,0.896,79,1.0,0.975,28,False,False,False,False,GOOD
B013,47.250_-123.100__c423,6015,2007-01-29,2026-06-04,7067,0.877,0.878,82,1.0,0.962,27,False,False,False,False,GOOD
B013,47.350_-122.750__c1097,6835,2007-01-22,2026-06-05,7075,0.996,0.996,79,1.0,0.993,30,False,False,False,False,GOOD
B013,47.400_-123.000__c670,1215,2007-01-23,2026-01-14,6932,0.177,0.181,335,9.0,0.968,10,True,True,False,False,BAD
B013,47.450_-123.300__c191,6755,2007-01-22,2026-06-05,7075,0.985,0.985,79,1.0,0.996,30,False,False,False,False,GOOD
B013,47.500_-122.750__c964,6650,2007-01-23,2026-06-04,7073,0.969,0.97,79,1.0,0.988,30,False,False,False,False,GOOD
B013,47.500_-123.050__c223,23,2007-08-07,2016-06-06,3227,0.003,0.007,3100,23.10000000000002,0.888,7,True,True,True,False,BAD
B013,47.500_-123.200__c104,6793,2007-01-22,2026-06-05,7075,0.99,0.99,79,1.0,0.98,30,False,False,False,False,GOOD
B013,47.550_-122.850__c299,6710,2007-01-23,2026-06-04,7073,0.978,0.978,79,1.0,0.992,30,False,False,False,False,GOOD
B013,47.550_-123.250__c630,6633,2007-01-23,2026-06-05,7074,0.967,0.967,79,1.0,0.906,30,False,False,False,False,GOOD
B013,47.600_-122.700__c585,3875,2007-01-23,2026-01-30,6948,0.565,0.575,80,3.0,0.938,20,False,False,False,False,GOOD
B013,47.650_-122.700__c551,23,2007-08-07,2016-06-06,3227,0.003,0.007,3100,23.10000000000002,0.759,7,True,True,True,False,BAD
B013,47.650_-123.000__c800,2250,2007-02-03,2026-05-02,7029,0.328,0.33,167,6.0,0.936,15,True,False,False,False,BAD
B013,47.650_-123.050__c381,6654,2007-01-23,2026-06-05,7074,0.97,0.97,79,1.0,0.952,30,False,False,False,False,GOOD
B013,47.650_-123.100__c110,6770,2007-01-23,2026-06-05,7074,0.987,0.987,79,1.0,0.976,30,False,False,False,False,GOOD
B013,47.700_-122.900__c754,6714,2007-01-22,2026-06-04,7074,0.979,0.979,79,1.0,0.992,30,False,False,False,False,GOOD
B013,47.700_-122.950__c915,221,2007-01-23,2025-10-06,6832,0.032,0.033,856,59.099999999999994,0.503,8,True,True,False,True,BAD
B013,47.700_-123.100__c1235,5236,2007-01-23,2026-05-26,7064,0.763,0.764,79,2.0,0.984,25,False,False,False,False,GOOD
B013,47.700_-123.400__c810,6553,2007-01-22,2026-06-04,7074,0.955,0.955,79,1.0,0.994,30,False,False,False,False,GOOD
B013,47.700_-123.450__c404,6755,2007-01-22,2026-06-05,7075,0.985,0.985,79,1.0,0.992,30,False,False,False,False,GOOD
B013,47.750_-122.600__c700,6790,2007-01-23,2026-06-05,7074,0.99,0.99,79,1.0,0.976,30,False,False,False,False,GOOD
B013,47.750_-122.700__c737,6720,2007-01-23,2026-06-05,7074,0.98,0.98,79,1.0,0.938,30,False,False,False,False,GOOD
B013,47.750_-122.750__c376,5683,2007-01-23,2026-06-04,7073,0.828,0.829,79,2.0,0.964,27,False,False,False,False,GOOD
B013,47.750_-122.750__c920,5584,2007-01-23,2026-06-03,7072,0.814,0.814,79,2.0,0.976,27,False,False,False,False,GOOD
B013,47.750_-123.050__c896,6266,2007-01-23,2026-06-04,7073,0.913,0.914,79,1.0,0.971,29,False,False,False,False,GOOD
B013,47.750_-123.400__c466,4807,2007-01-23,2026-05-26,7064,0.701,0.702,82,2.0,0.963,24,False,False,False,False,GOOD
B013,47.750_-123.450__c139,6149,2007-01-23,2026-06-04,7073,0.896,0.897,79,1.0,0.995,28,False,False,False,False,GOOD
B013,47.800_-122.800__c561,5048,2007-01-23,2026-06-04,7073,0.736,0.736,79,2.0,0.991,24,False,False,False,False,GOOD
B013,47.800_-122.900__c109,43,2007-08-07,2021-02-06,4933,0.006,0.009,1454,560.3999999999997,0.735,7,True,True,False,False,BAD
B013,47.800_-122.950__c888,6668,2007-01-23,2026-06-05,7074,0.972,0.972,79,1.0,0.975,30,False,False,False,False,GOOD
B013,47.800_-123.100__c949,6281,2007-01-23,2026-06-04,7073,0.916,0.916,79,1.0,0.964,29,False,False,False,False,GOOD
B013,47.850_-122.750__c708,6608,2007-01-22,2026-06-05,7075,0.963,0.963,79,1.0,0.994,30,False,False,False,False,GOOD
B013,47.850_-123.100__c302,6530,2007-01-23,2026-06-05,7074,0.952,0.952,79,1.0,0.956,30,False,False,False,False,GOOD
B013,47.850_-123.150__c547,6803,2007-01-23,2026-06-05,7074,0.992,0.992,79,1.0,0.956,30,False,False,False,False,GOOD
B013,47.850_-123.350__c295,6520,2007-01-22,2026-06-05,7075,0.95,0.95,79,1.0,0.982,30,False,False,False,False,GOOD
B013,47.900_-122.800__c382,6237,2007-01-23,2026-06-04,7073,0.909,0.909,79,1.0,0.985,29,False,False,False,False,GOOD
B013,47.900_-122.850__c822,4795,2007-01-31,2026-06-04,7065,0.699,0.7,79,2.0,0.98,24,False,False,False,False,GOOD
B013,47.900_-122.950__c324,3939,2007-01-23,2026-06-04,7073,0.574,0.574,91,3.0,0.993,21,False,False,False,False,GOOD
B013,47.900_-123.050__c350,5424,2007-01-23,2026-06-04,7073,0.791,0.791,79,2.0,0.995,26,False,False,False,False,GOOD
B013,47.900_-123.050__c777,4626,2007-01-23,2026-06-04,7073,0.674,0.675,79,3.0,0.986,23,False,False,False,False,GOOD
B013,47.900_-123.150__c889,6608,2007-01-23,2026-06-04,7073,0.963,0.964,79,1.0,0.927,30,False,False,False,False,GOOD
B013,47.950_-122.750__c50,6501,2007-01-23,2026-06-04,7073,0.948,0.948,79,1.0,0.972,30,False,False,False,False,GOOD
B013,47.950_-122.850__c511,6816,2007-01-22,2026-06-05,7075,0.994,0.994,79,1.0,0.987,30,False,False,False,False,GOOD
B013,47.950_-122.950__c424,6652,2007-01-22,2026-06-05,7075,0.97,0.97,79,1.0,0.991,30,False,False,False,False,GOOD
B013,48.000_-122.900__c421,6643,2007-01-23,2026-06-04,7073,0.968,0.969,79,1.0,0.985,30,False,False,False,False,GOOD
B013,48.000_-123.100__c277,6753,2007-01-22,2026-06-05,7075,0.984,0.984,79,1.0,0.959,30,False,False,False,False,GOOD
B013,48.000_-123.200__c710,6714,2007-01-22,2026-06-04,7074,0.979,0.979,79,1.0,0.992,30,False,False,False,False,GOOD
B013,48.000_-123.400__c519,6588,2007-01-23,2026-06-05,7074,0.96,0.96,79,1.0,0.965,30,False,False,False,False,GOOD
B013,48.000_-123.550__c63,6753,2007-01-23,2026-06-05,7074,0.984,0.985,79,1.0,0.987,30,False,False,False,False,GOOD
B013,48.050_-122.900__c1046,1923,2007-06-13,2026-01-19,6796,0.28,0.288,175,6.0,0.874,14,True,False,False,False,BAD
B013,48.100_-123.000__c176,23,2007-08-07,2016-06-06,3227,0.003,0.007,3100,23.10000000000002,0.772,7,True,True,True,False,BAD
B013,48.100_-123.700__c339,6094,2007-01-23,2026-06-04,7073,0.888,0.889,79,1.0,0.995,29,False,False,False,False,GOOD
B013,48.150_-122.950__c26,21,2007-08-07,2016-06-06,3227,0.003,0.007,3100,26.10000000000003,0.951,7,True,True,True,False,BAD
B013,48.200_-123.100__c480,5489,2007-01-23,2026-06-04,7073,0.8,0.8,79,2.0,0.967,26,False,False,False,False,GOOD
B013,48.200_-123.400__c782,21,2007-08-07,2016-06-06,3227,0.003,0.007,3100,26.10000000000003,0.946,7,True,True,True,False,BAD
B013,48.250_-123.200__c416,4101,2007-01-23,2026-05-25,7063,0.598,0.599,98,3.0,0.971,21,False,False,False,False,GOOD
B013,48.250_-123.300__c1148,23,2007-08-07,2016-06-06,3227,0.003,0.007,3100,23.10000000000002,0.877,7,True,True,True,False,BAD
B013,48.250_-123.800__c838,23,2007-08-07,2016-06-06,3227,0.003,0.007,3100,23.10000000000002,0.965,7,True,True,True,False,BAD
B013,48.300_-122.900__c446,4218,2007-01-25,2026-06-04,7071,0.615,0.615,83,3.0,0.973,21,False,False,False,False,GOOD
B013,48.350_-122.850__c666,6475,2007-01-23,2026-06-04,7073,0.944,0.944,79,1.0,0.997,30,False,False,False,False,GOOD
B013,48.350_-123.850__c846,5876,2007-01-23,2026-06-04,7073,0.857,0.857,79,1.0,0.965,27,False,False,False,False,GOOD
B013,48.400_-122.800__c1047,6646,2007-01-23,2026-06-05,7074,0.969,0.969,79,1.0,0.987,30,False,False,False,False,GOOD
B013,48.500_-122.750__c208,6807,2007-01-22,2026-06-05,7075,0.992,0.992,79,1.0,0.971,30,False,False,False,False,GOOD
B013,48.500_-123.400__c348,5691,2007-01-23,2026-06-03,7072,0.83,0.83,79,2.0,0.962,26,False,False,False,False,GOOD
B013,48.500_-123.800__c783,2172,2007-06-04,2026-03-26,6871,0.317,0.322,234,6.0,0.943,15,True,True,False,False,BAD
B013,48.500_-124.050__c791,5553,2007-01-23,2026-06-04,7073,0.809,0.81,79,2.0,0.989,26,False,False,False,False,GOOD
B013,48.550_-123.200__c1170,6247,2007-01-23,2026-06-03,7072,0.911,0.911,79,1.0,0.964,29,False,False,False,False,GOOD
B013,48.650_-123.550__c133,26,2007-08-07,2021-02-06,4933,0.004,0.005,3100,26.400000000000006,0.833,6,True,True,False,False,BAD
B013,48.700_-123.600__c116,6812,2007-01-22,2026-06-05,7075,0.993,0.993,79,1.0,0.994,30,False,False,False,False,GOOD
B014,46.900_-122.650__c482,5070,2008-03-20,2026-06-05,6652,0.844,0.845,416,1.0,0.949,29,False,False,False,False,GOOD
B014,46.900_-122.800__c1014,5252,2008-03-27,2025-11-22,6450,0.874,0.897,406,1.0,0.989,30,False,False,False,False,GOOD
B014,46.900_-122.900__c608,5176,2008-03-16,2026-06-05,6656,0.861,0.862,411,1.0,0.945,30,False,False,False,False,GOOD
B014,47.050_-122.600__c173,5469,2008-03-27,2026-06-01,6641,0.91,0.913,406,1.0,0.977,30,False,False,False,False,GOOD
B014,47.100_-123.000__c387,5947,2008-03-11,2026-06-05,6661,0.99,0.99,401,1.0,0.939,30,False,False,False,False,GOOD
B014,47.200_-122.700__c508,3837,2008-03-16,2025-11-22,6461,0.639,0.654,447,2.0,0.795,25,False,False,False,False,GOOD
B014,47.200_-123.100__c692,2217,2009-04-25,2025-11-21,6055,0.369,0.406,446,4.0,0.976,18,True,True,False,False,BAD
B014,47.200_-123.200__c234,5568,2008-03-12,2026-06-03,6658,0.927,0.927,404,1.0,0.906,30,False,False,False,False,GOOD
B014,47.250_-123.000__c618,4721,2008-03-27,2025-11-23,6451,0.786,0.806,409,1.0,0.87,29,False,False,False,False,GOOD
B014,47.300_-123.050__c547,2922,2009-05-03,2026-06-05,6243,0.486,0.523,442,3.0,0.963,20,True,False,False,False,BAD
B014,47.300_-123.050__c762,4121,2008-04-21,2025-11-22,6425,0.686,0.707,439,2.0,0.971,27,False,False,False,False,GOOD
B014,47.350_-122.950__c84,5923,2008-03-12,2026-06-05,6660,0.986,0.986,401,1.0,0.976,30,False,False,False,False,GOOD
B014,47.400_-122.700__c961,5380,2008-03-24,2026-06-05,6648,0.895,0.897,404,1.0,0.938,30,False,False,False,False,GOOD
B014,47.400_-122.750__c1041,5983,2008-03-13,2026-06-05,6659,0.996,0.996,401,1.0,0.963,30,False,False,False,False,GOOD
B014,47.400_-122.750__c917,2250,2009-05-01,2025-11-22,6050,0.374,0.412,495,4.0,0.956,17,True,True,False,False,BAD
B014,47.450_-123.300__c190,111,2009-11-22,2026-04-18,5992,0.018,0.021,729,248.2000000000001,0.618,7,True,True,False,False,BAD
B014,47.500_-123.300__c66,1087,2008-03-21,2026-06-04,6650,0.181,0.181,621,8.0,0.787,12,True,True,False,False,BAD
B014,47.550_-122.750__c139,5597,2008-03-22,2026-06-05,6650,0.931,0.933,403,1.0,0.981,30,False,False,False,False,GOOD
B014,47.550_-122.900__c647,99,2009-05-10,2025-10-29,6017,0.016,0.018,1285,284.2999999999998,0.825,8,True,True,False,False,BAD
B014,47.550_-123.150__c70,5430,2008-03-17,2026-06-05,6655,0.904,0.905,404,1.0,0.923,30,False,False,False,False,GOOD
B014,47.550_-123.300__c942,831,2009-05-05,2026-04-11,6186,0.138,0.15,621,10.100000000000023,0.919,10,True,True,False,False,BAD
B014,47.600_-122.750__c752,5678,2008-03-15,2026-06-05,6657,0.945,0.946,403,1.0,0.943,30,False,False,False,False,GOOD
B014,47.600_-123.050__c1275,5928,2008-03-12,2026-06-05,6660,0.987,0.987,402,1.0,0.865,30,False,False,False,False,GOOD
B014,47.600_-123.100__c150,1537,2008-04-04,2026-06-05,6637,0.256,0.257,606,6.0,0.711,15,True,True,False,False,BAD
B014,47.600_-123.150__c679,2989,2008-03-21,2026-05-19,6634,0.497,0.5,444,3.0,0.696,20,True,False,False,False,BAD
B014,47.650_-122.650__c971,3808,2008-04-12,2026-06-05,6629,0.634,0.637,415,2.0,0.94,24,False,False,False,False,GOOD
B014,47.650_-123.350__c54,5984,2008-03-12,2026-06-05,6660,0.996,0.996,401,1.0,0.987,30,False,False,False,False,GOOD
B014,47.700_-122.600__c532,5855,2008-03-16,2026-06-05,6656,0.974,0.975,402,1.0,0.985,30,False,False,False,False,GOOD
B014,47.700_-122.950__c1431,3509,2009-04-26,2026-04-23,6207,0.584,0.632,428,2.0,0.784,24,False,False,False,False,GOOD
B014,47.700_-123.300__c375,4791,2008-03-20,2026-06-05,6652,0.797,0.798,414,2.0,0.744,27,False,False,False,False,GOOD
B014,47.700_-123.400__c45,5650,2008-03-21,2026-06-05,6651,0.94,0.942,402,1.0,0.986,30,False,False,False,False,GOOD
B014,47.750_-122.800__c1181,5375,2008-03-24,2026-06-05,6648,0.894,0.896,405,1.0,0.816,30,False,False,False,False,GOOD
B014,47.750_-122.850__c702,148,2009-05-06,2026-04-26,6200,0.025,0.027,1282,38.80000000000024,0.7,8,True,True,False,False,BAD
B014,47.750_-123.450__c427,5899,2008-03-14,2026-06-05,6658,0.982,0.982,401,1.0,0.99,30,False,False,False,False,GOOD
B014,47.800_-123.400__c185,3427,2009-04-25,2025-11-21,6055,0.57,0.627,446,3.0,0.988,23,False,False,False,False,GOOD
B014,47.900_-123.050__c1216,185,2009-05-08,2026-06-05,6238,0.031,0.033,1273,14.700000000000017,0.736,10,True,True,False,False,BAD
B014,47.900_-123.200__c928,514,2009-05-09,2026-06-05,6237,0.086,0.092,643,14.0,0.973,9,True,True,False,False,BAD
B014,47.900_-123.250__c446,141,2009-05-09,2026-04-20,6191,0.023,0.025,1285,70.20000000000027,0.954,8,True,True,False,False,BAD
B014,47.900_-123.400__c1131,5773,2008-03-17,2026-06-04,6654,0.961,0.962,402,1.0,0.971,30,False,False,False,False,GOOD
B014,47.950_-122.900__c1206,4815,2008-04-20,2025-11-22,6426,0.801,0.825,419,1.0,0.985,29,False,False,False,False,GOOD
B014,48.000_-122.900__c144,5988,2008-03-12,2026-06-05,6660,0.997,0.997,401,1.0,0.988,30,False,False,False,False,GOOD
B014,48.000_-123.000__c237,5466,2008-03-22,2025-11-22,6455,0.91,0.932,407,1.0,0.991,30,False,False,False,False,GOOD
B014,48.000_-123.250__c542,5523,2008-03-22,2026-06-05,6650,0.919,0.921,404,1.0,0.756,30,False,False,False,False,GOOD
B014,48.000_-123.400__c771,210,2009-05-09,2026-06-05,6237,0.035,0.038,1252,14.200000000000017,0.945,10,True,True,False,False,BAD
B014,48.000_-123.500__c777,1480,2008-03-26,2025-11-19,6448,0.246,0.253,501,6.0,0.894,14,True,True,False,False,BAD
B014,48.050_-122.950__c149,5531,2008-03-17,2026-06-04,6654,0.92,0.922,405,1.0,0.954,30,False,False,False,False,GOOD
B014,48.050_-123.450__c1367,5929,2008-03-11,2026-06-05,6661,0.987,0.987,401,1.0,0.935,30,False,False,False,False,GOOD
B014,48.100_-123.050__c630,5775,2008-03-19,2026-06-05,6653,0.961,0.962,402,1.0,0.793,30,False,False,False,False,GOOD
B014,48.150_-123.200__c336,302,2009-05-08,2025-10-29,6019,0.05,0.056,667,21.0,0.962,8,True,True,False,False,BAD
B014,48.150_-123.800__c222,5449,2008-03-27,2025-11-23,6451,0.907,0.93,402,1.0,0.991,30,False,False,False,False,GOOD
B014,48.200_-122.850__c366,5219,2008-03-14,2026-06-05,6658,0.869,0.869,408,1.0,0.959,30,False,False,False,False,GOOD
B014,48.200_-123.300__c659,35,2011-05-11,2025-10-06,5263,0.006,0.007,4979,25.099999999999998,0.765,7,True,True,False,False,BAD
B014,48.200_-123.450__c342,4876,2008-03-26,2026-04-02,6582,0.811,0.822,418,1.0,0.989,29,False,False,False,False,GOOD
B014,48.250_-123.050__c1393,5870,2008-03-13,2026-06-05,6659,0.977,0.977,402,1.0,0.923,30,False,False,False,False,GOOD
B014,48.250_-123.100__c1366,2654,2008-04-05,2026-06-05,6636,0.442,0.444,441,4.0,0.922,18,True,True,False,False,BAD
B014,48.250_-123.200__c619,5824,2008-03-14,2026-06-05,6658,0.969,0.97,401,1.0,0.703,30,False,False,False,False,GOOD
B014,48.300_-122.850__c526,5453,2008-03-19,2025-11-23,6459,0.907,0.93,404,1.0,0.97,30,False,False,False,False,GOOD
B014,48.300_-122.950__c324,5580,2008-03-25,2026-06-05,6647,0.929,0.931,404,1.0,0.973,30,False,False,False,False,GOOD
B014,48.300_-123.250__c25,5812,2008-03-12,2026-06-05,6660,0.967,0.967,402,1.0,0.983,30,False,False,False,False,GOOD
B014,48.300_-123.800__c235,5164,2008-03-27,2026-06-05,6645,0.859,0.862,406,1.0,0.952,30,False,False,False,False,GOOD
B014,48.300_-123.850__c388,5993,2008-03-11,2026-06-05,6661,0.997,0.997,401,1.0,0.985,30,False,False,False,False,GOOD
B014,48.350_-122.900__c18,5555,2008-03-26,2026-06-05,6646,0.924,0.927,403,1.0,0.99,30,False,False,False,False,GOOD
B014,48.350_-123.600__c980,5645,2008-03-17,2026-06-05,6655,0.939,0.94,407,1.0,0.914,30,False,False,False,False,GOOD
B014,48.400_-123.200__c486,5946,2008-03-11,2026-06-05,6661,0.99,0.99,401,1.0,0.971,30,False,False,False,False,GOOD
B014,48.400_-123.500__c318,5386,2008-04-19,2026-06-05,6622,0.896,0.902,404,1.0,0.989,30,False,False,False,False,GOOD
B014,48.400_-123.750__c272,5988,2008-03-13,2026-06-05,6659,0.997,0.997,401,1.0,0.901,30,False,False,False,False,GOOD
B014,48.400_-123.900__c906,6004,2008-03-11,2026-06-05,6661,0.999,0.999,401,1.0,0.953,30,False,False,False,False,GOOD
B018,46.300_-122.950__c58,7062,2006-04-25,2026-05-30,7341,1.0,1.0,78,1.0,0.977,30,False,False,False,False,GOOD
B018,46.350_-123.050__c285,6910,2006-04-25,2026-05-29,7340,0.978,0.978,78,1.0,0.966,30,False,False,False,False,GOOD
B018,46.350_-123.200__c18,7063,2006-04-25,2026-05-30,7341,1.0,1.0,78,1.0,0.992,30,False,False,False,False,GOOD
B018,46.450_-123.100__c54,49,2006-08-22,2023-09-06,6225,0.007,0.008,2450,53.80000000000024,0.651,7,True,True,False,False,BAD
B018,46.500_-123.100__c731,6874,2006-04-25,2026-05-29,7340,0.973,0.973,79,1.0,0.989,30,False,False,False,False,GOOD
B018,46.550_-122.800__c625,7054,2006-04-25,2026-05-30,7341,0.998,0.998,78,1.0,0.991,30,False,False,False,False,GOOD
B018,46.600_-122.700__c414,7049,2006-04-25,2026-05-30,7341,0.998,0.998,78,1.0,0.99,30,False,False,False,False,GOOD
B018,46.650_-122.950__c183,7037,2006-04-25,2026-05-30,7341,0.996,0.996,78,1.0,0.99,30,False,False,False,False,GOOD
B018,46.750_-122.800__c340,7059,2006-04-25,2026-05-30,7341,0.999,0.999,78,1.0,0.98,30,False,False,False,False,GOOD
B018,46.750_-122.950__c479,6822,2006-04-25,2026-05-29,7340,0.966,0.966,79,1.0,0.989,30,False,False,False,False,GOOD
B018,46.750_-123.100__c492,6634,2006-04-25,2026-05-29,7340,0.939,0.939,78,1.0,0.946,29,False,False,False,False,GOOD
B018,46.800_-123.050__c44,7053,2006-04-25,2026-05-30,7341,0.998,0.998,78,1.0,0.921,30,False,False,False,False,GOOD
B018,46.800_-123.200__c107,6046,2006-04-25,2026-05-29,7340,0.856,0.856,87,2.0,0.973,28,False,False,False,False,GOOD
B018,46.850_-122.650__c758,6940,2006-04-25,2026-05-29,7340,0.982,0.982,79,1.0,0.965,30,False,False,False,False,GOOD
B018,46.850_-122.800__c1207,7038,2006-04-25,2026-05-30,7341,0.996,0.996,78,1.0,0.992,30,False,False,False,False,GOOD
B018,46.850_-122.950__c687,7049,2006-04-25,2026-05-30,7341,0.998,0.998,78,1.0,0.988,30,False,False,False,False,GOOD
B018,46.850_-123.050__c20,7061,2006-04-25,2026-05-30,7341,0.999,0.999,78,1.0,0.976,30,False,False,False,False,GOOD
B018,46.850_-123.050__c606,7017,2006-04-25,2026-05-29,7340,0.993,0.993,78,1.0,0.995,30,False,False,False,False,GOOD
B018,46.900_-122.650__c276,2293,2006-05-03,2025-11-09,7131,0.325,0.335,260,6.0,0.882,15,True,True,False,False,BAD
B018,46.900_-122.850__c891,6978,2006-04-25,2026-05-29,7340,0.988,0.988,79,1.0,0.985,30,False,False,False,False,GOOD
B018,46.900_-122.950__c1017,6994,2006-04-25,2026-05-29,7340,0.99,0.99,78,1.0,0.989,30,False,False,False,False,GOOD
B018,46.900_-123.000__c615,6986,2006-04-25,2026-05-29,7340,0.989,0.989,78,1.0,0.949,30,False,False,False,False,GOOD
B018,46.900_-123.150__c42,6863,2006-04-25,2026-05-29,7340,0.971,0.972,83,1.0,0.964,30,False,False,False,False,GOOD
B018,46.950_-123.050__c653,5211,2006-04-25,2026-05-29,7340,0.738,0.738,87,2.0,0.942,25,False,False,False,False,GOOD
B018,46.950_-123.100__c523,7029,2006-04-25,2026-05-29,7340,0.995,0.995,78,1.0,0.988,30,False,False,False,False,GOOD
B018,47.000_-122.950__c1036,6966,2006-04-25,2026-05-29,7340,0.986,0.986,78,1.0,0.984,30,False,False,False,False,GOOD
B018,47.000_-122.950__c1157,6636,2006-04-25,2026-05-29,7340,0.939,0.939,87,1.0,0.943,30,False,False,False,False,GOOD
B018,47.050_-122.700__c1278,7054,2006-04-25,2026-05-30,7341,0.998,0.998,78,1.0,0.965,30,False,False,False,False,GOOD
B018,47.050_-122.850__c190,6969,2006-04-25,2026-05-29,7340,0.986,0.987,79,1.0,0.949,30,False,False,False,False,GOOD
B018,47.050_-123.100__c699,6915,2006-04-25,2026-05-29,7340,0.979,0.979,79,1.0,0.996,30,False,False,False,False,GOOD
B018,47.100_-122.550__c41,6981,2006-04-25,2026-05-29,7340,0.988,0.988,78,1.0,0.969,30,False,False,False,False,GOOD
B018,47.100_-122.750__c488,7040,2006-04-25,2026-05-29,7340,0.996,0.997,78,1.0,0.974,30,False,False,False,False,GOOD
B018,47.100_-122.900__c431,7014,2006-04-25,2026-05-29,7340,0.993,0.993,78,1.0,0.954,30,False,False,False,False,GOOD
B018,47.100_-123.000__c554,6899,2006-04-25,2026-05-29,7340,0.977,0.977,78,1.0,0.985,30,False,False,False,False,GOOD
B018,47.100_-123.000__c767,7012,2006-04-25,2026-05-29,7340,0.992,0.993,78,1.0,0.988,30,False,False,False,False,GOOD
B018,47.100_-123.050__c357,6460,2006-04-25,2026-05-29,7340,0.914,0.914,87,1.0,0.982,29,False,False,False,False,GOOD
B018,47.100_-123.150__c387,6867,2006-04-25,2026-05-29,7340,0.972,0.972,78,1.0,0.977,30,False,False,False,False,GOOD
B018,47.150_-122.500__c153,7031,2006-04-25,2026-05-29,7340,0.995,0.995,78,1.0,0.991,30,False,False,False,False,GOOD
B018,47.150_-123.050__c811,6631,2006-04-25,2026-05-29,7340,0.939,0.939,83,1.0,0.986,29,False,False,False,False,GOOD
B018,47.200_-122.650__c74,7065,2006-04-25,2026-05-30,7341,1.0,1.0,78,1.0,0.992,30,False,False,False,False,GOOD
B018,47.250_-122.850__c716,7014,2006-04-25,2026-05-29,7340,0.993,0.993,78,1.0,0.98,30,False,False,False,False,GOOD
B018,47.250_-122.950__c774,6993,2006-04-25,2026-05-29,7340,0.99,0.99,78,1.0,0.986,30,False,False,False,False,GOOD
B018,47.250_-123.050__c1196,635,2006-07-04,2025-11-12,7072,0.09,0.093,1122,12.0,0.964,8,True,True,False,False,BAD
B018,47.250_-123.100__c201,6737,2006-04-25,2026-05-29,7340,0.954,0.954,83,1.0,0.979,30,False,False,False,False,GOOD
B018,47.250_-123.300__c72,7053,2006-04-25,2026-05-30,7341,0.998,0.998,78,1.0,0.992,30,False,False,False,False,GOOD
B018,47.350_-122.650__c173,7063,2006-04-25,2026-05-30,7341,1.0,1.0,78,1.0,0.989,30,False,False,False,False,GOOD
B018,47.400_-123.400__c59,7062,2006-04-25,2026-05-30,7341,1.0,1.0,78,1.0,0.986,30,False,False,False,False,GOOD
B018,47.450_-122.600__c306,7047,2006-04-25,2026-05-30,7341,0.997,0.997,78,1.0,0.992,30,False,False,False,False,GOOD
B018,47.450_-123.000__c1239,6893,2006-04-25,2026-05-29,7340,0.976,0.976,82,1.0,0.953,30,False,False,False,False,GOOD
B018,47.450_-123.250__c409,6938,2006-04-25,2026-05-29,7340,0.982,0.982,78,1.0,0.985,30,False,False,False,False,GOOD
B018,47.500_-123.250__c372,2240,2006-04-25,2025-10-30,7129,0.317,0.327,274,5.0,0.993,19,True,True,False,False,BAD
B018,47.550_-122.850__c43,6869,2006-04-25,2026-05-29,7340,0.972,0.972,79,1.0,0.96,30,False,False,False,False,GOOD
B018,47.600_-122.700__c724,7024,2006-04-25,2026-05-30,7341,0.994,0.994,78,1.0,0.991,30,False,False,False,False,GOOD
B018,47.700_-122.850__c449,4724,2006-04-25,2026-05-29,7340,0.669,0.669,88,3.0,0.953,24,False,False,False,False,GOOD
B018,47.700_-123.250__c642,6724,2006-04-25,2026-05-29,7340,0.952,0.952,79,1.0,0.934,30,False,False,False,False,GOOD
B018,47.850_-123.150__c149,7053,2006-04-25,2026-05-30,7341,0.998,0.998,78,1.0,0.99,30,False,False,False,False,GOOD
B020,45.500_-122.850__c61,1754,2013-04-01,2026-06-06,4815,0.274,0.368,384,4.0,0.872,20,True,True,False,False,BAD
B020,45.500_-123.100__c635,1664,2013-04-01,2026-06-05,4814,0.26,0.35,231,4.0,0.879,19,True,True,False,False,BAD
B020,45.500_-123.200__c490,2931,2013-04-01,2026-06-06,4815,0.459,0.616,232,2.0,0.859,25,True,False,False,False,BAD
B020,45.500_-123.400__c1208,2933,2013-04-01,2026-06-06,4815,0.459,0.616,234,2.0,0.864,26,True,False,False,False,BAD
B020,45.500_-123.500__c90,2504,2013-04-01,2026-06-06,4815,0.392,0.526,231,3.0,0.831,23,True,False,False,False,BAD
B020,45.550_-123.300__c962,2724,2013-04-01,2026-06-06,4815,0.426,0.572,231,2.0,0.847,24,True,False,False,False,BAD
B020,45.550_-123.350__c101,2585,2013-04-01,2026-06-06,4815,0.405,0.543,239,3.0,0.794,24,True,False,False,False,BAD
B020,45.550_-123.350__c72,1602,2013-04-01,2026-06-06,4815,0.251,0.337,231,4.0,0.759,19,True,True,False,False,BAD
B020,45.600_-123.200__c330,3069,2012-06-15,2026-06-06,5105,0.48,0.608,278,2.0,0.794,26,True,False,False,False,BAD
B020,45.600_-123.200__c44,948,2013-04-01,2026-06-06,4815,0.148,0.199,239,7.0,0.578,14,True,True,False,True,BAD
B020,45.600_-123.300__c1370,2591,2013-04-01,2026-06-06,4815,0.405,0.544,233,3.0,0.826,24,True,False,False,False,BAD
B020,45.600_-123.350__c822,2406,2013-04-01,2026-06-06,4815,0.377,0.505,231,3.0,0.8,22,True,False,False,False,BAD
B020,45.600_-123.400__c29,2443,2013-04-01,2026-06-05,4814,0.382,0.513,231,3.0,0.774,22,True,False,False,False,BAD
B020,45.800_-123.200__c269,2491,2013-04-01,2026-06-06,4815,0.39,0.523,231,3.0,0.845,23,True,False,False,False,BAD
B020,45.800_-123.350__c238,1818,2013-04-01,2026-06-06,4815,0.285,0.382,231,3.0,0.848,21,True,True,False,False,BAD
B020,45.850_-123.100__c82,1826,2013-04-01,2026-06-06,4815,0.286,0.384,231,3.0,0.823,21,True,True,False,False,BAD
B020,45.850_-123.350__c341,1508,2013-04-01,2026-06-05,4814,0.236,0.317,231,4.0,0.855,18,True,True,False,False,BAD
B020,45.900_-123.100__c907,2756,2013-04-01,2026-06-06,4815,0.431,0.579,233,2.0,0.727,25,True,False,False,False,BAD
B020,45.900_-123.150__c861,2669,2013-04-01,2026-06-06,4815,0.418,0.561,238,2.0,0.79,24,True,False,False,False,BAD
B020,45.900_-123.350__c653,2372,2013-04-01,2026-06-06,4815,0.371,0.498,232,3.0,0.777,22,True,True,False,False,BAD
B020,45.900_-123.400__c97,2504,2013-04-01,2026-06-06,4815,0.392,0.526,231,3.0,0.844,22,True,False,False,False,BAD
B020,45.950_-123.150__c464,3026,2012-06-04,2026-06-06,5116,0.474,0.598,270,2.0,0.831,26,True,False,False,False,BAD
B020,46.100_-123.200__c98,2038,2013-04-01,2026-06-06,4815,0.319,0.428,252,3.0,0.891,22,True,True,False,False,BAD
B020,46.150_-123.150__c646,2495,2013-04-01,2026-06-05,4814,0.39,0.524,231,3.0,0.844,23,True,False,False,False,BAD
B020,46.250_-123.200__c481,2202,2013-04-01,2026-06-05,4814,0.345,0.463,231,3.0,0.838,22,True,True,False,False,BAD
B020,46.300_-122.600__c40,1942,2013-04-01,2026-06-06,4815,0.304,0.408,231,3.0,0.753,21,True,True,False,False,BAD
B020,46.300_-123.000__c149,2107,2013-04-01,2026-06-06,4815,0.33,0.443,231,3.0,0.886,22,True,True,False,False,BAD
B020,46.300_-123.200__c371,2750,2013-04-01,2026-06-06,4815,0.43,0.578,233,2.0,0.868,24,True,False,False,False,BAD
B020,46.300_-123.250__c49,2524,2013-04-01,2026-06-06,4815,0.395,0.53,231,3.0,0.811,23,True,False,False,False,BAD
B020,46.450_-122.850__c181,2639,2013-04-01,2026-06-06,4815,0.413,0.554,231,3.0,0.775,24,True,False,False,False,BAD
B020,46.450_-122.900__c33,1929,2013-04-01,2026-06-06,4815,0.302,0.405,231,3.0,0.785,21,True,True,False,False,BAD
B020,46.500_-122.800__c600,2097,2013-04-01,2026-06-05,4814,0.328,0.441,231,3.0,0.698,20,True,True,False,False,BAD
B020,46.500_-122.850__c584,1993,2013-04-01,2026-06-06,4815,0.312,0.419,231,3.0,0.856,21,True,True,False,False,BAD
B020,46.500_-123.200__c140,2194,2013-04-01,2026-06-06,4815,0.343,0.461,231,3.0,0.794,23,True,True,False,False,BAD
B020,46.500_-123.250__c19,2575,2013-04-01,2026-06-06,4815,0.403,0.541,231,3.0,0.851,23,True,False,False,False,BAD
B020,46.550_-122.850__c399,2930,2013-04-01,2026-06-06,4815,0.459,0.616,239,2.0,0.868,26,True,False,False,False,BAD
B020,46.550_-123.100__c135,2650,2012-06-07,2026-06-06,5113,0.415,0.524,265,3.0,0.865,24,True,False,False,False,BAD
B020,46.550_-123.100__c727,2709,2013-04-01,2026-06-06,4815,0.424,0.569,231,2.0,0.829,24,True,False,False,False,BAD
B020,46.600_-122.800__c185,1411,2013-04-01,2026-06-06,4815,0.221,0.296,231,4.0,0.796,18,True,True,False,False,BAD
B020,46.600_-123.100__c295,2169,2013-04-01,2026-06-06,4815,0.339,0.456,231,3.0,0.802,22,True,True,False,False,BAD
B020,46.600_-123.300__c65,2027,2013-04-01,2026-06-06,4815,0.317,0.426,231,3.0,0.859,21,True,True,False,False,BAD
B020,46.650_-122.650__c342,2088,2013-04-01,2026-06-06,4815,0.327,0.439,239,3.0,0.905,21,True,True,False,False,BAD
B020,46.700_-122.900__c284,2208,2013-04-01,2026-06-06,4815,0.346,0.464,231,3.0,0.884,22,True,True,False,False,BAD
B020,46.700_-123.000__c23,2346,2013-04-01,2026-06-06,4815,0.367,0.493,231,3.0,0.82,22,True,True,False,False,BAD
B020,46.700_-123.050__c403,1348,2013-04-01,2026-06-05,4814,0.211,0.283,231,5.0,0.789,17,True,True,False,False,BAD
B020,46.700_-123.200__c427,2295,2012-06-14,2026-06-06,5106,0.359,0.454,268,3.0,0.842,22,True,True,False,False,BAD
B020,46.750_-122.750__c824,1785,2013-04-01,2026-06-06,4815,0.279,0.375,231,3.0,0.793,21,True,True,False,False,BAD
B020,46.750_-122.850__c209,1789,2013-04-01,2026-06-06,4815,0.28,0.376,231,3.0,0.853,21,True,True,False,False,BAD
B020,46.800_-122.600__c201,2814,2012-06-14,2026-06-06,5106,0.44,0.557,278,2.0,0.806,25,True,False,False,False,BAD
B020,46.800_-122.650__c110,2559,2013-04-01,2026-06-06,4815,0.4,0.538,232,3.0,0.886,24,True,False,False,False,BAD
B020,46.800_-122.700__c18,2054,2013-04-01,2026-06-06,4815,0.321,0.432,231,3.0,0.899,21,True,True,False,False,BAD
B020,46.800_-122.700__c35,2841,2013-04-01,2026-06-06,4815,0.445,0.597,231,2.0,0.837,25,True,False,False,False,BAD
B020,46.800_-122.750__c1204,1648,2013-04-01,2026-06-06,4815,0.258,0.346,231,4.0,0.797,19,True,True,False,False,BAD
B020,46.800_-122.750__c982,829,2013-04-01,2026-06-06,4815,0.13,0.174,392,6.0,0.783,13,True,True,False,False,BAD
B020,46.800_-122.800__c241,1656,2013-04-01,2026-06-05,4814,0.259,0.348,231,4.0,0.823,19,True,True,False,False,BAD
B020,46.800_-122.850__c491,2105,2013-04-01,2026-06-05,4814,0.329,0.442,231,3.0,0.817,21,True,True,False,False,BAD
B020,46.850_-122.700__c555,1521,2013-04-01,2026-06-06,4815,0.238,0.32,231,4.0,0.774,19,True,True,False,False,BAD
B020,46.850_-122.800__c575,2845,2012-06-15,2026-06-06,5105,0.445,0.563,278,2.0,0.739,25,True,False,False,False,BAD
B020,46.850_-122.850__c576,2346,2013-04-01,2026-06-06,4815,0.367,0.493,239,3.0,0.852,23,True,True,False,False,BAD
B020,46.850_-122.950__c193,2420,2013-04-01,2026-06-06,4815,0.379,0.508,231,3.0,0.841,23,True,False,False,False,BAD
B020,46.850_-123.050__c787,1581,2013-04-01,2026-06-06,4815,0.247,0.332,231,4.0,0.74,19,True,True,False,False,BAD
B020,46.850_-123.100__c274,2866,2013-04-01,2026-06-06,4815,0.449,0.602,241,2.0,0.868,25,True,False,False,False,BAD
B020,46.850_-123.150__c495,3126,2010-02-04,2026-06-06,5967,0.489,0.529,847,2.0,0.909,25,True,False,False,False,BAD
B020,46.900_-122.600__c957,2691,2013-04-01,2026-06-06,4815,0.421,0.565,232,2.0,0.882,25,True,False,False,False,BAD
B020,46.900_-122.900__c946,1633,2013-04-01,2026-06-06,4815,0.256,0.343,231,4.0,0.894,20,True,True,False,False,BAD
B020,46.900_-123.100__c623,2957,2013-04-01,2026-06-06,4815,0.463,0.621,232,2.0,0.881,26,True,False,False,False,BAD
B020,46.950_-122.650__c840,2975,2012-06-07,2026-06-06,5113,0.466,0.588,271,2.0,0.906,26,True,False,False,False,BAD
B020,46.950_-122.700__c915,1673,2013-04-01,2026-06-06,4815,0.262,0.351,231,4.0,0.762,19,True,True,False,False,BAD
B020,46.950_-122.800__c388,2803,2013-04-01,2026-06-06,4815,0.439,0.589,233,2.0,0.871,25,True,False,False,False,BAD
B020,46.950_-122.850__c306,2789,2013-04-01,2026-06-06,4815,0.436,0.586,233,2.0,0.857,25,True,False,False,False,BAD
B020,46.950_-123.050__c293,1854,2013-04-01,2026-06-06,4815,0.29,0.389,231,3.0,0.868,21,True,True,False,False,BAD
B020,47.000_-122.550__c173,1800,2013-04-01,2026-06-06,4815,0.282,0.378,231,4.0,0.736,21,True,True,False,False,BAD
B020,47.000_-122.650__c417,2944,2013-04-01,2026-06-06,4815,0.461,0.618,233,2.0,0.881,25,True,False,False,False,BAD
B020,47.000_-122.800__c756,2946,2013-04-01,2026-06-06,4815,0.461,0.619,235,2.0,0.847,25,True,False,False,False,BAD
B020,47.000_-122.950__c952,1715,2013-04-01,2026-06-06,4815,0.268,0.36,231,4.0,0.735,20,True,True,False,False,BAD
B020,47.050_-122.800__c894,2550,2013-04-01,2026-06-06,4815,0.399,0.536,240,3.0,0.828,24,True,False,False,False,BAD
B020,47.050_-123.100__c297,2642,2013-04-01,2026-06-06,4815,0.413,0.555,234,2.0,0.873,24,True,False,False,False,BAD
B020,47.100_-122.650__c663,1629,2013-04-01,2026-06-05,4814,0.255,0.342,231,4.0,0.861,19,True,True,False,False,BAD
B020,47.100_-122.850__c859,1607,2013-04-01,2026-06-06,4815,0.251,0.338,231,4.0,0.828,20,True,True,False,False,BAD
B020,47.100_-122.950__c333,2041,2013-04-01,2026-06-06,4815,0.319,0.429,231,3.0,0.758,21,True,True,False,False,BAD
B020,47.100_-123.150__c960,2806,2013-04-01,2026-06-06,4815,0.439,0.589,233,2.0,0.802,25,True,False,False,False,BAD
B020,47.100_-123.250__c249,6389,2008-05-18,2026-06-06,6594,1.0,1.0,110,1.0,0.972,30,False,False,False,False,GOOD
B020,47.150_-122.700__c1026,2397,2013-04-01,2026-06-05,4814,0.375,0.504,231,3.0,0.832,23,True,False,False,False,BAD
B020,47.150_-122.750__c852,2806,2013-04-01,2026-06-06,4815,0.439,0.589,239,2.0,0.869,25,True,False,False,False,BAD
B020,47.150_-122.950__c805,1827,2013-04-01,2026-06-06,4815,0.286,0.384,231,4.0,0.876,21,True,True,False,False,BAD
B020,47.150_-123.050__c490,1798,2013-04-01,2026-06-06,4815,0.281,0.378,231,4.0,0.677,20,True,True,False,False,BAD
B020,47.150_-123.300__c6,651,2013-04-01,2026-06-05,4814,0.102,0.137,264,9.0,0.585,12,True,True,False,True,BAD
B020,47.200_-122.650__c51,1382,2013-04-01,2026-06-04,4813,0.216,0.29,251,4.0,0.5,19,True,True,False,True,BAD
B020,47.200_-122.750__c1316,1897,2013-04-01,2026-06-06,4815,0.297,0.399,231,3.0,0.837,21,True,True,False,False,BAD
B020,47.200_-122.800__c845,2767,2012-06-04,2026-06-06,5116,0.433,0.547,270,2.0,0.885,24,True,False,False,False,BAD
B020,47.200_-122.850__c277,1620,2013-04-01,2026-06-06,4815,0.254,0.34,231,4.0,0.736,19,True,True,False,False,BAD
B020,47.200_-122.950__c167,1724,2013-04-01,2026-06-05,4814,0.27,0.362,231,4.0,0.783,20,True,True,False,False,BAD
B020,47.200_-123.050__c1170,1581,2013-04-01,2026-06-06,4815,0.247,0.332,231,4.0,0.822,19,True,True,False,False,BAD
B020,47.200_-123.100__c1366,2649,2013-04-01,2026-06-06,4815,0.415,0.557,231,3.0,0.876,24,True,False,False,False,BAD
B020,47.200_-123.250__c378,1387,2013-04-01,2026-06-06,4815,0.217,0.291,231,5.0,0.771,18,True,True,False,False,BAD
B020,47.250_-122.750__c370,2546,2013-04-01,2026-06-06,4815,0.398,0.535,234,3.0,0.853,24,True,False,False,False,BAD
B020,47.250_-122.850__c299,1544,2013-04-01,2026-06-06,4815,0.242,0.324,231,4.0,0.807,19,True,True,False,False,BAD
B020,47.250_-123.100__c619,2724,2012-06-14,2026-06-06,5106,0.426,0.539,270,2.0,0.768,24,True,False,False,False,BAD
B020,47.300_-123.100__c22,2849,2012-06-04,2026-06-06,5116,0.446,0.563,268,2.0,0.853,24,True,False,False,False,BAD
B022,45.050_-123.200__c163,6965,2006-04-06,2026-06-06,7367,0.999,0.999,140,1.0,0.992,30,False,False,False,False,GOOD
B022,45.100_-123.150__c206,6962,2006-04-06,2026-06-06,7367,0.998,0.998,140,1.0,0.967,30,False,False,False,False,GOOD
B022,45.100_-123.250__c409,6969,2006-04-06,2026-06-06,7367,0.999,0.999,140,1.0,0.993,30,False,False,False,False,GOOD
B022,45.100_-123.300__c177,6965,2006-04-06,2026-06-06,7367,0.999,0.999,140,1.0,0.981,30,False,False,False,False,GOOD
B022,45.100_-123.300__c247,6964,2006-04-06,2026-06-06,7367,0.998,0.998,140,1.0,0.992,30,False,False,False,False,GOOD
B022,45.100_-123.400__c571,6969,2006-04-06,2026-06-06,7367,0.999,0.999,140,1.0,0.995,30,False,False,False,False,GOOD
B022,45.100_-123.450__c598,6969,2006-04-06,2026-06-06,7367,0.999,0.999,140,1.0,0.991,30,False,False,False,False,GOOD
B022,45.100_-123.450__c692,6969,2006-04-06,2026-06-06,7367,0.999,0.999,140,1.0,0.994,30,False,False,False,False,GOOD
B022,45.100_-123.500__c744,6961,2006-04-06,2026-06-06,7367,0.998,0.998,140,1.0,0.993,30,False,False,False,False,GOOD
B022,45.100_-123.650__c231,6969,2006-04-06,2026-06-06,7367,0.999,0.999,140,1.0,0.98,30,False,False,False,False,GOOD
B022,45.150_-123.350__c496,6965,2006-04-06,2026-06-06,7367,0.999,0.999,140,1.0,0.992,30,False,False,False,False,GOOD
B022,45.150_-123.450__c631,6966,2006-04-06,2026-06-06,7367,0.999,0.999,140,1.0,0.942,30,False,False,False,False,GOOD
B022,45.150_-123.500__c1003,6970,2006-04-06,2026-06-06,7367,0.999,0.999,140,1.0,0.993,30,False,False,False,False,GOOD
B022,45.150_-123.500__c801,6940,2006-04-06,2026-06-06,7367,0.995,0.995,140,1.0,0.993,30,False,False,False,False,GOOD
B022,45.150_-123.600__c212,6970,2006-04-06,2026-06-06,7367,0.999,0.999,140,1.0,0.986,30,False,False,False,False,GOOD
B022,45.200_-123.000__c29,6969,2006-04-06,2026-06-06,7367,0.999,0.999,140,1.0,0.988,30,False,False,False,False,GOOD
B022,45.200_-123.100__c626,6962,2006-04-06,2026-06-06,7367,0.998,0.998,140,1.0,0.989,30,False,False,False,False,GOOD
B022,45.200_-123.150__c78,6965,2006-04-06,2026-06-06,7367,0.999,0.999,140,1.0,0.987,30,False,False,False,False,GOOD
B022,45.200_-123.300__c709,6912,2006-04-06,2026-06-06,7367,0.991,0.991,140,1.0,0.995,30,False,False,False,False,GOOD
B022,45.250_-123.050__c556,6966,2006-04-06,2026-06-06,7367,0.999,0.999,140,1.0,0.962,30,False,False,False,False,GOOD
B022,45.250_-123.150__c162,6972,2006-04-06,2026-06-06,7367,1.0,1.0,140,1.0,0.988,30,False,False,False,False,GOOD
B022,45.250_-123.250__c224,6966,2006-04-06,2026-06-06,7367,0.999,0.999,140,1.0,0.997,30,False,False,False,False,GOOD
B022,45.250_-123.400__c325,6969,2006-04-06,2026-06-06,7367,0.999,0.999,140,1.0,0.995,30,False,False,False,False,GOOD
B022,45.250_-123.550__c415,6964,2006-04-06,2026-06-06,7367,0.998,0.998,140,1.0,0.993,30,False,False,False,False,GOOD
B022,45.300_-122.900__c81,6967,2006-04-06,2026-06-06,7367,0.999,0.999,140,1.0,0.996,30,False,False,False,False,GOOD
B022,45.300_-123.100__c475,6970,2006-04-06,2026-06-06,7367,0.999,0.999,140,1.0,0.99,30,False,False,False,False,GOOD
B022,45.300_-123.200__c396,6963,2006-04-06,2026-06-06,7367,0.998,0.998,140,1.0,0.992,30,False,False,False,False,GOOD
B022,45.300_-123.400__c19,6957,2006-04-06,2026-06-06,7367,0.997,0.997,140,1.0,0.993,30,False,False,False,False,GOOD
B022,45.300_-123.400__c348,6970,2006-04-06,2026-06-06,7367,0.999,0.999,140,1.0,0.964,30,False,False,False,False,GOOD
B022,45.300_-123.400__c382,6970,2006-04-06,2026-06-06,7367,0.999,0.999,140,1.0,0.986,30,False,False,False,False,GOOD
B022,45.300_-123.450__c129,4796,2006-04-06,2026-06-05,7366,0.688,0.688,143,3.0,0.801,22,False,False,False,False,GOOD
B022,45.350_-123.300__c738,6969,2006-04-06,2026-06-06,7367,0.999,0.999,140,1.0,0.992,30,False,False,False,False,GOOD
B022,45.350_-123.550__c284,6969,2006-04-06,2026-06-06,7367,0.999,0.999,140,1.0,0.993,30,False,False,False,False,GOOD
B022,45.350_-123.700__c84,6957,2006-04-06,2026-06-06,7367,0.997,0.997,140,1.0,0.986,30,False,False,False,False,GOOD
B022,45.400_-122.900__c280,6967,2006-04-06,2026-06-06,7367,0.999,0.999,140,1.0,0.978,30,False,False,False,False,GOOD
B022,45.400_-122.900__c317,6970,2006-04-06,2026-06-06,7367,0.999,0.999,140,1.0,0.98,30,False,False,False,False,GOOD
B022,45.400_-123.150__c479,6971,2006-04-06,2026-06-06,7367,0.999,0.999,140,1.0,0.982,30,False,False,False,False,GOOD
B022,45.400_-123.300__c523,6970,2006-04-06,2026-06-06,7367,0.999,0.999,140,1.0,0.972,30,False,False,False,False,GOOD
B022,45.400_-123.350__c153,6865,2006-04-06,2026-06-06,7367,0.984,0.984,140,1.0,0.957,30,False,False,False,False,GOOD
B022,45.450_-123.100__c618,6970,2006-04-06,2026-06-06,7367,0.999,0.999,140,1.0,0.99,30,False,False,False,False,GOOD
B022,45.450_-123.200__c93,6928,2006-04-06,2026-06-06,7367,0.993,0.993,140,1.0,0.99,30,False,False,False,False,GOOD
B022,45.450_-123.250__c334,6970,2006-04-06,2026-06-06,7367,0.999,0.999,140,1.0,0.994,30,False,False,False,False,GOOD
B022,45.450_-123.300__c124,6961,2006-04-06,2026-06-06,7367,0.998,0.998,140,1.0,0.959,30,False,False,False,False,GOOD
B022,45.450_-123.300__c391,6867,2006-04-06,2026-06-06,7367,0.985,0.985,140,1.0,0.979,30,False,False,False,False,GOOD
B022,45.450_-123.400__c333,6971,2006-04-06,2026-06-06,7367,0.999,0.999,140,1.0,0.977,30,False,False,False,False,GOOD
B022,45.450_-123.400__c388,6969,2006-04-06,2026-06-06,7367,0.999,0.999,140,1.0,0.933,30,False,False,False,False,GOOD
B022,45.450_-123.400__c511,6969,2006-04-06,2026-06-06,7367,0.999,0.999,140,1.0,0.992,30,False,False,False,False,GOOD
B022,45.450_-123.600__c172,6969,2006-04-06,2026-06-06,7367,0.999,0.999,140,1.0,0.992,30,False,False,False,False,GOOD
B022,45.500_-123.100__c200,6969,2006-04-06,2026-06-06,7367,0.999,0.999,140,1.0,0.984,30,False,False,False,False,GOOD
B022,45.500_-123.100__c203,6969,2006-04-06,2026-06-06,7367,0.999,0.999,140,1.0,0.996,30,False,False,False,False,GOOD
B022,45.500_-123.350__c449,6970,2006-04-06,2026-06-06,7367,0.999,0.999,140,1.0,0.992,30,False,False,False,False,GOOD
B022,45.500_-123.500__c476,4050,2006-04-07,2026-06-04,7364,0.581,0.581,141,3.0,0.964,20,False,False,False,False,GOOD
B022,45.550_-123.200__c239,6971,2006-04-06,2026-06-06,7367,0.999,0.999,140,1.0,0.98,30,False,False,False,False,GOOD
B022,45.550_-123.250__c40,6589,2006-04-06,2026-06-05,7366,0.945,0.945,141,1.0,0.869,29,False,False,False,False,GOOD
B022,45.550_-123.350__c249,6946,2006-04-06,2026-06-06,7367,0.996,0.996,140,1.0,0.989,30,False,False,False,False,GOOD
B022,45.550_-123.400__c25,6967,2006-04-06,2026-06-06,7367,0.999,0.999,140,1.0,0.855,30,False,False,False,False,GOOD
B022,45.550_-123.500__c214,6968,2006-04-06,2026-06-06,7367,0.999,0.999,140,1.0,0.981,30,False,False,False,False,GOOD
B022,45.550_-123.550__c102,6969,2006-04-06,2026-06-06,7367,0.999,0.999,140,1.0,0.993,30,False,False,False,False,GOOD
B022,45.600_-123.200__c113,6947,2006-04-06,2026-06-06,7367,0.996,0.996,140,1.0,0.995,30,False,False,False,False,GOOD
B022,45.600_-123.200__c281,6969,2006-04-06,2026-06-06,7367,0.999,0.999,140,1.0,0.982,30,False,False,False,False,GOOD
B022,45.600_-123.350__c883,6955,2006-04-06,2026-06-06,7367,0.997,0.997,140,1.0,0.836,30,False,False,False,False,GOOD
B022,45.600_-123.400__c234,6951,2006-04-06,2026-06-06,7367,0.997,0.997,140,1.0,0.972,30,False,False,False,False,GOOD
B022,45.650_-123.150__c147,6971,2006-04-06,2026-06-06,7367,0.999,0.999,140,1.0,0.967,30,False,False,False,False,GOOD
B022,45.650_-123.400__c160,6883,2006-04-06,2026-06-05,7366,0.987,0.987,140,1.0,0.964,30,False,False,False,False,GOOD
B022,45.750_-123.450__c1,6959,2006-04-06,2026-06-06,7367,0.998,0.998,140,1.0,0.989,30,False,False,False,False,GOOD
B022,45.800_-123.100__c229,6967,2006-04-06,2026-06-06,7367,0.999,0.999,140,1.0,0.992,30,False,False,False,False,GOOD
B022,45.800_-123.400__c170,6958,2006-04-06,2026-06-06,7367,0.998,0.998,140,1.0,0.996,30,False,False,False,False,GOOD
B022,45.800_-123.500__c53,6969,2006-04-06,2026-06-06,7367,0.999,0.999,140,1.0,0.993,30,False,False,False,False,GOOD
B022,45.850_-123.200__c289,6964,2006-04-06,2026-06-06,7367,0.998,0.998,140,1.0,0.996,30,False,False,False,False,GOOD
B022,45.850_-123.300__c230,6970,2006-04-06,2026-06-06,7367,0.999,0.999,140,1.0,0.989,30,False,False,False,False,GOOD
B022,45.850_-123.300__c698,6936,2006-04-06,2026-06-06,7367,0.994,0.994,140,1.0,0.93,30,False,False,False,False,GOOD
B022,45.850_-123.400__c334,6969,2006-04-06,2026-06-06,7367,0.999,0.999,140,1.0,0.988,30,False,False,False,False,GOOD
B022,45.850_-123.500__c15,6960,2006-04-06,2026-06-06,7367,0.998,0.998,140,1.0,0.951,30,False,False,False,False,GOOD
B022,45.900_-123.100__c282,6972,2006-04-06,2026-06-06,7367,1.0,1.0,140,1.0,0.978,30,False,False,False,False,GOOD
B022,45.900_-123.200__c257,6782,2006-04-06,2026-06-05,7366,0.972,0.972,140,1.0,0.842,30,False,False,False,False,GOOD
B022,45.900_-123.200__c786,6967,2006-04-06,2026-06-06,7367,0.999,0.999,140,1.0,0.976,30,False,False,False,False,GOOD
B022,45.900_-123.250__c616,6970,2006-04-06,2026-06-06,7367,0.999,0.999,140,1.0,0.984,30,False,False,False,False,GOOD
B022,45.950_-123.300__c53,6967,2006-04-06,2026-06-06,7367,0.999,0.999,140,1.0,0.982,30,False,False,False,False,GOOD
B022,45.950_-123.350__c64,6969,2006-04-06,2026-06-06,7367,0.999,0.999,140,1.0,0.998,30,False,False,False,False,GOOD
B022,46.000_-123.150__c450,6965,2006-04-06,2026-06-06,7367,0.999,0.999,140,1.0,0.991,30,False,False,False,False,GOOD
B022,46.000_-123.250__c275,6969,2006-04-06,2026-06-06,7367,0.999,0.999,140,1.0,0.993,30,False,False,False,False,GOOD
B022,46.100_-123.250__c212,6968,2006-04-06,2026-06-06,7367,0.999,0.999,140,1.0,0.998,30,False,False,False,False,GOOD
B022,46.150_-122.900__c110,6761,2006-04-06,2026-06-06,7367,0.969,0.969,140,1.0,0.982,30,False,False,False,False,GOOD
B022,46.200_-123.400__c118,6965,2006-04-06,2026-06-06,7367,0.999,0.999,140,1.0,0.985,30,False,False,False,False,GOOD
B022,46.250_-123.150__c235,6962,2006-04-06,2026-06-06,7367,0.998,0.998,140,1.0,0.986,30,False,False,False,False,GOOD
B022,46.300_-122.950__c104,6969,2006-04-06,2026-06-06,7367,0.999,0.999,140,1.0,0.977,30,False,False,False,False,GOOD
B022,46.300_-123.000__c122,6970,2006-04-06,2026-06-06,7367,0.999,0.999,140,1.0,0.985,30,False,False,False,False,GOOD
B022,46.300_-123.400__c17,6972,2006-04-06,2026-06-06,7367,1.0,1.0,140,1.0,0.967,30,False,False,False,False,GOOD
B022,46.400_-123.000__c56,6960,2006-04-06,2026-06-06,7367,0.998,0.998,140,1.0,0.985,30,False,False,False,False,GOOD
B022,46.400_-123.200__c223,6970,2006-04-06,2026-06-06,7367,0.999,0.999,140,1.0,0.993,30,False,False,False,False,GOOD
B022,46.500_-123.250__c98,6957,2006-04-06,2026-06-06,7367,0.997,0.997,140,1.0,0.7,30,False,False,False,False,GOOD
B022,46.550_-122.750__c166,6970,2006-04-06,2026-06-06,7367,0.999,0.999,140,1.0,0.988,30,False,False,False,False,GOOD
B022,46.550_-122.800__c190,6969,2006-04-06,2026-06-06,7367,0.999,0.999,140,1.0,0.974,30,False,False,False,False,GOOD
B022,46.550_-122.950__c76,6972,2006-04-06,2026-06-06,7367,1.0,1.0,140,1.0,0.966,30,False,False,False,False,GOOD
B022,46.600_-122.950__c15,6951,2006-04-06,2026-06-06,7367,0.997,0.997,140,1.0,0.993,30,False,False,False,False,GOOD
B022,46.600_-123.000__c404,6969,2006-04-06,2026-06-06,7367,0.999,0.999,140,1.0,0.995,30,False,False,False,False,GOOD
B022,46.600_-123.050__c276,6966,2006-04-06,2026-06-06,7367,0.999,0.999,140,1.0,0.992,30,False,False,False,False,GOOD
B022,46.600_-123.250__c365,6966,2006-04-06,2026-06-06,7367,0.999,0.999,140,1.0,0.986,30,False,False,False,False,GOOD
B022,46.650_-123.100__c142,6962,2006-04-06,2026-06-06,7367,0.998,0.998,140,1.0,0.994,30,False,False,False,False,GOOD
B022,46.700_-122.700__c110,6965,2006-04-06,2026-06-06,7367,0.999,0.999,140,1.0,0.995,30,False,False,False,False,GOOD
B022,46.750_-123.300__c148,6963,2006-04-06,2026-06-06,7367,0.998,0.998,140,1.0,0.982,30,False,False,False,False,GOOD
B022,46.800_-122.750__c230,6970,2006-04-06,2026-06-06,7367,0.999,0.999,140,1.0,0.996,30,False,False,False,False,GOOD
B022,46.800_-122.750__c556,6969,2006-04-06,2026-06-06,7367,0.999,0.999,140,1.0,0.928,30,False,False,False,False,GOOD
B022,46.800_-122.800__c70,6969,2006-04-06,2026-06-06,7367,0.999,0.999,140,1.0,0.994,30,False,False,False,False,GOOD
B022,46.800_-122.850__c434,6968,2006-04-06,2026-06-06,7367,0.999,0.999,140,1.0,0.991,30,False,False,False,False,GOOD
B022,46.800_-122.850__c642,6966,2006-04-06,2026-06-06,7367,0.999,0.999,140,1.0,0.986,30,False,False,False,False,GOOD
B022,46.800_-122.900__c550,4129,2006-04-18,2026-06-05,7354,0.592,0.593,150,3.0,0.792,21,False,False,False,False,GOOD
B022,46.800_-123.050__c211,6960,2006-04-06,2026-06-06,7367,0.998,0.998,140,1.0,0.909,30,False,False,False,False,GOOD
B022,46.800_-123.150__c343,6954,2006-04-06,2026-06-06,7367,0.997,0.997,140,1.0,0.992,30,False,False,False,False,GOOD
B022,46.800_-123.250__c325,6968,2006-04-06,2026-06-06,7367,0.999,0.999,140,1.0,0.954,30,False,False,False,False,GOOD
B023,45.200_-123.000__c61,5979,2008-05-23,2026-06-05,6588,0.999,0.999,384,1.0,0.936,30,False,False,False,False,GOOD
B023,45.200_-123.300__c133,5977,2008-05-23,2026-06-05,6588,0.999,0.999,385,1.0,0.965,30,False,False,False,False,GOOD
B023,45.300_-123.100__c522,5977,2008-05-24,2026-06-05,6587,0.999,0.999,384,1.0,0.971,30,False,False,False,False,GOOD
B023,45.300_-123.300__c301,5751,2008-05-24,2026-06-05,6587,0.961,0.962,385,1.0,0.981,30,False,False,False,False,GOOD
B023,45.350_-122.950__c410,5980,2008-05-23,2026-06-05,6588,1.0,1.0,384,1.0,0.976,30,False,False,False,False,GOOD
B023,45.450_-122.950__c115,5981,2008-05-23,2026-06-05,6588,1.0,1.0,384,1.0,0.98,30,False,False,False,False,GOOD
B023,45.600_-122.950__c33,5981,2008-05-23,2026-06-05,6588,1.0,1.0,384,1.0,0.981,30,False,False,False,False,GOOD
B023,45.600_-123.200__c313,5979,2008-05-23,2026-06-05,6588,0.999,0.999,384,1.0,0.967,30,False,False,False,False,GOOD
B023,45.650_-123.200__c250,5980,2008-05-23,2026-06-05,6588,1.0,1.0,384,1.0,0.963,30,False,False,False,False,GOOD
B023,45.800_-123.150__c385,5978,2008-05-23,2026-06-05,6588,0.999,0.999,384,1.0,0.969,30,False,False,False,False,GOOD
B023,45.800_-123.400__c169,5982,2008-05-23,2026-06-05,6588,1.0,1.0,384,1.0,0.975,30,False,False,False,False,GOOD
B023,45.800_-123.550__c14,5982,2008-05-23,2026-06-05,6588,1.0,1.0,384,1.0,0.972,30,False,False,False,False,GOOD
B023,45.850_-122.950__c105,5978,2008-05-23,2026-06-05,6588,0.999,0.999,384,1.0,0.966,30,False,False,False,False,GOOD
B023,45.850_-123.000__c187,5981,2008-05-23,2026-06-05,6588,1.0,1.0,384,1.0,0.954,30,False,False,False,False,GOOD
B023,45.850_-123.300__c238,5980,2008-05-23,2026-06-05,6588,1.0,1.0,384,1.0,0.954,30,False,False,False,False,GOOD
B023,45.900_-123.100__c35,5975,2008-05-24,2026-06-05,6587,0.999,0.999,385,1.0,0.962,30,False,False,False,False,GOOD
B023,45.900_-123.300__c115,5982,2008-05-23,2026-06-05,6588,1.0,1.0,384,1.0,0.971,30,False,False,False,False,GOOD
B023,46.150_-123.150__c449,5738,2008-05-24,2026-06-05,6587,0.959,0.959,385,1.0,0.853,30,False,False,False,False,GOOD
B023,46.200_-123.100__c668,5914,2008-05-24,2026-06-05,6587,0.989,0.989,385,1.0,0.86,30,False,False,False,False,GOOD
B023,46.200_-123.300__c188,4299,2008-05-25,2026-06-05,6586,0.719,0.719,385,2.0,0.896,24,False,False,False,False,GOOD
B023,46.200_-123.350__c46,5982,2008-05-23,2026-06-05,6588,1.0,1.0,384,1.0,0.973,30,False,False,False,False,GOOD
B023,46.200_-123.400__c68,5980,2008-05-23,2026-06-05,6588,1.0,1.0,384,1.0,0.956,30,False,False,False,False,GOOD
B023,46.250_-123.050__c266,5982,2008-05-23,2026-06-05,6588,1.0,1.0,384,1.0,0.963,30,False,False,False,False,GOOD
B023,46.250_-123.150__c411,5982,2008-05-23,2026-06-05,6588,1.0,1.0,384,1.0,0.977,30,False,False,False,False,GOOD
B023,46.300_-123.000__c11,5979,2008-05-23,2026-06-05,6588,0.999,0.999,384,1.0,0.971,30,False,False,False,False,GOOD
B023,46.300_-123.250__c248,5936,2008-05-24,2026-06-05,6587,0.992,0.992,385,1.0,0.957,30,False,False,False,False,GOOD
B023,46.350_-123.350__c186,5981,2008-05-23,2026-06-05,6588,1.0,1.0,384,1.0,0.965,30,False,False,False,False,GOOD
B023,46.400_-123.050__c251,5953,2008-05-24,2026-06-05,6587,0.995,0.995,385,1.0,0.871,30,False,False,False,False,GOOD
B023,46.450_-123.100__c301,5982,2008-05-23,2026-06-05,6588,1.0,1.0,384,1.0,0.968,30,False,False,False,False,GOOD
B023,46.450_-123.150__c140,5799,2008-05-24,2026-06-05,6587,0.969,0.97,385,1.0,0.857,30,False,False,False,False,GOOD
B023,46.500_-123.300__c188,5981,2008-05-23,2026-06-05,6588,1.0,1.0,384,1.0,0.945,30,False,False,False,False,GOOD
B023,46.600_-122.800__c321,5979,2008-05-23,2026-06-05,6588,0.999,0.999,384,1.0,0.976,30,False,False,False,False,GOOD
B023,46.600_-122.950__c104,5767,2008-05-24,2026-06-05,6587,0.964,0.964,385,1.0,0.962,30,False,False,False,False,GOOD
B023,46.600_-123.200__c296,5981,2008-05-23,2026-06-05,6588,1.0,1.0,384,1.0,0.98,30,False,False,False,False,GOOD
B023,46.900_-123.150__c105,5974,2008-05-24,2026-06-05,6587,0.999,0.999,385,1.0,0.967,30,False,False,False,False,GOOD
B023,46.950_-122.800__c118,5864,2008-05-24,2026-06-05,6587,0.98,0.98,385,1.0,0.963,30,False,False,False,False,GOOD
B023,47.000_-122.300__c95,5945,2008-05-24,2026-06-05,6587,0.994,0.994,385,1.0,0.979,30,False,False,False,False,GOOD
B023,47.000_-122.700__c12,3133,2008-06-09,2026-06-05,6571,0.524,0.525,386,3.0,0.913,20,False,False,False,False,GOOD
B023,47.000_-122.850__c90,5976,2008-05-23,2026-06-05,6588,0.999,0.999,385,1.0,0.955,30,False,False,False,False,GOOD
B023,47.000_-123.050__c385,5975,2008-05-24,2026-06-05,6587,0.999,0.999,385,1.0,0.965,30,False,False,False,False,GOOD
B023,47.000_-123.100__c140,5977,2008-05-24,2026-06-05,6587,0.999,0.999,384,1.0,0.975,30,False,False,False,False,GOOD
B026,44.450_-123.250__c114,6035,2007-03-18,2026-06-05,7020,0.973,0.973,310,1.0,0.719,30,False,False,False,False,GOOD
B026,44.450_-123.300__c41,6030,2007-03-18,2026-06-05,7020,0.972,0.972,310,1.0,0.828,30,False,False,False,False,GOOD
B026,44.600_-123.500__c606,2825,2007-04-11,2026-06-05,6996,0.455,0.457,324,4.0,0.661,19,True,True,False,False,BAD
B026,44.600_-123.700__c430,5849,2007-03-18,2026-06-05,7020,0.943,0.943,311,1.0,0.641,30,False,False,False,False,GOOD
B026,44.800_-123.350__c35,6035,2007-03-18,2026-06-05,7020,0.973,0.973,310,1.0,0.781,30,False,False,False,False,GOOD
B026,44.800_-123.400__c575,6171,2007-03-18,2026-06-05,7020,0.995,0.995,310,1.0,0.81,30,False,False,False,False,GOOD
B026,44.800_-123.550__c108,6071,2007-03-18,2026-06-05,7020,0.979,0.979,310,1.0,0.943,30,False,False,False,False,GOOD
B026,44.850_-123.600__c869,5712,2007-03-18,2026-06-05,7020,0.921,0.921,311,1.0,0.911,30,False,False,False,False,GOOD
B026,44.900_-123.300__c531,1228,2007-10-05,2026-05-07,6790,0.198,0.205,391,7.0,0.36,12,True,True,False,True,BAD
B026,44.900_-123.350__c159,2818,2007-06-28,2026-06-05,6918,0.454,0.461,320,4.0,0.765,20,True,True,False,False,BAD
B026,44.900_-123.600__c531,6074,2007-03-18,2026-06-05,7020,0.979,0.979,310,1.0,0.897,30,False,False,False,False,GOOD
B026,45.000_-123.300__c220,6133,2007-03-18,2026-06-05,7020,0.989,0.989,310,1.0,0.909,30,False,False,False,False,GOOD
B026,45.000_-123.650__c302,5066,2007-03-18,2026-06-05,7020,0.817,0.817,313,1.0,0.519,29,False,False,False,True,MARGINAL
B026,45.100_-123.550__c216,6099,2007-03-18,2026-06-05,7020,0.983,0.983,310,1.0,0.931,30,False,False,False,False,GOOD
B026,45.150_-123.550__c83,6115,2007-03-18,2026-06-05,7020,0.986,0.986,310,1.0,0.867,30,False,False,False,False,GOOD
B026,45.200_-123.300__c423,6026,2007-03-18,2026-06-05,7020,0.971,0.972,310,1.0,0.935,30,False,False,False,False,GOOD
B026,45.200_-123.450__c949,6051,2007-03-18,2026-06-05,7020,0.975,0.976,310,1.0,0.971,30,False,False,False,False,GOOD
B026,45.200_-123.450__c991,6117,2007-03-18,2026-06-05,7020,0.986,0.986,310,1.0,0.961,30,False,False,False,False,GOOD
B026,45.250_-123.500__c901,6048,2007-03-18,2026-06-05,7020,0.975,0.975,310,1.0,0.806,30,False,False,False,False,GOOD
B026,45.300_-123.100__c27,2956,2007-04-23,2026-06-05,6984,0.477,0.479,323,4.0,0.573,19,True,True,False,True,BAD
B026,45.300_-123.200__c517,6049,2007-03-18,2026-06-05,7020,0.975,0.975,310,1.0,0.877,30,False,False,False,False,GOOD
B026,45.300_-123.300__c190,353,2007-10-05,2026-02-05,6699,0.057,0.06,1393,9.900000000000034,0.915,11,True,True,False,False,BAD
B026,45.300_-123.450__c296,5943,2007-03-18,2026-06-05,7020,0.958,0.958,310,1.0,0.862,30,False,False,False,False,GOOD
B026,45.400_-122.950__c873,6105,2007-03-18,2026-06-05,7020,0.984,0.984,310,1.0,0.868,30,False,False,False,False,GOOD
B026,45.400_-123.300__c531,5995,2007-03-18,2026-06-05,7020,0.966,0.967,310,1.0,0.981,30,False,False,False,False,GOOD
B026,45.400_-123.300__c697,5550,2007-03-18,2026-06-05,7020,0.895,0.895,311,1.0,0.822,30,False,False,False,False,GOOD
B026,45.400_-123.400__c906,5421,2007-03-18,2026-06-05,7020,0.874,0.874,311,1.0,0.98,30,False,False,False,False,GOOD
B026,45.400_-123.450__c383,6045,2007-03-18,2026-06-05,7020,0.975,0.975,310,1.0,0.959,30,False,False,False,False,GOOD
B026,45.450_-122.900__c20,5739,2007-03-19,2026-06-05,7019,0.925,0.925,311,1.0,0.793,30,False,False,False,False,GOOD
B026,45.500_-123.000__c326,6113,2007-03-18,2026-06-05,7020,0.985,0.986,310,1.0,0.708,30,False,False,False,False,GOOD
B026,45.500_-123.450__c512,5925,2007-03-18,2026-06-05,7020,0.955,0.955,310,1.0,0.951,30,False,False,False,False,GOOD
B026,45.550_-123.300__c491,6153,2007-03-18,2026-06-05,7020,0.992,0.992,310,1.0,0.952,30,False,False,False,False,GOOD
B026,45.550_-123.450__c37,4835,2007-03-18,2026-06-01,7016,0.779,0.78,312,1.0,0.954,28,False,False,False,False,GOOD
B026,45.600_-123.350__c42,5679,2007-03-23,2026-06-05,7015,0.916,0.916,310,1.0,0.946,30,False,False,False,False,GOOD
B026,45.800_-123.250__c135,6039,2007-03-18,2026-06-05,7020,0.974,0.974,310,1.0,0.887,30,False,False,False,False,GOOD
B026,45.800_-123.300__c367,6009,2007-03-18,2026-06-05,7020,0.969,0.969,310,1.0,0.883,30,False,False,False,False,GOOD
B026,45.800_-123.350__c403,6124,2007-03-18,2026-06-05,7020,0.987,0.987,310,1.0,0.971,30,False,False,False,False,GOOD
B026,45.850_-123.400__c161,6162,2007-03-17,2026-06-05,7021,0.993,0.993,310,1.0,0.906,30,False,False,False,False,GOOD
B026,45.900_-123.250__c584,5616,2007-03-18,2026-06-05,7020,0.905,0.906,311,1.0,0.958,30,False,False,False,False,GOOD
B026,46.000_-123.250__c181,6158,2007-03-18,2026-06-05,7020,0.993,0.993,310,1.0,0.963,30,False,False,False,False,GOOD
B026,46.050_-123.250__c131,5615,2007-03-18,2026-06-05,7020,0.905,0.905,311,1.0,0.933,30,False,False,False,False,GOOD
B026,46.100_-123.100__c42,4907,2007-03-18,2026-06-01,7016,0.791,0.792,312,1.0,0.751,28,False,False,False,False,GOOD
B026,46.100_-123.200__c194,5986,2007-03-18,2026-06-05,7020,0.965,0.965,310,1.0,0.798,30,False,False,False,False,GOOD
B026,46.200_-122.950__c121,5974,2007-03-18,2026-06-05,7020,0.963,0.963,310,1.0,0.645,30,False,False,False,False,GOOD
B026,46.200_-123.100__c73,6070,2007-03-18,2026-06-05,7020,0.979,0.979,310,1.0,0.92,30,False,False,False,False,GOOD
B028,43.600_-123.200__c32,2498,2007-04-10,2026-06-03,6995,0.457,0.458,684,4.0,0.829,24,True,True,False,False,BAD
B028,43.600_-123.400__c305,2077,2007-04-22,2026-06-03,6983,0.38,0.382,1031,3.0,0.892,26,True,True,False,False,BAD
B028,43.600_-123.600__c506,2329,2007-04-10,2026-06-03,6995,0.426,0.427,988,3.0,0.879,25,True,True,False,False,BAD
B028,43.600_-123.600__c507,2278,2007-04-11,2026-06-03,6994,0.417,0.418,786,3.0,0.872,25,True,True,False,False,BAD
B028,43.600_-123.700__c422,2361,2007-04-10,2026-06-03,6995,0.432,0.433,1014,3.0,0.89,25,True,True,False,False,BAD
B028,43.650_-123.350__c318,2243,2007-04-11,2026-06-03,6994,0.411,0.411,1043,3.0,0.875,25,True,True,False,False,BAD
B028,43.650_-123.500__c482,2006,2007-04-22,2026-06-03,6983,0.367,0.369,1031,3.0,0.918,26,True,True,False,False,BAD
B028,43.650_-123.600__c960,2069,2007-04-17,2026-05-26,6980,0.379,0.381,2490,3.0,0.673,20,True,True,False,False,BAD
B028,43.650_-123.900__c122,2205,2007-04-22,2026-06-03,6983,0.404,0.405,939,3.0,0.877,25,True,True,False,False,BAD
B028,43.700_-123.150__c93,2323,2007-04-11,2026-06-03,6994,0.425,0.426,591,4.0,0.875,24,True,True,False,False,BAD
B028,43.700_-123.500__c133,2270,2007-04-11,2026-06-03,6994,0.416,0.416,1031,3.0,0.871,25,True,True,False,False,BAD
B028,43.700_-123.600__c845,2368,2007-04-11,2026-06-03,6994,0.434,0.434,684,3.0,0.871,25,True,True,False,False,BAD
B028,43.700_-123.750__c195,2033,2007-04-22,2026-06-03,6983,0.372,0.374,1043,3.0,0.9,26,True,True,False,False,BAD
B028,43.750_-123.350__c359,2419,2007-04-11,2026-06-03,6994,0.443,0.444,773,3.0,0.789,25,True,True,False,False,BAD
B028,43.750_-123.400__c988,2346,2007-04-11,2026-06-03,6994,0.43,0.43,1007,3.0,0.881,25,True,True,False,False,BAD
B028,43.750_-123.550__c1039,2242,2007-04-11,2026-06-03,6994,0.41,0.411,786,3.0,0.855,25,True,True,False,False,BAD
B028,43.800_-123.100__c238,3408,2007-04-01,2026-06-03,7004,0.624,0.624,141,3.0,0.723,23,False,False,False,False,GOOD
B028,43.800_-123.350__c542,2374,2007-04-11,2026-06-03,6994,0.435,0.436,671,4.0,0.821,24,True,True,False,False,BAD
B028,43.900_-123.150__c371,2477,2007-04-10,2026-06-03,6995,0.453,0.454,684,3.0,0.807,25,True,True,False,False,BAD
B028,43.950_-123.350__c1030,2425,2007-04-11,2026-06-03,6994,0.444,0.445,683,3.0,0.844,24,True,True,False,False,BAD
B028,43.950_-123.400__c339,2262,2007-04-11,2026-06-03,6994,0.414,0.415,1043,3.0,0.831,25,True,True,False,False,BAD
B028,44.000_-123.200__c729,2737,2007-04-01,2026-06-03,7004,0.501,0.501,680,3.0,0.77,24,False,False,False,False,GOOD
B028,44.000_-123.250__c200,2103,2007-04-22,2026-06-03,6983,0.385,0.387,1036,3.0,0.884,26,True,True,False,False,BAD
B028,44.000_-123.450__c70,2563,2007-04-08,2026-06-03,6997,0.469,0.47,560,4.0,0.822,24,True,True,False,False,BAD
B028,44.050_-123.350__c287,2268,2007-04-11,2026-05-31,6991,0.415,0.416,2565,3.0,0.661,21,True,True,False,False,BAD
B028,44.050_-123.400__c19,2309,2007-04-17,2026-06-03,6988,0.423,0.424,684,3.0,0.85,25,True,True,False,False,BAD
B028,44.050_-123.650__c271,2013,2007-04-23,2026-06-03,6982,0.369,0.37,1061,3.0,0.929,25,True,True,False,False,BAD
B028,44.100_-123.450__c419,2354,2007-04-08,2026-06-03,6997,0.431,0.432,684,4.0,0.87,25,True,True,False,False,BAD
B028,44.100_-123.550__c475,2299,2007-04-11,2026-06-03,6994,0.421,0.422,1030,3.0,0.885,25,True,True,False,False,BAD
B028,44.200_-123.150__c100,2865,2007-04-05,2026-06-03,7000,0.525,0.525,338,4.0,0.756,23,False,False,False,False,GOOD
B028,44.200_-123.700__c119,2947,2007-04-10,2026-06-03,6995,0.54,0.541,663,3.0,0.684,24,False,False,False,False,GOOD
B028,44.250_-123.300__c145,2179,2007-04-11,2026-06-03,6994,0.399,0.4,1046,3.0,0.895,25,True,True,False,False,BAD
B028,44.300_-123.450__c128,3347,2007-04-05,2026-06-03,7000,0.613,0.613,317,3.0,0.623,24,False,False,False,False,GOOD
B028,44.450_-123.300__c222,1947,2007-04-23,2026-06-03,6982,0.356,0.358,1045,2.0,0.905,26,True,True,False,False,BAD
B028,44.450_-123.650__c382,2596,2007-04-01,2026-06-03,7004,0.475,0.475,244,4.0,0.856,24,True,True,False,False,BAD
B028,44.600_-123.400__c439,2160,2007-04-22,2026-06-03,6983,0.395,0.397,924,3.0,0.875,25,True,True,False,False,BAD
B028,44.600_-123.400__c525,2928,2007-04-01,2026-05-31,7001,0.536,0.536,105,5.0,0.89,16,False,False,False,False,GOOD
B028,44.600_-123.650__c749,2146,2007-04-11,2026-06-03,6994,0.393,0.394,1046,3.0,0.822,26,True,True,False,False,BAD
B028,44.650_-123.300__c384,2181,2007-04-11,2026-06-03,6994,0.399,0.4,1031,3.0,0.897,25,True,True,False,False,BAD
B028,44.700_-123.250__c262,2332,2007-04-11,2026-06-03,6994,0.427,0.428,785,3.0,0.861,25,True,True,False,False,BAD
B028,44.750_-123.700__c500,2036,2007-05-06,2026-06-03,6969,0.373,0.375,960,2.6000000000001364,0.821,26,True,True,False,False,BAD
B028,44.800_-123.150__c409,2200,2007-04-10,2026-06-03,6995,0.403,0.404,684,3.0,0.937,25,True,True,False,False,BAD
B028,44.800_-123.200__c316,1946,2007-04-23,2026-06-03,6982,0.356,0.358,1079,2.0,0.874,26,True,True,False,False,BAD
B028,44.800_-123.800__c192,2338,2007-04-11,2026-06-03,6994,0.428,0.429,684,4.0,0.857,24,True,True,False,False,BAD
B028,44.850_-123.450__c107,2634,2007-04-08,2026-06-03,6997,0.482,0.483,255,4.0,0.777,24,True,True,False,False,BAD
B028,44.850_-123.600__c349,2431,2007-04-11,2026-06-03,6994,0.445,0.446,1014,3.0,0.824,24,True,True,False,False,BAD
B028,44.900_-123.650__c542,2196,2007-04-17,2026-06-03,6988,0.402,0.403,925,3.0,0.887,25,True,True,False,False,BAD
B028,44.950_-123.250__c254,2478,2007-04-11,2026-06-04,6995,0.454,0.455,671,3.0,0.752,25,True,True,False,False,BAD
B028,45.000_-123.300__c51,1881,2007-05-06,2026-06-03,6969,0.344,0.347,1761,2.0,0.942,25,True,True,False,False,BAD
B028,45.050_-123.450__c742,2031,2007-04-22,2026-06-03,6983,0.372,0.373,1047,3.0,0.873,25,True,True,False,False,BAD
B028,45.100_-123.300__c41,2308,2007-04-11,2026-06-03,6994,0.423,0.423,941,3.0,0.871,25,True,True,False,False,BAD
B028,45.150_-123.000__c136,2226,2007-04-17,2026-06-03,6988,0.408,0.409,922,3.0,0.85,25,True,True,False,False,BAD
B028,45.150_-123.450__c159,2397,2007-04-10,2026-06-03,6995,0.439,0.44,1030,3.0,0.854,25,True,True,False,False,BAD
B028,45.200_-123.400__c938,2165,2007-04-22,2026-06-03,6983,0.396,0.398,1031,3.0,0.886,25,True,True,False,False,BAD
B028,45.250_-122.950__c180,2029,2007-05-06,2026-06-03,6969,0.371,0.374,1037,3.0,0.916,26,True,True,False,False,BAD
B028,45.250_-123.400__c224,2175,2007-04-11,2026-06-03,6994,0.398,0.399,1031,3.0,0.896,25,True,True,False,False,BAD
B028,45.250_-123.550__c365,2179,2007-04-11,2026-06-03,6994,0.399,0.4,941,3.0,0.874,25,True,True,False,False,BAD
B028,45.300_-123.200__c971,2261,2007-04-10,2026-06-03,6995,0.414,0.415,1042,3.0,0.899,24,True,True,False,False,BAD
B028,45.300_-123.300__c843,2473,2007-04-11,2026-06-03,6994,0.453,0.454,671,4.0,0.835,24,True,True,False,False,BAD
B028,45.300_-123.450__c928,2174,2007-04-17,2026-06-03,6988,0.398,0.399,1050,3.0,0.907,25,True,True,False,False,BAD
B028,45.350_-122.950__c271,2922,2007-04-08,2026-06-03,6997,0.535,0.536,671,4.0,0.758,24,False,False,False,False,GOOD
B028,45.350_-123.100__c451,2634,2007-04-08,2026-06-03,6997,0.482,0.483,482,4.0,0.788,24,True,True,False,False,BAD
B028,45.350_-123.150__c140,2401,2007-04-08,2026-06-03,6997,0.44,0.44,924,3.0,0.851,24,True,True,False,False,BAD
B028,45.350_-123.400__c554,2133,2007-04-17,2026-06-03,6988,0.391,0.392,1031,3.0,0.896,25,True,True,False,False,BAD
B028,45.350_-123.500__c142,2211,2007-04-11,2026-06-03,6994,0.405,0.406,1031,3.0,0.841,26,True,True,False,False,BAD
B030,43.100_-123.250__c422,6005,2008-01-29,2026-06-05,6703,0.915,0.916,75,1.0,0.963,29,False,False,False,False,GOOD
B030,43.100_-123.300__c499,6485,2008-01-28,2026-06-05,6704,0.989,0.989,75,1.0,0.738,30,False,False,False,False,GOOD
B030,43.100_-123.350__c1328,5282,2008-05-11,2026-06-04,6599,0.805,0.818,75,1.0,0.913,28,False,False,False,False,GOOD
B030,43.150_-123.200__c612,6557,2008-01-28,2026-06-05,6704,1.0,1.0,75,1.0,0.961,30,False,False,False,False,GOOD
B030,43.150_-123.400__c319,4416,2008-02-08,2026-06-01,6689,0.673,0.675,103,2.0,0.92,25,False,False,False,False,GOOD
B030,43.150_-123.450__c450,5944,2008-01-28,2026-06-05,6704,0.906,0.906,75,1.0,0.872,29,False,False,False,False,GOOD
B030,43.200_-123.650__c852,4757,2008-02-04,2026-06-01,6693,0.725,0.726,78,2.0,0.915,26,False,False,False,False,GOOD
B030,43.250_-123.200__c195,6553,2008-01-28,2026-06-05,6704,0.999,0.999,75,1.0,0.889,30,False,False,False,False,GOOD
B030,43.250_-123.450__c352,1561,2008-05-13,2026-06-04,6597,0.238,0.242,222,7.0,0.848,12,True,True,False,False,BAD
B030,43.300_-123.450__c30,6489,2008-01-28,2026-06-05,6704,0.989,0.989,75,1.0,0.988,30,False,False,False,False,GOOD
B030,43.400_-123.400__c1154,653,2008-05-26,2025-02-22,6117,0.1,0.109,633,7.0,0.737,14,True,True,False,False,BAD
B030,43.450_-123.300__c684,6482,2008-01-28,2026-06-05,6704,0.988,0.988,75,1.0,0.947,30,False,False,False,False,GOOD
B030,43.450_-123.650__c656,6540,2008-01-28,2026-06-05,6704,0.997,0.997,75,1.0,0.839,30,False,False,False,False,GOOD
B030,43.450_-123.700__c625,6558,2008-01-28,2026-06-05,6704,1.0,1.0,75,1.0,0.958,30,False,False,False,False,GOOD
B030,43.500_-123.450__c1043,5082,2008-02-05,2026-06-05,6696,0.775,0.776,145,2.0,0.845,27,False,False,False,False,GOOD
B030,43.500_-123.650__c500,6547,2008-01-28,2026-06-05,6704,0.998,0.998,75,1.0,0.9,30,False,False,False,False,GOOD
B030,43.650_-123.400__c270,6468,2008-01-28,2026-06-05,6704,0.986,0.986,75,1.0,0.946,30,False,False,False,False,GOOD
B030,43.650_-123.500__c504,5738,2008-01-29,2026-06-01,6699,0.875,0.875,75,1.0,0.849,28,False,False,False,False,GOOD
B030,43.700_-123.350__c825,6438,2008-01-28,2026-06-05,6704,0.981,0.981,75,1.0,0.826,30,False,False,False,False,GOOD
B030,43.700_-123.550__c537,866,2008-06-16,2026-04-14,6512,0.132,0.136,298,11.0,0.827,10,True,True,False,False,BAD
B030,43.700_-123.650__c859,6548,2008-01-28,2026-06-05,6704,0.998,0.998,75,1.0,0.916,30,False,False,False,False,GOOD
B030,43.800_-123.450__c262,6391,2008-01-28,2026-06-05,6704,0.974,0.974,75,1.0,0.887,30,False,False,False,False,GOOD
B030,43.850_-123.300__c273,6558,2008-01-28,2026-06-05,6704,1.0,1.0,75,1.0,0.97,30,False,False,False,False,GOOD
B030,43.900_-123.250__c593,6518,2008-01-28,2026-06-05,6704,0.994,0.994,75,1.0,0.956,30,False,False,False,False,GOOD
B030,43.950_-123.250__c966,6255,2008-01-28,2026-06-05,6704,0.954,0.954,75,1.0,0.958,30,False,False,False,False,GOOD
B030,43.950_-123.350__c847,1747,2008-02-22,2026-05-28,6671,0.266,0.268,165,6.0,0.833,15,True,False,False,False,BAD
B030,44.000_-123.200__c418,778,2008-05-13,2026-04-04,6536,0.119,0.122,541,9.399999999999977,0.605,12,True,True,False,False,BAD
B030,44.000_-123.250__c340,6050,2008-01-28,2026-06-05,6704,0.922,0.922,75,1.0,0.847,29,False,False,False,False,GOOD
B030,44.000_-123.350__c385,6540,2008-01-28,2026-06-05,6704,0.997,0.997,75,1.0,0.95,30,False,False,False,False,GOOD
B030,44.000_-123.600__c565,5305,2008-02-22,2026-06-05,6679,0.809,0.812,90,1.0,0.917,28,False,False,False,False,GOOD
B030,44.050_-123.300__c1011,6551,2008-01-28,2026-06-05,6704,0.999,0.999,75,1.0,0.812,30,False,False,False,False,GOOD
B030,44.300_-123.700__c133,6550,2008-01-28,2026-06-05,6704,0.998,0.998,75,1.0,0.911,30,False,False,False,False,GOOD
B030,44.400_-123.550__c391,6554,2008-01-28,2026-06-05,6704,0.999,0.999,75,1.0,0.771,30,False,False,False,False,GOOD
B030,44.650_-123.200__c73,6560,2008-01-28,2026-06-05,6704,1.0,1.0,75,1.0,0.857,30,False,False,False,False,GOOD
B030,44.650_-123.450__c476,6535,2008-01-28,2026-06-05,6704,0.996,0.996,75,1.0,0.967,30,False,False,False,False,GOOD
B030,44.700_-123.200__c78,6488,2008-01-28,2026-06-05,6704,0.989,0.989,75,1.0,0.969,30,False,False,False,False,GOOD
B030,44.700_-123.600__c355,5161,2008-02-13,2026-06-05,6688,0.787,0.789,340,1.0,0.962,30,False,False,False,False,GOOD
B030,44.750_-123.550__c317,6018,2008-01-28,2026-06-05,6704,0.917,0.917,75,1.0,0.865,29,False,False,False,False,GOOD
B030,44.800_-123.300__c538,6494,2008-01-28,2026-06-05,6704,0.99,0.99,75,1.0,0.956,30,False,False,False,False,GOOD
B030,44.850_-123.400__c16,6548,2008-01-28,2026-06-05,6704,0.998,0.998,75,1.0,0.955,30,False,False,False,False,GOOD
B032,42.750_-123.250__c290,6440,2008-02-18,2026-06-05,6683,1.0,1.0,148,1.0,0.99,30,False,False,False,False,GOOD
B032,42.750_-123.250__c418,6441,2008-02-18,2026-06-05,6683,1.0,1.0,148,1.0,0.994,30,False,False,False,False,GOOD
B032,42.750_-123.550__c177,6441,2008-02-18,2026-06-05,6683,1.0,1.0,148,1.0,0.968,30,False,False,False,False,GOOD
B032,42.750_-123.550__c225,6431,2008-02-19,2026-06-05,6682,0.998,0.998,149,1.0,0.99,30,False,False,False,False,GOOD
B032,42.800_-123.200__c765,6430,2008-02-18,2026-06-05,6683,0.998,0.998,149,1.0,0.956,30,False,False,False,False,GOOD
B032,42.800_-123.250__c914,1043,2008-02-23,2025-11-28,6489,0.162,0.167,302,9.0,0.815,10,True,True,False,False,BAD
B032,42.800_-123.400__c1,6430,2008-02-18,2026-06-05,6683,0.998,0.998,149,1.0,0.994,30,False,False,False,False,GOOD
B032,42.800_-123.400__c824,116,2010-08-11,2026-06-03,5776,0.018,0.021,2240,77.80000000000028,0.913,7,True,True,False,False,BAD
B032,42.800_-123.650__c340,6441,2008-02-18,2026-06-05,6683,1.0,1.0,148,1.0,0.976,30,False,False,False,False,GOOD
B032,42.850_-123.500__c1474,6373,2008-02-18,2026-06-05,6683,0.989,0.989,149,1.0,0.882,30,False,False,False,False,GOOD
B032,42.850_-123.600__c1021,2042,2008-03-31,2026-06-04,6640,0.317,0.318,152,6.0,0.962,14,True,False,False,False,BAD
B032,42.900_-123.050__c189,6431,2008-02-18,2026-06-05,6683,0.998,0.998,149,1.0,0.978,30,False,False,False,False,GOOD
B032,42.900_-123.300__c1405,6272,2008-02-19,2026-06-05,6682,0.974,0.974,149,1.0,0.995,30,False,False,False,False,GOOD
B032,42.900_-123.400__c1129,132,2008-09-10,2025-12-31,6322,0.02,0.022,2052,21.0,0.976,9,True,True,False,False,BAD
B032,42.900_-123.400__c420,4973,2008-02-19,2026-06-05,6682,0.772,0.772,150,2.0,0.835,25,False,False,False,False,GOOD
B032,42.950_-123.250__c169,6441,2008-02-18,2026-06-05,6683,1.0,1.0,148,1.0,0.987,30,False,False,False,False,GOOD
B032,42.950_-123.350__c1275,95,2008-05-26,2025-01-08,6072,0.015,0.016,1367,61.10000000000004,0.831,8,True,True,False,False,BAD
B032,43.000_-123.300__c56,6425,2008-02-18,2026-06-05,6683,0.997,0.997,149,1.0,0.971,30,False,False,False,False,GOOD
B032,43.000_-123.450__c68,6442,2008-02-18,2026-06-05,6683,1.0,1.0,148,1.0,0.983,30,False,False,False,False,GOOD
B032,43.000_-123.750__c923,6433,2008-02-18,2026-06-05,6683,0.999,0.999,148,1.0,0.993,30,False,False,False,False,GOOD
B032,43.050_-123.450__c75,6441,2008-02-18,2026-06-05,6683,1.0,1.0,148,1.0,0.978,30,False,False,False,False,GOOD
B032,43.050_-123.800__c252,3159,2008-02-21,2026-05-30,6674,0.49,0.491,162,4.0,0.974,17,True,False,False,False,BAD
B032,43.100_-123.050__c48,6438,2008-02-18,2026-06-05,6683,0.999,0.999,148,1.0,0.992,30,False,False,False,False,GOOD
B032,43.100_-123.300__c78,6437,2008-02-18,2026-06-05,6683,0.999,0.999,148,1.0,0.98,30,False,False,False,False,GOOD
B032,43.100_-123.700__c587,879,2008-02-23,2025-11-25,6486,0.136,0.141,289,9.0,0.987,11,True,True,False,False,BAD
B032,43.100_-123.850__c315,6441,2008-02-18,2026-06-05,6683,1.0,1.0,148,1.0,0.987,30,False,False,False,False,GOOD
B032,43.150_-123.350__c1450,6430,2008-02-18,2026-06-05,6683,0.998,0.998,149,1.0,0.988,30,False,False,False,False,GOOD
B032,43.150_-123.650__c885,6390,2008-02-18,2026-06-05,6683,0.992,0.992,149,1.0,0.907,30,False,False,False,False,GOOD
B032,43.200_-123.400__c309,6419,2008-02-18,2026-06-05,6683,0.996,0.996,149,1.0,0.887,30,False,False,False,False,GOOD
B032,43.200_-123.400__c777,6439,2008-02-18,2026-06-05,6683,1.0,1.0,148,1.0,0.995,30,False,False,False,False,GOOD
B032,43.200_-123.800__c581,6430,2008-02-18,2026-06-05,6683,0.998,0.998,149,1.0,0.985,30,False,False,False,False,GOOD
B032,43.200_-123.900__c78,6441,2008-02-18,2026-06-05,6683,1.0,1.0,148,1.0,0.991,30,False,False,False,False,GOOD
B032,43.250_-123.600__c404,6440,2008-02-18,2026-06-05,6683,1.0,1.0,148,1.0,0.987,30,False,False,False,False,GOOD
B032,43.350_-123.500__c55,6431,2008-02-18,2026-06-05,6683,0.998,0.998,149,1.0,0.992,30,False,False,False,False,GOOD
B032,43.350_-123.700__c64,6064,2008-02-19,2026-06-05,6682,0.941,0.941,150,1.0,0.982,28,False,False,False,False,GOOD
B032,43.400_-123.600__c1066,6429,2008-02-18,2026-06-05,6683,0.998,0.998,149,1.0,0.993,30,False,False,False,False,GOOD
B032,43.450_-123.150__c241,6440,2008-02-18,2026-06-05,6683,1.0,1.0,148,1.0,0.986,30,False,False,False,False,GOOD
B032,43.450_-123.350__c206,5845,2008-02-19,2026-06-05,6682,0.907,0.907,151,1.0,0.948,28,False,False,False,False,GOOD
B032,43.450_-123.450__c124,6045,2008-02-19,2026-06-05,6682,0.938,0.939,150,1.0,0.99,29,False,False,False,False,GOOD
B032,43.450_-123.600__c1371,6438,2008-02-18,2026-06-05,6683,0.999,0.999,148,1.0,0.991,30,False,False,False,False,GOOD
B032,43.500_-123.150__c31,6439,2008-02-18,2026-06-05,6683,1.0,1.0,148,1.0,0.973,30,False,False,False,False,GOOD
B032,43.500_-123.300__c251,6440,2008-02-18,2026-06-05,6683,1.0,1.0,148,1.0,0.974,30,False,False,False,False,GOOD
B032,43.500_-123.600__c822,2068,2008-03-10,2026-06-04,6661,0.321,0.322,154,6.0,0.962,14,True,False,False,False,BAD
B032,43.550_-123.350__c934,6441,2008-02-18,2026-06-05,6683,1.0,1.0,148,1.0,0.982,30,False,False,False,False,GOOD
B032,43.550_-123.400__c495,6441,2008-02-18,2026-06-05,6683,1.0,1.0,148,1.0,0.986,30,False,False,False,False,GOOD
B032,43.550_-123.450__c939,6437,2008-02-18,2026-06-05,6683,0.999,0.999,148,1.0,0.96,30,False,False,False,False,GOOD
B032,43.550_-123.550__c83,6428,2008-02-18,2026-06-05,6683,0.998,0.998,148,1.0,0.991,30,False,False,False,False,GOOD
B032,43.600_-123.100__c229,6439,2008-02-18,2026-06-05,6683,1.0,1.0,148,1.0,0.974,30,False,False,False,False,GOOD
B032,43.600_-123.300__c567,6438,2008-02-18,2026-06-05,6683,0.999,0.999,148,1.0,0.769,30,False,False,False,False,GOOD
B032,43.600_-123.350__c1320,6441,2008-02-18,2026-06-05,6683,1.0,1.0,148,1.0,0.989,30,False,False,False,False,GOOD
B032,43.600_-123.500__c341,5425,2008-02-20,2026-06-05,6681,0.842,0.842,151,2.0,0.966,27,False,False,False,False,GOOD
B032,43.600_-123.750__c111,5679,2008-02-19,2026-06-05,6682,0.882,0.882,150,2.0,0.962,27,False,False,False,False,GOOD
B032,43.650_-123.300__c1020,6274,2008-02-19,2026-06-05,6682,0.974,0.974,150,1.0,0.935,30,False,False,False,False,GOOD
B032,43.650_-123.300__c400,6438,2008-02-18,2026-06-05,6683,0.999,0.999,148,1.0,0.99,30,False,False,False,False,GOOD
B032,43.650_-123.350__c1291,6434,2008-02-18,2026-06-05,6683,0.999,0.999,148,1.0,0.986,30,False,False,False,False,GOOD
B032,43.650_-123.500__c902,2473,2008-02-28,2026-06-04,6672,0.384,0.385,152,5.0,0.961,15,True,False,False,False,BAD
B032,43.650_-123.600__c394,6204,2008-02-18,2026-06-05,6683,0.963,0.963,150,1.0,0.861,29,False,False,False,False,GOOD
B032,43.650_-123.650__c159,6441,2008-02-18,2026-06-05,6683,1.0,1.0,148,1.0,0.982,30,False,False,False,False,GOOD
B032,43.700_-123.350__c268,6441,2008-02-18,2026-06-05,6683,1.0,1.0,148,1.0,0.976,30,False,False,False,False,GOOD
B032,43.700_-123.600__c1437,6432,2008-02-18,2026-06-05,6683,0.998,0.998,149,1.0,0.965,30,False,False,False,False,GOOD
B032,43.700_-123.750__c155,1001,2008-02-21,2026-06-03,6678,0.155,0.156,336,9.0,0.922,10,True,True,False,False,BAD
B032,43.750_-123.650__c62,6442,2008-02-18,2026-06-05,6683,1.0,1.0,148,1.0,0.981,30,False,False,False,False,GOOD
B032,43.800_-123.250__c527,6430,2008-02-18,2026-06-05,6683,0.998,0.998,149,1.0,0.986,30,False,False,False,False,GOOD
B032,43.800_-123.450__c1122,6433,2008-02-18,2026-06-05,6683,0.999,0.999,149,1.0,0.984,30,False,False,False,False,GOOD
B032,43.800_-123.500__c955,6441,2008-02-18,2026-06-05,6683,1.0,1.0,148,1.0,0.989,30,False,False,False,False,GOOD
B032,43.800_-123.550__c117,6439,2008-02-18,2026-06-05,6683,1.0,1.0,148,1.0,0.984,30,False,False,False,False,GOOD
B032,43.800_-123.600__c540,5511,2008-02-19,2026-06-04,6681,0.855,0.856,150,2.0,0.95,27,False,False,False,False,GOOD
B032,43.800_-123.700__c148,1153,2008-02-23,2026-05-05,6647,0.179,0.18,305,9.0,0.956,10,True,True,False,False,BAD
B032,43.850_-123.300__c163,6429,2008-02-18,2026-06-05,6683,0.998,0.998,149,1.0,0.967,30,False,False,False,False,GOOD
B032,43.900_-123.300__c1040,1561,2008-02-27,2026-03-13,6590,0.242,0.246,200,7.0,0.979,13,True,True,False,False,BAD
B032,43.900_-123.450__c247,5090,2008-02-19,2026-06-03,6680,0.79,0.79,152,2.0,0.886,25,False,False,False,False,GOOD
B032,43.900_-123.550__c568,3740,2008-02-20,2026-06-05,6681,0.581,0.581,156,3.0,0.98,19,False,False,False,False,GOOD
B032,43.950_-123.050__c194,1099,2008-02-28,2026-04-30,6637,0.171,0.172,255,10.300000000000068,0.839,9,True,True,False,False,BAD
B032,43.950_-123.300__c993,254,2008-10-07,2026-05-26,6441,0.039,0.041,646,35.80000000000001,0.854,9,True,True,False,False,BAD
B032,44.000_-123.700__c92,4989,2008-02-20,2026-06-05,6681,0.774,0.775,151,2.0,0.951,24,False,False,False,False,GOOD
B032,44.050_-123.250__c464,463,2008-04-19,2025-11-28,6433,0.072,0.075,591,14.0,0.89,9,True,True,False,False,BAD
B032,44.050_-123.300__c293,464,2008-02-23,2026-04-16,6628,0.072,0.073,413,22.600000000000023,0.969,8,True,True,False,False,BAD
B032,44.050_-123.500__c616,6429,2008-02-18,2026-06-05,6683,0.998,0.998,148,1.0,0.996,30,False,False,False,False,GOOD
B032,44.050_-123.500__c73,6439,2008-02-18,2026-06-05,6683,1.0,1.0,148,1.0,0.993,30,False,False,False,False,GOOD
B032,44.450_-123.550__c81,6413,2008-02-19,2026-06-05,6682,0.995,0.996,149,1.0,0.995,30,False,False,False,False,GOOD
B032,44.500_-123.300__c94,6440,2008-02-18,2026-06-05,6683,1.0,1.0,148,1.0,0.99,30,False,False,False,False,GOOD
B032,44.500_-123.600__c1058,6043,2008-02-18,2026-06-05,6683,0.938,0.938,150,1.0,0.965,29,False,False,False,False,GOOD
B032,44.550_-123.200__c88,6441,2008-02-18,2026-06-05,6683,1.0,1.0,148,1.0,0.958,30,False,False,False,False,GOOD
B032,44.550_-123.600__c469,6432,2008-02-18,2026-06-05,6683,0.998,0.998,149,1.0,0.996,30,False,False,False,False,GOOD
B032,44.550_-123.700__c58,6440,2008-02-18,2026-06-05,6683,1.0,1.0,148,1.0,0.994,30,False,False,False,False,GOOD
B033,42.400_-123.200__c455,1574,2008-02-19,2026-04-24,6640,0.241,0.243,264,6.0,0.985,14,True,True,False,False,BAD
B033,42.400_-123.250__c43,6510,2008-02-18,2026-06-05,6683,0.998,0.999,115,1.0,0.997,30,False,False,False,False,GOOD
B033,42.400_-123.350__c537,6519,2008-02-18,2026-06-06,6684,1.0,1.0,115,1.0,0.997,30,False,False,False,False,GOOD
B033,42.400_-123.400__c70,6512,2008-02-18,2026-06-06,6684,0.999,0.999,115,1.0,0.996,30,False,False,False,False,GOOD
B033,42.400_-123.450__c988,6503,2008-02-18,2026-06-05,6683,0.997,0.998,115,1.0,0.995,30,False,False,False,False,GOOD
B033,42.400_-123.500__c1072,6503,2008-02-18,2026-06-05,6683,0.997,0.998,115,1.0,0.983,30,False,False,False,False,GOOD
B033,42.400_-123.550__c895,6487,2008-02-18,2026-06-05,6683,0.995,0.995,115,1.0,0.931,30,False,False,False,False,GOOD
B033,42.400_-123.600__c879,6513,2008-02-18,2026-06-06,6684,0.999,0.999,115,1.0,0.995,30,False,False,False,False,GOOD
B033,42.450_-123.250__c387,6501,2008-02-18,2026-06-05,6683,0.997,0.997,115,1.0,0.984,30,False,False,False,False,GOOD
B033,42.450_-123.400__c454,328,2008-03-12,2025-12-26,6499,0.05,0.052,334,39.400000000000034,0.983,8,True,True,False,False,BAD
B033,42.450_-123.600__c1099,6519,2008-02-18,2026-06-06,6684,1.0,1.0,115,1.0,0.987,30,False,False,False,False,GOOD
B033,42.500_-123.200__c1047,6488,2008-02-18,2026-06-05,6683,0.995,0.995,115,1.0,0.997,30,False,False,False,False,GOOD
B033,42.500_-123.200__c1148,2025,2008-02-18,2026-01-19,6546,0.311,0.317,133,7.0,0.922,14,True,False,False,False,BAD
B033,42.500_-123.300__c340,6519,2008-02-18,2026-06-06,6684,1.0,1.0,115,1.0,0.997,30,False,False,False,False,GOOD
B033,42.500_-123.400__c174,6512,2008-02-18,2026-06-06,6684,0.999,0.999,115,1.0,0.997,30,False,False,False,False,GOOD
B033,42.500_-123.500__c459,6511,2008-02-18,2026-06-05,6683,0.999,0.999,115,1.0,0.981,30,False,False,False,False,GOOD
B033,42.500_-123.550__c749,4709,2008-02-18,2026-06-05,6683,0.722,0.722,128,2.0,0.993,25,False,False,False,False,GOOD
B033,42.500_-123.650__c484,6510,2008-02-18,2026-06-05,6683,0.998,0.999,115,1.0,0.997,30,False,False,False,False,GOOD
B033,42.500_-123.650__c780,6505,2008-02-18,2026-06-05,6683,0.998,0.998,115,1.0,0.997,30,False,False,False,False,GOOD
B033,42.500_-123.800__c314,1853,2008-02-19,2026-03-08,6593,0.284,0.288,197,5.0,0.986,16,True,True,False,False,BAD
B033,42.550_-123.000__c308,6512,2008-02-18,2026-06-06,6684,0.999,0.999,115,1.0,0.996,30,False,False,False,False,GOOD
B033,42.550_-123.500__c335,6515,2008-02-18,2026-06-06,6684,0.999,0.999,115,1.0,0.983,30,False,False,False,False,GOOD
B033,42.550_-124.000__c35,6513,2008-02-18,2026-06-06,6684,0.999,0.999,115,1.0,0.997,30,False,False,False,False,GOOD
B033,42.600_-123.100__c286,6514,2008-02-18,2026-06-05,6683,0.999,0.999,115,1.0,0.993,30,False,False,False,False,GOOD
B033,42.600_-123.150__c115,6514,2008-02-18,2026-06-05,6683,0.999,0.999,115,1.0,0.997,30,False,False,False,False,GOOD
B033,42.600_-123.350__c986,1413,2008-02-19,2026-06-04,6681,0.217,0.217,174,8.0,0.871,11,True,False,False,False,BAD
B033,42.600_-123.400__c803,6510,2008-02-18,2026-06-05,6683,0.998,0.999,115,1.0,0.996,30,False,False,False,False,GOOD
B033,42.600_-123.450__c733,139,2008-02-19,2025-01-08,6169,0.021,0.023,1934,18.89999999999999,0.885,15,True,True,False,False,BAD
B033,42.600_-123.650__c231,6504,2008-02-18,2026-06-05,6683,0.998,0.998,115,1.0,0.992,30,False,False,False,False,GOOD
B033,42.600_-123.700__c223,6495,2008-02-18,2026-06-05,6683,0.996,0.996,115,1.0,0.994,30,False,False,False,False,GOOD
B033,42.650_-123.250__c914,6514,2008-02-18,2026-06-05,6683,0.999,0.999,115,1.0,0.996,30,False,False,False,False,GOOD
B033,42.650_-123.450__c631,5011,2008-02-18,2026-06-05,6683,0.769,0.769,116,2.0,0.896,25,False,False,False,False,GOOD
B033,42.650_-123.650__c120,6470,2008-02-18,2026-06-05,6683,0.992,0.992,115,1.0,0.995,30,False,False,False,False,GOOD
B033,42.650_-123.700__c591,6510,2008-02-18,2026-06-05,6683,0.998,0.999,115,1.0,0.997,30,False,False,False,False,GOOD
B033,42.700_-123.300__c341,6340,2008-02-18,2026-06-05,6683,0.972,0.973,116,1.0,0.99,30,False,False,False,False,GOOD
B033,42.750_-123.200__c858,2268,2008-02-18,2026-05-18,6665,0.348,0.349,165,6.0,0.686,14,True,False,False,False,BAD
B033,42.750_-123.300__c218,6485,2008-02-18,2026-06-05,6683,0.995,0.995,115,1.0,0.793,30,False,False,False,False,GOOD
B033,42.750_-123.350__c771,2470,2008-02-18,2026-06-05,6683,0.379,0.379,122,5.0,0.878,16,True,False,False,False,BAD
B033,42.750_-123.400__c670,6513,2008-02-18,2026-06-05,6683,0.999,0.999,115,1.0,0.993,30,False,False,False,False,GOOD
B033,42.750_-123.400__c887,6502,2008-02-18,2026-06-05,6683,0.997,0.997,115,1.0,0.996,30,False,False,False,False,GOOD
B033,42.750_-123.550__c448,6507,2008-02-18,2026-06-05,6683,0.998,0.998,115,1.0,0.986,30,False,False,False,False,GOOD
B033,42.800_-123.400__c384,6517,2008-02-18,2026-06-06,6684,1.0,1.0,115,1.0,0.995,30,False,False,False,False,GOOD
B033,42.800_-123.650__c279,6492,2008-02-18,2026-06-05,6683,0.996,0.996,115,1.0,0.996,30,False,False,False,False,GOOD
B033,42.850_-123.450__c644,267,2008-02-19,2025-06-24,6336,0.041,0.043,647,34.5,0.689,7,True,True,False,False,BAD
B033,42.850_-123.550__c254,6515,2008-02-18,2026-06-06,6684,0.999,0.999,115,1.0,0.855,30,False,False,False,False,GOOD
B033,42.900_-123.100__c441,6515,2008-02-18,2026-06-05,6683,0.999,0.999,115,1.0,0.997,30,False,False,False,False,GOOD
B033,42.900_-123.350__c777,6508,2008-02-18,2026-06-05,6683,0.998,0.998,115,1.0,0.995,30,False,False,False,False,GOOD
B033,42.900_-123.500__c1325,6128,2008-02-18,2026-06-05,6683,0.94,0.94,115,1.0,0.934,29,False,False,False,False,GOOD
B033,42.900_-123.550__c983,6520,2008-02-18,2026-06-06,6684,1.0,1.0,115,1.0,0.995,30,False,False,False,False,GOOD
B033,42.900_-123.700__c940,6512,2008-02-18,2026-06-05,6683,0.999,0.999,115,1.0,0.998,30,False,False,False,False,GOOD
B033,42.950_-123.050__c189,6516,2008-02-18,2026-06-06,6684,0.999,0.999,115,1.0,0.998,30,False,False,False,False,GOOD
B033,42.950_-123.300__c639,5976,2008-02-18,2026-06-05,6683,0.917,0.917,115,1.0,0.957,28,False,False,False,False,GOOD
B033,43.000_-123.250__c1416,6296,2008-02-18,2026-06-05,6683,0.966,0.966,115,1.0,0.972,30,False,False,False,False,GOOD
B033,43.000_-123.300__c532,2924,2008-02-18,2026-04-20,6637,0.448,0.452,154,4.0,0.986,20,True,False,False,False,BAD
B033,43.000_-123.450__c611,6503,2008-02-18,2026-06-05,6683,0.997,0.998,115,1.0,0.995,30,False,False,False,False,GOOD
B033,43.000_-123.550__c574,6510,2008-02-18,2026-06-05,6683,0.998,0.999,115,1.0,0.994,30,False,False,False,False,GOOD
B033,43.050_-123.600__c1454,6352,2008-02-18,2026-06-05,6683,0.974,0.974,115,1.0,0.956,30,False,False,False,False,GOOD
B033,43.100_-123.450__c172,6512,2008-02-18,2026-06-05,6683,0.999,0.999,115,1.0,0.992,30,False,False,False,False,GOOD
B033,43.100_-123.500__c698,9,2024-09-27,2024-10-26,30,0.001,0.3,7,6.3,0.99,8,True,False,True,False,BAD
B033,43.100_-123.650__c863,6510,2008-02-18,2026-06-05,6683,0.998,0.999,115,1.0,0.994,30,False,False,False,False,GOOD
B033,43.150_-123.500__c1376,6485,2008-02-18,2026-06-05,6683,0.995,0.995,115,1.0,0.958,30,False,False,False,False,GOOD
B033,43.200_-123.250__c571,6518,2008-02-18,2026-06-06,6684,1.0,1.0,115,1.0,0.997,30,False,False,False,False,GOOD
B033,43.200_-123.300__c772,3499,2008-02-18,2026-05-15,6662,0.537,0.538,154,4.0,0.987,20,False,False,False,False,GOOD
B033,43.200_-123.450__c1127,6501,2008-02-18,2026-06-05,6683,0.997,0.997,115,1.0,0.994,30,False,False,False,False,GOOD
B033,43.200_-123.450__c400,6115,2008-02-18,2026-06-05,6683,0.938,0.938,115,1.0,0.99,29,False,False,False,False,GOOD
B033,43.200_-123.500__c1050,6505,2008-02-18,2026-06-05,6683,0.998,0.998,115,1.0,0.995,30,False,False,False,False,GOOD
B033,43.200_-123.600__c1396,5083,2008-02-18,2026-06-05,6683,0.78,0.78,117,2.0,0.973,25,False,False,False,False,GOOD
B033,43.200_-123.800__c156,6509,2008-02-18,2026-06-05,6683,0.998,0.998,115,1.0,0.998,30,False,False,False,False,GOOD
B033,43.250_-123.350__c1060,6061,2008-02-18,2026-06-05,6683,0.93,0.93,115,1.0,0.879,29,False,False,False,False,GOOD
B033,43.250_-123.350__c637,6519,2008-02-18,2026-06-06,6684,1.0,1.0,115,1.0,0.998,30,False,False,False,False,GOOD
B033,43.250_-123.400__c86,6504,2008-02-18,2026-06-05,6683,0.998,0.998,115,1.0,0.988,30,False,False,False,False,GOOD
B033,43.300_-123.400__c1230,6479,2008-02-18,2026-06-05,6683,0.994,0.994,115,1.0,0.919,30,False,False,False,False,GOOD
B033,43.300_-123.600__c255,6510,2008-02-18,2026-06-05,6683,0.998,0.999,115,1.0,0.987,30,False,False,False,False,GOOD
B033,43.350_-123.200__c124,6508,2008-02-18,2026-06-05,6683,0.998,0.998,115,1.0,0.997,30,False,False,False,False,GOOD
B033,43.350_-123.350__c706,6511,2008-02-18,2026-06-05,6683,0.999,0.999,115,1.0,0.995,30,False,False,False,False,GOOD
B033,43.350_-123.350__c755,6504,2008-02-18,2026-06-05,6683,0.998,0.998,115,1.0,0.989,30,False,False,False,False,GOOD
B033,43.400_-123.200__c355,1070,2008-06-05,2026-06-04,6574,0.164,0.167,307,8.0,0.954,10,True,True,False,False,BAD
B033,43.400_-123.300__c468,6518,2008-02-18,2026-06-06,6684,1.0,1.0,115,1.0,0.994,30,False,False,False,False,GOOD
B033,43.400_-123.500__c1530,25,2008-06-07,2022-10-01,5230,0.004,0.005,1122,575.8999999999999,0.806,5,True,True,False,False,BAD
B033,43.400_-123.600__c423,28,2008-06-09,2025-11-18,6372,0.004,0.005,1105,754.0000000000006,0.946,5,True,True,False,False,BAD
B033,43.450_-123.100__c132,6510,2008-02-18,2026-06-05,6683,0.998,0.999,115,1.0,0.997,30,False,False,False,False,GOOD
B033,43.450_-123.450__c566,105,2008-06-07,2025-12-12,6398,0.016,0.017,605,272.90000000000003,0.923,6,True,True,False,False,BAD
B033,43.450_-123.500__c1143,68,2008-06-09,2025-11-19,6373,0.01,0.011,641,374.59999999999997,0.856,6,True,True,False,False,BAD
B033,43.450_-123.650__c762,6513,2008-02-18,2026-06-06,6684,0.999,0.999,115,1.0,0.994,30,False,False,False,False,GOOD
B033,43.500_-123.300__c944,24,2008-06-07,2024-10-05,5965,0.004,0.004,1391,1022.2000000000003,0.974,6,True,True,False,False,BAD
B033,43.500_-123.400__c305,1762,2008-03-03,2026-06-04,6668,0.27,0.271,176,7.0,0.936,11,True,False,False,False,BAD
B033,43.500_-123.700__c150,6510,2008-02-18,2026-06-05,6683,0.998,0.999,115,1.0,0.997,30,False,False,False,False,GOOD
B033,43.550_-123.300__c1221,6515,2008-02-18,2026-06-06,6684,0.999,0.999,115,1.0,0.95,30,False,False,False,False,GOOD
B033,43.550_-123.600__c957,6506,2008-02-18,2026-06-05,6683,0.998,0.998,115,1.0,0.995,30,False,False,False,False,GOOD
B033,43.550_-123.700__c310,6506,2008-02-18,2026-06-05,6683,0.998,0.998,115,1.0,0.997,30,False,False,False,False,GOOD
B033,43.600_-123.050__c167,1332,2008-02-25,2026-05-03,6643,0.204,0.206,169,7.0,0.965,12,True,False,False,False,BAD
B033,43.600_-123.300__c1210,4975,2008-02-18,2026-06-05,6683,0.763,0.763,117,2.0,0.978,25,False,False,False,False,GOOD
B033,43.600_-123.800__c435,5860,2008-02-18,2026-06-05,6683,0.899,0.899,116,1.0,0.891,28,False,False,False,False,GOOD
B033,43.650_-123.450__c1300,6511,2008-02-18,2026-06-05,6683,0.999,0.999,115,1.0,0.985,30,False,False,False,False,GOOD
B033,43.700_-123.550__c98,739,2008-02-22,2025-12-27,6519,0.113,0.116,301,12.0,0.977,10,True,True,False,False,BAD
B033,43.750_-123.350__c266,1759,2008-02-24,2026-02-01,6553,0.27,0.275,157,7.0,0.949,13,True,False,False,False,BAD
B033,43.750_-123.500__c1186,6513,2008-02-18,2026-06-05,6683,0.999,0.999,115,1.0,0.995,30,False,False,False,False,GOOD
B033,43.750_-123.550__c583,6511,2008-02-18,2026-06-05,6683,0.999,0.999,115,1.0,0.997,30,False,False,False,False,GOOD
B033,43.750_-123.650__c177,6514,2008-02-18,2026-06-05,6683,0.999,0.999,115,1.0,0.995,30,False,False,False,False,GOOD
B033,43.750_-123.700__c403,6518,2008-02-18,2026-06-06,6684,1.0,1.0,115,1.0,0.998,30,False,False,False,False,GOOD
B033,43.800_-123.350__c417,6514,2008-02-18,2026-06-06,6684,0.999,0.999,115,1.0,0.996,30,False,False,False,False,GOOD
B033,43.800_-123.450__c630,5085,2008-02-18,2026-06-05,6683,0.78,0.78,119,2.0,0.945,24,False,False,False,False,GOOD
B033,43.800_-123.500__c60,5325,2008-02-19,2026-06-05,6682,0.817,0.817,116,2.0,0.961,25,False,False,False,False,GOOD
B033,43.800_-123.500__c625,6417,2008-02-18,2026-06-05,6683,0.984,0.984,115,1.0,0.749,30,False,False,False,False,GOOD
B033,43.850_-123.650__c317,6519,2008-02-18,2026-06-06,6684,1.0,1.0,115,1.0,0.998,30,False,False,False,False,GOOD
B033,43.900_-123.400__c400,6512,2008-02-18,2026-06-06,6684,0.999,0.999,115,1.0,0.997,30,False,False,False,False,GOOD
B033,43.950_-123.650__c118,5831,2008-02-18,2026-06-05,6683,0.894,0.894,116,1.0,0.973,28,False,False,False,False,GOOD
B033,44.000_-123.350__c204,124,2008-02-19,2025-01-08,6169,0.019,0.021,1712,5.0,0.782,16,True,True,False,False,BAD
B033,44.000_-123.500__c275,6509,2008-02-18,2026-06-05,6683,0.998,0.998,115,1.0,0.995,30,False,False,False,False,GOOD
B036,41.600_-123.400__c558,6593,2008-03-13,2026-06-03,6657,0.999,0.999,11,1.0,0.93,30,False,False,False,False,GOOD
B036,41.600_-123.400__c746,6597,2008-03-13,2026-06-03,6657,1.0,1.0,10,1.0,0.92,30,False,False,False,False,GOOD
B036,41.650_-122.750__c433,6590,2008-03-13,2026-06-03,6657,0.999,0.999,12,1.0,0.785,30,False,False,False,False,GOOD
B036,41.700_-122.750__c215,6592,2008-03-13,2026-06-03,6657,0.999,0.999,12,1.0,0.923,30,False,False,False,False,GOOD
B036,41.700_-122.800__c557,6567,2008-03-13,2026-06-03,6657,0.995,0.995,12,1.0,0.77,30,False,False,False,False,GOOD
B036,41.700_-123.350__c118,6589,2008-03-13,2026-06-03,6657,0.999,0.999,12,1.0,0.913,30,False,False,False,False,GOOD
B036,41.750_-122.700__c140,6595,2008-03-13,2026-06-03,6657,1.0,1.0,11,1.0,0.926,30,False,False,False,False,GOOD
B036,41.850_-123.250__c75,6585,2008-03-13,2026-06-03,6657,0.998,0.998,12,1.0,0.876,30,False,False,False,False,GOOD
B036,41.850_-123.400__c244,6592,2008-03-13,2026-06-03,6657,0.999,0.999,12,1.0,0.861,30,False,False,False,False,GOOD
B036,41.900_-123.400__c609,6581,2008-03-14,2026-06-03,6656,0.998,0.998,12,1.0,0.929,30,False,False,False,False,GOOD
B036,41.950_-123.450__c54,6593,2008-03-13,2026-06-03,6657,0.999,0.999,12,1.0,0.905,30,False,False,False,False,GOOD
B036,42.000_-123.350__c186,6591,2008-03-13,2026-06-03,6657,0.999,0.999,12,1.0,0.913,30,False,False,False,False,GOOD
B036,42.050_-123.250__c323,6592,2008-03-13,2026-06-03,6657,0.999,0.999,12,1.0,0.908,30,False,False,False,False,GOOD
B036,42.050_-123.450__c751,6587,2008-03-13,2026-06-03,6657,0.998,0.998,12,1.0,0.913,30,False,False,False,False,GOOD
B036,42.050_-123.500__c580,6592,2008-03-13,2026-06-03,6657,0.999,0.999,12,1.0,0.915,30,False,False,False,False,GOOD
B036,42.100_-123.000__c358,6589,2008-03-13,2026-06-03,6657,0.999,0.999,12,1.0,0.901,30,False,False,False,False,GOOD
B036,42.100_-123.050__c65,6596,2008-03-13,2026-06-03,6657,1.0,1.0,10,1.0,0.93,30,False,False,False,False,GOOD
B036,42.100_-123.500__c358,6502,2008-03-14,2026-06-03,6656,0.986,0.986,12,1.0,0.918,30,False,False,False,False,GOOD
B036,42.100_-123.500__c744,6593,2008-03-13,2026-06-03,6657,0.999,0.999,11,1.0,0.927,30,False,False,False,False,GOOD
B036,42.150_-123.350__c68,6593,2008-03-13,2026-06-03,6657,0.999,0.999,12,1.0,0.927,30,False,False,False,False,GOOD
B036,42.200_-123.150__c424,6593,2008-03-13,2026-06-03,6657,0.999,0.999,11,1.0,0.881,30,False,False,False,False,GOOD
B036,42.200_-123.250__c344,6589,2008-03-14,2026-06-03,6656,0.999,0.999,12,1.0,0.938,30,False,False,False,False,GOOD
B036,42.200_-123.450__c385,6592,2008-03-13,2026-06-03,6657,0.999,0.999,12,1.0,0.898,30,False,False,False,False,GOOD
B036,42.200_-123.550__c238,6592,2008-03-13,2026-06-03,6657,0.999,0.999,12,1.0,0.931,30,False,False,False,False,GOOD
B036,42.200_-123.550__c677,5353,2008-03-27,2026-06-03,6643,0.811,0.812,32,2.0,0.922,28,False,False,False,False,GOOD
B036,42.200_-123.800__c65,866,2008-04-24,2026-03-14,6534,0.131,0.133,202,15.600000000000023,0.987,8,True,True,False,False,BAD
B036,42.250_-123.250__c359,6596,2008-03-13,2026-06-03,6657,1.0,1.0,10,1.0,0.918,30,False,False,False,False,GOOD
B036,42.250_-123.300__c663,6522,2008-03-14,2026-06-03,6656,0.989,0.989,12,1.0,0.842,30,False,False,False,False,GOOD
B036,42.300_-123.300__c682,6591,2008-03-13,2026-06-03,6657,0.999,0.999,12,1.0,0.929,30,False,False,False,False,GOOD
B036,42.300_-123.700__c484,6593,2008-03-13,2026-06-03,6657,0.999,0.999,11,1.0,0.913,30,False,False,False,False,GOOD
B036,42.300_-123.700__c524,6595,2008-03-13,2026-06-03,6657,1.0,1.0,11,1.0,0.924,30,False,False,False,False,GOOD
B036,42.300_-123.800__c359,6580,2008-03-14,2026-06-03,6656,0.997,0.998,12,1.0,0.944,30,False,False,False,False,GOOD
B036,42.350_-123.250__c6,6531,2008-03-14,2026-06-03,6656,0.99,0.99,12,1.0,0.909,30,False,False,False,False,GOOD
B036,42.350_-123.500__c763,1193,2008-04-06,2026-04-04,6573,0.181,0.183,177,11.0,0.883,10,True,False,False,False,BAD
B036,42.400_-123.050__c65,1743,2008-04-04,2026-03-14,6554,0.264,0.268,160,8.0,0.947,11,True,False,False,False,BAD
B036,42.400_-123.100__c302,6594,2008-03-13,2026-06-03,6657,1.0,1.0,11,1.0,0.928,30,False,False,False,False,GOOD
B036,42.400_-123.150__c684,6590,2008-03-14,2026-06-03,6656,0.999,0.999,12,1.0,0.922,30,False,False,False,False,GOOD
B036,42.400_-123.200__c512,6592,2008-03-13,2026-06-03,6657,0.999,0.999,12,1.0,0.919,30,False,False,False,False,GOOD
B036,42.400_-123.200__c569,6594,2008-03-13,2026-06-03,6657,1.0,1.0,11,1.0,0.941,30,False,False,False,False,GOOD
B036,42.400_-123.350__c296,6592,2008-03-13,2026-06-03,6657,0.999,0.999,12,1.0,0.874,30,False,False,False,False,GOOD
B036,42.400_-123.350__c635,4424,2008-03-14,2026-06-02,6655,0.671,0.671,104,2.0,0.923,24,False,False,False,False,GOOD
B036,42.400_-123.400__c100,6592,2008-03-13,2026-06-03,6657,0.999,0.999,12,1.0,0.894,30,False,False,False,False,GOOD
B036,42.400_-123.550__c146,5049,2008-03-14,2026-06-02,6655,0.765,0.766,72,2.0,0.935,26,False,False,False,False,GOOD
B036,42.400_-123.650__c162,6593,2008-03-13,2026-06-03,6657,0.999,0.999,12,1.0,0.915,30,False,False,False,False,GOOD
B036,42.400_-123.700__c339,6591,2008-03-14,2026-06-03,6656,0.999,0.999,12,1.0,0.919,30,False,False,False,False,GOOD
B036,42.400_-123.800__c286,3648,2008-03-14,2026-06-02,6655,0.553,0.553,127,3.0,0.946,21,False,False,False,False,GOOD
B036,42.450_-123.150__c433,6593,2008-03-13,2026-06-03,6657,0.999,0.999,12,1.0,0.926,30,False,False,False,False,GOOD
B036,42.450_-123.450__c133,6592,2008-03-13,2026-06-03,6657,0.999,0.999,12,1.0,0.899,30,False,False,False,False,GOOD
B036,42.500_-123.250__c827,6261,2008-03-14,2026-06-03,6656,0.949,0.949,17,1.0,0.928,30,False,False,False,False,GOOD
B036,42.500_-123.500__c36,6592,2008-03-13,2026-06-03,6657,0.999,0.999,12,1.0,0.787,30,False,False,False,False,GOOD
B036,42.500_-123.550__c701,6592,2008-03-13,2026-06-03,6657,0.999,0.999,12,1.0,0.912,30,False,False,False,False,GOOD
B036,42.500_-123.650__c371,4031,2008-03-15,2026-06-01,6653,0.611,0.611,89,3.0,0.951,22,False,False,False,False,GOOD
B036,42.500_-123.700__c239,6546,2008-03-14,2026-06-03,6656,0.992,0.992,12,1.0,0.92,30,False,False,False,False,GOOD
B036,42.550_-123.150__c219,6592,2008-03-13,2026-06-03,6657,0.999,0.999,12,1.0,0.935,30,False,False,False,False,GOOD
B036,42.550_-123.250__c512,6561,2008-03-14,2026-06-03,6656,0.995,0.995,12,1.0,0.826,30,False,False,False,False,GOOD
B036,42.550_-123.350__c77,122,2009-03-13,2025-05-28,5921,0.018,0.021,1202,137.0,0.872,8,True,True,False,False,BAD
B036,42.550_-123.400__c723,6546,2008-03-13,2026-06-03,6657,0.992,0.992,12,1.0,0.919,30,False,False,False,False,GOOD
B036,42.550_-123.450__c150,6594,2008-03-13,2026-06-03,6657,1.0,1.0,11,1.0,0.923,30,False,False,False,False,GOOD
B036,42.550_-123.500__c458,6592,2008-03-13,2026-06-03,6657,0.999,0.999,12,1.0,0.899,30,False,False,False,False,GOOD
B036,42.550_-123.550__c449,6593,2008-03-13,2026-06-03,6657,0.999,0.999,12,1.0,0.9,30,False,False,False,False,GOOD
B036,42.550_-123.750__c210,2336,2008-03-27,2026-05-17,6626,0.354,0.355,118,6.0,0.975,13,True,False,False,False,BAD
B036,42.600_-123.150__c133,6592,2008-03-13,2026-06-03,6657,0.999,0.999,12,1.0,0.897,30,False,False,False,False,GOOD
B036,42.600_-123.150__c488,6578,2008-03-14,2026-06-03,6656,0.997,0.997,12,1.0,0.909,30,False,False,False,False,GOOD
B036,42.600_-123.250__c224,6557,2008-03-13,2026-06-03,6657,0.994,0.994,12,1.0,0.949,30,False,False,False,False,GOOD
B036,42.600_-123.250__c446,6522,2008-03-14,2026-06-03,6656,0.989,0.989,12,1.0,0.918,30,False,False,False,False,GOOD
B036,42.600_-123.500__c657,6594,2008-03-13,2026-06-03,6657,1.0,1.0,11,1.0,0.926,30,False,False,False,False,GOOD
B036,42.600_-123.600__c495,6470,2008-03-14,2026-06-03,6656,0.981,0.981,12,1.0,0.937,30,False,False,False,False,GOOD
B036,42.600_-123.650__c382,6595,2008-03-13,2026-06-03,6657,1.0,1.0,11,1.0,0.921,30,False,False,False,False,GOOD
B036,42.650_-123.350__c690,6595,2008-03-13,2026-06-03,6657,1.0,1.0,11,1.0,0.926,30,False,False,False,False,GOOD
B036,42.650_-123.400__c797,5528,2008-03-14,2026-06-02,6655,0.838,0.838,16,2.0,0.894,28,False,False,False,False,GOOD
B036,42.650_-123.550__c416,6592,2008-03-13,2026-06-03,6657,0.999,0.999,12,1.0,0.865,30,False,False,False,False,GOOD
B036,42.700_-123.200__c177,6593,2008-03-13,2026-06-03,6657,0.999,0.999,12,1.0,0.926,30,False,False,False,False,GOOD
B036,42.700_-123.600__c443,6596,2008-03-13,2026-06-03,6657,1.0,1.0,10,1.0,0.925,30,False,False,False,False,GOOD
B036,42.750_-123.100__c269,6488,2008-03-14,2026-06-03,6656,0.983,0.984,12,1.0,0.936,30,False,False,False,False,GOOD
B036,42.750_-123.300__c568,6588,2008-03-13,2026-06-03,6657,0.999,0.999,12,1.0,0.906,30,False,False,False,False,GOOD
B036,42.750_-123.350__c627,68,2009-03-15,2025-05-27,5918,0.01,0.012,1399,351.3999999999999,0.842,11,True,True,False,False,BAD
B036,42.750_-123.450__c155,4127,2008-03-15,2026-06-02,6654,0.626,0.626,91,3.0,0.938,24,False,False,False,False,GOOD
B036,42.750_-123.700__c347,6592,2008-03-13,2026-06-03,6657,0.999,0.999,12,1.0,0.921,30,False,False,False,False,GOOD
B036,42.800_-123.250__c500,6462,2008-03-14,2026-06-03,6656,0.98,0.98,12,1.0,0.951,30,False,False,False,False,GOOD
B036,42.800_-123.550__c583,4457,2008-03-14,2026-06-02,6655,0.676,0.676,168,2.0,0.971,25,False,False,False,False,GOOD
B036,42.800_-123.750__c142,5544,2008-03-14,2026-06-02,6655,0.84,0.841,47,2.0,0.787,27,False,False,False,False,GOOD
B036,42.850_-123.550__c106,6572,2008-03-13,2026-06-03,6657,0.996,0.996,12,1.0,0.67,30,False,False,False,False,GOOD
B036,42.900_-123.700__c478,6592,2008-03-13,2026-06-03,6657,0.999,0.999,12,1.0,0.911,30,False,False,False,False,GOOD
B036,43.000_-123.150__c316,6594,2008-03-13,2026-06-03,6657,1.0,1.0,11,1.0,0.918,30,False,False,False,False,GOOD
B036,43.000_-123.200__c236,6592,2008-03-13,2026-06-03,6657,0.999,0.999,12,1.0,0.92,30,False,False,False,False,GOOD
B036,43.000_-123.450__c460,6521,2008-03-13,2026-06-03,6657,0.988,0.988,12,1.0,0.953,30,False,False,False,False,GOOD
B036,43.050_-123.850__c103,515,2008-05-02,2026-02-22,6506,0.078,0.08,307,22.69999999999999,0.98,8,True,True,False,False,BAD
B036,43.100_-123.450__c358,6593,2008-03-13,2026-06-03,6657,0.999,0.999,12,1.0,0.929,30,False,False,False,False,GOOD
B036,43.150_-123.450__c394,6582,2008-03-13,2026-06-03,6657,0.998,0.998,12,1.0,0.878,30,False,False,False,False,GOOD
B036,43.150_-123.650__c644,6586,2008-03-13,2026-06-03,6657,0.998,0.998,12,1.0,0.926,30,False,False,False,False,GOOD
B036,43.200_-123.350__c401,6565,2008-03-13,2026-06-03,6657,0.995,0.995,12,1.0,0.904,30,False,False,False,False,GOOD
B036,43.200_-123.600__c402,1789,2008-03-14,2026-06-01,6654,0.271,0.271,252,6.0,0.819,14,True,True,False,False,BAD
B036,43.200_-123.650__c388,6584,2008-03-13,2026-06-03,6657,0.998,0.998,12,1.0,0.935,30,False,False,False,False,GOOD
B036,43.200_-123.800__c428,6592,2008-03-13,2026-06-03,6657,0.999,0.999,12,1.0,0.919,30,False,False,False,False,GOOD
B036,43.350_-123.300__c349,5463,2008-03-14,2026-06-02,6655,0.828,0.828,58,2.0,0.931,28,False,False,False,False,GOOD
B036,43.350_-123.700__c202,6593,2008-03-13,2026-06-03,6657,0.999,0.999,11,1.0,0.913,30,False,False,False,False,GOOD
B036,43.400_-123.200__c27,6593,2008-03-13,2026-06-03,6657,0.999,0.999,12,1.0,0.92,30,False,False,False,False,GOOD
B036,43.400_-123.550__c66,6595,2008-03-13,2026-06-03,6657,1.0,1.0,11,1.0,0.921,30,False,False,False,False,GOOD
B036,43.400_-123.600__c315,6596,2008-03-13,2026-06-03,6657,1.0,1.0,10,1.0,0.925,30,False,False,False,False,GOOD
B039,40.600_-122.800__c398,6291,2007-11-11,2026-06-06,6783,1.0,1.0,434,1.0,0.996,30,False,False,False,False,GOOD
B039,40.600_-122.800__c541,6279,2007-11-12,2026-06-05,6781,0.998,0.998,435,1.0,0.981,30,False,False,False,False,GOOD
B039,40.600_-122.850__c15,6289,2007-11-11,2026-06-06,6783,0.999,0.999,434,1.0,0.954,30,False,False,False,False,GOOD
B039,40.600_-122.900__c733,6290,2007-11-11,2026-06-06,6783,1.0,1.0,434,1.0,0.95,30,False,False,False,False,GOOD
B039,40.600_-122.950__c665,6290,2007-11-11,2026-06-06,6783,1.0,1.0,434,1.0,0.979,30,False,False,False,False,GOOD
B039,40.600_-123.000__c644,6292,2007-11-11,2026-06-06,6783,1.0,1.0,434,1.0,0.994,30,False,False,False,False,GOOD
B039,40.650_-122.650__c523,4606,2007-11-13,2026-06-05,6780,0.732,0.732,437,2.0,0.868,23,False,False,False,False,GOOD
B039,40.650_-122.650__c60,4379,2007-11-12,2026-06-03,6779,0.696,0.696,442,3.0,0.915,23,False,False,False,False,GOOD
B039,40.650_-122.750__c524,6290,2007-11-11,2026-06-06,6783,1.0,1.0,434,1.0,0.982,30,False,False,False,False,GOOD
B039,40.650_-122.900__c429,6289,2007-11-12,2026-06-06,6782,0.999,1.0,434,1.0,0.973,30,False,False,False,False,GOOD
B039,40.650_-123.150__c133,6292,2007-11-11,2026-06-06,6783,1.0,1.0,434,1.0,0.995,30,False,False,False,False,GOOD
B039,40.700_-122.450__c25,6292,2007-11-11,2026-06-06,6783,1.0,1.0,434,1.0,0.988,30,False,False,False,False,GOOD
B039,40.700_-122.450__c423,6290,2007-11-11,2026-06-06,6783,1.0,1.0,434,1.0,0.991,30,False,False,False,False,GOOD
B039,40.700_-122.600__c793,6289,2007-11-11,2026-06-06,6783,0.999,0.999,434,1.0,0.953,30,False,False,False,False,GOOD
B039,40.700_-122.800__c439,6290,2007-11-11,2026-06-06,6783,1.0,1.0,434,1.0,0.98,30,False,False,False,False,GOOD
B039,40.700_-122.950__c634,6292,2007-11-11,2026-06-06,6783,1.0,1.0,434,1.0,0.99,30,False,False,False,False,GOOD
B039,40.700_-123.250__c25,6292,2007-11-11,2026-06-06,6783,1.0,1.0,434,1.0,0.994,30,False,False,False,False,GOOD
B039,40.750_-122.950__c268,6290,2007-11-11,2026-06-06,6783,1.0,1.0,434,1.0,0.989,30,False,False,False,False,GOOD
B039,40.750_-123.050__c191,6280,2007-11-12,2026-06-05,6781,0.998,0.998,435,1.0,0.981,30,False,False,False,False,GOOD
B039,40.800_-122.900__c328,6290,2007-11-11,2026-06-06,6783,1.0,1.0,434,1.0,0.986,30,False,False,False,False,GOOD
B039,40.800_-123.100__c178,6290,2007-11-11,2026-06-06,6783,1.0,1.0,434,1.0,0.997,30,False,False,False,False,GOOD
B039,40.850_-122.750__c392,6292,2007-11-11,2026-06-06,6783,1.0,1.0,434,1.0,0.996,30,False,False,False,False,GOOD
B039,40.850_-122.900__c612,6290,2007-11-11,2026-06-06,6783,1.0,1.0,434,1.0,0.991,30,False,False,False,False,GOOD
B039,40.850_-123.000__c198,6290,2007-11-11,2026-06-06,6783,1.0,1.0,434,1.0,0.998,30,False,False,False,False,GOOD
B039,40.850_-123.050__c142,6292,2007-11-11,2026-06-06,6783,1.0,1.0,434,1.0,0.983,30,False,False,False,False,GOOD
B039,40.850_-123.100__c711,6290,2007-11-11,2026-06-06,6783,1.0,1.0,434,1.0,0.995,30,False,False,False,False,GOOD
B039,40.900_-122.600__c132,6290,2007-11-11,2026-06-06,6783,1.0,1.0,434,1.0,0.985,30,False,False,False,False,GOOD
B039,40.900_-123.100__c86,6292,2007-11-11,2026-06-06,6783,1.0,1.0,434,1.0,0.976,30,False,False,False,False,GOOD
B039,40.900_-123.150__c185,6290,2007-11-11,2026-06-06,6783,1.0,1.0,434,1.0,0.973,30,False,False,False,False,GOOD
B039,40.900_-123.200__c370,6290,2007-11-11,2026-06-06,6783,1.0,1.0,434,1.0,0.996,30,False,False,False,False,GOOD
B039,40.950_-123.100__c106,6290,2007-11-11,2026-06-06,6783,1.0,1.0,434,1.0,0.994,30,False,False,False,False,GOOD
B039,41.000_-122.400__c56,6292,2007-11-11,2026-06-06,6783,1.0,1.0,434,1.0,0.997,30,False,False,False,False,GOOD
B039,41.000_-122.450__c105,6292,2007-11-11,2026-06-06,6783,1.0,1.0,434,1.0,0.969,30,False,False,False,False,GOOD
B039,41.000_-122.800__c334,6290,2007-11-11,2026-06-06,6783,1.0,1.0,434,1.0,0.904,30,False,False,False,False,GOOD
B039,41.000_-123.150__c254,6291,2007-11-11,2026-06-06,6783,1.0,1.0,434,1.0,0.993,30,False,False,False,False,GOOD
B039,41.050_-123.000__c12,6290,2007-11-11,2026-06-06,6783,1.0,1.0,434,1.0,0.996,30,False,False,False,False,GOOD
B039,41.050_-123.000__c416,6291,2007-11-11,2026-06-06,6783,1.0,1.0,434,1.0,0.992,30,False,False,False,False,GOOD
B039,41.050_-123.100__c624,6292,2007-11-11,2026-06-06,6783,1.0,1.0,434,1.0,0.971,30,False,False,False,False,GOOD
B039,41.100_-122.850__c682,6290,2007-11-11,2026-06-06,6783,1.0,1.0,434,1.0,0.998,30,False,False,False,False,GOOD
B039,41.100_-123.050__c626,6290,2007-11-11,2026-06-06,6783,1.0,1.0,434,1.0,0.965,30,False,False,False,False,GOOD
B039,41.100_-123.100__c132,6290,2007-11-11,2026-06-06,6783,1.0,1.0,434,1.0,0.976,30,False,False,False,False,GOOD
B039,41.100_-123.100__c536,6292,2007-11-11,2026-06-06,6783,1.0,1.0,434,1.0,0.993,30,False,False,False,False,GOOD
B039,41.100_-123.150__c562,6292,2007-11-11,2026-06-06,6783,1.0,1.0,434,1.0,0.98,30,False,False,False,False,GOOD
B039,41.100_-123.200__c558,6286,2007-11-12,2026-06-05,6781,0.999,0.999,435,1.0,0.993,30,False,False,False,False,GOOD
B039,41.150_-122.700__c122,6292,2007-11-11,2026-06-06,6783,1.0,1.0,434,1.0,0.994,30,False,False,False,False,GOOD
B039,41.150_-122.700__c313,6290,2007-11-11,2026-06-06,6783,1.0,1.0,434,1.0,0.992,30,False,False,False,False,GOOD
B039,41.150_-122.950__c346,6290,2007-11-11,2026-06-06,6783,1.0,1.0,434,1.0,0.993,30,False,False,False,False,GOOD
B039,41.150_-123.050__c456,6290,2007-11-11,2026-06-06,6783,1.0,1.0,434,1.0,0.995,30,False,False,False,False,GOOD
B039,41.150_-123.050__c599,6292,2007-11-11,2026-06-06,6783,1.0,1.0,434,1.0,0.994,30,False,False,False,False,GOOD
B039,41.200_-123.200__c390,6290,2007-11-11,2026-06-06,6783,1.0,1.0,434,1.0,0.977,30,False,False,False,False,GOOD
B039,41.200_-123.250__c634,6292,2007-11-11,2026-06-06,6783,1.0,1.0,434,1.0,0.993,30,False,False,False,False,GOOD
B039,41.250_-122.850__c725,6291,2007-11-11,2026-06-06,6783,1.0,1.0,434,1.0,0.982,30,False,False,False,False,GOOD
B039,41.250_-122.900__c400,6292,2007-11-11,2026-06-06,6783,1.0,1.0,434,1.0,0.988,30,False,False,False,False,GOOD
B039,41.250_-123.150__c544,6290,2007-11-11,2026-06-06,6783,1.0,1.0,434,1.0,0.946,30,False,False,False,False,GOOD
B039,41.300_-122.750__c185,6292,2007-11-11,2026-06-06,6783,1.0,1.0,434,1.0,0.996,30,False,False,False,False,GOOD
B039,41.300_-122.950__c768,6290,2007-11-11,2026-06-06,6783,1.0,1.0,434,1.0,0.992,30,False,False,False,False,GOOD
B039,41.300_-123.250__c707,6291,2007-11-11,2026-06-06,6783,1.0,1.0,434,1.0,0.993,30,False,False,False,False,GOOD
B039,41.350_-122.900__c586,6292,2007-11-11,2026-06-06,6783,1.0,1.0,434,1.0,0.995,30,False,False,False,False,GOOD
B039,41.350_-122.950__c464,6290,2007-11-11,2026-06-06,6783,1.0,1.0,434,1.0,0.958,30,False,False,False,False,GOOD
B039,41.350_-123.200__c286,6289,2007-11-11,2026-06-06,6783,0.999,0.999,434,1.0,0.953,30,False,False,False,False,GOOD
B039,41.350_-123.200__c513,6290,2007-11-11,2026-06-06,6783,1.0,1.0,434,1.0,0.994,30,False,False,False,False,GOOD
B039,41.400_-122.950__c11,6292,2007-11-11,2026-06-06,6783,1.0,1.0,434,1.0,0.99,30,False,False,False,False,GOOD
B039,41.400_-123.000__c137,6290,2007-11-11,2026-06-06,6783,1.0,1.0,434,1.0,0.99,30,False,False,False,False,GOOD
B039,41.400_-123.000__c81,6291,2007-11-11,2026-06-06,6783,1.0,1.0,434,1.0,0.995,30,False,False,False,False,GOOD
B039,41.400_-123.050__c632,6290,2007-11-11,2026-06-06,6783,1.0,1.0,434,1.0,0.994,30,False,False,False,False,GOOD
B039,41.400_-123.150__c329,6290,2007-11-11,2026-06-06,6783,1.0,1.0,434,1.0,0.993,30,False,False,False,False,GOOD
B039,41.400_-123.150__c394,6290,2007-11-11,2026-06-06,6783,1.0,1.0,434,1.0,0.988,30,False,False,False,False,GOOD
B039,41.400_-123.250__c498,6292,2007-11-11,2026-06-06,6783,1.0,1.0,434,1.0,0.982,30,False,False,False,False,GOOD
B039,41.400_-123.250__c582,6290,2007-11-11,2026-06-06,6783,1.0,1.0,434,1.0,0.968,30,False,False,False,False,GOOD
B039,41.450_-123.000__c335,6292,2007-11-11,2026-06-06,6783,1.0,1.0,434,1.0,0.979,30,False,False,False,False,GOOD
B039,41.450_-123.100__c645,6289,2007-11-11,2026-06-06,6783,0.999,0.999,434,1.0,0.996,30,False,False,False,False,GOOD
B039,41.450_-123.200__c131,6290,2007-11-11,2026-06-06,6783,1.0,1.0,434,1.0,0.98,30,False,False,False,False,GOOD
B039,41.450_-123.200__c537,6292,2007-11-11,2026-06-06,6783,1.0,1.0,434,1.0,0.986,30,False,False,False,False,GOOD
B039,41.500_-123.000__c273,6290,2007-11-11,2026-06-06,6783,1.0,1.0,434,1.0,0.994,30,False,False,False,False,GOOD
B039,41.500_-123.000__c575,6292,2007-11-11,2026-06-06,6783,1.0,1.0,434,1.0,0.996,30,False,False,False,False,GOOD
B039,41.550_-122.600__c142,6286,2007-11-12,2026-06-06,6782,0.999,0.999,435,1.0,0.973,30,False,False,False,False,GOOD
B039,41.550_-122.800__c263,6288,2007-11-12,2026-06-06,6782,0.999,0.999,434,1.0,0.986,30,False,False,False,False,GOOD
B039,41.550_-123.000__c238,6290,2007-11-11,2026-06-06,6783,1.0,1.0,434,1.0,0.951,30,False,False,False,False,GOOD
B039,41.550_-123.000__c444,6292,2007-11-11,2026-06-06,6783,1.0,1.0,434,1.0,0.984,30,False,False,False,False,GOOD
B039,41.550_-123.100__c242,6291,2007-11-11,2026-06-06,6783,1.0,1.0,434,1.0,0.98,30,False,False,False,False,GOOD
B039,41.550_-123.250__c655,6292,2007-11-11,2026-06-06,6783,1.0,1.0,434,1.0,0.995,30,False,False,False,False,GOOD
B039,41.600_-122.650__c390,6290,2007-11-11,2026-06-06,6783,1.0,1.0,434,1.0,0.994,30,False,False,False,False,GOOD
B039,41.600_-122.750__c217,6292,2007-11-11,2026-06-06,6783,1.0,1.0,434,1.0,0.989,30,False,False,False,False,GOOD
B039,41.600_-122.850__c663,6284,2007-11-12,2026-06-05,6781,0.999,0.999,435,1.0,0.978,30,False,False,False,False,GOOD
B039,41.600_-122.950__c586,6290,2007-11-11,2026-06-06,6783,1.0,1.0,434,1.0,0.986,30,False,False,False,False,GOOD
B039,41.600_-123.050__c12,6292,2007-11-11,2026-06-06,6783,1.0,1.0,434,1.0,0.994,30,False,False,False,False,GOOD
B039,41.700_-122.850__c929,6290,2007-11-11,2026-06-06,6783,1.0,1.0,434,1.0,0.99,30,False,False,False,False,GOOD
B039,41.700_-123.050__c579,6291,2007-11-11,2026-06-06,6783,1.0,1.0,434,1.0,0.911,30,False,False,False,False,GOOD
B039,41.700_-123.350__c302,6291,2007-11-11,2026-06-06,6783,1.0,1.0,434,1.0,0.984,30,False,False,False,False,GOOD
B039,41.750_-122.700__c51,6292,2007-11-11,2026-06-06,6783,1.0,1.0,434,1.0,0.99,30,False,False,False,False,GOOD
B039,41.750_-123.100__c850,6290,2007-11-11,2026-06-06,6783,1.0,1.0,434,1.0,0.994,30,False,False,False,False,GOOD
B039,41.800_-122.900__c36,6293,2007-11-11,2026-06-06,6783,1.0,1.0,434,1.0,0.993,30,False,False,False,False,GOOD
B039,41.800_-123.100__c785,6292,2007-11-11,2026-06-06,6783,1.0,1.0,434,1.0,0.995,30,False,False,False,False,GOOD
B039,41.800_-123.350__c427,6290,2007-11-11,2026-06-06,6783,1.0,1.0,434,1.0,0.993,30,False,False,False,False,GOOD
B039,41.850_-123.300__c254,6290,2007-11-11,2026-06-06,6783,1.0,1.0,434,1.0,0.997,30,False,False,False,False,GOOD
B039,41.900_-123.000__c437,6290,2007-11-11,2026-06-06,6783,1.0,1.0,434,1.0,0.992,30,False,False,False,False,GOOD
B039,41.900_-123.250__c291,6290,2007-11-11,2026-06-06,6783,1.0,1.0,434,1.0,0.995,30,False,False,False,False,GOOD
B039,41.900_-123.400__c308,6292,2007-11-11,2026-06-06,6783,1.0,1.0,434,1.0,0.994,30,False,False,False,False,GOOD
B039,41.950_-122.800__c11,6290,2007-11-11,2026-06-06,6783,1.0,1.0,434,1.0,0.989,30,False,False,False,False,GOOD
B039,42.000_-123.100__c95,6290,2007-11-11,2026-06-06,6783,1.0,1.0,434,1.0,0.935,30,False,False,False,False,GOOD
B039,42.000_-123.600__c124,6292,2007-11-11,2026-06-06,6783,1.0,1.0,434,1.0,0.99,30,False,False,False,False,GOOD
B039,42.100_-122.950__c105,6286,2007-11-12,2026-06-05,6781,0.999,0.999,435,1.0,0.993,30,False,False,False,False,GOOD
B039,42.100_-122.950__c106,6290,2007-11-11,2026-06-06,6783,1.0,1.0,434,1.0,0.989,30,False,False,False,False,GOOD
B039,42.100_-123.400__c847,6291,2007-11-11,2026-06-06,6783,1.0,1.0,434,1.0,0.995,30,False,False,False,False,GOOD
B039,42.100_-123.450__c298,6290,2007-11-11,2026-06-06,6783,1.0,1.0,434,1.0,0.994,30,False,False,False,False,GOOD
B039,42.150_-123.400__c14,6290,2007-11-11,2026-06-06,6783,1.0,1.0,434,1.0,0.993,30,False,False,False,False,GOOD
B039,42.200_-123.250__c165,6290,2007-11-11,2026-06-06,6783,1.0,1.0,434,1.0,0.983,30,False,False,False,False,GOOD
B039,42.200_-123.550__c70,6291,2007-11-11,2026-06-06,6783,1.0,1.0,434,1.0,0.99,30,False,False,False,False,GOOD
B039,42.250_-123.150__c209,556,2007-12-02,2025-05-19,6379,0.088,0.094,1106,13.600000000000023,0.81,8,True,True,False,False,BAD
B039,42.250_-123.150__c514,146,2008-01-08,2025-05-19,6342,0.023,0.025,1602,108.19999999999993,0.602,6,True,True,False,False,BAD
B039,42.250_-123.300__c262,6291,2007-11-11,2026-06-06,6783,1.0,1.0,434,1.0,0.994,30,False,False,False,False,GOOD
B039,42.250_-123.500__c165,6292,2007-11-11,2026-06-06,6783,1.0,1.0,434,1.0,0.971,30,False,False,False,False,GOOD
B039,42.250_-123.600__c308,6289,2007-11-11,2026-06-06,6783,0.999,0.999,434,1.0,0.988,30,False,False,False,False,GOOD
B039,42.300_-123.200__c186,6291,2007-11-11,2026-06-06,6783,1.0,1.0,434,1.0,0.995,30,False,False,False,False,GOOD
B039,42.300_-123.200__c700,6292,2007-11-11,2026-06-06,6783,1.0,1.0,434,1.0,0.983,30,False,False,False,False,GOOD
B039,42.300_-123.450__c810,6290,2007-11-11,2026-06-06,6783,1.0,1.0,434,1.0,0.993,30,False,False,False,False,GOOD
B039,42.350_-123.050__c117,6290,2007-11-11,2026-06-06,6783,1.0,1.0,434,1.0,0.994,30,False,False,False,False,GOOD
B040,40.950_-122.900__c746,6639,2007-12-17,2026-06-05,6746,0.997,0.997,35,1.0,0.809,30,False,False,False,False,GOOD
B040,41.000_-122.700__c77,6637,2007-12-17,2026-06-05,6746,0.997,0.997,35,1.0,0.952,30,False,False,False,False,GOOD
B040,41.000_-122.750__c917,6648,2007-12-17,2026-06-06,6747,0.999,0.999,35,1.0,0.96,30,False,False,False,False,GOOD
B040,41.000_-122.900__c855,6648,2007-12-17,2026-06-06,6747,0.999,0.999,35,1.0,0.924,30,False,False,False,False,GOOD
B040,41.000_-123.050__c656,6656,2007-12-17,2026-06-06,6747,1.0,1.0,35,1.0,0.943,30,False,False,False,False,GOOD
B040,41.000_-123.150__c149,6650,2007-12-17,2026-06-05,6746,0.999,0.999,35,1.0,0.9,30,False,False,False,False,GOOD
B040,41.000_-123.150__c76,6293,2007-12-17,2026-06-05,6746,0.945,0.945,35,1.0,0.9,30,False,False,False,False,GOOD
B040,41.050_-122.750__c908,6425,2007-12-17,2026-06-04,6745,0.965,0.965,35,1.0,0.981,30,False,False,False,False,GOOD
B040,41.050_-122.900__c343,6652,2007-12-17,2026-06-06,6747,0.999,0.999,35,1.0,0.965,30,False,False,False,False,GOOD
B040,41.100_-123.050__c357,6654,2007-12-17,2026-06-06,6747,1.0,1.0,35,1.0,0.974,30,False,False,False,False,GOOD
B040,41.100_-123.100__c773,1373,2008-04-30,2025-05-25,6235,0.206,0.223,344,6.0,0.986,14,True,True,False,False,BAD
B040,41.150_-122.800__c1115,6402,2007-12-17,2026-06-05,6746,0.962,0.962,36,1.0,0.947,30,False,False,False,False,GOOD
B040,41.200_-122.950__c874,6233,2007-12-17,2026-06-05,6746,0.936,0.936,35,1.0,0.938,30,False,False,False,False,GOOD
B040,41.200_-123.200__c225,6642,2007-12-17,2026-06-06,6747,0.998,0.998,35,1.0,0.95,30,False,False,False,False,GOOD
B040,41.200_-123.250__c913,6603,2007-12-17,2026-06-05,6746,0.992,0.992,35,1.0,0.964,30,False,False,False,False,GOOD
B040,41.250_-122.950__c1097,6654,2007-12-17,2026-06-06,6747,1.0,1.0,35,1.0,0.953,30,False,False,False,False,GOOD
B040,41.300_-122.600__c249,6651,2007-12-17,2026-06-06,6747,0.999,0.999,35,1.0,0.965,30,False,False,False,False,GOOD
B040,41.300_-123.250__c548,6634,2007-12-17,2026-06-05,6746,0.997,0.997,35,1.0,0.971,30,False,False,False,False,GOOD
B040,41.300_-123.300__c421,6645,2007-12-17,2026-06-05,6746,0.998,0.998,35,1.0,0.967,30,False,False,False,False,GOOD
B040,41.300_-123.350__c173,5077,2007-12-17,2026-06-05,6746,0.763,0.763,39,2.0,0.919,25,False,False,False,False,GOOD
B040,41.350_-122.700__c103,6646,2007-12-17,2026-06-05,6746,0.998,0.998,35,1.0,0.984,30,False,False,False,False,GOOD
B040,41.350_-123.100__c1060,6656,2007-12-17,2026-06-06,6747,1.0,1.0,35,1.0,0.969,30,False,False,False,False,GOOD
B040,41.350_-123.350__c260,4939,2007-12-18,2026-06-02,6742,0.742,0.742,36,2.0,0.946,25,False,False,False,False,GOOD
B040,41.400_-122.900__c652,6649,2007-12-17,2026-06-06,6747,0.999,0.999,35,1.0,0.973,30,False,False,False,False,GOOD
B040,41.400_-123.400__c106,6650,2007-12-17,2026-06-06,6747,0.999,0.999,35,1.0,0.973,30,False,False,False,False,GOOD
B040,41.400_-123.400__c285,6649,2007-12-17,2026-06-06,6747,0.999,0.999,35,1.0,0.967,30,False,False,False,False,GOOD
B040,41.450_-123.000__c995,6652,2007-12-17,2026-06-06,6747,0.999,0.999,35,1.0,0.961,30,False,False,False,False,GOOD
B040,41.450_-123.250__c613,6630,2007-12-17,2026-06-05,6746,0.996,0.996,35,1.0,0.957,30,False,False,False,False,GOOD
B040,41.450_-123.300__c303,6653,2007-12-17,2026-06-06,6747,0.999,0.999,35,1.0,0.941,30,False,False,False,False,GOOD
B040,41.450_-123.300__c669,5820,2007-12-17,2026-06-05,6746,0.874,0.874,37,1.0,0.977,28,False,False,False,False,GOOD
B040,41.450_-123.450__c8,5615,2007-12-21,2026-06-05,6742,0.843,0.844,39,2.0,0.925,27,False,False,False,False,GOOD
B040,41.500_-123.450__c552,6631,2007-12-17,2026-06-05,6746,0.996,0.996,35,1.0,0.945,30,False,False,False,False,GOOD
B040,41.550_-123.450__c122,6648,2007-12-17,2026-06-05,6746,0.999,0.999,35,1.0,0.909,30,False,False,False,False,GOOD
B040,41.600_-122.750__c398,6649,2007-12-17,2026-06-06,6747,0.999,0.999,35,1.0,0.964,30,False,False,False,False,GOOD
B040,41.600_-123.150__c255,6606,2007-12-17,2026-06-05,6746,0.992,0.992,35,1.0,0.944,30,False,False,False,False,GOOD
B040,41.650_-123.200__c814,6649,2007-12-17,2026-06-05,6746,0.999,0.999,35,1.0,0.946,30,False,False,False,False,GOOD
B040,41.650_-123.300__c782,6645,2007-12-17,2026-06-06,6747,0.998,0.998,35,1.0,0.965,30,False,False,False,False,GOOD
B040,41.700_-122.800__c1519,6627,2007-12-17,2026-06-05,6746,0.995,0.996,35,1.0,0.929,30,False,False,False,False,GOOD
B040,41.700_-123.400__c1184,6630,2007-12-17,2026-06-05,6746,0.996,0.996,35,1.0,0.963,30,False,False,False,False,GOOD
B040,41.750_-122.850__c1189,338,2008-08-10,2024-01-17,5639,0.051,0.061,355,35.80000000000007,0.951,7,True,True,False,False,BAD
B040,41.750_-123.350__c1145,5118,2007-12-17,2026-06-02,6743,0.769,0.769,40,2.0,0.973,26,False,False,False,False,GOOD
B040,41.800_-123.200__c1273,5937,2007-12-17,2026-06-04,6745,0.892,0.892,36,1.0,0.941,29,False,False,False,False,GOOD
B040,41.800_-123.200__c985,6650,2007-12-17,2026-06-06,6747,0.999,0.999,35,1.0,0.944,30,False,False,False,False,GOOD
B040,41.800_-123.250__c709,6626,2007-12-17,2026-06-05,6746,0.995,0.995,35,1.0,0.961,30,False,False,False,False,GOOD
B040,41.800_-123.350__c550,6634,2007-12-17,2026-06-05,6746,0.997,0.997,35,1.0,0.972,30,False,False,False,False,GOOD
B040,41.850_-122.800__c93,6643,2007-12-17,2026-06-05,6746,0.998,0.998,35,1.0,0.862,30,False,False,False,False,GOOD
B040,41.850_-123.400__c270,6641,2007-12-17,2026-06-05,6746,0.998,0.998,35,1.0,0.973,30,False,False,False,False,GOOD
B040,41.900_-123.400__c53,6646,2007-12-17,2026-06-06,6747,0.998,0.998,35,1.0,0.954,30,False,False,False,False,GOOD
B040,41.950_-123.150__c609,6647,2007-12-17,2026-06-05,6746,0.998,0.999,35,1.0,0.943,30,False,False,False,False,GOOD
B040,41.950_-123.300__c277,3411,2007-12-17,2026-06-04,6745,0.512,0.513,46,4.0,0.904,17,False,False,False,False,GOOD
B040,41.950_-123.300__c452,6163,2007-12-18,2026-06-05,6745,0.926,0.926,37,1.0,0.964,30,False,False,False,False,GOOD
B040,42.000_-123.050__c375,6656,2007-12-17,2026-06-06,6747,1.0,1.0,35,1.0,0.977,30,False,False,False,False,GOOD
B040,42.000_-123.350__c585,6466,2007-12-17,2026-06-05,6746,0.971,0.971,35,1.0,0.775,30,False,False,False,False,GOOD
B040,42.050_-123.250__c313,6654,2007-12-17,2026-06-06,6747,1.0,1.0,35,1.0,0.964,30,False,False,False,False,GOOD
B040,42.050_-123.400__c832,6652,2007-12-17,2026-06-06,6747,0.999,0.999,35,1.0,0.953,30,False,False,False,False,GOOD
B040,42.050_-123.600__c410,6652,2007-12-17,2026-06-06,6747,0.999,0.999,35,1.0,0.977,30,False,False,False,False,GOOD
B040,42.100_-123.000__c172,6652,2007-12-17,2026-06-06,6747,0.999,0.999,35,1.0,0.962,30,False,False,False,False,GOOD
B040,42.100_-123.150__c359,6655,2007-12-17,2026-06-06,6747,1.0,1.0,35,1.0,0.865,30,False,False,False,False,GOOD
B040,42.150_-123.250__c223,6648,2007-12-17,2026-06-06,6747,0.999,0.999,35,1.0,0.933,30,False,False,False,False,GOOD
B040,42.150_-123.250__c286,6637,2007-12-17,2026-06-05,6746,0.997,0.997,35,1.0,0.92,30,False,False,False,False,GOOD
B040,42.150_-123.450__c364,6257,2007-12-18,2026-06-05,6745,0.94,0.94,37,1.0,0.96,30,False,False,False,False,GOOD
B040,42.250_-123.400__c532,6655,2007-12-17,2026-06-06,6747,1.0,1.0,35,1.0,0.964,30,False,False,False,False,GOOD
B040,42.300_-123.150__c969,6651,2007-12-17,2026-06-06,6747,0.999,0.999,35,1.0,0.882,30,False,False,False,False,GOOD
B040,42.300_-123.500__c280,6645,2007-12-17,2026-06-06,6747,0.998,0.998,35,1.0,0.941,30,False,False,False,False,GOOD
B040,42.300_-123.600__c321,6645,2007-12-17,2026-06-06,6747,0.998,0.998,35,1.0,0.973,30,False,False,False,False,GOOD
B040,42.350_-123.200__c1108,6648,2007-12-17,2026-06-06,6747,0.999,0.999,35,1.0,0.979,30,False,False,False,False,GOOD
B040,42.350_-123.200__c1114,6652,2007-12-17,2026-06-06,6747,0.999,0.999,35,1.0,0.974,30,False,False,False,False,GOOD
B040,42.400_-123.250__c264,6621,2007-12-17,2026-06-05,6746,0.995,0.995,35,1.0,0.972,30,False,False,False,False,GOOD
B040,42.400_-123.450__c95,6654,2007-12-17,2026-06-06,6747,1.0,1.0,35,1.0,0.974,30,False,False,False,False,GOOD
B040,42.450_-123.100__c435,4090,2007-12-18,2026-06-05,6745,0.614,0.615,37,3.0,0.953,20,False,False,False,False,GOOD
B040,42.600_-123.350__c116,6648,2007-12-17,2026-06-06,6747,0.999,0.999,35,1.0,0.968,30,False,False,False,False,GOOD
B040,42.650_-123.250__c229,6653,2007-12-17,2026-06-06,6747,0.999,0.999,35,1.0,0.951,30,False,False,False,False,GOOD
B040,42.650_-123.400__c1011,6652,2007-12-17,2026-06-06,6747,0.999,0.999,35,1.0,0.947,30,False,False,False,False,GOOD
B040,42.650_-123.600__c1059,6655,2007-12-17,2026-06-06,6747,1.0,1.0,35,1.0,0.974,30,False,False,False,False,GOOD
B040,42.700_-123.450__c254,6518,2007-12-17,2026-06-05,6746,0.979,0.979,35,1.0,0.96,30,False,False,False,False,GOOD
B201,45.400_-123.000__c114,5713,2007-09-23,2026-05-14,6809,0.89,0.89,144,1.0,0.961,30,False,False,False,False,GOOD
B201,45.450_-122.950__c67,5325,2007-09-23,2026-04-21,6786,0.829,0.832,580,1.0,0.961,30,False,False,False,False,GOOD
B201,45.450_-123.050__c422,5718,2007-09-23,2026-05-13,6808,0.891,0.891,127,1.0,0.969,30,False,False,False,False,GOOD
B201,45.450_-123.350__c11,5461,2007-09-23,2026-04-23,6788,0.85,0.853,579,1.0,0.985,30,False,False,False,False,GOOD
B201,45.500_-123.250__c281,5571,2007-09-23,2026-04-29,6794,0.868,0.87,300,1.0,0.973,30,False,False,False,False,GOOD
B201,45.700_-123.200__c199,6006,2007-09-23,2026-05-14,6809,0.935,0.935,117,1.0,0.98,30,False,False,False,False,GOOD
B201,45.750_-123.200__c404,5374,2007-09-23,2026-04-27,6792,0.837,0.839,580,1.0,0.953,30,False,False,False,False,GOOD
B201,45.750_-123.400__c193,5470,2007-09-23,2026-05-02,6797,0.852,0.853,195,1.0,0.968,30,False,False,False,False,GOOD
B201,45.850_-123.250__c424,4880,2007-09-23,2026-04-17,6782,0.76,0.763,559,1.0,0.936,30,False,False,False,False,GOOD
B201,45.900_-123.300__c289,5670,2007-09-23,2026-05-10,6805,0.883,0.884,156,1.0,0.963,30,False,False,False,False,GOOD
B201,45.900_-123.350__c59,5467,2007-09-23,2026-04-27,6792,0.851,0.854,264,1.0,0.985,30,False,False,False,False,GOOD
B201,46.150_-123.100__c223,5624,2007-09-23,2026-05-01,6796,0.876,0.878,158,1.0,0.971,30,False,False,False,False,GOOD
B201,46.200_-123.000__c495,5964,2007-09-23,2026-05-14,6809,0.929,0.929,133,1.0,0.976,30,False,False,False,False,GOOD
B201,46.300_-122.900__c148,4981,2007-09-23,2026-04-19,6784,0.776,0.779,582,1.0,0.974,30,False,False,False,False,GOOD
B201,46.350_-122.750__c17,5378,2007-09-23,2026-04-23,6788,0.838,0.84,338,1.0,0.982,30,False,False,False,False,GOOD
B201,46.400_-123.150__c587,5599,2007-09-23,2026-05-01,6796,0.872,0.874,157,1.0,0.976,30,False,False,False,False,GOOD
B201,46.450_-123.150__c447,5520,2007-09-23,2026-04-28,6793,0.86,0.862,231,1.0,0.977,30,False,False,False,False,GOOD
B201,46.500_-123.100__c64,5839,2007-09-23,2026-05-10,6805,0.909,0.91,112,1.0,0.98,30,False,False,False,False,GOOD
B201,46.550_-122.950__c241,5376,2007-09-23,2026-04-22,6787,0.837,0.84,562,1.0,0.957,30,False,False,False,False,GOOD
B201,46.550_-123.000__c163,5654,2007-09-23,2026-05-02,6797,0.881,0.882,131,1.0,0.977,30,False,False,False,False,GOOD
B201,46.600_-123.050__c289,5355,2007-09-23,2026-04-21,6786,0.834,0.837,580,1.0,0.98,30,False,False,False,False,GOOD
B201,46.600_-123.100__c17,4979,2007-09-30,2026-04-20,6778,0.775,0.779,446,1.0,0.978,30,False,False,False,False,GOOD
B201,46.700_-122.700__c401,4840,2007-09-23,2026-04-15,6780,0.754,0.757,562,1.0,0.972,30,False,False,False,False,GOOD
B201,46.700_-123.000__c421,5431,2007-09-23,2026-04-25,6790,0.846,0.848,582,1.0,0.947,30,False,False,False,False,GOOD
B201,46.750_-122.800__c46,3300,2007-09-25,2026-02-13,6717,0.514,0.521,908,1.0,0.964,29,False,False,False,False,GOOD
B201,46.750_-122.850__c646,636,2011-02-14,2026-04-01,5526,0.099,0.121,2276,4.0,0.804,20,True,True,False,False,BAD
B201,46.800_-123.000__c751,5988,2007-09-23,2026-05-14,6809,0.933,0.933,110,1.0,0.974,30,False,False,False,False,GOOD
B201,46.800_-123.150__c140,5706,2007-09-23,2026-05-04,6799,0.889,0.89,146,1.0,0.967,30,False,False,False,False,GOOD
B201,46.800_-123.150__c147,5350,2007-09-23,2026-04-21,6786,0.833,0.836,562,1.0,0.973,30,False,False,False,False,GOOD
B201,46.850_-122.450__c48,5961,2007-09-25,2026-05-14,6807,0.928,0.929,112,1.0,0.971,30,False,False,False,False,GOOD
B201,46.850_-122.550__c123,5217,2007-09-23,2026-04-21,6786,0.812,0.815,559,1.0,0.925,30,False,False,False,False,GOOD
B201,46.850_-122.600__c343,5248,2007-09-23,2026-04-19,6784,0.817,0.821,579,1.0,0.94,30,False,False,False,False,GOOD
B201,46.850_-123.100__c219,6206,2007-09-23,2026-05-14,6809,0.967,0.967,111,1.0,0.944,30,False,False,False,False,GOOD
B201,46.850_-123.150__c289,5710,2007-09-26,2026-05-14,6806,0.889,0.89,126,1.0,0.971,30,False,False,False,False,GOOD
B201,46.900_-122.700__c1263,4768,2007-09-23,2026-04-18,6783,0.743,0.746,562,1.0,0.912,30,False,False,False,False,GOOD
B201,46.900_-122.700__c937,5530,2007-09-23,2026-04-25,6790,0.861,0.864,168,1.0,0.98,30,False,False,False,False,GOOD
B201,46.900_-122.750__c1355,5617,2007-09-23,2026-05-02,6797,0.875,0.876,217,1.0,0.982,30,False,False,False,False,GOOD
B201,46.900_-122.900__c857,3389,2007-10-11,2026-05-13,6790,0.528,0.529,202,2.0,0.962,27,False,False,False,False,GOOD
B201,46.900_-123.050__c585,5673,2007-09-23,2026-05-08,6803,0.884,0.884,132,1.0,0.949,30,False,False,False,False,GOOD
B201,46.900_-123.100__c107,4433,2007-09-23,2026-02-16,6722,0.69,0.7,581,1.0,0.969,30,False,False,False,False,GOOD
B201,46.900_-123.100__c67,5804,2007-09-26,2026-05-14,6806,0.904,0.904,117,1.0,0.93,30,False,False,False,False,GOOD
B201,46.950_-123.000__c214,4424,2007-09-26,2025-01-08,6315,0.689,0.737,580,1.0,0.974,30,False,False,False,False,GOOD
B201,47.000_-122.750__c994,5626,2007-09-25,2026-05-10,6803,0.876,0.877,132,1.0,0.979,30,False,False,False,False,GOOD
B201,47.000_-122.800__c853,4922,2007-09-23,2026-04-16,6781,0.767,0.77,559,1.0,0.96,30,False,False,False,False,GOOD
B201,47.100_-122.750__c473,5714,2007-09-23,2026-05-14,6809,0.89,0.89,130,1.0,0.958,30,False,False,False,False,GOOD
B201,47.100_-122.950__c609,5802,2007-09-23,2026-05-10,6805,0.904,0.904,129,1.0,0.967,30,False,False,False,False,GOOD
B201,47.100_-123.000__c736,5817,2007-09-23,2026-05-10,6805,0.906,0.906,130,1.0,0.984,30,False,False,False,False,GOOD
B201,47.200_-122.700__c723,5992,2007-09-27,2026-05-14,6805,0.933,0.934,109,1.0,0.971,30,False,False,False,False,GOOD
B201,47.200_-122.800__c492,5521,2007-09-23,2026-04-29,6794,0.86,0.862,157,1.0,0.975,30,False,False,False,False,GOOD
B204,45.300_-123.050__c7,5037,2007-08-08,2026-06-05,6877,0.995,0.995,287,1.0,0.952,30,False,False,False,False,GOOD
B204,45.350_-123.000__c747,5012,2007-08-09,2026-06-05,6876,0.991,0.991,287,1.0,0.947,30,False,False,False,False,GOOD
B204,45.450_-123.000__c17,3198,2007-08-09,2026-06-05,6876,0.632,0.632,293,3.0,0.918,21,False,False,False,False,GOOD
B204,45.500_-123.200__c162,4024,2007-08-13,2026-06-03,6870,0.795,0.796,292,2.0,0.966,25,False,False,False,False,GOOD
B204,45.550_-123.150__c137,4918,2007-08-08,2026-06-05,6877,0.972,0.972,287,1.0,0.904,30,False,False,False,False,GOOD
B204,45.650_-123.400__c24,5024,2007-08-08,2026-06-05,6877,0.993,0.993,287,1.0,0.974,30,False,False,False,False,GOOD
B204,45.700_-123.300__c395,5024,2007-08-08,2026-06-05,6877,0.993,0.993,287,1.0,0.955,30,False,False,False,False,GOOD
B204,45.900_-123.150__c1,4683,2007-08-09,2026-06-05,6876,0.925,0.926,287,1.0,0.918,29,False,False,False,False,GOOD
B204,46.150_-123.050__c98,5038,2007-08-08,2026-06-05,6877,0.996,0.996,287,1.0,0.881,30,False,False,False,False,GOOD
B204,46.200_-123.100__c121,5051,2007-08-08,2026-06-05,6877,0.998,0.998,287,1.0,0.945,30,False,False,False,False,GOOD
B204,46.800_-122.950__c196,4394,2007-08-08,2026-06-05,6877,0.868,0.868,287,2.0,0.872,28,False,False,False,False,GOOD
B204,46.850_-123.100__c243,3980,2007-08-10,2026-06-05,6875,0.787,0.787,292,2.0,0.921,24,False,False,False,False,GOOD
B204,46.900_-122.800__c1226,5009,2007-08-08,2026-06-05,6877,0.99,0.99,287,1.0,0.924,30,False,False,False,False,GOOD
B204,46.900_-122.850__c643,2560,2007-08-12,2026-05-31,6868,0.506,0.507,300,4.0,0.868,16,False,False,False,False,GOOD
B204,46.900_-123.000__c913,4736,2007-08-12,2026-06-05,6873,0.936,0.937,287,1.0,0.919,29,False,False,False,False,GOOD
B204,46.950_-122.700__c1146,1144,2007-08-31,2026-05-16,6834,0.226,0.228,306,9.0,0.877,9,True,True,False,False,BAD
B204,47.000_-122.650__c558,5017,2007-08-08,2026-06-05,6877,0.992,0.992,287,1.0,0.878,30,False,False,False,False,GOOD
B204,47.000_-122.700__c700,5033,2007-08-08,2026-06-05,6877,0.995,0.995,287,1.0,0.918,30,False,False,False,False,GOOD
B204,47.000_-122.700__c796,3583,2007-08-09,2026-06-05,6876,0.708,0.708,288,2.0,0.871,23,False,False,False,False,GOOD
B927,48.400_-123.450__c723,6670,2008-01-29,2026-06-06,6704,0.997,0.997,6,1.0,0.72,30,False,False,False,False,GOOD
B927,48.450_-123.900__c931,6652,2008-01-29,2026-06-06,6704,0.994,0.994,6,1.0,0.839,30,False,False,False,False,GOOD
B927,48.500_-123.450__c603,3752,2008-01-29,2026-05-25,6692,0.561,0.562,543,3.0,0.889,22,False,False,False,False,GOOD
B927,48.500_-123.750__c43,6686,2008-01-29,2026-06-06,6704,1.0,1.0,6,1.0,0.862,30,False,False,False,False,GOOD
B927,48.500_-123.950__c418,2505,2008-01-31,2024-11-18,6137,0.374,0.409,293,4.0,0.963,18,True,True,False,False,BAD
B927,48.500_-124.000__c1086,6143,2008-02-02,2026-06-06,6700,0.918,0.919,11,1.0,0.529,29,False,False,False,True,MARGINAL
B927,48.500_-124.000__c424,1117,2009-07-02,2026-05-01,6148,0.167,0.182,1060,5.0,0.872,16,True,True,False,False,BAD
B927,48.550_-123.550__c325,5575,2008-01-29,2026-06-04,6702,0.833,0.834,39,1.0,0.902,28,False,False,False,False,GOOD
B927,48.550_-123.650__c207,3496,2008-01-30,2026-05-25,6691,0.523,0.524,260,3.0,0.886,21,False,False,False,False,GOOD
B927,48.550_-124.200__c113,3027,2008-01-31,2024-11-18,6137,0.453,0.494,286,3.0,0.942,20,True,True,False,False,BAD
B927,48.550_-124.300__c234,4745,2008-01-31,2026-06-06,6702,0.709,0.71,41,2.0,0.747,27,False,False,False,False,GOOD
B927,48.600_-123.700__c526,6606,2008-01-29,2026-06-06,6704,0.988,0.988,7,1.0,0.893,30,False,False,False,False,GOOD
B927,48.650_-123.600__c682,3753,2008-02-02,2026-05-23,6686,0.561,0.563,194,3.0,0.894,22,False,False,False,False,GOOD
B927,48.650_-124.500__c369,5579,2008-01-30,2026-06-06,6703,0.834,0.834,15,1.0,0.71,28,False,False,False,False,GOOD
B927,48.700_-124.200__c127,6663,2008-01-29,2026-06-06,6704,0.996,0.996,6,1.0,0.763,30,False,False,False,False,GOOD
B927,48.750_-123.550__c705,6684,2008-01-29,2026-06-06,6704,0.999,0.999,6,1.0,0.807,30,False,False,False,False,GOOD
B927,48.750_-123.700__c1104,6352,2008-01-30,2026-06-06,6703,0.95,0.95,7,1.0,0.796,30,False,False,False,False,GOOD
B927,48.750_-123.850__c589,16,2010-04-07,2024-11-18,5340,0.002,0.003,2818,1076.7999999999997,0.678,5,True,True,False,False,BAD
B927,48.750_-124.350__c523,3372,2008-01-30,2026-05-26,6692,0.504,0.505,137,4.0,0.802,19,False,False,False,False,GOOD
B927,48.750_-124.400__c193,5886,2008-01-30,2026-06-06,6703,0.88,0.88,10,1.0,0.841,29,False,False,False,False,GOOD
B927,48.800_-123.550__c906,675,2008-02-02,2024-11-18,6135,0.101,0.11,1513,9.700000000000045,0.89,10,True,True,False,False,BAD
B927,48.800_-123.700__c375,6669,2008-01-29,2026-06-06,6704,0.997,0.997,7,1.0,0.872,30,False,False,False,False,GOOD
B927,48.800_-123.700__c67,6687,2008-01-29,2026-06-06,6704,1.0,1.0,6,1.0,0.734,30,False,False,False,False,GOOD
B927,48.800_-123.800__c370,2272,2008-02-02,2026-05-23,6686,0.34,0.341,287,6.0,0.682,15,True,True,False,False,BAD
B927,48.800_-124.000__c736,6625,2008-01-29,2026-06-06,6704,0.99,0.99,7,1.0,0.91,30,False,False,False,False,GOOD
B927,48.800_-124.000__c759,6559,2008-01-29,2026-06-06,6704,0.981,0.981,7,1.0,0.905,30,False,False,False,False,GOOD
B927,48.800_-124.000__c958,3177,2008-02-02,2026-05-23,6686,0.475,0.476,194,4.0,0.826,19,True,True,False,False,BAD
B927,48.850_-123.700__c871,2156,2008-01-31,2026-01-14,6559,0.322,0.329,386,3.0,0.992,21,True,True,False,False,BAD
B927,48.850_-123.900__c978,2415,2008-02-01,2026-05-16,6680,0.361,0.362,388,5.0,0.85,16,True,True,False,False,BAD
B927,48.850_-124.700__c344,6665,2008-01-29,2026-06-06,6704,0.996,0.996,7,1.0,0.874,30,False,False,False,False,GOOD
B927,48.850_-124.850__c63,6414,2008-01-29,2026-06-06,6704,0.959,0.959,12,1.0,0.921,30,False,False,False,False,GOOD
B927,48.900_-123.650__c1116,6676,2008-01-29,2026-06-06,6704,0.998,0.998,6,1.0,0.913,30,False,False,False,False,GOOD
B927,48.900_-123.750__c944,6681,2008-01-29,2026-06-06,6704,0.999,0.999,6,1.0,0.874,30,False,False,False,False,GOOD
B927,48.900_-123.850__c1199,6548,2008-01-29,2026-06-05,6703,0.979,0.979,6,1.0,0.769,30,False,False,False,False,GOOD
B927,48.900_-123.850__c177,532,2009-07-07,2024-11-18,5614,0.08,0.095,949,10.0,0.768,9,True,True,False,False,BAD
B927,48.900_-123.900__c506,100,2012-03-07,2025-03-06,4748,0.015,0.021,3105,58.60000000000005,0.91,6,True,True,False,False,BAD
B927,48.900_-124.000__c645,24,2024-07-15,2026-05-01,656,0.004,0.037,248,81.60000000000002,0.441,6,True,True,True,True,BAD
B927,48.900_-124.050__c133,6467,2008-01-29,2026-06-06,6704,0.967,0.967,7,1.0,0.731,30,False,False,False,False,GOOD
B927,48.900_-124.200__c698,159,2009-10-07,2024-11-18,5522,0.024,0.029,1950,24.600000000000023,0.862,7,True,True,False,False,BAD
B927,48.900_-124.350__c1093,6433,2008-01-29,2026-06-06,6704,0.962,0.962,13,1.0,0.817,30,False,False,False,False,GOOD
B927,48.900_-124.450__c830,6666,2008-01-29,2026-06-06,6704,0.997,0.997,6,1.0,0.786,30,False,False,False,False,GOOD
B927,48.950_-123.950__c872,1527,2008-02-02,2026-05-16,6679,0.228,0.229,966,6.0,0.901,13,True,True,False,False,BAD
B927,48.950_-124.250__c528,6422,2008-01-30,2026-06-06,6703,0.96,0.96,9,1.0,0.568,30,False,False,False,True,MARGINAL
B927,48.950_-124.650__c660,5445,2008-01-30,2026-06-06,6703,0.814,0.814,15,2.0,0.818,27,False,False,False,False,GOOD
B927,48.950_-124.950__c235,6688,2008-01-29,2026-06-06,6704,1.0,1.0,6,1.0,0.829,30,False,False,False,False,GOOD
B927,49.000_-123.800__c361,169,2010-05-12,2026-05-08,5841,0.025,0.029,2911,17.600000000000023,0.763,8,True,True,False,False,BAD
B927,49.000_-124.200__c1087,1565,2008-01-31,2024-11-18,6137,0.234,0.256,761,6.0,0.705,14,True,True,False,False,BAD
B927,49.000_-124.700__c1205,6672,2008-01-29,2026-06-06,6704,0.997,0.997,7,1.0,0.892,30,False,False,False,False,GOOD
B927,49.000_-124.950__c159,5542,2008-01-30,2026-06-06,6703,0.829,0.829,76,1.0,0.719,27,False,False,False,False,GOOD
B927,49.000_-125.250__c82,6674,2008-01-29,2026-06-06,6704,0.998,0.998,6,1.0,0.77,30,False,False,False,False,GOOD
B927,49.050_-124.100__c288,6098,2008-02-10,2026-06-06,6692,0.912,0.913,39,1.0,0.825,29,False,False,False,False,GOOD
B927,49.050_-125.050__c520,6542,2008-01-29,2026-06-06,6704,0.978,0.978,7,1.0,0.856,30,False,False,False,False,GOOD
B927,49.050_-125.100__c274,5876,2008-01-30,2026-06-06,6703,0.878,0.879,19,1.0,0.942,28,False,False,False,False,GOOD
B927,49.100_-124.450__c577,6680,2008-01-29,2026-06-06,6704,0.999,0.999,6,1.0,0.748,30,False,False,False,False,GOOD
B927,49.100_-124.550__c144,489,2011-12-13,2026-05-08,5261,0.073,0.093,2856,8.0,0.806,10,True,True,False,False,BAD
B927,49.100_-124.600__c534,6644,2008-01-29,2026-06-06,6704,0.993,0.993,7,1.0,0.852,30,False,False,False,False,GOOD
B927,49.100_-124.650__c937,6657,2008-01-29,2026-06-06,6704,0.995,0.995,6,1.0,0.828,30,False,False,False,False,GOOD
B927,49.100_-124.850__c1269,6381,2008-01-30,2026-06-06,6703,0.954,0.954,7,1.0,0.671,30,False,False,False,False,GOOD
B927,49.100_-125.000__c878,6643,2008-01-29,2026-06-06,6704,0.993,0.993,8,1.0,0.871,30,False,False,False,False,GOOD
B927,49.150_-124.600__c35,6676,2008-01-29,2026-06-06,6704,0.998,0.998,6,1.0,0.804,30,False,False,False,False,GOOD
B927,49.150_-124.650__c506,6174,2008-01-30,2026-06-06,6703,0.923,0.923,9,1.0,0.777,29,False,False,False,False,GOOD
B927,49.150_-124.950__c722,5180,2008-02-01,2026-06-06,6701,0.774,0.775,47,2.0,0.863,28,False,False,False,False,GOOD
B927,49.150_-125.150__c451,6679,2008-01-29,2026-06-06,6704,0.999,0.999,6,1.0,0.729,30,False,False,False,False,GOOD
B927,49.200_-124.500__c408,6686,2008-01-29,2026-06-06,6704,1.0,1.0,6,1.0,0.473,30,False,False,False,True,MARGINAL
B927,49.200_-124.550__c716,6606,2008-01-29,2026-06-06,6704,0.988,0.988,6,1.0,0.707,30,False,False,False,False,GOOD
B927,49.200_-124.800__c596,6423,2008-01-29,2026-06-06,6704,0.96,0.96,6,1.0,0.941,30,False,False,False,False,GOOD
B927,49.200_-125.000__c442,6443,2008-01-29,2026-06-06,6704,0.963,0.963,10,1.0,0.769,30,False,False,False,False,GOOD
B927,49.200_-125.050__c371,6521,2008-01-29,2026-06-06,6704,0.975,0.975,10,1.0,0.732,30,False,False,False,False,GOOD
B927,49.200_-125.100__c666,6631,2008-01-29,2026-06-06,6704,0.991,0.991,7,1.0,0.845,30,False,False,False,False,GOOD
B927,49.250_-124.650__c56,6687,2008-01-29,2026-06-06,6704,1.0,1.0,6,1.0,0.895,30,False,False,False,False,GOOD
B927,49.250_-124.650__c794,6662,2008-01-29,2026-06-06,6704,0.996,0.996,6,1.0,0.814,30,False,False,False,False,GOOD
B927,49.250_-124.750__c672,1902,2008-03-26,2026-06-04,6645,0.284,0.287,517,5.0,0.734,18,True,True,False,False,BAD
B927,49.250_-124.800__c53,6088,2008-01-29,2026-06-06,6704,0.91,0.91,15,1.0,0.788,29,False,False,False,False,GOOD
B927,49.250_-125.000__c359,5819,2008-01-30,2026-06-06,6703,0.87,0.87,17,1.0,0.782,29,False,False,False,False,GOOD
B927,49.250_-125.050__c177,5489,2008-01-30,2026-06-06,6703,0.821,0.821,18,1.0,0.749,29,False,False,False,False,GOOD
B927,49.300_-124.750__c976,6520,2008-01-29,2026-06-06,6704,0.975,0.975,10,1.0,0.759,30,False,False,False,False,GOOD
B927,49.300_-124.950__c901,5461,2008-01-30,2026-06-05,6702,0.816,0.817,75,2.0,0.903,27,False,False,False,False,GOOD
B927,49.300_-125.150__c1018,6631,2008-01-29,2026-06-06,6704,0.991,0.991,7,1.0,0.916,30,False,False,False,False,GOOD
B927,49.300_-125.150__c270,6592,2008-01-29,2026-06-06,6704,0.985,0.985,6,1.0,0.756,30,False,False,False,False,GOOD
B927,49.300_-125.350__c314,6680,2008-01-29,2026-06-06,6704,0.999,0.999,6,1.0,0.867,30,False,False,False,False,GOOD
B927,49.300_-125.600__c51,6323,2008-01-29,2026-06-06,6704,0.945,0.945,12,1.0,0.623,30,False,False,False,False,GOOD
B927,49.350_-124.900__c496,6622,2008-01-29,2026-06-06,6704,0.99,0.99,6,1.0,0.895,30,False,False,False,False,GOOD
B927,49.350_-124.950__c229,6509,2008-01-29,2026-06-06,6704,0.973,0.973,8,1.0,0.913,30,False,False,False,False,GOOD
B927,49.400_-125.200__c977,6597,2008-01-29,2026-06-06,6704,0.986,0.986,7,1.0,0.873,30,False,False,False,False,GOOD
B927,49.400_-125.700__c752,6545,2008-01-29,2026-06-06,6704,0.978,0.978,6,1.0,0.545,30,False,False,False,True,MARGINAL
B927,49.450_-125.100__c654,6443,2008-01-29,2026-06-06,6704,0.963,0.963,6,1.0,0.68,30,False,False,False,False,GOOD
B927,49.500_-125.700__c359,6672,2008-01-29,2026-06-06,6704,0.997,0.997,6,1.0,0.762,30,False,False,False,False,GOOD
B927,49.600_-125.550__c37,2171,2008-02-01,2026-06-05,6700,0.325,0.325,490,4.0,0.91,19,True,True,False,False,BAD
B927,49.600_-125.650__c256,6632,2008-01-29,2026-06-06,6704,0.991,0.991,6,1.0,0.881,30,False,False,False,False,GOOD
B927,49.600_-126.150__c340,6561,2008-01-29,2026-06-06,6704,0.981,0.981,7,1.0,0.96,30,False,False,False,False,GOOD
B927,49.700_-126.100__c457,2723,2008-12-29,2026-06-05,6368,0.407,0.429,364,2.0,0.897,27,True,True,False,False,BAD
B927,49.850_-126.150__c290,6195,2008-01-30,2026-06-06,6703,0.926,0.926,9,1.0,0.889,30,False,False,False,False,GOOD
B928,48.050_-123.800__c48,6173,2009-01-25,2026-06-05,6341,0.995,0.999,46,1.0,0.958,30,False,False,False,False,GOOD
B928,48.200_-123.850__c399,6167,2009-01-26,2026-06-05,6340,0.994,0.998,46,1.0,0.989,30,False,False,False,False,GOOD
B928,48.350_-124.100__c163,6166,2009-01-25,2026-06-05,6341,0.994,0.997,46,1.0,0.967,30,False,False,False,False,GOOD
B928,48.400_-123.750__c310,6181,2009-01-24,2026-06-05,6342,0.996,1.0,46,1.0,0.998,30,False,False,False,False,GOOD
B928,48.400_-123.850__c833,6191,2008-03-27,2026-06-05,6645,0.998,0.998,229,1.0,0.973,30,False,False,False,False,GOOD
B928,48.500_-123.900__c550,6189,2008-03-27,2026-06-05,6645,0.997,0.998,227,1.0,0.843,30,False,False,False,False,GOOD
B928,48.550_-124.100__c191,6112,2009-01-25,2026-06-05,6341,0.985,0.989,47,1.0,0.946,30,False,False,False,False,GOOD
B928,48.750_-124.500__c302,6180,2009-01-24,2026-06-05,6342,0.996,1.0,46,1.0,0.996,30,False,False,False,False,GOOD
B928,48.800_-124.500__c297,6187,2008-11-11,2026-06-05,6416,0.997,0.998,46,1.0,0.985,30,False,False,False,False,GOOD
B928,48.800_-124.800__c377,6181,2008-11-21,2026-06-05,6406,0.996,0.998,58,1.0,0.938,30,False,False,False,False,GOOD
B928,48.800_-124.900__c188,6186,2008-11-11,2026-06-05,6416,0.997,0.998,61,1.0,0.995,30,False,False,False,False,GOOD
B928,48.800_-124.900__c245,6173,2009-01-25,2026-06-05,6341,0.995,0.999,46,1.0,0.919,30,False,False,False,False,GOOD
B928,48.850_-124.950__c170,6196,2008-03-27,2026-06-05,6645,0.999,0.999,221,1.0,0.984,30,False,False,False,False,GOOD
B928,48.900_-124.650__c856,6189,2008-11-09,2026-06-05,6418,0.997,0.998,46,1.0,0.902,30,False,False,False,False,GOOD
B928,48.900_-124.900__c168,6170,2009-01-25,2026-06-05,6341,0.994,0.998,46,1.0,0.979,30,False,False,False,False,GOOD
B928,48.950_-123.750__c174,6195,2008-03-27,2026-06-05,6645,0.998,0.999,221,1.0,0.996,30,False,False,False,False,GOOD
B928,48.950_-123.850__c1104,6136,2009-01-25,2026-06-05,6341,0.989,0.993,47,1.0,0.983,30,False,False,False,False,GOOD
B928,48.950_-124.550__c284,6187,2008-11-11,2026-06-05,6416,0.997,0.998,46,1.0,0.967,30,False,False,False,False,GOOD
B928,48.950_-124.700__c39,6185,2008-11-12,2026-06-05,6415,0.997,0.998,47,1.0,0.992,30,False,False,False,False,GOOD
B928,48.950_-125.000__c105,6183,2008-11-11,2026-06-05,6416,0.996,0.998,62,1.0,0.964,30,False,False,False,False,GOOD
B928,49.000_-124.050__c926,6187,2008-11-11,2026-06-05,6416,0.997,0.998,46,1.0,0.94,30,False,False,False,False,GOOD
B928,49.000_-125.100__c101,6190,2008-03-27,2026-06-05,6645,0.998,0.998,227,1.0,0.976,30,False,False,False,False,GOOD
B928,49.000_-125.100__c103,6191,2008-03-27,2026-06-05,6645,0.998,0.998,195,1.0,0.994,30,False,False,False,False,GOOD
B928,49.050_-124.550__c1114,6181,2008-11-11,2026-06-05,6416,0.996,0.997,46,1.0,0.94,30,False,False,False,False,GOOD
B928,49.050_-124.600__c927,6158,2008-11-22,2026-06-05,6405,0.992,0.994,63,1.0,0.981,30,False,False,False,False,GOOD
B928,49.050_-124.700__c1135,6160,2008-11-22,2026-06-05,6405,0.993,0.995,64,1.0,0.944,30,False,False,False,False,GOOD
B928,49.050_-124.700__c800,6108,2009-01-26,2026-06-05,6340,0.984,0.988,47,1.0,0.945,30,False,False,False,False,GOOD
B928,49.050_-125.050__c1100,6129,2009-01-25,2026-06-05,6341,0.988,0.991,47,1.0,0.989,30,False,False,False,False,GOOD
B928,49.050_-125.350__c71,6182,2008-11-22,2026-06-05,6405,0.996,0.998,62,1.0,0.995,30,False,False,False,False,GOOD
B928,49.100_-125.150__c942,6191,2008-03-27,2026-06-05,6645,0.998,0.998,229,1.0,0.98,30,False,False,False,False,GOOD
B928,49.100_-125.300__c307,6191,2008-03-26,2026-06-05,6646,0.998,0.998,227,1.0,0.942,30,False,False,False,False,GOOD
B928,49.100_-125.450__c11,6198,2008-03-26,2026-06-05,6646,0.999,0.999,195,1.0,0.96,30,False,False,False,False,GOOD
B928,49.150_-124.350__c209,6182,2009-01-24,2026-06-05,6342,0.996,1.0,46,1.0,0.998,30,False,False,False,False,GOOD
B928,49.150_-124.850__c56,6183,2008-11-22,2026-06-05,6405,0.996,0.998,62,1.0,0.997,30,False,False,False,False,GOOD
B928,49.150_-125.050__c523,6167,2008-11-12,2026-06-05,6415,0.994,0.995,64,1.0,0.904,30,False,False,False,False,GOOD
B928,49.200_-125.250__c162,6176,2008-11-12,2026-06-05,6415,0.995,0.997,63,1.0,0.969,30,False,False,False,False,GOOD
B928,49.200_-125.300__c649,6184,2008-03-27,2026-06-05,6645,0.997,0.997,229,1.0,0.876,30,False,False,False,False,GOOD
B928,49.250_-124.500__c52,6182,2008-11-11,2026-06-05,6416,0.996,0.997,63,1.0,0.975,30,False,False,False,False,GOOD
B928,49.250_-125.000__c649,6154,2008-11-22,2026-06-05,6405,0.992,0.994,64,1.0,0.99,30,False,False,False,False,GOOD
B928,49.300_-125.550__c53,6180,2008-11-12,2026-06-05,6415,0.996,0.997,47,1.0,0.988,30,False,False,False,False,GOOD
B928,49.350_-125.050__c599,6146,2008-11-11,2026-06-05,6416,0.99,0.992,63,1.0,0.865,30,False,False,False,False,GOOD
B928,49.400_-125.850__c1050,6180,2008-11-11,2026-06-05,6416,0.996,0.997,46,1.0,0.97,30,False,False,False,False,GOOD
B928,49.450_-124.950__c114,6177,2008-11-12,2026-06-05,6415,0.995,0.997,63,1.0,0.969,30,False,False,False,False,GOOD
B928,49.450_-125.250__c269,6189,2008-03-27,2026-06-05,6645,0.997,0.998,229,1.0,0.916,30,False,False,False,False,GOOD
B928,49.450_-125.700__c997,6170,2009-01-24,2026-06-05,6342,0.994,0.998,46,1.0,0.993,30,False,False,False,False,GOOD
B928,49.500_-125.050__c141,6182,2008-11-21,2026-06-05,6406,0.996,0.998,62,1.0,0.988,30,False,False,False,False,GOOD
B928,49.550_-125.300__c848,6174,2008-11-11,2026-06-05,6416,0.995,0.996,63,1.0,0.978,30,False,False,False,False,GOOD
B928,49.550_-126.200__c164,6165,2009-01-25,2026-06-05,6341,0.994,0.997,46,1.0,0.984,30,False,False,False,False,GOOD
B928,49.650_-125.800__c162,5957,2009-01-27,2026-06-05,6339,0.96,0.964,47,1.0,0.985,29,False,False,False,False,GOOD
B928,49.650_-126.150__c101,6181,2009-01-24,2026-06-05,6342,0.996,1.0,46,1.0,0.996,30,False,False,False,False,GOOD
B928,49.700_-125.700__c180,6179,2008-11-22,2026-06-05,6405,0.996,0.998,62,1.0,0.975,30,False,False,False,False,GOOD
B935,40.000_-122.550__c467,6230,2008-11-07,2026-06-06,6421,0.987,0.987,22,1.0,0.95,30,False,False,False,False,GOOD
B935,40.000_-123.500__c7,6054,2008-11-07,2026-06-06,6421,0.96,0.96,22,1.0,0.877,30,False,False,False,False,GOOD
B935,40.000_-123.600__c31,6250,2008-11-07,2026-06-06,6421,0.991,0.991,22,1.0,0.911,30,False,False,False,False,GOOD
B935,40.000_-123.600__c78,5400,2008-11-08,2026-06-05,6419,0.856,0.856,22,2.0,0.906,27,False,False,False,False,GOOD
B935,40.050_-122.600__c130,6236,2008-11-07,2026-06-06,6421,0.988,0.988,22,1.0,0.97,30,False,False,False,False,GOOD
B935,40.050_-122.600__c193,6174,2008-11-07,2026-06-05,6420,0.979,0.979,22,1.0,0.852,30,False,False,False,False,GOOD
B935,40.150_-123.650__c7,6294,2008-11-07,2026-06-06,6421,0.998,0.998,22,1.0,0.909,30,False,False,False,False,GOOD
B935,40.250_-122.400__c406,6218,2008-11-07,2026-06-06,6421,0.986,0.986,22,1.0,0.868,30,False,False,False,False,GOOD
B935,40.250_-122.400__c438,5793,2008-11-07,2026-06-05,6420,0.918,0.918,22,1.0,0.954,29,False,False,False,False,GOOD
B935,40.250_-122.650__c1308,5920,2008-11-08,2026-06-06,6420,0.938,0.938,24,1.0,0.874,29,False,False,False,False,GOOD
B935,40.300_-122.600__c1291,6049,2008-11-07,2026-06-05,6420,0.959,0.959,22,1.0,0.871,30,False,False,False,False,GOOD
B935,40.300_-122.600__c733,6217,2008-11-07,2026-06-06,6421,0.985,0.985,22,1.0,0.918,30,False,False,False,False,GOOD
B935,40.350_-122.650__c277,5168,2008-11-09,2026-06-05,6418,0.819,0.82,23,2.0,0.846,27,False,False,False,False,GOOD
B935,40.400_-122.600__c134,5630,2008-11-07,2026-06-05,6420,0.892,0.893,22,1.0,0.931,28,False,False,False,False,GOOD
B935,40.400_-122.800__c1054,5551,2008-11-08,2026-06-05,6419,0.88,0.88,22,1.0,0.893,28,False,False,False,False,GOOD
B935,40.400_-122.850__c537,6258,2008-11-07,2026-06-06,6421,0.992,0.992,22,1.0,0.938,30,False,False,False,False,GOOD
B935,40.450_-122.550__c620,4774,2008-11-08,2026-06-05,6419,0.757,0.757,23,2.0,0.891,26,False,False,False,False,GOOD
B935,40.450_-122.600__c684,6141,2008-11-07,2026-06-06,6421,0.973,0.973,22,1.0,0.876,30,False,False,False,False,GOOD
B935,40.450_-122.650__c103,5444,2008-11-07,2026-06-05,6420,0.863,0.863,23,1.0,0.912,27,False,False,False,False,GOOD
B935,40.450_-122.850__c287,3402,2008-11-14,2026-06-05,6413,0.539,0.54,83,3.0,0.882,23,False,False,False,False,GOOD
B935,40.500_-122.450__c77,5329,2008-11-07,2026-06-05,6420,0.845,0.845,22,2.0,0.911,27,False,False,False,False,GOOD
B935,40.500_-122.550__c785,5631,2008-11-07,2026-06-05,6420,0.893,0.893,23,1.0,0.913,28,False,False,False,False,GOOD
B935,40.500_-122.800__c592,5962,2008-11-08,2026-06-05,6419,0.945,0.945,23,1.0,0.935,29,False,False,False,False,GOOD
B935,40.550_-122.400__c89,5916,2008-11-08,2026-06-05,6419,0.938,0.938,22,1.0,0.92,29,False,False,False,False,GOOD
B935,40.550_-122.650__c1024,6241,2008-11-07,2026-06-06,6421,0.989,0.989,22,1.0,0.887,30,False,False,False,False,GOOD
B935,40.550_-122.800__c406,4432,2008-11-08,2026-06-05,6419,0.702,0.703,40,2.0,0.887,25,False,False,False,False,GOOD
B935,40.550_-122.950__c451,4155,2008-11-09,2026-06-05,6418,0.659,0.659,55,3.0,0.894,24,False,False,False,False,GOOD
B935,40.600_-122.600__c117,5973,2008-11-07,2026-06-06,6421,0.947,0.947,22,1.0,0.791,30,False,False,False,False,GOOD
B935,40.650_-122.450__c166,6012,2008-11-07,2026-06-05,6420,0.953,0.953,22,1.0,0.923,30,False,False,False,False,GOOD
B935,40.650_-122.750__c1030,6194,2008-11-07,2026-06-06,6421,0.982,0.982,22,1.0,0.919,30,False,False,False,False,GOOD
B935,40.650_-122.950__c404,6241,2008-11-07,2026-06-06,6421,0.989,0.989,22,1.0,0.942,30,False,False,False,False,GOOD
B935,40.700_-122.600__c1024,3023,2008-11-30,2026-06-06,6398,0.479,0.481,110,3.0,0.816,26,True,False,False,False,BAD
B935,40.700_-122.650__c463,5994,2008-11-07,2026-06-05,6420,0.95,0.95,22,1.0,0.922,29,False,False,False,False,GOOD
B935,40.700_-122.850__c887,5477,2008-11-07,2026-06-05,6420,0.868,0.868,23,1.0,0.923,28,False,False,False,False,GOOD
B935,40.700_-122.900__c302,5824,2008-11-07,2026-06-05,6420,0.923,0.923,22,1.0,0.899,29,False,False,False,False,GOOD
B935,40.750_-122.450__c215,6191,2008-11-07,2026-06-05,6420,0.981,0.981,22,1.0,0.849,30,False,False,False,False,GOOD
B935,40.750_-122.550__c327,6003,2008-11-07,2026-06-05,6420,0.951,0.952,22,1.0,0.89,29,False,False,False,False,GOOD
B935,40.750_-122.850__c490,5440,2008-11-08,2026-06-05,6419,0.862,0.863,22,1.0,0.937,27,False,False,False,False,GOOD
B935,40.750_-123.350__c90,6228,2008-11-07,2026-06-06,6421,0.987,0.987,22,1.0,0.878,30,False,False,False,False,GOOD
B935,40.800_-122.450__c135,6198,2008-11-07,2026-06-05,6420,0.982,0.983,22,1.0,0.894,30,False,False,False,False,GOOD
B935,40.800_-122.750__c1156,5932,2008-11-07,2026-06-05,6420,0.94,0.94,22,1.0,0.89,29,False,False,False,False,GOOD
B935,40.800_-123.450__c18,6306,2008-11-07,2026-06-06,6421,1.0,1.0,22,1.0,0.979,30,False,False,False,False,GOOD
B935,40.850_-122.600__c13,6191,2008-11-07,2026-06-06,6421,0.981,0.981,22,1.0,0.83,30,False,False,False,False,GOOD
B935,40.850_-122.650__c1149,6097,2008-11-07,2026-06-05,6420,0.966,0.967,22,1.0,0.894,30,False,False,False,False,GOOD
B935,40.850_-122.750__c643,5774,2008-11-08,2026-06-05,6419,0.915,0.915,22,1.0,0.891,29,False,False,False,False,GOOD
B935,40.850_-122.950__c570,5136,2008-11-07,2026-06-05,6420,0.814,0.814,23,2.0,0.89,27,False,False,False,False,GOOD
B935,40.850_-123.050__c674,4388,2008-11-09,2026-06-05,6418,0.696,0.696,36,2.0,0.866,25,False,False,False,False,GOOD
B935,40.850_-123.100__c542,6252,2008-11-07,2026-06-06,6421,0.991,0.991,22,1.0,0.91,30,False,False,False,False,GOOD
B935,40.850_-123.100__c886,2132,2008-11-29,2026-06-04,6397,0.338,0.339,197,3.0,0.704,23,True,True,False,False,BAD
B935,40.850_-123.150__c170,3500,2008-11-12,2026-06-05,6415,0.555,0.555,68,3.0,0.947,23,False,False,False,False,GOOD
B935,40.900_-122.500__c294,5897,2008-11-07,2026-06-05,6420,0.935,0.935,22,1.0,0.882,29,False,False,False,False,GOOD
B935,40.900_-122.800__c655,3791,2008-11-11,2026-06-05,6416,0.601,0.601,74,3.0,0.918,24,False,False,False,False,GOOD
B935,40.900_-122.900__c729,6208,2008-11-07,2026-06-06,6421,0.984,0.984,22,1.0,0.885,30,False,False,False,False,GOOD
B935,40.900_-123.000__c275,5977,2008-11-07,2026-06-05,6420,0.947,0.948,22,1.0,0.888,29,False,False,False,False,GOOD
B935,40.900_-123.000__c277,3035,2008-11-20,2026-06-05,6407,0.481,0.482,139,3.0,0.931,24,True,False,False,False,BAD
B935,40.900_-123.150__c938,6258,2008-11-07,2026-06-06,6421,0.992,0.992,22,1.0,0.913,30,False,False,False,False,GOOD
B935,40.900_-123.200__c608,4530,2008-11-09,2026-06-05,6418,0.718,0.718,54,2.0,0.921,25,False,False,False,False,GOOD
B935,40.950_-122.600__c732,5584,2008-11-08,2026-06-05,6419,0.885,0.885,22,1.0,0.919,28,False,False,False,False,GOOD
B935,40.950_-122.700__c254,5887,2008-11-07,2026-06-05,6420,0.933,0.933,23,1.0,0.896,29,False,False,False,False,GOOD
B935,40.950_-122.800__c769,5874,2008-11-07,2026-06-05,6420,0.931,0.931,22,1.0,0.899,29,False,False,False,False,GOOD
B935,40.950_-122.850__c1173,5043,2008-11-07,2026-06-05,6420,0.799,0.799,23,2.0,0.885,26,False,False,False,False,GOOD
B935,40.950_-122.950__c668,5770,2008-11-07,2026-06-05,6420,0.915,0.915,22,1.0,0.918,29,False,False,False,False,GOOD
B935,40.950_-123.250__c631,5957,2008-11-07,2026-06-06,6421,0.944,0.944,22,1.0,0.853,29,False,False,False,False,GOOD
B935,41.000_-122.450__c282,6228,2008-11-07,2026-06-06,6421,0.987,0.987,22,1.0,0.926,30,False,False,False,False,GOOD
B935,41.000_-122.650__c1053,6246,2008-11-07,2026-06-06,6421,0.99,0.99,22,1.0,0.826,30,False,False,False,False,GOOD
B935,41.000_-122.850__c761,5688,2008-11-07,2026-06-05,6420,0.902,0.902,22,1.0,0.868,29,False,False,False,False,GOOD
B935,41.000_-123.150__c765,3447,2008-11-13,2026-06-05,6414,0.546,0.547,95,3.0,0.765,23,False,False,False,False,GOOD
B935,41.000_-123.300__c378,5419,2008-11-07,2026-06-05,6420,0.859,0.859,22,1.300000000000182,0.909,27,False,False,False,False,GOOD
B935,41.050_-122.750__c998,5891,2008-11-07,2026-06-05,6420,0.934,0.934,22,1.0,0.851,29,False,False,False,False,GOOD
B935,41.050_-122.800__c497,5932,2008-11-07,2026-06-05,6420,0.94,0.94,22,1.0,0.926,29,False,False,False,False,GOOD
B935,41.050_-122.950__c102,5396,2008-11-08,2026-06-05,6419,0.855,0.856,22,2.0,0.919,27,False,False,False,False,GOOD
B935,41.050_-123.000__c1043,4560,2008-11-09,2026-06-05,6418,0.723,0.723,53,2.0,0.915,25,False,False,False,False,GOOD
B935,41.050_-123.150__c913,5680,2008-11-08,2026-06-05,6419,0.9,0.901,22,1.0,0.92,29,False,False,False,False,GOOD
B935,41.050_-123.200__c264,5848,2008-11-07,2026-06-05,6420,0.927,0.927,22,1.0,0.85,29,False,False,False,False,GOOD
B935,41.050_-123.250__c790,1982,2008-12-06,2026-06-05,6391,0.314,0.316,217,2.0,0.922,28,True,True,False,False,BAD
B935,41.100_-122.650__c194,4803,2008-11-08,2026-06-05,6419,0.761,0.762,25,2.0,0.944,26,False,False,False,False,GOOD
B935,41.100_-122.700__c828,5499,2008-11-07,2026-06-05,6420,0.872,0.872,23,1.0,0.89,28,False,False,False,False,GOOD
B935,41.100_-122.750__c1231,5598,2008-11-08,2026-06-05,6419,0.887,0.888,23,1.0,0.887,28,False,False,False,False,GOOD
B935,41.100_-122.750__c1232,5338,2008-11-09,2026-06-06,6419,0.846,0.846,22,2.0,0.941,27,False,False,False,False,GOOD
B935,41.100_-122.850__c708,5338,2008-11-08,2026-06-05,6419,0.846,0.846,23,2.0,0.886,27,False,False,False,False,GOOD
B935,41.100_-122.950__c301,1543,2009-01-06,2026-06-05,6360,0.245,0.247,889,2.0,0.627,27,True,True,False,False,BAD
B935,41.100_-123.250__c614,6038,2008-11-07,2026-06-06,6421,0.957,0.957,22,1.0,0.847,30,False,False,False,False,GOOD
B935,41.100_-123.300__c79,3591,2008-11-10,2026-06-05,6417,0.569,0.57,74,3.0,0.891,23,False,False,False,False,GOOD
B935,41.150_-122.500__c35,4827,2008-11-10,2026-06-05,6417,0.765,0.766,23,2.0,0.871,26,False,False,False,False,GOOD
B935,41.150_-122.750__c422,6125,2008-11-07,2026-06-06,6421,0.971,0.971,22,1.0,0.862,30,False,False,False,False,GOOD
B935,41.150_-122.850__c721,5907,2008-11-07,2026-06-05,6420,0.936,0.936,22,1.0,0.91,29,False,False,False,False,GOOD
B935,41.150_-122.900__c1264,6205,2008-11-07,2026-06-06,6421,0.984,0.984,22,1.0,0.911,30,False,False,False,False,GOOD
B935,41.150_-123.100__c1105,6262,2008-11-07,2026-06-06,6421,0.993,0.993,22,1.0,0.885,30,False,False,False,False,GOOD
B935,41.150_-123.200__c862,5992,2008-11-07,2026-06-05,6420,0.95,0.95,22,1.0,0.871,29,False,False,False,False,GOOD
B935,41.150_-123.250__c1151,6004,2008-11-07,2026-06-05,6420,0.952,0.952,22,1.0,0.915,29,False,False,False,False,GOOD
B935,41.200_-122.700__c511,6158,2008-11-07,2026-06-05,6420,0.976,0.976,22,1.0,0.862,30,False,False,False,False,GOOD
B935,41.200_-122.750__c1029,5786,2008-11-07,2026-06-05,6420,0.917,0.917,22,1.0,0.917,29,False,False,False,False,GOOD
B935,41.200_-122.800__c898,4841,2008-11-08,2026-06-05,6419,0.767,0.768,23,2.0,0.914,26,False,False,False,False,GOOD
B935,41.200_-122.950__c1264,5428,2008-11-07,2026-06-05,6420,0.86,0.86,22,2.0,0.908,28,False,False,False,False,GOOD
B935,41.200_-123.050__c1233,2025,2008-12-03,2026-06-05,6394,0.321,0.322,227,3.0,0.742,26,True,True,False,False,BAD
B935,41.200_-123.150__c1035,5926,2008-11-07,2026-06-05,6420,0.939,0.939,22,1.0,0.919,29,False,False,False,False,GOOD
B935,41.200_-123.250__c643,5899,2008-11-08,2026-06-06,6420,0.935,0.935,24,1.0,0.915,29,False,False,False,False,GOOD
B935,41.250_-122.750__c675,6078,2008-11-07,2026-06-05,6420,0.963,0.964,22,1.0,0.91,30,False,False,False,False,GOOD
B935,41.250_-122.900__c632,6159,2008-11-07,2026-06-06,6421,0.976,0.976,22,1.0,0.873,30,False,False,False,False,GOOD
B935,41.250_-123.000__c1124,2950,2008-11-26,2026-06-05,6401,0.468,0.469,108,3.0,0.89,24,True,False,False,False,BAD
B935,41.250_-123.150__c370,6125,2008-11-07,2026-06-06,6421,0.971,0.971,22,1.0,0.905,30,False,False,False,False,GOOD
B935,41.250_-123.250__c1120,5966,2008-11-08,2026-06-05,6419,0.946,0.946,22,1.0,0.912,29,False,False,False,False,GOOD
B935,41.250_-123.300__c395,2026,2008-11-30,2026-06-03,6395,0.321,0.322,221,2.0,0.929,28,True,True,False,False,BAD
B935,41.250_-123.300__c757,5495,2008-11-08,2026-06-05,6419,0.871,0.871,22,1.0,0.903,28,False,False,False,False,GOOD
B935,41.300_-122.700__c234,6128,2008-11-07,2026-06-06,6421,0.971,0.971,22,1.0,0.799,30,False,False,False,False,GOOD
B935,41.300_-123.050__c462,4975,2008-11-13,2026-06-05,6414,0.789,0.789,23,2.0,0.492,26,False,False,False,True,MARGINAL
B935,41.300_-123.100__c1068,5938,2008-11-07,2026-06-05,6420,0.941,0.941,22,1.0,0.907,29,False,False,False,False,GOOD
B935,41.300_-123.400__c126,5835,2008-11-07,2026-06-05,6420,0.925,0.925,22,1.0,0.904,29,False,False,False,False,GOOD
B935,41.350_-123.000__c899,6027,2008-11-07,2026-06-05,6420,0.955,0.955,22,1.0,0.918,30,False,False,False,False,GOOD
B935,41.350_-123.350__c419,4862,2008-11-09,2026-06-05,6418,0.771,0.771,35,2.0,0.839,26,False,False,False,False,GOOD
B935,41.350_-123.400__c249,5382,2008-11-08,2026-06-05,6419,0.853,0.853,23,2.0,0.911,27,False,False,False,False,GOOD
B935,41.400_-123.300__c579,6074,2008-11-07,2026-06-05,6420,0.963,0.963,22,1.0,0.827,30,False,False,False,False,GOOD
B935,41.400_-123.350__c32,6087,2008-11-07,2026-06-06,6421,0.965,0.965,22,1.0,0.877,30,False,False,False,False,GOOD
B941,46.150_-123.100__c386,6619,2008-03-30,2026-06-05,6642,1.0,1.0,6,1.0,0.991,30,False,False,False,False,GOOD
B941,46.200_-123.050__c300,6618,2008-03-30,2026-06-05,6642,1.0,1.0,6,1.0,0.976,30,False,False,False,False,GOOD
B941,46.350_-123.100__c244,6615,2008-03-30,2026-06-05,6642,0.999,0.999,6,1.0,0.961,30,False,False,False,False,GOOD
B941,46.400_-123.200__c479,6618,2008-03-30,2026-06-05,6642,1.0,1.0,6,1.0,0.977,30,False,False,False,False,GOOD
B941,46.550_-122.750__c395,6619,2008-03-30,2026-06-05,6642,1.0,1.0,6,1.0,0.988,30,False,False,False,False,GOOD
B941,46.700_-123.100__c385,6619,2008-03-30,2026-06-05,6642,1.0,1.0,6,1.0,0.971,30,False,False,False,False,GOOD
B941,46.700_-123.200__c157,6619,2008-03-30,2026-06-05,6642,1.0,1.0,6,1.0,0.957,30,False,False,False,False,GOOD
B941,46.750_-122.650__c376,6617,2008-03-30,2026-06-05,6642,1.0,1.0,6,1.0,0.984,30,False,False,False,False,GOOD
B941,46.750_-122.850__c680,6612,2008-03-30,2026-06-05,6642,0.999,0.999,6,1.0,0.888,30,False,False,False,False,GOOD
B941,46.850_-122.550__c206,6619,2008-03-30,2026-06-05,6642,1.0,1.0,6,1.0,0.931,30,False,False,False,False,GOOD
B941,46.900_-122.700__c748,6618,2008-03-30,2026-06-05,6642,1.0,1.0,6,1.0,0.993,30,False,False,False,False,GOOD
B941,46.900_-123.050__c43,6616,2008-03-30,2026-06-05,6642,1.0,1.0,6,1.0,0.949,30,False,False,False,False,GOOD
B941,46.950_-122.700__c260,6619,2008-03-30,2026-06-05,6642,1.0,1.0,6,1.0,0.993,30,False,False,False,False,GOOD
B941,47.000_-122.700__c103,6619,2008-03-30,2026-06-05,6642,1.0,1.0,6,1.0,0.989,30,False,False,False,False,GOOD
B941,47.000_-122.800__c491,6587,2008-03-30,2026-06-05,6642,0.995,0.995,6,1.0,0.948,30,False,False,False,False,GOOD
B941,47.100_-122.700__c375,6617,2008-03-30,2026-06-05,6642,1.0,1.0,6,1.0,0.984,30,False,False,False,False,GOOD
B941,47.100_-122.950__c38,6619,2008-03-30,2026-06-05,6642,1.0,1.0,6,1.0,0.994,30,False,False,False,False,GOOD
B941,47.300_-122.900__c337,6619,2008-03-30,2026-06-05,6642,1.0,1.0,6,1.0,0.984,30,False,False,False,False,GOOD
B941,47.350_-122.500__c645,6060,2008-04-01,2026-06-05,6640,0.916,0.916,8,1.0,0.898,29,False,False,False,False,GOOD
B941,47.350_-122.700__c513,6619,2008-03-30,2026-06-05,6642,1.0,1.0,6,1.0,0.984,30,False,False,False,False,GOOD
B941,47.350_-123.300__c221,6619,2008-03-30,2026-06-05,6642,1.0,1.0,6,1.0,0.993,30,False,False,False,False,GOOD
B941,47.350_-123.300__c253,6613,2008-03-30,2026-06-05,6642,0.999,0.999,6,1.0,0.961,30,False,False,False,False,GOOD
B941,47.400_-122.450__c234,6616,2008-03-30,2026-06-05,6642,1.0,1.0,6,1.0,0.957,30,False,False,False,False,GOOD
B941,47.400_-123.250__c578,6616,2008-03-30,2026-06-05,6642,1.0,1.0,6,1.0,0.988,30,False,False,False,False,GOOD
B941,47.450_-122.950__c1073,6616,2008-03-30,2026-06-05,6642,1.0,1.0,6,1.0,0.98,30,False,False,False,False,GOOD
B941,47.450_-123.400__c176,6619,2008-03-30,2026-06-05,6642,1.0,1.0,6,1.0,0.965,30,False,False,False,False,GOOD
B941,47.650_-122.700__c149,6619,2008-03-30,2026-06-05,6642,1.0,1.0,6,1.0,0.981,30,False,False,False,False,GOOD
B941,47.750_-122.700__c546,6619,2008-03-30,2026-06-05,6642,1.0,1.0,6,1.0,0.993,30,False,False,False,False,GOOD
B941,47.750_-123.100__c719,6610,2008-03-30,2026-06-05,6642,0.999,0.999,6,1.0,0.871,30,False,False,False,False,GOOD
B941,47.800_-122.800__c524,6613,2008-03-30,2026-06-05,6642,0.999,0.999,6,1.0,0.902,30,False,False,False,False,GOOD
B941,47.800_-122.900__c507,6618,2008-03-30,2026-06-05,6642,1.0,1.0,6,1.0,0.945,30,False,False,False,False,GOOD
B941,47.900_-123.200__c28,6619,2008-03-30,2026-06-05,6642,1.0,1.0,6,1.0,0.993,30,False,False,False,False,GOOD
COLT,44.450_-123.600__c898,3338,2007-02-23,2026-06-05,7043,0.53,0.531,502,3.0,0.969,24,False,False,False,False,GOOD
COLT,44.500_-123.550__c1054,3529,2007-02-23,2026-06-04,7042,0.561,0.561,308,3.0,0.956,23,False,False,False,False,GOOD
COLT,44.550_-123.350__c197,308,2007-05-16,2026-06-03,6959,0.049,0.05,1810,13.0,0.68,7,True,True,False,False,BAD
COLT,44.550_-123.500__c341,1558,2008-05-07,2026-06-04,6603,0.247,0.264,1621,4.0,0.987,17,True,True,False,False,BAD
COLT,44.550_-123.600__c1007,2098,2007-02-23,2026-06-05,7043,0.333,0.333,501,4.0,0.987,17,True,True,False,False,BAD
COLT,44.550_-123.600__c656,5416,2007-02-22,2026-06-05,7044,0.86,0.861,131,2.0,0.99,28,False,False,False,False,GOOD
COLT,44.550_-123.600__c945,3809,2007-02-23,2026-06-04,7042,0.605,0.605,266,3.0,0.973,24,False,False,False,False,GOOD
COLT,44.600_-123.400__c532,1663,2007-03-06,2026-06-04,7031,0.264,0.265,1266,5.0,0.91,16,True,True,False,False,BAD
COLT,44.700_-123.400__c1138,2882,2007-03-06,2026-06-05,7032,0.458,0.459,536,4.0,0.948,22,True,True,False,False,BAD
COLT,44.700_-123.500__c1416,28,2008-05-07,2026-01-15,6463,0.004,0.005,3364,531.8000000000018,0.633,6,True,True,False,False,BAD
COLT,44.700_-123.550__c551,4285,2007-02-23,2026-06-05,7043,0.681,0.681,245,2.0,0.642,24,False,False,False,False,GOOD
COLT,44.750_-123.700__c301,2300,2007-02-23,2026-06-04,7042,0.365,0.366,651,4.0,0.991,19,True,True,False,False,BAD
COLT,44.800_-123.650__c108,3073,2007-02-23,2026-06-04,7042,0.488,0.488,270,3.0,0.952,22,True,True,False,False,BAD
COLT,44.950_-123.500__c897,15,2008-05-27,2026-01-15,6443,0.002,0.003,5025,773.9000000000009,0.84,6,True,True,False,False,BAD
COLT,45.050_-123.400__c872,14,2008-05-27,2026-01-15,6443,0.002,0.002,5025,862.4000000000005,0.824,6,True,True,False,False,BAD
COLT,45.050_-123.500__c1172,17,2008-05-27,2026-01-15,6443,0.003,0.003,5025,606.5,0.768,6,True,True,False,False,BAD
COLT,45.100_-123.150__c704,6016,2007-02-20,2026-06-05,7046,0.956,0.956,131,1.0,0.992,29,False,False,False,False,GOOD
COLT,45.100_-123.500__c1635,3022,2007-02-23,2026-06-05,7043,0.48,0.48,486,3.0,0.971,21,True,True,False,False,BAD
COLT,45.150_-123.100__c547,3298,2007-02-23,2026-06-04,7042,0.524,0.524,261,3.0,0.911,22,False,False,False,False,GOOD
COLT,45.150_-123.300__c136,5559,2007-02-21,2026-06-05,7045,0.883,0.883,131,1.0,0.984,29,False,False,False,False,GOOD
COLT,45.150_-123.500__c213,5890,2007-02-20,2026-06-06,7047,0.936,0.936,131,1.0,0.965,29,False,False,False,False,GOOD
COLT,45.200_-123.100__c1037,609,2008-05-17,2026-05-29,6587,0.097,0.104,1620,7.0,0.933,11,True,True,False,False,BAD
COLT,45.300_-123.250__c745,4867,2007-02-22,2026-06-05,7044,0.773,0.773,216,2.0,0.955,26,False,False,False,False,GOOD
COLT,45.300_-123.350__c150,19,2008-05-17,2026-01-15,6453,0.003,0.003,5025,436.30000000000064,0.832,6,True,True,False,False,BAD
COLT,45.350_-123.050__c1422,6176,2007-02-20,2026-06-06,7047,0.981,0.981,131,1.0,0.99,29,False,False,False,False,GOOD
COLT,45.350_-123.200__c231,4647,2007-02-22,2026-06-05,7044,0.738,0.738,169,2.0,0.978,26,False,False,False,False,GOOD
COLT,45.400_-122.950__c50,2134,2008-04-08,2026-06-03,6631,0.339,0.36,851,3.0,0.794,23,True,True,False,False,BAD
COLT,45.400_-123.000__c937,3583,2007-02-23,2026-06-05,7043,0.569,0.569,266,3.0,0.968,22,False,False,False,False,GOOD
COLT,45.400_-123.050__c1475,3053,2007-02-27,2026-06-04,7038,0.485,0.486,529,3.0,0.981,21,True,True,False,False,BAD
COLT,45.400_-123.300__c1166,4132,2007-02-23,2026-06-05,7043,0.656,0.657,251,2.0,0.985,25,False,False,False,False,GOOD
COLT,45.500_-123.250__c206,4619,2007-02-21,2026-06-05,7045,0.734,0.734,186,2.0,0.981,25,False,False,False,False,GOOD
COLT,45.500_-123.300__c156,5223,2007-02-21,2026-06-05,7045,0.83,0.83,141,1.0,0.916,29,False,False,False,False,GOOD
COLT,45.550_-123.400__c199,3718,2007-02-23,2026-06-05,7043,0.591,0.591,256,3.0,0.928,23,False,False,False,False,GOOD
COLT,45.600_-123.450__c858,4088,2007-02-23,2026-06-05,7043,0.649,0.65,224,3.0,0.787,24,False,False,False,False,GOOD
COLT,45.800_-123.300__c1110,5137,2007-02-23,2026-06-05,7043,0.816,0.816,132,2.0,0.617,27,False,False,False,False,GOOD
COLT,45.900_-123.100__c431,749,2007-03-09,2026-06-04,7028,0.119,0.119,1716,7.0,0.7,10,True,True,False,False,BAD
COLT,45.900_-123.300__c75,5872,2007-02-20,2026-06-05,7046,0.933,0.933,131,1.0,0.992,29,False,False,False,False,GOOD
COLT,45.900_-123.350__c475,3458,2007-02-23,2026-06-04,7042,0.549,0.55,290,3.0,0.993,23,False,False,False,False,GOOD
COLT,46.050_-123.100__c528,5667,2007-02-21,2026-06-05,7045,0.9,0.9,131,1.0,0.973,28,False,False,False,False,GOOD
COR,43.700_-123.500__c594,5176,2009-10-06,2026-06-06,6088,0.998,0.998,14,2.0,0.995,26,False,False,False,False,GOOD
COR,43.700_-123.700__c126,5177,2009-10-06,2026-06-06,6088,0.998,0.998,14,2.0,0.996,26,False,False,False,False,GOOD
COR,43.750_-123.800__c81,5179,2009-10-06,2026-06-06,6088,0.998,0.998,14,2.0,0.997,26,False,False,False,False,GOOD
COR,43.900_-123.300__c891,5176,2009-10-06,2026-06-06,6088,0.998,0.998,14,2.0,0.996,26,False,False,False,False,GOOD
COR,43.900_-123.550__c206,5177,2009-10-06,2026-06-06,6088,0.998,0.998,14,2.0,0.993,26,False,False,False,False,GOOD
COR,43.950_-123.300__c716,5178,2009-10-06,2026-06-06,6088,0.998,0.998,14,2.0,0.996,26,False,False,False,False,GOOD
COR,43.950_-123.350__c268,5178,2009-10-06,2026-06-06,6088,0.998,0.998,14,2.0,0.991,26,False,False,False,False,GOOD
COR,43.950_-123.400__c380,5168,2009-10-06,2026-06-06,6088,0.996,0.996,14,2.0,0.93,26,False,False,False,False,GOOD
COR,44.000_-123.200__c33,5177,2009-10-06,2026-06-06,6088,0.998,0.998,14,2.0,0.994,26,False,False,False,False,GOOD
COR,44.000_-123.500__c97,5178,2009-10-06,2026-06-06,6088,0.998,0.998,14,2.0,0.992,26,False,False,False,False,GOOD
COR,44.050_-123.300__c236,5182,2009-10-06,2026-06-06,6088,0.999,0.999,14,2.0,0.994,26,False,False,False,False,GOOD
COR,44.050_-123.400__c127,5179,2009-10-06,2026-06-06,6088,0.998,0.998,14,2.0,0.994,26,False,False,False,False,GOOD
COR,44.050_-123.500__c512,5177,2009-10-06,2026-06-06,6088,0.998,0.998,14,2.0,0.986,26,False,False,False,False,GOOD
COR,44.100_-123.250__c205,5176,2009-10-06,2026-06-06,6088,0.998,0.998,14,2.0,0.997,26,False,False,False,False,GOOD
COR,44.200_-123.650__c213,5170,2009-10-06,2026-06-06,6088,0.997,0.997,14,2.0,0.993,26,False,False,False,False,GOOD
COR,44.250_-123.450__c273,5178,2009-10-06,2026-06-06,6088,0.998,0.998,14,2.0,0.995,26,False,False,False,False,GOOD
COR,44.350_-123.300__c44,5178,2009-10-06,2026-06-06,6088,0.998,0.998,14,2.0,0.976,26,False,False,False,False,GOOD
COR,44.400_-123.450__c166,5179,2009-10-06,2026-06-06,6088,0.998,0.998,14,2.0,0.993,26,False,False,False,False,GOOD
COR,44.400_-123.700__c66,5176,2009-10-06,2026-06-06,6088,0.998,0.998,14,2.0,0.981,26,False,False,False,False,GOOD
COR,44.450_-123.550__c408,5174,2009-10-06,2026-06-06,6088,0.997,0.997,14,2.0,0.982,26,False,False,False,False,GOOD
COR,44.450_-123.700__c338,5175,2009-10-06,2026-06-06,6088,0.998,0.998,14,2.0,0.923,26,False,False,False,False,GOOD
COR,44.450_-123.750__c217,5175,2009-10-06,2026-06-06,6088,0.998,0.998,14,2.0,0.995,26,False,False,False,False,GOOD
COR,44.500_-123.300__c130,5180,2009-10-06,2026-06-06,6088,0.999,0.999,14,2.0,0.997,26,False,False,False,False,GOOD
COR,44.500_-123.500__c147,5177,2009-10-06,2026-06-06,6088,0.998,0.998,14,2.0,0.982,26,False,False,False,False,GOOD
COR,44.500_-123.600__c150,5177,2009-10-06,2026-06-06,6088,0.998,0.998,14,2.0,0.992,26,False,False,False,False,GOOD
COR,44.550_-123.300__c246,5177,2009-10-06,2026-06-06,6088,0.998,0.998,14,2.0,0.991,26,False,False,False,False,GOOD
COR,44.600_-123.550__c196,5177,2009-10-06,2026-06-06,6088,0.998,0.998,14,2.0,0.995,26,False,False,False,False,GOOD
COR,44.600_-123.600__c374,5174,2009-10-06,2026-06-06,6088,0.997,0.997,14,2.0,0.996,26,False,False,False,False,GOOD
COR,44.600_-123.800__c140,5128,2009-10-06,2026-06-05,6087,0.989,0.989,14,2.0,0.973,26,False,False,False,False,GOOD
COR,44.650_-123.450__c349,5178,2009-10-06,2026-06-06,6088,0.998,0.998,14,2.0,0.996,26,False,False,False,False,GOOD
COR,44.650_-123.500__c290,5101,2009-10-06,2026-06-06,6088,0.983,0.983,14,2.0,0.978,26,False,False,False,False,GOOD
COR,44.700_-123.250__c170,5178,2009-10-06,2026-06-06,6088,0.998,0.998,14,2.0,0.99,26,False,False,False,False,GOOD
COR,44.700_-123.250__c287,5178,2009-10-06,2026-06-06,6088,0.998,0.998,14,2.0,0.977,26,False,False,False,False,GOOD
COR,44.700_-123.350__c253,5178,2009-10-06,2026-06-06,6088,0.998,0.998,14,2.0,0.996,26,False,False,False,False,GOOD
COR,44.700_-123.400__c232,5171,2009-10-06,2026-06-06,6088,0.997,0.997,14,2.0,0.994,26,False,False,False,False,GOOD
COR,44.750_-123.400__c229,5178,2009-10-06,2026-06-06,6088,0.998,0.998,14,2.0,0.997,26,False,False,False,False,GOOD
COR,44.800_-123.200__c41,5174,2009-10-06,2026-06-06,6088,0.997,0.997,14,2.0,0.995,26,False,False,False,False,GOOD
COR,44.800_-123.500__c960,5174,2009-10-06,2026-06-06,6088,0.997,0.997,14,2.0,0.98,26,False,False,False,False,GOOD
COR,44.850_-123.150__c234,5173,2009-10-06,2026-06-06,6088,0.997,0.997,14,2.0,0.995,26,False,False,False,False,GOOD
COR,44.850_-123.400__c536,5179,2009-10-06,2026-06-06,6088,0.998,0.998,14,2.0,0.992,26,False,False,False,False,GOOD
COR,44.850_-123.550__c680,5178,2009-10-06,2026-06-06,6088,0.998,0.998,14,2.0,0.996,26,False,False,False,False,GOOD
COR,44.900_-123.350__c27,5177,2009-10-06,2026-06-06,6088,0.998,0.998,14,2.0,0.996,26,False,False,False,False,GOOD
COR,44.900_-123.600__c451,5175,2009-10-06,2026-06-06,6088,0.998,0.998,14,2.0,0.994,26,False,False,False,False,GOOD
COR,44.900_-123.700__c230,5179,2009-10-06,2026-06-06,6088,0.998,0.998,14,2.0,0.995,26,False,False,False,False,GOOD
COR,44.950_-122.950__c67,5005,2009-10-06,2026-06-05,6087,0.965,0.965,14,2.0,0.953,25,False,False,False,False,GOOD
COR,44.950_-123.600__c383,5176,2009-10-06,2026-06-06,6088,0.998,0.998,14,2.0,0.987,26,False,False,False,False,GOOD
COR,45.000_-123.450__c463,5177,2009-10-06,2026-06-06,6088,0.998,0.998,14,2.0,0.992,26,False,False,False,False,GOOD
COR,45.000_-123.600__c281,5179,2009-10-06,2026-06-06,6088,0.998,0.998,14,2.0,0.994,26,False,False,False,False,GOOD
COR,45.050_-123.450__c501,5176,2009-10-06,2026-06-06,6088,0.998,0.998,14,2.0,0.992,26,False,False,False,False,GOOD
COR,45.100_-123.200__c328,5178,2009-10-06,2026-06-06,6088,0.998,0.998,14,2.0,0.983,26,False,False,False,False,GOOD
COR,45.100_-123.400__c348,5176,2009-10-06,2026-06-06,6088,0.998,0.998,14,2.0,0.989,26,False,False,False,False,GOOD
COR,45.150_-123.200__c134,5179,2009-10-06,2026-06-06,6088,0.998,0.998,14,2.0,0.981,26,False,False,False,False,GOOD
COR,45.150_-123.450__c640,5176,2009-10-06,2026-06-06,6088,0.998,0.998,14,2.0,0.993,26,False,False,False,False,GOOD
COR,45.200_-123.400__c111,5178,2009-10-06,2026-06-06,6088,0.998,0.998,14,2.0,0.991,26,False,False,False,False,GOOD
COR,45.200_-123.550__c280,5172,2009-10-06,2026-06-06,6088,0.997,0.997,14,2.0,0.997,26,False,False,False,False,GOOD
COR,45.250_-123.450__c593,5178,2009-10-06,2026-06-06,6088,0.998,0.998,14,2.0,0.989,26,False,False,False,False,GOOD
COR,45.250_-123.550__c41,5177,2009-10-06,2026-06-06,6088,0.998,0.998,14,2.0,0.984,26,False,False,False,False,GOOD
COR,45.300_-123.150__c349,5178,2009-10-06,2026-06-06,6088,0.998,0.998,14,2.0,0.995,26,False,False,False,False,GOOD
COR,45.300_-123.250__c318,5178,2009-10-06,2026-06-06,6088,0.998,0.998,14,2.0,0.989,26,False,False,False,False,GOOD
COR,45.350_-123.150__c42,5181,2009-10-06,2026-06-06,6088,0.999,0.999,14,2.0,0.997,26,False,False,False,False,GOOD
COR,45.350_-123.350__c412,5177,2009-10-06,2026-06-06,6088,0.998,0.998,14,2.0,0.995,26,False,False,False,False,GOOD
COR,45.400_-122.950__c248,5179,2009-10-06,2026-06-06,6088,0.998,0.998,14,2.0,0.994,26,False,False,False,False,GOOD
COR,45.400_-123.050__c739,5177,2009-10-06,2026-06-06,6088,0.998,0.998,14,2.0,0.997,26,False,False,False,False,GOOD
COR,45.400_-123.250__c341,5179,2009-10-06,2026-06-06,6088,0.998,0.998,14,2.0,0.99,26,False,False,False,False,GOOD
COR,45.400_-123.250__c88,5177,2009-10-06,2026-06-06,6088,0.998,0.998,14,2.0,0.995,26,False,False,False,False,GOOD
COR,45.400_-123.650__c144,5174,2009-10-06,2026-06-06,6088,0.997,0.997,14,2.0,0.992,26,False,False,False,False,GOOD
COR,45.500_-123.300__c53,5177,2009-10-06,2026-06-06,6088,0.998,0.998,14,2.0,0.976,26,False,False,False,False,GOOD
COR,45.500_-123.350__c153,5177,2009-10-06,2026-06-06,6088,0.998,0.998,14,2.0,0.978,26,False,False,False,False,GOOD
GNW,46.750_-122.800__c761,5544,2010-12-07,2026-05-28,5652,0.997,0.997,57,1.0,0.914,30,False,False,False,False,GOOD
GNW,46.800_-123.000__c799,68,2011-01-14,2020-04-17,3382,0.012,0.02,1499,43.99999999999997,0.784,8,True,True,False,False,BAD
GNW,46.950_-122.750__c1373,51,2011-01-14,2022-06-11,4167,0.009,0.012,1464,243.50000000000003,0.768,7,True,True,False,False,BAD
GNW,46.950_-123.100__c653,4550,2010-12-09,2026-05-28,5650,0.818,0.818,59,2.0,0.676,26,False,False,False,False,GOOD
GNW,47.000_-122.950__c361,5383,2010-12-07,2026-05-28,5652,0.968,0.968,58,1.0,0.936,30,False,False,False,False,GOOD
GNW,47.000_-123.050__c941,409,2011-01-11,2025-10-01,5378,0.074,0.077,754,16.30000000000001,0.858,7,True,True,False,False,BAD
GNW,47.050_-122.700__c499,5560,2010-12-07,2026-05-28,5652,1.0,1.0,57,1.0,0.996,30,False,False,False,False,GOOD
GNW,47.100_-122.800__c731,5532,2010-12-07,2026-05-28,5652,0.995,0.995,57,1.0,0.95,30,False,False,False,False,GOOD
GNW,47.150_-123.200__c685,3837,2010-12-16,2026-05-28,5643,0.69,0.691,64,3.0,0.93,22,False,False,False,False,GOOD
GNW,47.250_-123.100__c223,5499,2010-12-07,2026-05-28,5652,0.989,0.989,58,1.0,0.986,30,False,False,False,False,GOOD
GNW,47.300_-122.650__c209,5392,2010-12-07,2026-05-28,5652,0.97,0.97,58,1.0,0.923,30,False,False,False,False,GOOD
GNW,47.300_-122.750__c1655,22,2011-01-14,2015-11-03,1755,0.004,0.013,813,244.0,0.744,7,True,True,True,False,BAD
GNW,47.350_-123.000__c281,5539,2010-12-07,2026-05-28,5652,0.996,0.996,57,1.0,0.831,30,False,False,False,False,GOOD
GNW,47.350_-123.000__c745,3519,2010-12-17,2026-05-28,5642,0.633,0.634,69,3.0,0.914,21,False,False,False,False,GOOD
GNW,47.350_-123.100__c1495,5482,2010-12-07,2026-05-28,5652,0.986,0.986,58,1.0,0.958,30,False,False,False,False,GOOD
GNW,47.350_-123.200__c104,5507,2010-12-07,2026-05-28,5652,0.99,0.99,57,1.0,0.972,30,False,False,False,False,GOOD
GNW,47.400_-122.500__c1396,5160,2010-12-07,2026-05-28,5652,0.928,0.928,58,1.0,0.921,29,False,False,False,False,GOOD
GNW,47.450_-122.700__c533,4680,2010-12-08,2026-05-28,5651,0.842,0.842,59,2.0,0.712,26,False,False,False,False,GOOD
GNW,47.450_-122.800__c162,5556,2010-12-07,2026-05-28,5652,0.999,0.999,57,1.0,0.993,30,False,False,False,False,GOOD
GNW,47.450_-122.950__c926,5325,2010-12-07,2026-05-28,5652,0.958,0.958,58,1.0,0.992,29,False,False,False,False,GOOD
GNW,47.450_-123.000__c597,5263,2010-12-07,2026-05-28,5652,0.946,0.946,59,1.0,0.969,29,False,False,False,False,GOOD
GNW,47.500_-122.800__c706,5531,2010-12-07,2026-05-28,5652,0.995,0.995,58,1.0,0.996,30,False,False,False,False,GOOD
GNW,47.500_-122.850__c419,49,2011-01-14,2013-08-13,943,0.009,0.052,396,15.300000000000004,0.794,8,True,True,True,False,BAD
GNW,47.500_-123.050__c892,5551,2010-12-07,2026-05-28,5652,0.998,0.998,57,1.0,0.988,30,False,False,False,False,GOOD
GNW,47.500_-123.150__c956,5539,2010-12-07,2026-05-28,5652,0.996,0.996,58,1.0,0.995,30,False,False,False,False,GOOD
GNW,47.550_-122.900__c61,5525,2010-12-07,2026-05-28,5652,0.994,0.994,57,1.0,0.858,30,False,False,False,False,GOOD
GNW,47.550_-123.200__c1454,5423,2010-12-07,2026-05-28,5652,0.975,0.975,58,1.0,0.902,30,False,False,False,False,GOOD
GNW,47.600_-122.600__c1013,4809,2010-12-08,2026-05-28,5651,0.865,0.865,59,2.0,0.903,27,False,False,False,False,GOOD
GNW,47.600_-123.250__c43,3616,2010-12-16,2026-05-28,5643,0.65,0.651,63,3.0,0.893,21,False,False,False,False,GOOD
GNW,47.650_-122.950__c1578,905,2011-01-11,2025-08-08,5324,0.163,0.173,454,8.0,0.509,10,True,True,False,True,BAD
GNW,47.650_-122.950__c419,5554,2010-12-07,2026-05-28,5652,0.999,0.999,57,1.0,0.994,30,False,False,False,False,GOOD
GNW,47.650_-123.350__c846,5501,2010-12-07,2026-05-28,5652,0.989,0.989,57,1.0,0.983,30,False,False,False,False,GOOD
GNW,47.700_-122.700__c539,5458,2010-12-07,2026-05-28,5652,0.981,0.981,57,1.0,0.863,30,False,False,False,False,GOOD
GNW,47.700_-122.700__c858,3137,2010-12-21,2026-05-28,5638,0.564,0.565,80,3.0,0.779,20,False,False,False,False,GOOD
GNW,47.700_-122.750__c628,5468,2010-12-07,2026-05-28,5652,0.983,0.983,58,1.0,0.991,30,False,False,False,False,GOOD
GNW,47.700_-122.800__c1442,5483,2010-12-07,2026-05-28,5652,0.986,0.986,58,1.0,0.987,30,False,False,False,False,GOOD
GNW,47.700_-122.850__c759,4240,2010-12-09,2026-05-28,5650,0.762,0.763,59,2.0,0.96,24,False,False,False,False,GOOD
GNW,47.700_-122.900__c1012,5550,2010-12-07,2026-05-28,5652,0.998,0.998,57,1.0,0.994,30,False,False,False,False,GOOD
GNW,47.700_-123.050__c1400,5523,2010-12-07,2026-05-28,5652,0.993,0.993,57,1.0,0.99,30,False,False,False,False,GOOD
GNW,47.700_-123.250__c360,5473,2010-12-07,2026-05-28,5652,0.984,0.984,57,1.0,0.986,30,False,False,False,False,GOOD
GNW,47.700_-123.400__c1010,5528,2010-12-07,2026-05-28,5652,0.994,0.994,57,1.0,0.959,30,False,False,False,False,GOOD
GNW,47.750_-122.700__c57,4051,2010-12-09,2026-05-28,5650,0.728,0.729,64,2.0,0.873,24,False,False,False,False,GOOD
GNW,47.750_-123.250__c1017,5556,2010-12-07,2026-05-28,5652,0.999,0.999,57,1.0,0.975,30,False,False,False,False,GOOD
GNW,47.800_-122.750__c587,678,2010-12-22,2026-05-27,5636,0.122,0.122,610,10.0,0.883,9,True,True,False,False,BAD
GNW,47.800_-122.900__c603,5553,2010-12-07,2026-05-28,5652,0.999,0.999,57,1.0,0.994,30,False,False,False,False,GOOD
GNW,47.850_-122.900__c266,4075,2010-12-09,2026-05-28,5650,0.733,0.733,60,2.0,0.869,23,False,False,False,False,GOOD
GNW,47.900_-123.400__c573,5447,2010-12-07,2026-05-28,5652,0.98,0.98,57,1.0,0.959,30,False,False,False,False,GOOD
GNW,47.950_-122.750__c514,5480,2010-12-07,2026-05-28,5652,0.985,0.985,58,1.0,0.988,30,False,False,False,False,GOOD
GNW,47.950_-122.900__c1292,3647,2010-12-15,2026-05-28,5644,0.656,0.657,60,3.0,0.703,21,False,False,False,False,GOOD
GNW,47.950_-122.900__c531,2594,2010-12-19,2026-05-27,5639,0.466,0.467,63,4.0,0.803,16,True,False,False,False,BAD
GNW,47.950_-123.200__c355,87,2011-01-14,2019-09-09,3161,0.016,0.028,1432,41.0,0.745,7,True,True,False,False,BAD
GNW,47.950_-123.400__c1014,5279,2010-12-07,2026-05-28,5652,0.949,0.949,59,1.0,0.945,29,False,False,False,False,GOOD
GNW,48.000_-123.150__c917,115,2011-01-14,2023-04-24,4484,0.021,0.026,790,68.10000000000001,0.703,6,True,True,False,False,BAD
GNW,48.000_-123.350__c780,5218,2010-12-07,2026-05-28,5652,0.938,0.938,58,1.0,0.972,29,False,False,False,False,GOOD
GNW,48.050_-123.600__c333,5548,2010-12-07,2026-05-28,5652,0.998,0.998,57,1.0,0.987,30,False,False,False,False,GOOD
GNW,48.100_-123.300__c210,1504,2010-12-20,2026-05-28,5639,0.27,0.271,117,7.0,0.845,10,True,False,False,False,BAD
GNW,48.150_-123.000__c982,22,2011-01-27,2020-04-17,3369,0.004,0.007,2440,241.0,0.822,7,True,True,False,False,BAD
GNW,48.150_-123.250__c663,5555,2010-12-07,2026-05-28,5652,0.999,0.999,57,1.0,0.996,30,False,False,False,False,GOOD
GNW,48.200_-123.050__c1490,243,2010-12-30,2026-05-21,5622,0.044,0.044,669,37.90000000000006,0.611,7,True,True,False,False,BAD
GNW,48.200_-123.500__c94,4716,2010-12-09,2026-05-28,5650,0.848,0.848,58,2.0,0.921,26,False,False,False,False,GOOD
GNW,48.200_-123.700__c569,19,2011-01-14,2013-08-12,942,0.003,0.02,453,135.9000000000003,0.955,8,True,True,True,False,BAD
GNW,48.250_-123.100__c886,4213,2010-12-09,2026-05-28,5650,0.758,0.758,59,2.0,0.926,24,False,False,False,False,GOOD
GNW,48.250_-123.350__c13,5058,2010-12-08,2026-05-28,5651,0.91,0.91,57,1.0,0.994,28,False,False,False,False,GOOD
GNW,48.250_-123.400__c646,57,2011-01-14,2021-10-16,3929,0.01,0.015,812,285.5,0.633,7,True,True,False,False,BAD
GNW,48.250_-123.600__c1052,4691,2010-12-08,2026-05-28,5651,0.844,0.844,59,2.0,0.604,26,False,False,False,False,GOOD
GNW,48.250_-123.650__c225,15,2012-04-27,2013-08-12,473,0.003,0.032,421,14.100000000000003,0.925,8,True,True,True,False,BAD
GNW,48.250_-123.800__c510,17,2012-04-23,2013-08-12,477,0.003,0.036,418,13.5,0.932,8,True,True,True,False,BAD
GNW,48.300_-122.800__c577,4675,2010-12-08,2026-05-28,5651,0.841,0.841,60,2.0,0.88,26,False,False,False,False,GOOD
GNW,48.300_-122.850__c773,1494,2010-12-19,2026-05-27,5639,0.269,0.269,127,7.0,0.588,11,True,False,False,True,BAD
GNW,48.300_-122.950__c233,1586,2010-12-31,2026-05-27,5627,0.285,0.286,108,7.0,0.819,11,True,False,False,False,BAD
GNW,48.300_-122.950__c523,4702,2010-12-08,2026-05-28,5651,0.846,0.846,59,2.0,0.843,26,False,False,False,False,GOOD
GNW,48.300_-123.100__c783,5527,2010-12-07,2026-05-28,5652,0.994,0.994,57,1.0,0.885,30,False,False,False,False,GOOD
GNW,48.300_-123.400__c165,5111,2010-12-07,2026-05-28,5652,0.919,0.919,59,1.0,0.981,28,False,False,False,False,GOOD
GNW,48.300_-123.800__c899,5211,2010-12-07,2026-05-28,5652,0.937,0.937,59,1.0,0.878,29,False,False,False,False,GOOD
GNW,48.350_-123.000__c557,5554,2010-12-07,2026-05-28,5652,0.999,0.999,57,1.0,0.991,30,False,False,False,False,GOOD
GNW,48.350_-123.300__c93,5263,2010-12-07,2026-05-28,5652,0.946,0.946,59,1.0,0.99,29,False,False,False,False,GOOD
GNW,48.400_-122.750__c336,4930,2010-12-07,2026-05-28,5652,0.887,0.887,59,1.0,0.817,28,False,False,False,False,GOOD
GNW,48.400_-123.150__c1166,19,2012-04-23,2013-08-12,477,0.003,0.04,408,11.500000000000004,0.875,8,True,True,True,False,BAD
GNW,48.400_-123.500__c727,5542,2010-12-07,2026-05-28,5652,0.997,0.997,57,1.0,0.997,30,False,False,False,False,GOOD
GNW,48.450_-123.400__c933,5537,2010-12-07,2026-05-28,5652,0.996,0.996,57,1.0,0.966,30,False,False,False,False,GOOD
GNW,48.450_-123.900__c1255,16,2012-04-23,2013-08-12,477,0.003,0.034,421,13.799999999999999,0.874,8,True,True,True,False,BAD
HDW,46.800_-122.700__c788,7495,1998-05-10,2026-05-29,10247,0.878,0.878,358,1.0,0.95,30,False,False,False,False,GOOD
HDW,46.800_-123.050__c405,5730,1998-05-10,2026-05-27,10245,0.672,0.672,358,2.0,0.865,24,False,False,False,False,GOOD
HDW,46.850_-122.700__c198,7345,1998-05-10,2026-05-29,10247,0.861,0.861,358,1.0,0.938,29,False,False,False,False,GOOD
HDW,46.850_-122.900__c362,7223,1998-05-10,2026-05-29,10247,0.847,0.847,358,1.0,0.944,29,False,False,False,False,GOOD
HDW,46.900_-122.800__c713,2549,1998-05-10,2022-09-01,8881,0.299,0.354,358,6.0,0.401,15,True,True,False,True,BAD
HDW,47.000_-122.700__c45,1862,1998-05-10,2022-09-01,8881,0.218,0.259,425,7.0,0.156,13,True,True,False,True,BAD
HDW,47.000_-123.050__c209,1719,1998-05-10,2022-09-01,8881,0.201,0.239,425,8.0,0.216,13,True,True,False,True,BAD
HDW,47.100_-123.000__c527,2439,1998-05-10,2026-05-26,10244,0.286,0.286,377,7.0,0.913,14,True,True,False,False,BAD
HDW,47.100_-123.100__c371,7814,1998-05-10,2026-05-29,10247,0.916,0.916,373,1.0,0.932,30,False,False,False,False,GOOD
HDW,47.100_-123.150__c765,1156,1998-05-10,2022-07-25,8843,0.135,0.162,865,9.0,0.21,13,True,True,False,True,BAD
HDW,47.150_-122.800__c578,7871,1998-05-10,2026-05-29,10247,0.923,0.923,358,1.0,0.958,30,False,False,False,False,GOOD
HDW,47.350_-123.100__c376,1437,1998-05-10,2022-09-01,8881,0.168,0.2,425,9.0,0.172,12,True,True,False,True,BAD
HDW,47.450_-122.900__c1025,1152,1998-05-10,2022-07-25,8843,0.135,0.161,865,9.0,0.128,14,True,True,False,True,BAD
HDW,47.450_-123.000__c116,3274,1998-05-10,2022-09-02,8882,0.384,0.455,358,4.0,0.357,19,True,True,False,True,BAD
HDW,47.500_-122.700__c4,3623,1998-05-10,2025-09-21,9997,0.425,0.437,393,4.0,0.44,20,True,True,False,True,BAD
HDW,47.500_-122.950__c329,983,1998-05-10,2022-07-25,8843,0.115,0.137,954,10.0,0.149,13,True,True,False,True,BAD
HDW,47.550_-122.800__c705,7731,1998-05-10,2026-05-29,10247,0.906,0.906,358,1.0,0.913,30,False,False,False,False,GOOD
HDW,47.550_-123.250__c302,7892,1998-05-10,2026-05-29,10247,0.925,0.925,373,1.0,0.914,30,False,False,False,False,GOOD
HDW,47.600_-122.700__c1035,2161,1998-05-10,2022-09-01,8881,0.253,0.3,425,7.0,0.533,14,True,True,False,True,BAD
HDW,47.600_-122.850__c1092,5972,1998-05-10,2026-05-29,10247,0.7,0.7,375,1.0,0.988,28,False,False,False,False,GOOD
HDW,47.600_-122.950__c885,1878,1998-05-10,2022-09-01,8881,0.22,0.261,425,7.0,0.191,13,True,True,False,True,BAD
HDW,47.650_-122.650__c728,8025,1998-05-10,2026-05-29,10247,0.941,0.941,358,1.0,0.973,30,False,False,False,False,GOOD
HDW,47.800_-122.700__c671,4533,1998-05-10,2023-10-13,9288,0.531,0.598,358,3.0,0.938,23,False,False,False,False,GOOD
HDW,47.800_-123.100__c1360,7778,1998-05-10,2026-05-29,10247,0.912,0.912,374,1.0,0.95,30,False,False,False,False,GOOD
HDW,47.800_-123.150__c466,7656,1998-05-10,2026-05-29,10247,0.897,0.897,373,1.0,0.964,30,False,False,False,False,GOOD
HDW,47.800_-123.300__c502,7736,1998-05-10,2026-05-29,10247,0.907,0.907,373,1.0,0.959,30,False,False,False,False,GOOD
HDW,47.900_-123.200__c586,7457,1998-05-10,2026-05-29,10247,0.874,0.874,358,1.0,0.972,29,False,False,False,False,GOOD
HDW,47.900_-123.400__c296,4216,1998-05-10,2026-05-26,10244,0.494,0.494,375,3.0,0.982,20,True,True,False,False,BAD
HDW,48.000_-123.000__c94,1065,1998-05-10,2022-06-20,8808,0.125,0.15,436,12.0,0.334,11,True,True,False,True,BAD
HDW,48.000_-123.050__c843,4127,1998-05-10,2022-09-01,8881,0.484,0.574,358,3.0,0.682,21,True,False,False,False,BAD
HDW,48.000_-123.550__c27,1388,1998-05-10,2022-09-01,8881,0.163,0.193,425,9.0,0.208,12,True,True,False,True,BAD
HDW,48.000_-123.600__c302,1984,1998-05-10,2022-09-01,8881,0.233,0.276,425,7.0,0.208,13,True,True,False,True,BAD
HDW,48.100_-123.000__c1187,3069,1998-05-10,2025-10-12,10018,0.36,0.37,378,4.0,0.731,17,True,True,False,False,BAD
HDW,48.100_-123.700__c589,1411,1998-05-10,2022-09-01,8881,0.165,0.196,644,9.0,0.198,13,True,True,False,True,BAD
HDW,48.150_-123.200__c1088,2531,1998-05-10,2022-06-20,8808,0.297,0.355,368,6.0,0.48,15,True,True,False,True,BAD
HDW,48.200_-122.850__c179,5807,1998-05-10,2026-05-22,10240,0.681,0.681,358,2.0,0.894,25,False,False,False,False,GOOD
HDW,48.200_-123.150__c1143,1098,1998-05-10,2022-07-25,8843,0.129,0.153,936,9.0,0.318,14,True,True,False,True,BAD
HDW,48.250_-123.300__c1076,1321,1998-05-10,2022-09-01,8881,0.155,0.184,864,9.0,0.24,13,True,True,False,True,BAD
HDW,48.300_-123.050__c351,973,1998-05-10,2022-09-01,8881,0.114,0.135,578,8.0,0.284,14,True,True,False,True,BAD
HDW,48.400_-123.000__c597,7276,1998-05-10,2026-05-29,10247,0.853,0.853,358,1.0,0.877,28,False,False,False,False,GOOD
HDW,48.400_-123.600__c663,982,1998-05-10,2022-09-01,8881,0.115,0.136,563,8.0,0.254,14,True,True,False,True,BAD
HDW,48.400_-123.750__c1088,1242,1998-05-10,2022-09-01,8881,0.146,0.173,596,8.0,0.25,14,True,True,False,True,BAD
NLLB,48.050_-123.400__c658,4288,2008-05-08,2026-03-06,6512,0.745,0.745,591,2.0,0.716,23,False,False,False,False,GOOD
NLLB,48.100_-123.350__c998,5519,2005-09-16,2026-03-07,7478,0.958,0.958,943,1.0,0.826,29,False,False,False,False,GOOD
NLLB,48.150_-122.850__c753,5419,2008-05-08,2026-03-07,6513,0.941,0.942,587,1.0,0.989,29,False,False,False,False,GOOD
NLLB,48.150_-122.900__c1332,5477,2005-09-16,2026-03-07,7478,0.951,0.951,943,1.0,0.986,29,False,False,False,False,GOOD
NLLB,48.150_-123.100__c1067,4846,2005-10-08,2026-03-07,7456,0.842,0.842,959,2.0,0.979,26,False,False,False,False,GOOD
NLLB,48.150_-123.600__c362,3444,2005-10-08,2026-03-02,7451,0.598,0.599,1549,3.0,0.86,20,False,False,False,False,GOOD
NLLB,48.200_-123.450__c1215,2446,2005-09-18,2026-03-05,7474,0.425,0.425,1556,5.0,0.676,16,True,True,False,False,BAD
NLLB,48.200_-123.500__c1565,1006,2010-02-09,2025-10-18,5731,0.175,0.18,344,10.0,0.692,10,True,True,False,False,BAD
NLLB,48.250_-122.900__c395,3322,2010-01-08,2026-03-06,5902,0.577,0.578,62,3.0,0.892,19,False,False,False,False,GOOD
NLLB,48.250_-122.900__c669,1864,2010-01-10,2026-03-06,5900,0.324,0.325,176,6.0,0.692,14,True,False,False,False,BAD
NLLB,48.250_-123.750__c53,5640,2005-09-16,2026-03-07,7478,0.98,0.98,943,1.0,0.9,30,False,False,False,False,GOOD
NLLB,48.300_-123.300__c438,967,2010-01-10,2026-02-02,5868,0.168,0.169,336,8.0,0.841,14,True,True,False,False,BAD
NLLB,48.300_-123.700__c966,5546,2005-09-16,2026-03-07,7478,0.963,0.963,943,1.0,0.974,29,False,False,False,False,GOOD
NLLB,48.350_-122.900__c1072,1161,2010-01-09,2026-02-14,5881,0.202,0.203,218,8.0,0.716,14,True,True,False,False,BAD
NLLB,48.400_-123.900__c700,3898,2005-09-16,2026-03-07,7478,0.677,0.677,1553,3.0,0.867,21,False,False,False,False,GOOD
NLLB,48.450_-123.800__c105,382,2010-04-29,2024-02-28,5054,0.066,0.078,587,12.0,0.693,10,True,True,False,False,BAD
NLLB,48.450_-123.900__c1052,2377,2005-09-18,2026-02-12,7453,0.413,0.415,959,5.0,0.801,16,True,True,False,False,BAD
NLLB,48.550_-123.400__c136,5182,2005-09-18,2026-03-07,7476,0.9,0.9,943,1.0,0.979,27,False,False,False,False,GOOD
NLLB,48.550_-123.700__c1201,1280,2005-10-05,2025-10-19,7320,0.222,0.228,1580,8.0,0.509,11,True,True,False,True,BAD
NLLB,48.600_-123.300__c1229,5334,2005-09-16,2026-03-07,7478,0.926,0.926,943,1.0,0.974,28,False,False,False,False,GOOD
NLLB,48.600_-123.400__c1198,4091,2010-01-03,2026-03-06,5907,0.71,0.711,72,2.0,0.849,23,False,False,False,False,GOOD
NLLB,48.600_-123.850__c1372,3629,2005-09-18,2026-02-09,7450,0.63,0.633,1563,3.0,0.921,22,False,False,False,False,GOOD
NLLB,48.600_-123.950__c626,1827,2010-01-30,2025-10-22,5745,0.317,0.327,172,6.0,0.832,13,True,False,False,False,BAD
NLLB,48.600_-124.150__c886,694,2005-09-18,2025-10-15,7333,0.121,0.124,1633,12.0,0.537,11,True,True,False,True,BAD
NLLB,48.600_-124.300__c39,929,2005-10-08,2025-10-18,7316,0.161,0.165,1649,9.0,0.651,10,True,True,False,False,BAD
NLLB,48.650_-123.850__c1464,2601,2005-09-18,2026-03-06,7475,0.452,0.452,959,4.0,0.822,17,True,True,False,False,BAD
NLLB,48.650_-123.900__c267,2862,2005-09-18,2026-03-05,7474,0.497,0.497,943,4.0,0.708,19,True,True,False,False,BAD
NLLB,48.650_-123.900__c500,3927,2005-09-18,2026-03-05,7474,0.682,0.682,943,3.0,0.917,23,False,False,False,False,GOOD
NLLB,48.650_-123.950__c1205,2822,2005-09-18,2025-11-12,7361,0.49,0.5,1553,4.0,0.716,18,True,False,False,False,BAD
NLLB,48.650_-124.000__c701,1819,2005-10-05,2025-11-12,7344,0.316,0.322,1571,6.0,0.671,15,True,True,False,False,BAD
NLLB,48.650_-124.150__c1283,2766,2005-09-16,2026-02-12,7455,0.48,0.482,1574,4.0,0.837,19,True,True,False,False,BAD
NLLB,48.650_-124.250__c1235,1548,2010-01-27,2026-03-05,5882,0.269,0.27,370,7.0,0.491,13,True,True,False,True,BAD
NLLB,48.700_-123.750__c1158,532,2010-08-21,2025-10-31,5551,0.092,0.099,470,13.0,0.733,9,True,True,False,False,BAD
NLLB,48.700_-123.800__c537,1921,2005-09-18,2025-11-12,7361,0.334,0.34,1605,5.0,0.618,17,True,True,False,False,BAD
NLLB,48.700_-124.100__c975,4841,2005-09-18,2026-03-06,7475,0.841,0.841,943,2.0,0.92,27,False,False,False,False,GOOD
NLLB,48.700_-124.150__c506,1025,2005-10-05,2025-10-18,7319,0.178,0.183,1601,8.0,0.845,11,True,True,False,False,BAD
NLLB,48.750_-124.100__c196,5132,2005-09-16,2026-03-07,7478,0.891,0.891,943,1.0,0.856,27,False,False,False,False,GOOD
NLLB,48.800_-123.450__c79,5526,2005-09-16,2026-03-07,7478,0.96,0.96,943,1.0,0.975,29,False,False,False,False,GOOD
NLLB,48.800_-123.550__c1648,5645,2005-09-16,2026-03-07,7478,0.98,0.98,943,1.0,0.946,30,False,False,False,False,GOOD
NLLB,48.800_-123.950__c315,1471,2005-10-08,2025-11-12,7341,0.255,0.261,1644,7.0,0.676,13,True,True,False,False,BAD
NLLB,48.800_-124.450__c876,1888,2010-01-12,2026-03-06,5898,0.328,0.329,159,6.0,0.79,15,True,False,False,False,BAD
NLLB,48.850_-124.050__c1297,2645,2005-09-18,2026-03-05,7474,0.459,0.46,943,4.0,0.804,18,True,True,False,False,BAD
NLLB,48.850_-124.800__c1112,4387,2005-10-08,2026-03-06,7455,0.762,0.762,943,2.0,0.916,23,False,False,False,False,GOOD
NLLB,48.850_-124.950__c138,1680,2005-09-18,2026-02-12,7453,0.292,0.293,1581,6.0,0.707,14,True,True,False,False,BAD
NLLB,48.900_-123.500__c986,4552,2005-09-16,2026-03-06,7477,0.791,0.791,943,2.0,0.893,25,False,False,False,False,GOOD
NLLB,48.950_-123.400__c68,1981,2010-01-16,2026-03-03,5891,0.344,0.345,113,6.0,0.81,14,True,False,False,False,BAD
NLLB,48.950_-123.800__c176,4998,2005-09-16,2026-03-07,7478,0.868,0.868,943,2.0,0.804,27,False,False,False,False,GOOD
NLLB,48.950_-124.050__c1114,3984,2005-09-16,2026-03-03,7474,0.692,0.692,1565,3.0,0.86,23,False,False,False,False,GOOD
NLLB,48.950_-124.150__c980,4815,2005-09-16,2026-03-07,7478,0.836,0.836,943,2.0,0.811,26,False,False,False,False,GOOD
NLLB,48.950_-124.500__c938,4328,2005-09-16,2026-03-06,7477,0.752,0.752,943,2.0,0.871,24,False,False,False,False,GOOD
NLLB,49.000_-123.600__c191,5143,2005-09-18,2026-03-07,7476,0.893,0.893,943,1.0,0.959,27,False,False,False,False,GOOD
NLLB,49.000_-123.600__c266,5389,2005-09-16,2026-03-07,7478,0.936,0.936,943,1.0,0.982,28,False,False,False,False,GOOD
NLLB,49.000_-123.900__c303,1319,2010-04-08,2026-03-02,5808,0.229,0.233,239,7.0,0.925,15,True,True,False,False,BAD
NLLB,49.000_-124.400__c918,187,2010-12-01,2021-02-08,3723,0.032,0.052,1064,8.0,0.723,16,True,True,True,False,BAD
NLLB,49.000_-124.750__c1371,4961,2005-09-16,2026-03-07,7478,0.862,0.862,1549,2.0,0.943,26,False,False,False,False,GOOD
NLLB,49.050_-124.450__c1402,4483,2008-05-24,2026-03-07,6497,0.779,0.779,589,2.0,0.974,24,False,False,False,False,GOOD
NLLB,49.100_-124.100__c1393,239,2010-12-01,2025-10-18,5436,0.042,0.045,1306,25.500000000000057,0.687,9,True,True,False,False,BAD
NLLB,49.100_-124.350__c57,4180,2005-09-16,2026-03-04,7475,0.726,0.726,1549,3.0,0.971,23,False,False,False,False,GOOD
NLLB,49.100_-124.400__c1151,3894,2005-10-08,2026-03-07,7456,0.676,0.677,961,3.0,0.937,21,False,False,False,False,GOOD
NLLB,49.100_-124.550__c80,2621,2010-01-09,2026-03-06,5901,0.455,0.456,62,5.0,0.816,15,True,False,False,False,BAD
NLLB,49.100_-125.300__c287,5679,2005-09-16,2026-03-07,7478,0.986,0.986,943,1.0,0.972,30,False,False,False,False,GOOD
NLLB,49.150_-124.600__c1156,897,2010-01-12,2026-03-06,5898,0.156,0.156,325,8.0,0.676,14,True,True,False,False,BAD
NLLB,49.150_-124.700__c761,4372,2010-01-08,2026-03-07,5903,0.759,0.761,61,2.0,0.827,24,False,False,False,False,GOOD
NLLB,49.150_-124.950__c511,5193,2005-09-18,2026-03-07,7476,0.902,0.902,943,1.0,0.911,28,False,False,False,False,GOOD
NLLB,49.150_-125.200__c998,5290,2005-09-16,2026-03-07,7478,0.919,0.919,943,1.0,0.977,28,False,False,False,False,GOOD
NLLB,49.200_-124.100__c1070,5273,2005-09-16,2026-03-07,7478,0.916,0.916,943,1.0,0.945,28,False,False,False,False,GOOD
NLLB,49.200_-125.450__c30,5462,2005-09-16,2026-03-07,7478,0.949,0.949,943,1.0,0.982,29,False,False,False,False,GOOD
NLLB,49.250_-124.950__c590,5146,2005-09-16,2026-03-06,7477,0.894,0.894,943,1.0,0.759,28,False,False,False,False,GOOD
NLLB,49.250_-125.200__c1022,4237,2005-09-18,2026-03-07,7476,0.736,0.736,959,2.0,0.893,23,False,False,False,False,GOOD
NLLB,49.300_-124.800__c458,5184,2005-09-16,2026-03-05,7476,0.9,0.901,943,1.0,0.956,28,False,False,False,False,GOOD
NLLB,49.300_-124.850__c257,5481,2005-09-16,2026-03-07,7478,0.952,0.952,943,1.0,0.942,29,False,False,False,False,GOOD
NLLB,49.300_-124.950__c187,5542,2005-09-16,2026-03-07,7478,0.962,0.962,943,1.0,0.989,29,False,False,False,False,GOOD
NLLB,49.400_-125.150__c1152,5221,2005-09-16,2026-03-07,7478,0.907,0.907,943,1.0,0.97,28,False,False,False,False,GOOD
NLLB,49.400_-125.350__c471,5488,2005-09-16,2026-03-07,7478,0.953,0.953,943,1.0,0.959,29,False,False,False,False,GOOD
NLLB,49.500_-124.700__c527,1047,2010-02-02,2026-02-24,5867,0.182,0.183,279,7.0,0.755,15,True,True,False,False,BAD
NLLB,49.550_-125.350__c97,5648,2005-09-16,2026-03-07,7478,0.981,0.981,943,1.0,0.981,30,False,False,False,False,GOOD
PGC,47.900_-122.800__c760,1245,2010-01-06,2026-01-30,5869,0.233,0.246,364,7.0,0.642,13,True,True,False,False,BAD
PGC,47.950_-122.800__c706,2175,2005-01-17,2026-04-27,7771,0.408,0.41,410,5.0,0.628,16,True,True,False,False,BAD
PGC,47.950_-123.250__c889,2134,2005-01-05,2026-05-17,7803,0.4,0.401,321,5.0,0.608,17,True,True,False,False,BAD
PGC,47.950_-123.550__c599,2323,2005-01-12,2026-04-28,7777,0.436,0.437,614,5.0,0.599,17,True,True,False,True,BAD
PGC,48.050_-123.650__c1151,1849,2005-01-12,2026-04-02,7751,0.347,0.35,651,6.0,0.656,17,True,True,False,False,BAD
PGC,48.150_-122.850__c174,2824,2005-01-16,2026-05-24,7799,0.53,0.53,664,4.0,0.671,18,False,False,False,False,GOOD
PGC,48.150_-123.600__c351,2559,2005-01-16,2026-05-24,7799,0.48,0.48,351,5.0,0.645,17,True,True,False,False,BAD
PGC,48.200_-123.150__c1230,1609,2006-03-11,2026-03-22,7317,0.302,0.308,1036,6.0,0.682,14,True,True,False,False,BAD
PGC,48.200_-123.600__c1290,3289,2005-01-05,2026-05-23,7809,0.617,0.617,223,4.0,0.558,21,False,False,False,True,MARGINAL
PGC,48.250_-123.400__c282,1176,2006-12-30,2026-03-23,7024,0.221,0.226,1057,7.0,0.693,21,True,True,False,False,BAD
PGC,48.300_-123.350__c1680,1278,2010-01-03,2025-10-27,5777,0.24,0.256,343,6.0,0.768,21,True,True,False,False,BAD
PGC,48.300_-123.500__c274,3598,2005-01-05,2026-05-24,7810,0.675,0.675,211,3.0,0.617,21,False,False,False,False,GOOD
PGC,48.300_-123.550__c4,290,2011-10-12,2020-01-22,3025,0.054,0.11,1790,5.0,0.901,15,True,True,True,False,BAD
PGC,48.350_-122.800__c1562,2113,2005-01-16,2026-04-03,7748,0.396,0.399,658,5.0,0.72,15,True,True,False,False,BAD
PGC,48.350_-123.150__c1372,3101,2005-01-12,2026-05-23,7802,0.581,0.582,350,4.0,0.731,19,False,False,False,False,GOOD
PGC,48.350_-123.800__c1009,3163,2005-01-17,2026-05-24,7798,0.593,0.593,359,4.0,0.602,20,False,False,False,False,GOOD
PGC,48.400_-122.750__c1121,3533,2005-01-16,2026-05-24,7799,0.662,0.663,197,4.0,0.694,21,False,False,False,False,GOOD
PGC,48.400_-123.000__c675,1401,2010-01-02,2026-04-03,5936,0.263,0.273,494,6.0,0.76,17,True,True,False,False,BAD
PGC,48.400_-123.350__c195,467,2010-01-30,2020-01-22,3645,0.088,0.144,1044,5.0,0.819,20,True,True,True,False,BAD
PGC,48.400_-123.700__c1707,3504,2005-01-05,2026-05-24,7810,0.657,0.657,264,3.0,0.681,21,False,False,False,False,GOOD
PGC,48.400_-123.750__c1668,1415,2005-03-03,2026-02-04,7644,0.265,0.271,1766,6.0,0.743,15,True,True,False,False,BAD
PGC,48.400_-123.900__c998,2927,2005-01-16,2026-05-24,7799,0.549,0.549,351,4.0,0.669,19,False,False,False,False,GOOD
PGC,48.450_-123.100__c1068,2310,2005-01-12,2026-05-19,7798,0.433,0.434,372,5.0,0.536,17,True,True,False,True,BAD
PGC,48.500_-122.750__c142,3320,2005-01-05,2026-05-23,7809,0.623,0.623,290,4.0,0.639,21,False,False,False,False,GOOD
PGC,48.500_-123.350__c724,2721,2005-01-16,2026-05-23,7798,0.51,0.511,282,4.0,0.735,18,False,False,False,False,GOOD
PGC,48.500_-124.200__c430,2795,2005-01-12,2026-05-23,7802,0.524,0.524,367,4.0,0.646,19,False,False,False,False,GOOD
PGC,48.550_-123.250__c1672,1890,2005-03-19,2026-03-28,7680,0.354,0.358,426,5.0,0.679,15,True,True,False,False,BAD
PGC,48.550_-124.150__c3,1413,2008-01-04,2026-03-28,6659,0.265,0.272,366,7.0,0.835,17,True,True,False,False,BAD
PGC,48.600_-123.250__c739,748,2007-01-06,2020-01-22,4765,0.14,0.223,1099,4.0,0.907,25,True,True,False,False,BAD
PGC,48.600_-123.300__c71,1792,2005-03-16,2026-04-28,7714,0.336,0.338,1428,5.0,0.676,15,True,True,False,False,BAD
PGC,48.600_-123.350__c266,2285,2005-01-12,2026-04-25,7774,0.428,0.43,735,5.0,0.686,16,True,True,False,False,BAD
PGC,48.600_-123.450__c1311,1773,2005-01-12,2026-04-12,7761,0.332,0.335,791,5.0,0.709,17,True,True,False,False,BAD
PGC,48.600_-123.800__c1477,2200,2006-01-16,2026-05-24,7434,0.413,0.416,599,5.0,0.654,16,True,True,False,False,BAD
PGC,48.600_-123.900__c1296,2616,2005-03-07,2026-05-20,7745,0.491,0.492,788,4.0,0.548,18,True,True,False,True,BAD
PGC,48.650_-123.250__c1269,2046,2005-01-16,2026-04-25,7770,0.384,0.386,667,5.0,0.802,16,True,True,False,False,BAD
PGC,48.650_-123.400__c1105,951,2007-01-06,2026-02-17,6983,0.178,0.184,1093,8.0,0.748,15,True,True,False,False,BAD
PGC,48.650_-123.950__c80,2245,2005-01-05,2026-04-25,7781,0.421,0.423,734,5.0,0.694,16,True,True,False,False,BAD
PGC,48.700_-123.400__c33,1890,2005-01-05,2026-03-20,7745,0.354,0.358,811,6.0,0.679,16,True,True,False,False,BAD
PGC,48.700_-123.400__c846,1117,2009-01-10,2026-02-04,6235,0.209,0.219,494,7.0,0.757,19,True,True,False,False,BAD
PGC,48.700_-124.400__c263,1919,2005-03-19,2026-04-28,7711,0.36,0.362,1117,5.2999999999999545,0.654,15,True,True,False,False,BAD
PGC,48.750_-123.500__c1103,2415,2005-01-05,2026-05-23,7809,0.453,0.453,667,5.0,0.701,17,True,True,False,False,BAD
PGC,48.750_-123.650__c966,2690,2005-01-16,2026-05-12,7787,0.504,0.506,377,4.0,0.646,19,False,False,False,False,GOOD
PGC,48.750_-124.300__c530,1802,2005-04-05,2026-04-29,7695,0.338,0.34,707,5.0,0.618,16,True,True,False,False,BAD
PGC,48.800_-123.500__c1056,2229,2005-01-16,2026-04-26,7771,0.418,0.42,401,5.0,0.666,17,True,True,False,False,BAD
PGC,48.800_-123.600__c30,3548,2005-01-05,2026-05-24,7810,0.665,0.665,264,3.0,0.775,21,False,False,False,False,GOOD
PGC,48.800_-123.700__c1310,2352,2005-03-16,2026-05-24,7740,0.441,0.442,351,5.0,0.638,17,True,True,False,False,BAD
PGC,48.800_-123.850__c1048,2125,2005-03-19,2026-04-01,7684,0.398,0.403,747,5.0,0.526,16,True,True,False,True,BAD
PGC,48.850_-123.750__c966,1117,2007-01-05,2025-10-19,6863,0.209,0.22,780,6.0,0.906,23,True,True,False,False,BAD
PGC,48.850_-123.950__c356,3231,2005-01-05,2026-05-23,7809,0.606,0.606,276,4.0,0.577,20,False,False,False,True,MARGINAL
PGC,48.850_-124.300__c874,2015,2005-03-19,2026-05-20,7733,0.378,0.379,1021,5.0,0.486,16,True,True,False,True,BAD
PGC,48.900_-123.550__c811,1453,2007-01-05,2026-04-02,7028,0.272,0.278,396,6.0,0.672,18,True,True,False,False,BAD
PGC,48.900_-124.150__c947,2169,2007-01-10,2026-05-08,7059,0.407,0.414,351,5.0,0.698,16,True,True,False,False,BAD
PGC,48.950_-123.700__c1226,2398,2005-01-12,2026-04-25,7774,0.45,0.452,378,5.0,0.624,17,True,True,False,False,BAD
PGC,48.950_-124.150__c522,2210,2005-01-17,2026-04-27,7771,0.414,0.416,350,5.0,0.642,16,True,True,False,False,BAD
PGC,49.050_-124.200__c353,944,2010-01-10,2026-02-04,5870,0.177,0.186,496,6.0,0.807,21,True,True,False,False,BAD
PGC,49.150_-124.500__c708,2159,2005-01-16,2026-04-26,7771,0.405,0.407,364,5.0,0.652,16,True,True,False,False,BAD
