kind,fam,nwin,coda,coda_sigma,s_amp,daynight_cc,verdict,station
F,46.300_-122.950__c58,245,0.918936252593994,21.652687557467104,2.3412225246429443,0.8546280977401794,TRUSTED,B018
F,46.550_-122.800__c625,242,1.572938084602356,40.75012464428857,1.644058346748352,0.627438052435319,TRUSTED,B018
F,46.750_-122.800__c340,243,0.9556187987327576,22.723850638032456,1.6544761657714844,0.7312147701381618,TRUSTED,B018
F,47.250_-122.950__c774,247,0.4910070896148681,9.156774140047906,2.095721244812012,0.3419031935254549,TRUSTED,B018
F,47.600_-122.700__c724,247,1.0740251541137695,26.18142187391821,2.493580818176269,0.7777354517442541,TRUSTED,B018
F,47.150_-123.050__c811,245,0.9852553009986876,23.58926295004232,1.9536582231521609,0.8439036551461512,TRUSTED,B018
F,46.350_-123.050__c285,242,0.7393839955329895,16.409601429574593,1.736339092254639,0.6379978911276204,TRUSTED,B018
F,46.600_-122.700__c414,244,1.1826494932174685,29.353349505619285,2.4307963848114014,0.8329642705166477,TRUSTED,B018
F,47.100_-122.750__c488,247,0.7426261305809021,16.504274666061335,2.0449798107147217,0.8134712331941514,TRUSTED,B018
F,47.400_-123.400__c59,248,0.6760590672492981,14.560457016306628,2.3025946617126465,0.8880170773529245,TRUSTED,B018
F,46.800_-123.050__c44,243,0.2351319193840026,1.6849908415858192,2.2210755348205566,0.0811229062554026,FAIL,B018
F,46.900_-122.950__c1017,243,0.894595205783844,20.94190727011421,1.8024300336837769,0.540066118153531,TRUSTED,B018
F,47.250_-123.300__c72,248,1.34758198261261,34.169525371861035,2.036668300628662,0.8247452038376986,TRUSTED,B018
F,46.350_-123.200__c18,240,0.9367942214012146,22.17415618202281,2.2862398624420166,0.8403806559052519,TRUSTED,B018
F,47.050_-122.850__c190,244,0.3800133764743805,5.915658672184706,2.524996757507324,0.1867322197079654,UNDETERMINED,B018
F,47.100_-122.550__c41,242,0.5623363852500916,11.239653222600005,1.987040519714356,0.6949100762454276,TRUSTED,B018
F,46.800_-123.200__c107,244,0.4298168122768402,7.369963439228332,1.8222049474716189,0.2714252727178907,UNDETERMINED,B018
F,47.150_-122.500__c153,246,1.2799172401428225,32.19365451176806,2.100849151611328,0.8981098829200888,TRUSTED,B018
F,47.250_-123.050__c1196,217,0.7732369303703308,15.52010491138226,2.2396717071533203,0.7008061489329794,TRUSTED,B018
F,47.550_-122.850__c43,245,0.4579308032989502,8.190917064320539,2.466200351715088,0.5606288634291936,TRUSTED,B018
F,46.750_-122.950__c479,245,0.5885440111160278,12.004939284005522,1.8134255409240725,0.6579705364174174,TRUSTED,B018
F,47.700_-122.850__c449,239,0.5268562436103821,9.98764950840948,2.3179521560668945,0.6031802228514018,TRUSTED,B018
F,46.850_-123.050__c20,241,0.8956694602966309,20.973276460488165,2.305121660232544,0.7977912600504818,TRUSTED,B018
F,47.100_-122.900__c431,244,0.3133788406848907,3.9698707664513417,2.074024438858032,0.0807577070355274,UNDETERMINED,B018
F,47.100_-123.150__c387,242,0.5877413153648376,11.981499851793018,2.3252720832824707,0.7157165478696058,TRUSTED,B018
F,47.250_-122.850__c716,244,0.595952570438385,12.221275827174244,1.878742933273316,0.7963158913328665,TRUSTED,B018
F,47.500_-123.250__c372,221,1.3747371435165403,33.750869914921054,1.2829872369766235,0.9197266918592852,TRUSTED,B018
F,46.900_-122.850__c891,244,0.9535377621650696,22.663082513263213,2.005251169204712,0.6534795663181686,TRUSTED,B018
F,47.850_-123.150__c149,245,1.0827594995498655,26.43647255466046,2.011724710464477,0.8843244602048138,TRUSTED,B018
F,47.200_-122.650__c74,244,1.0438262224197388,25.299586120729376,2.363250970840454,0.7700037462329556,TRUSTED,B018
F,47.450_-123.250__c409,243,0.79776531457901,18.11438804172092,2.2148988246917725,0.6623505773550165,TRUSTED,B018
F,46.750_-123.100__c492,245,0.5686267018318176,11.42333607988926,1.99334979057312,0.2353097130423765,UNDETERMINED,B018
F,47.100_-123.050__c357,238,1.0745681524276731,25.678499523226776,1.7035084962844849,0.532491806071574,TRUSTED,B018
F,46.900_-123.150__c42,242,0.5121874213218689,9.775258725955434,2.4042298793792725,0.5245113946107401,TRUSTED,B018
F,47.000_-122.950__c1036,244,0.8821215629577637,20.57766576885875,2.042712688446045,0.6008930657322034,TRUSTED,B018
F,46.950_-123.050__c653,235,0.4329043924808502,7.296117005727138,2.1562659740448,0.2877588921051847,UNDETERMINED,B018
F,47.450_-122.600__c306,244,1.26536762714386,31.76879282899264,2.0338680744171143,0.7286712937693834,TRUSTED,B018
F,47.050_-122.700__c1278,247,0.9564441442489624,22.747951463594685,1.6457563638687134,0.8543365723063286,TRUSTED,B018
F,47.100_-123.000__c767,249,1.247942566871643,31.259965519960755,1.824644684791565,0.8640888666807842,TRUSTED,B018
F,46.900_-123.000__c615,244,0.3693207800388336,5.603425314832249,2.518545150756836,0.3600628714638281,UNDETERMINED,B018
F,47.450_-123.000__c1239,245,0.2514401376247406,2.1612053666953828,2.021333932876587,0.5536088096944674,FAIL,B018
F,46.900_-122.650__c276,218,0.1884034425020218,0.0552188864684331,1.8115347623825075,-0.0165912852715007,FAIL,B018
F,46.850_-122.950__c687,246,0.7888008952140808,17.85261899695251,1.9877485036849976,0.6521750880491031,TRUSTED,B018
F,46.500_-123.100__c731,244,0.6570669412612915,14.00586999001783,2.125606775283813,0.5269962897552809,TRUSTED,B018
F,47.350_-122.650__c173,244,1.3229999542236328,33.45170820736883,1.5492826700210571,0.838968144756858,TRUSTED,B018
F,46.450_-123.100__c54,189,0.8867672085762024,18.40544049229713,1.4208872318267822,0.6629068209981838,TRUSTED,B018
F,47.050_-123.100__c699,247,1.0425429344177246,25.26211296594099,1.6622660160064695,0.8231818746844239,TRUSTED,B018
F,46.850_-123.050__c606,244,1.0324501991271973,24.967396089303364,1.882787823677063,0.800922409670145,TRUSTED,B018
F,46.850_-122.650__c758,246,0.3089061081409454,3.839262984968732,1.6088411808013916,-0.0853804958174048,UNDETERMINED,B018
F,47.250_-123.100__c201,241,0.5382022261619568,10.534914241344213,1.986250042915344,0.4947584423024813,TRUSTED,B018
F,46.850_-122.800__c1207,246,1.325241208076477,33.517154819832975,1.520648717880249,0.8109101953426928,TRUSTED,B018
F,47.100_-123.000__c554,247,0.9894814491271972,23.712670246557,2.419918298721313,0.8132991044240441,TRUSTED,B018
F,47.700_-123.250__c642,242,0.2932714819908142,3.3827179499782383,1.7127679586410522,0.1612797778587414,UNDETERMINED,B018
F,46.950_-123.100__c523,245,1.0582034587860107,25.719414252011628,1.8042240142822263,0.8268573756348405,TRUSTED,B018
F,47.000_-122.950__c1157,245,0.2826897203922272,3.0737210687673984,2.6066982746124268,0.6156032162852769,UNDETERMINED,B018
F,46.650_-122.950__c183,247,0.7546842098236084,16.856381339858153,2.647772312164306,0.8418460338508308,TRUSTED,B018
F,47.350_-122.850__c1038,178,0.1419286131858825,-1.5263900582332477,3.224530935287476,0.0746217441384254,FAIL,B003
F,47.400_-123.100__c278,208,0.2799098491668701,2.380847042103002,3.5923683643341064,0.161150228610765,UNDETERMINED,B003
F,47.500_-123.050__c1051,203,0.2342500686645507,1.1168788263049858,3.643698930740357,0.1853285214029217,UNDETERMINED,B003
F,47.600_-123.250__c927,198,0.3252432644367218,3.442047409101204,3.364186286926269,0.3359084903724343,TRUSTED,B003
F,47.700_-123.150__c238,189,0.2030059099197387,0.0489790234993584,3.6959598064422607,0.1374099449725603,FAIL,B003
F,48.100_-123.000__c274,193,0.1763303875923156,-0.5600396783253022,3.36509656906128,0.2083635812400084,FAIL,B003
F,48.200_-122.900__c1221,205,0.2132778614759445,0.5363196775332901,3.404638290405273,0.0261759791392493,UNDETERMINED,B003
F,48.250_-122.900__c248,186,0.2249651551246643,0.6331749277222861,3.111834764480591,0.0944589521026232,UNDETERMINED,B003
F,48.250_-123.050__c804,190,0.2423969805240631,1.2155237523555549,2.7792439460754395,0.2594911853964302,UNDETERMINED,B003
F,48.250_-123.250__c206,169,0.2010504156351089,-0.2968612355818362,4.58696985244751,0.3432758539971126,FAIL,B003
F,48.250_-123.400__c222,173,0.1916614919900894,-0.3628017203071699,3.386843681335449,0.0418981221645662,FAIL,B003
F,48.350_-123.050__c50,185,0.1463988125324249,-1.456975946036639,3.0277678966522217,-0.2271414131657932,FAIL,B003
F,48.350_-123.350__c911,197,0.1471707969903946,-1.343714156285503,3.8968100547790527,0.0067452963126448,FAIL,B003
F,48.400_-122.800__c148,188,0.2359712421894073,0.9259769309214498,3.1639328002929688,0.1938232825417864,UNDETERMINED,B003
F,48.400_-123.250__c630,201,0.1934484392404556,-0.0126045434673619,3.4936234951019287,-0.1506752054671419,FAIL,B003
F,48.400_-123.650__c68,194,0.1953961998224258,-0.0476391220110981,3.323516130447388,0.2680558186728061,FAIL,B003
F,48.500_-123.600__c256,180,0.2223948538303375,0.5647955515300757,3.5221059322357178,0.3595882598496359,UNDETERMINED,B003
F,48.550_-123.400__c589,182,0.1421194970607757,-1.5708213240578517,3.9087653160095215,-0.1432651187134742,FAIL,B003
F,48.600_-123.500__c110,192,0.2203314155340194,0.6225037624476684,3.135895013809204,0.1496640845468754,UNDETERMINED,B003
F,48.650_-123.250__c752,194,0.1474922150373459,-1.335075930749684,4.295162677764893,0.0785099229523493,FAIL,B003
F,48.650_-123.650__c132,189,0.1670623123645782,-0.9072515881999936,3.3218324184417725,-0.1100905315005431,FAIL,B003
F,48.700_-123.850__c21,189,0.196319043636322,-0.1289159750947747,3.2783994674682617,0.3986970807138262,FAIL,B003
F,48.750_-123.350__c306,187,0.2843082845211029,2.2119183141021828,3.338486909866333,0.4864799037610888,UNDETERMINED,B003
F,48.850_-123.400__c198,181,0.3258298635482788,3.3165435495407807,3.6928551197052,0.449586944537792,UNDETERMINED,B003
F,47.350_-123.150__c600,181,0.1415446698665619,-1.586113821106902,3.012737512588501,-0.0050414578199062,FAIL,B003
F,47.500_-123.300__c187,214,0.1905928254127502,0.0963802019493013,3.5043210983276367,0.2193584543800948,FAIL,B003
F,47.700_-122.850__c1248,197,0.2112568765878677,0.3786222667010698,3.037968873977661,0.2840421452397644,FAIL,B003
F,47.800_-123.150__c538,203,0.1905899792909622,-0.0917333190011765,3.344388484954834,0.2244815145908383,FAIL,B003
F,47.950_-122.900__c360,183,0.1349180042743683,-1.7624072620465827,4.308114051818848,-0.1116288828820754,FAIL,B003
F,48.100_-123.150__c1096,197,0.1695265918970108,-0.7428941330553569,3.1721127033233643,-0.1122145259443372,FAIL,B003
F,48.350_-123.200__c442,188,0.1328306347131729,-1.817938895163755,3.463948965072632,0.1061292477845444,FAIL,B003
F,48.400_-122.800__c790,212,0.2407224923372268,1.4569714708437649,2.885601758956909,0.4127111138004102,UNDETERMINED,B003
F,48.500_-123.250__c382,173,0.1791821122169494,-0.6547788010175656,3.420114755630493,-0.0163577136193368,FAIL,B003
F,48.600_-123.550__c224,191,0.1290366798639297,-1.831075071819592,3.302762985229492,-0.0707952800343724,FAIL,B003
F,48.650_-123.300__c210,195,0.2120341360569,0.3995113942937381,2.7321550846099854,-0.1994270269794643,FAIL,B003
F,48.700_-123.600__c1187,206,0.2770703732967376,2.302243789746357,3.5997774600982666,0.5181898727943602,UNDETERMINED,B003
F,47.500_-123.300__c811,176,0.1818228960037231,-0.592993010788704,4.388084411621094,-0.040488134268859,FAIL,B003
F,47.650_-123.200__c1042,191,0.1534928381443023,-1.1738070280076054,4.3427815437316895,0.331522069926222,FAIL,B003
F,48.250_-123.200__c617,189,0.1550696492195129,-1.2263001085244043,3.020469903945923,-0.1860708404176312,FAIL,B003
F,48.700_-123.200__c49,178,0.2641405165195465,1.332972779672118,3.131942749023437,0.0586498662460243,UNDETERMINED,B003
F,48.700_-123.450__c651,228,0.1895807087421417,0.2429832357761905,2.901278018951416,-0.1188441596319967,FAIL,B003
F,47.750_-122.900__c512,217,0.2614394426345825,2.0192593020230247,2.781413555145264,0.3690484817447081,UNDETERMINED,B003
F,48.250_-123.550__c744,213,0.1711273491382599,-0.4319408240779511,3.972723245620728,-0.0114875398583612,FAIL,B003
F,48.500_-123.250__c546,206,0.1920312643051147,-0.0518352198917809,3.37995982170105,0.3103041269593011,FAIL,B003
F,48.500_-123.250__c547,199,0.2021665871143341,0.1343174698700318,3.1656394004821777,0.070890672587131,FAIL,B003
F,48.650_-123.050__c8,184,0.4858394563198089,7.573381517384013,3.118492126464844,0.7343885459760495,TRUSTED,B003
F,48.650_-123.600__c676,207,0.156149759888649,-1.045118162089129,3.262136459350586,0.0268072854808876,FAIL,B003
F,47.550_-122.950__c1148,176,0.2499774098396301,1.001601940947222,3.07417631149292,0.1972853561719898,UNDETERMINED,B003
F,48.650_-123.250__c751,200,0.1579093188047409,-0.996409506040044,2.8849246501922607,0.2037923207137338,FAIL,B003
F,48.950_-123.600__c198,177,0.245015949010849,0.8855198218691196,3.4323537349700928,0.3638574108974139,UNDETERMINED,B003
F,47.450_-123.200__c716,199,0.1720459759235382,-0.6751847818259861,4.041313648223877,0.4382265587416094,FAIL,B003
F,48.600_-123.650__c1016,206,0.19106225669384,-0.0786595893487341,2.8119871616363525,0.2978137949924627,FAIL,B003
F,48.650_-123.600__c282,200,0.232779324054718,1.0761652175242682,3.3717830181121826,0.2665278240441066,UNDETERMINED,B003
F,47.750_-122.950__c529,183,0.3632245361804962,4.311378043515033,3.343380689620972,0.3378842799280457,TRUSTED,B003
F,47.950_-122.900__c1052,172,0.3082469403743744,2.3649202892291363,2.860267877578736,0.2021121582426889,UNDETERMINED,B003
F,48.300_-122.950__c1235,203,0.2253055274486541,0.8692732601500113,2.977770566940308,0.096378131480357,UNDETERMINED,B003
F,48.600_-123.400__c494,194,0.1729872822761535,-0.6498868352753284,3.335763454437256,0.0541843614745819,FAIL,B003
F,48.950_-123.750__c382,192,0.1645369976758957,-0.8769912711066712,4.439428329467773,0.2613899669194196,FAIL,B003
F,47.600_-123.250__c928,191,0.1590273529291153,-1.0250649539516845,3.1608681678771973,-0.1186958675082242,FAIL,B003
F,48.350_-123.000__c538,218,0.2648683488368988,2.1123247486328784,2.9494402408599854,0.1269985047170121,UNDETERMINED,B003
F,47.950_-123.000__c915,211,0.1856695860624313,-0.0372435958072901,3.584019899368286,0.2212780325246261,FAIL,B003
F,48.550_-123.550__c971,178,0.2133420705795288,0.1444536208822796,3.132248640060425,0.2508148600331381,FAIL,B003
F,48.600_-124.200__c79,238,0.3068999052047729,3.347114769380935,3.012389659881592,0.4338379467245148,UNDETERMINED,B003
F,47.700_-122.900__c1088,219,0.168926864862442,-0.4916651325902724,3.17307996749878,0.0405402575591728,FAIL,B003
F,48.600_-123.900__c699,242,0.4462721049785614,7.013912221216972,2.765244483947754,0.5346420095567459,TRUSTED,B003
F,47.950_-123.500__c488,245,0.7138636708259583,14.087987690552843,1.9741153717041016,0.8116214018214831,TRUSTED,B003
F,48.600_-124.050__c753,245,1.423090577125549,32.83717600730305,1.9666706323623653,0.8792543917864282,TRUSTED,B003
F,48.850_-124.950__c166,246,0.6263363361358643,11.774106947463018,2.39892053604126,0.666842563049603,TRUSTED,B003
F,48.750_-124.700__c80,233,0.2656753063201904,2.256879661754524,3.0256669521331787,0.0510039961871245,UNDETERMINED,B003
F,48.600_-124.150__c532,245,0.4819746017456054,7.957746739222005,2.297184467315674,0.6228298963696653,TRUSTED,B003
F,48.100_-123.650__c752,245,1.0848044157028198,23.894211648325275,2.2919394969940186,0.8815481167501046,TRUSTED,B003
F,48.400_-124.050__c240,242,0.7984075546264648,16.322997649037916,2.036991596221924,0.7774482284889154,TRUSTED,B003
F,48.900_-124.350__c394,241,1.034475326538086,22.56370717623253,2.274831533432007,0.867705809504415,TRUSTED,B003
F,48.200_-123.800__c165,242,0.6395078897476196,12.122311361166767,2.0559985637664795,0.6470690029622979,TRUSTED,B003
F,48.950_-124.750__c422,246,0.9523563981056212,20.392803562911872,2.3086283206939697,0.9067257279085608,TRUSTED,B003
F,47.800_-123.400__c198,236,0.5681086182594299,10.255099736982498,2.1347217559814453,0.0686541738432708,UNDETERMINED,B003
F,48.050_-123.650__c560,244,0.5941668152809143,10.923670508557954,1.7055984735488892,0.5596821196442546,TRUSTED,B003
F,48.950_-124.900__c260,245,0.2015963047742843,0.54564005918523,2.2711429595947266,0.4981283971424952,UNDETERMINED,B003
F,48.250_-123.700__c745,247,1.052198052406311,23.03222680209276,2.2069170475006104,0.9132231627496424,TRUSTED,B003
F,48.050_-123.850__c46,246,1.1696789264678955,26.13796209193047,1.4001601934432983,0.9008706938645484,TRUSTED,B003
F,48.200_-123.700__c587,245,1.5010478496551514,34.898061698941355,2.1765224933624268,0.867671306859158,TRUSTED,B003
F,40.000_-122.550__c467,245,0.2263039201498031,1.375406834946958,2.9129862785339355,0.5262214056918155,UNDETERMINED,B935
F,40.300_-122.600__c1291,245,0.13394695520401,-1.2448227634830262,3.1315057277679443,-0.1558125454314457,FAIL,B935
F,40.450_-122.600__c684,248,0.3292539417743683,4.296168620244015,2.7605767250061035,0.4236585653300043,TRUSTED,B935
F,40.700_-122.900__c302,244,0.1895137429237365,0.3316446091548539,3.021960735321045,-0.0133115413241231,FAIL,B935
F,40.950_-122.700__c254,243,0.2001884579658508,0.6344934990525464,3.108476161956787,0.1881670820858569,FAIL,B935
F,40.950_-122.800__c769,243,0.171391025185585,-0.1825091576928056,2.9896764755249023,0.1864220624958742,FAIL,B935
F,41.150_-123.250__c1151,246,0.2165508866310119,1.098706673617323,2.8773813247680664,0.1753194801642342,UNDETERMINED,B935
F,41.250_-122.900__c632,245,0.3815111517906189,5.778741033665323,2.781888961791992,0.5301633479928265,TRUSTED,B935
F,40.900_-123.000__c277,248,0.2836134135723114,3.0013159477552884,3.5701515674591064,0.1400173421967031,UNDETERMINED,B935
F,40.050_-122.600__c193,248,0.1240081638097763,-1.5267930014512952,2.9207136631011963,-0.2680071115218188,FAIL,B935
F,40.400_-122.600__c134,246,0.2379213869571685,1.7050022304355723,3.059569835662842,0.1868005247510583,UNDETERMINED,B935
F,40.400_-122.800__c1054,244,0.231344074010849,1.518399410927607,2.9035441875457764,0.432134476700566,UNDETERMINED,B935
F,40.550_-122.650__c1024,240,0.23774354159832,1.6999566372475337,2.7658708095550537,0.1731323861853281,UNDETERMINED,B935
F,40.550_-122.800__c406,241,0.116665318608284,-1.7351144891152972,3.301896810531616,0.1895794704448454,FAIL,B935
F,40.850_-122.650__c1149,246,0.1765487641096115,-0.0361806138992688,2.836042881011963,0.1315389096045758,FAIL,B935
F,40.900_-122.500__c294,240,0.2100911438465118,0.915439399166218,2.9701974391937256,-0.0309005896085236,UNDETERMINED,B935
F,41.000_-123.300__c378,244,0.1541204750537872,-0.6724863528406275,3.0576345920562744,-0.2452072997660155,FAIL,B935
F,41.050_-123.200__c264,245,0.1621786803007125,-0.4438696165651316,2.9932126998901367,-0.0765103184534664,FAIL,B935
F,41.100_-122.850__c708,244,0.1501993834972381,-0.7837303739131473,3.002500534057617,0.1031928019816048,FAIL,B935
F,41.200_-123.250__c643,247,0.4527086019515991,7.798660877870224,2.96588134765625,0.4701625142635555,TRUSTED,B935
F,41.250_-123.300__c757,245,0.1922766715288162,0.4100307635031224,2.899127960205078,0.4427459081533399,FAIL,B935
F,40.650_-122.950__c404,239,0.4032953977584839,6.771660375950619,2.627593278884888,0.5216834884428022,TRUSTED,B935
F,40.850_-123.050__c674,246,0.201604962348938,0.6746806870253127,3.068329334259033,0.1557859933615663,UNDETERMINED,B935
F,40.900_-123.150__c938,243,0.3540220856666565,4.998857624401276,2.900416851043701,0.2782371273301785,UNDETERMINED,B935
F,41.100_-122.750__c1232,241,0.2908050715923309,3.205348152764423,3.745534420013428,0.4868942460212341,UNDETERMINED,B935
F,40.950_-123.250__c631,240,0.3255600333213806,4.191369937566538,2.9138827323913574,0.6343469043616388,TRUSTED,B935
F,41.150_-122.900__c1264,240,0.4504553079605102,7.7347334024179855,2.7444233894348145,0.377702412887373,TRUSTED,B935
F,41.400_-123.300__c579,245,0.1624872237443924,-0.435116030260018,2.8516695499420166,0.1478870219391742,FAIL,B935
F,40.600_-122.600__c117,245,0.214313268661499,1.0352239375059986,2.881600856781006,-0.1358250983711303,UNDETERMINED,B935
F,41.350_-123.400__c249,246,0.2106677740812301,0.9317987891618222,2.896188974380493,0.540159233325176,UNDETERMINED,B935
F,40.400_-122.850__c537,244,0.4749334156513214,8.42919388325627,2.71370792388916,0.5454269719209914,TRUSTED,B935
F,40.850_-122.950__c570,242,0.1580191999673843,-0.5618768885653634,3.1065056324005127,-0.3299955508017519,FAIL,B935
F,40.850_-123.150__c170,241,0.2588459849357605,2.298647235887348,3.3018288612365723,0.3774527614602275,UNDETERMINED,B935
F,41.150_-122.750__c422,242,0.2849651873111725,3.039666683544658,2.808145999908448,0.3026454031107311,UNDETERMINED,B935
F,40.700_-122.650__c463,245,0.2490649223327636,2.021151870470012,2.8543035984039307,0.3845902177517039,UNDETERMINED,B935
F,40.900_-123.000__c275,246,0.2651819288730621,2.478402253262104,2.9252572059631348,0.4988604156540722,UNDETERMINED,B935
F,41.000_-123.150__c765,241,0.2872565686702728,3.104674723403149,2.739298343658448,0.4575646263022186,UNDETERMINED,B935
F,41.050_-122.800__c497,244,0.1998524069786071,0.6249595051206946,2.831470251083374,0.2771558863025252,FAIL,B935
F,41.200_-122.700__c511,245,0.1858427375555038,0.2274957024916223,2.840806007385254,0.2468062030821713,FAIL,B935
F,41.200_-122.950__c1264,238,0.186671495437622,0.1155946648039323,3.081061840057373,-0.1535285447582489,FAIL,B935
F,40.350_-122.650__c277,245,0.1823119223117828,0.1273240845349739,3.16768479347229,0.4936102976513215,FAIL,B935
F,41.050_-122.750__c998,246,0.15667824447155,-0.5999207034787786,2.870652675628662,0.1176982993327203,FAIL,B935
F,41.100_-122.950__c301,236,0.1523772180080413,-0.938143919175038,3.0643832683563232,0.1666054397526466,FAIL,B935
F,40.550_-122.400__c89,244,0.1828900426626205,0.1437257501333267,2.991597414016724,0.0212672072576168,FAIL,B935
F,41.000_-122.450__c282,241,0.3725494146347046,5.524490485663248,2.7220678329467773,0.4305380443620399,TRUSTED,B935
F,40.450_-122.550__c620,242,0.1632311940193176,-0.4140090900757522,3.230787515640259,0.3407837282800302,FAIL,B935
F,41.050_-123.250__c790,240,0.1811491250991821,0.0943347406861748,4.184588432312012,0.1752740319029612,FAIL,B935
F,41.250_-122.750__c675,245,0.2421217858791351,1.8241703904872792,2.894162654876709,0.3188199227868137,UNDETERMINED,B935
F,40.000_-123.600__c31,245,0.3982452154159546,6.253497743555586,2.664906740188598,0.5253755627690302,TRUSTED,B935
F,40.550_-122.950__c451,247,0.2230630367994308,1.2834607810170942,3.1084747314453125,0.2526350210483568,UNDETERMINED,B935
F,40.800_-122.750__c1156,245,0.1665361225605011,-0.3202460307397556,3.0306050777435303,0.0773433297171629,FAIL,B935
F,41.200_-122.800__c898,247,0.1886558383703231,0.3073052763844344,3.4250247478485107,0.22637479972336,FAIL,B935
F,40.300_-122.600__c733,245,0.3610590696334839,5.198501621845112,2.703080654144287,0.5042025661197631,TRUSTED,B935
F,40.750_-122.850__c490,242,0.1689929515123367,-0.250544130708093,2.7888712882995605,0.243513303193468,FAIL,B935
F,41.100_-122.750__c1231,243,0.2661660611629486,2.506322752341352,2.875382423400879,0.1439083849323619,UNDETERMINED,B935
F,41.100_-123.250__c614,246,0.3265892565250397,4.220569696384958,2.8582863807678223,0.4304552962577441,TRUSTED,B935
F,40.850_-123.100__c886,239,0.1972144395112991,0.4395410427959466,2.3028788566589355,0.1725944764909288,FAIL,B935
F,41.050_-123.150__c913,238,0.2205113023519516,1.1553690205473233,3.068930625915528,0.4374495999919848,UNDETERMINED,B935
F,41.100_-122.700__c828,237,0.2139177173376083,0.9527721018449024,3.137397050857544,0.262897408188738,UNDETERMINED,B935
F,41.300_-123.400__c126,242,0.1785498112440109,0.0205904475196964,2.933736085891724,0.2087660683014744,FAIL,B935
F,41.400_-123.350__c32,247,0.2785529196262359,2.857746309797122,2.8818135261535645,0.5879968987412992,UNDETERMINED,B935
F,41.000_-122.850__c761,248,0.2371971607208252,1.684455441987725,3.012411832809448,-0.0736713727596329,UNDETERMINED,B935
F,40.000_-123.500__c7,239,0.3358408212661743,4.699026244443958,2.877678632736206,0.5650852866612915,TRUSTED,B935
F,40.250_-122.400__c438,245,0.3465111851692199,4.7857682942592925,2.970097064971924,0.5440084503784627,TRUSTED,B935
F,40.650_-122.450__c166,244,0.2036074846982956,0.731493601290999,2.8558571338653564,0.0703583748344351,UNDETERMINED,B935
F,41.150_-123.100__c1105,244,0.3848414719104767,5.873224469272155,2.817678451538086,0.5814792262090068,TRUSTED,B935
F,41.200_-123.150__c1035,244,0.176037847995758,-0.0506756498136622,2.884295463562012,0.1311559638632313,FAIL,B935
F,41.350_-123.350__c419,240,0.2088784873485565,0.8810355136494527,2.9776554107666016,0.2723342929712055,UNDETERMINED,B935
F,40.500_-122.550__c785,242,0.1924116462469101,0.4138600876000856,3.003185272216797,0.5235264794244423,FAIL,B935
F,41.050_-123.000__c1043,241,0.290474534034729,3.195970578562741,3.046804189682007,0.4947788812507275,UNDETERMINED,B935
F,41.150_-122.850__c721,241,0.2468164414167404,1.9573609452146508,2.9133474826812744,0.3742563032510215,UNDETERMINED,B935
F,41.150_-122.500__c35,245,0.1460663676261901,-0.9009868312085648,3.126882791519165,0.1369807131029881,FAIL,B935
F,40.250_-122.400__c406,244,0.2671261727809906,2.5335617687042937,2.788510322570801,0.3076640264888697,UNDETERMINED,B935
F,40.950_-122.850__c1173,243,0.152907907962799,-0.7068877018212281,3.182340145111084,0.2104472863994881,FAIL,B935
F,41.250_-123.150__c370,243,0.397994726896286,6.246391214733556,2.820976972579956,0.6801886287416126,TRUSTED,B935
F,41.300_-122.700__c234,243,0.2225447297096252,1.268756058113068,2.8690013885498047,0.1741053949471411,UNDETERMINED,B935
F,40.750_-122.450__c215,247,0.1465876847505569,-0.8861967115869867,2.9148542881011963,-0.0350252263376387,FAIL,B935
F,40.850_-123.100__c542,242,0.3995387852191925,6.290197194301598,2.5909106731414795,0.1660208930522951,UNDETERMINED,B935
F,41.200_-122.750__c1029,245,0.2870000302791595,3.0973965556339604,3.0187466144561768,0.154019662786445,UNDETERMINED,B935
F,40.800_-122.450__c135,244,0.2024091035127639,0.6974947160485647,2.8950793743133545,0.2338339515222659,UNDETERMINED,B935
F,40.900_-122.800__c655,240,0.3114436864852905,3.790879624536698,3.8882040977478014,0.2073933839660168,UNDETERMINED,B935
F,40.950_-122.600__c732,245,0.1947661489248275,0.4806589219910056,3.083677053451538,-0.105907945353217,FAIL,B935
F,40.500_-122.800__c592,246,0.1671911925077438,-0.301661253015468,3.0524470806121826,0.0127608316774869,FAIL,B935
F,41.250_-123.000__c1124,243,0.2691494226455688,2.5909627366042125,3.084137439727783,0.6083133965260037,UNDETERMINED,B935
F,41.300_-123.050__c462,240,0.1631791740655899,-0.4154849313677039,2.526494026184082,-0.3901333742919319,FAIL,B935
F,40.650_-122.750__c1030,244,0.4223890006542206,6.938473270161206,2.956348657608032,0.5128668895453483,TRUSTED,B935
F,41.200_-123.050__c1233,231,0.3249069452285766,4.363067947118181,2.785057783126831,0.6207682764730585,TRUSTED,B935
F,41.250_-123.300__c395,230,0.2859530448913574,3.16615607556512,3.578375101089477,0.3289135163155747,UNDETERMINED,B935
F,40.050_-122.600__c130,243,0.6091512441635132,12.237044510559326,2.5315017700195312,0.7234112915975927,TRUSTED,B935
F,40.150_-123.650__c7,244,0.331369400024414,4.356185602442014,2.554141998291016,0.2268437304753032,UNDETERMINED,B935
F,40.850_-122.600__c13,242,0.2547971904277801,2.1837801956592773,2.8985705375671387,0.4786057210789599,UNDETERMINED,B935
F,41.350_-123.000__c899,245,0.234346404671669,1.603577563613457,3.0538158416748047,0.4015571808699369,UNDETERMINED,B935
F,40.500_-122.450__c77,245,0.1559836119413375,-0.61962789845604,3.1305489540100098,0.1623525761292992,FAIL,B935
F,41.000_-122.650__c1053,244,0.2235098332166671,1.2961366977452176,2.8054568767547607,0.107189758998898,UNDETERMINED,B935
F,41.150_-123.200__c862,247,0.2115720212459564,0.9574528931777214,2.7892754077911377,0.44517975960328,UNDETERMINED,B935
F,40.950_-122.950__c668,244,0.2075001448392868,0.8419310038630765,2.8410866260528564,0.322306727709913,UNDETERMINED,B935
F,41.250_-123.250__c1120,244,0.2231311500072479,1.28539319881873,2.8598897457122803,0.240046139192034,UNDETERMINED,B935
F,40.250_-122.650__c1308,247,0.2476669698953628,1.981491013751465,2.7977631092071533,0.5069302755723719,UNDETERMINED,B935
F,40.000_-123.600__c78,244,0.1786018311977386,0.0220662888116481,2.9594438076019287,-0.2009238137268089,FAIL,B935
F,40.750_-122.550__c327,244,0.1545013636350631,-0.6616802860220721,2.9165518283843994,0.261119056124037,FAIL,B935
F,40.900_-123.200__c608,243,0.2312067449092865,1.5145032913783014,3.163120985031128,0.4155839382095185,UNDETERMINED,B935
F,41.100_-122.650__c194,242,0.3313155770301819,4.354658607670736,3.007290363311768,0.4332333749867211,TRUSTED,B935
F,41.300_-123.100__c1068,244,0.1808922290802002,0.0870464267723257,2.7797951698303223,0.3834855944459353,FAIL,B935
F,40.800_-123.450__c18,244,0.8185537457466125,18.177935194389782,2.2376630306243896,0.8413046135118258,TRUSTED,B935
F,41.100_-123.300__c79,244,0.2033626437187194,0.7245472970033857,3.330859899520874,0.1376715766025955,UNDETERMINED,B935
F,40.750_-123.350__c90,245,0.3108822703361511,3.774951868445156,2.574145793914795,0.1913186636427062,UNDETERMINED,B935
F,41.050_-122.950__c102,245,0.2818657457828522,2.951733429827686,2.9722280502319336,-0.0991794793616272,UNDETERMINED,B935
F,40.700_-122.600__c1024,241,0.2596207559108734,2.3206280127804253,3.151829719543457,0.2982064799665135,UNDETERMINED,B935
F,40.850_-122.750__c643,245,0.2579956948757171,2.2745239314469727,2.958986282348633,0.1734808870057982,UNDETERMINED,B935
F,40.450_-122.850__c287,246,0.1910740286111831,0.3759109700368272,3.2604167461395264,0.0287540797599668,FAIL,B935
F,40.450_-122.650__c103,244,0.1885824054479599,0.3052219346809862,2.99324893951416,-0.2622894453250936,FAIL,B935
F,40.900_-122.900__c729,245,0.2758809328079223,2.781940235484597,2.833390235900879,0.3392153030335142,UNDETERMINED,B935
F,40.700_-122.850__c887,243,0.2362215369939804,1.6567763366001702,3.003746271133423,0.4714560445332328,UNDETERMINED,B935
F,46.100_-123.250__c163,235,0.3127431571483612,3.991997450394364,3.703926086425781,0.43300366397759,TRUSTED,B017
F,47.300_-123.000__c785,231,0.2766084671020508,2.9216122406461387,3.347397804260254,0.3267368088995805,TRUSTED,B017
F,47.850_-123.400__c902,235,0.2441842705011367,1.9611396190432653,3.835484981536865,0.6688344520606672,UNDETERMINED,B017
F,46.300_-123.350__c161,225,0.2655171453952789,2.0073226525090546,3.5067737102508545,0.2864299934982191,UNDETERMINED,B017
F,46.800_-122.650__c402,224,0.3202335238456726,3.42660098361998,2.690406560897827,0.2326706606785761,UNDETERMINED,B017
F,46.850_-123.050__c953,232,0.4182108044624328,7.1161700847034615,2.9620940685272217,0.7374400299892302,TRUSTED,B017
F,46.850_-123.050__c954,237,0.4651797115802765,8.50748749831751,3.341787099838257,0.613678041534297,TRUSTED,B017
F,47.000_-122.900__c828,227,0.2305466681718826,1.1002297132939332,2.774505376815796,-0.3636940138295545,UNDETERMINED,B017
F,47.000_-123.200__c402,236,0.3761719763278961,5.870891937507891,2.442022562026977,0.6509509562536291,TRUSTED,B017
F,47.500_-122.800__c595,235,0.2654702365398407,2.59167452037579,3.366666078567505,0.5625154841682293,UNDETERMINED,B017
F,47.850_-123.200__c357,238,0.3279853165149688,4.443502138264464,2.5483853816986084,0.5265892070105503,TRUSTED,B017
F,47.600_-122.600__c699,240,0.2074470072984695,0.8362778313989492,2.881039619445801,0.2595915096011839,UNDETERMINED,B017
F,47.700_-123.350__c425,236,0.3791124522686004,5.957994994224764,2.505251169204712,0.4054450746771957,TRUSTED,B017
F,46.400_-122.850__c44,238,0.6119285225868225,12.854494671984494,2.352582693099976,0.7091334123540217,TRUSTED,B017
F,46.850_-123.200__c286,232,0.4496810734272003,8.048385371551484,2.992284059524536,0.453775216629542,TRUSTED,B017
F,47.450_-122.700__c785,233,0.3277983665466308,4.437964288602119,3.5969276428222656,0.1966259118464157,UNDETERMINED,B017
F,46.150_-123.050__c55,226,0.3165208697319031,3.3302991141649296,3.473218441009521,0.6959716984040628,TRUSTED,B017
F,46.200_-122.950__c84,238,0.3403334617614746,4.809280065866535,3.335124492645264,0.1668120681631665,UNDETERMINED,B017
F,46.750_-122.850__c147,224,0.2586418092250824,1.8289845401957583,2.607469081878662,0.6584931206851352,UNDETERMINED,B017
F,46.650_-123.200__c294,237,0.210628405213356,0.9671446004527628,2.850627899169922,0.3739827353407547,UNDETERMINED,B017
F,47.050_-122.850__c404,237,0.2814265787601471,3.0643348003562743,2.245736837387085,0.2490876265760342,UNDETERMINED,B017
F,46.800_-123.250__c437,244,0.2670404613018036,2.3894457919330154,2.710425615310669,0.0345774600455632,UNDETERMINED,B017
F,47.200_-122.700__c412,228,0.3070766031742096,3.085325977086383,3.1605381965637207,0.2071835768494004,UNDETERMINED,B017
F,47.200_-123.150__c739,235,0.2141758054494857,1.0722260261117151,3.020324468612671,0.100508969344439,UNDETERMINED,B017
F,47.200_-123.250__c181,238,0.2995412051677704,3.6009279788776545,3.3355770111083984,0.3527702402014184,TRUSTED,B017
F,47.250_-122.850__c578,238,0.2519868314266205,2.192267817516631,2.9102439880371094,-0.0375583574643729,UNDETERMINED,B017
F,47.400_-123.100__c381,229,0.3005305826663971,2.9155299247001865,3.956260919570923,0.1806052169907733,UNDETERMINED,B017
F,47.500_-123.050__c480,230,0.3632602393627167,5.488419242654966,3.335462808609009,0.3954773765202825,TRUSTED,B017
F,47.750_-122.950__c421,230,0.3704988658428192,5.7028425215945,3.708278179168701,0.5013165133196924,TRUSTED,B017
F,46.900_-122.800__c300,230,0.2030951082706451,0.7439925651707394,2.9054579734802246,0.3334374054262571,UNDETERMINED,B017
F,47.150_-123.150__c871,232,0.234352707862854,1.6699081397295077,2.6512205600738525,0.574093526403986,UNDETERMINED,B017
F,47.550_-122.700__c729,227,0.1984961181879043,0.2688762432595746,4.45280122756958,0.4613223986651708,FAIL,B017
F,46.150_-123.300__c216,237,0.2229577749967575,1.332366359509117,3.311595916748047,0.3163920979854743,UNDETERMINED,B017
F,46.500_-123.300__c587,235,0.240960493683815,1.8656445969365856,2.744218349456787,0.4662240340355337,UNDETERMINED,B017
F,46.850_-122.900__c463,238,0.4597199559211731,8.345758099259328,2.6154589653015137,0.7058941271696644,TRUSTED,B017
F,47.850_-122.850__c749,228,0.2351148426532745,1.2187227721876503,2.900822639465332,0.433417157439857,UNDETERMINED,B017
F,46.800_-122.550__c162,237,0.3589568138122558,5.360942763555176,2.580467939376831,0.6436003699808606,TRUSTED,B017
F,47.400_-122.750__c390,233,0.4317837059497833,7.518227857630533,2.671505212783813,0.4721309549559933,TRUSTED,B017
F,47.400_-122.900__c846,234,0.2337257117033004,1.6513352001278416,3.076812267303467,0.1501345064217203,UNDETERMINED,B017
F,47.550_-123.250__c416,233,0.3294914960861206,4.4881183321247,3.781726121902466,0.5992230727684573,TRUSTED,B017
F,47.650_-123.150__c171,239,0.2483955472707748,2.0858864582329693,4.000580787658691,0.1166349349831153,UNDETERMINED,B017
F,46.350_-123.150__c189,243,0.3576117753982544,4.7499812827975765,3.701774835586548,0.3857807670803893,TRUSTED,B017
F,46.900_-123.100__c18,237,0.3837625980377197,6.095742052468779,2.686787366867065,0.6656333787220738,TRUSTED,B017
F,47.200_-123.050__c589,224,0.3382576406002044,3.8941253167648098,3.0329318046569824,0.450703027149447,TRUSTED,B017
F,47.250_-123.150__c590,236,0.2369374334812164,1.746473126715883,3.425199508666992,0.3277644277843986,UNDETERMINED,B017
F,47.350_-122.850__c88,233,0.2335038483142852,1.6447631418126292,2.9365451335906982,0.0154923272041175,UNDETERMINED,B017
F,47.550_-122.700__c728,225,0.2934584319591522,2.732086675395165,3.2138381004333496,0.5555494077720593,UNDETERMINED,B017
F,46.200_-123.000__c558,234,0.3468852043151855,5.003356404105011,2.7379813194274902,0.2844922512090359,UNDETERMINED,B017
F,47.350_-123.300__c381,242,0.3051356077194214,3.3823092172412346,3.345145463943481,0.5922191686299207,TRUSTED,B017
F,46.300_-122.950__c223,237,0.3373825252056122,4.721867143817048,3.225647449493408,0.5746106517403266,TRUSTED,B017
F,46.900_-123.150__c651,244,0.2018570005893707,0.6905870090603579,3.4698848724365234,0.5884998594208501,UNDETERMINED,B017
F,46.450_-123.300__c518,235,0.2127285599708557,1.0293555835199768,2.6329169273376465,0.3242904618768532,UNDETERMINED,B017
F,47.050_-122.850__c407,243,0.327621191740036,3.968344869290561,2.8123841285705566,0.6332270807371897,TRUSTED,B017
F,46.250_-123.000__c353,235,0.2030029445886612,0.7412624838570454,2.7613558769226074,0.3635456646994079,UNDETERMINED,B017
F,47.000_-123.250__c206,229,0.2636832594871521,1.959753814715928,3.034899473190308,-0.1448106429718602,UNDETERMINED,B017
F,46.250_-123.200__c418,237,0.4733954071998596,8.75085361181467,3.463555335998535,0.6199442505387672,TRUSTED,B017
F,46.750_-123.050__c366,234,0.3093611896038055,3.891816487588221,2.6302523612976074,0.567104283767842,TRUSTED,B017
F,47.300_-123.000__c118,229,0.359412670135498,4.4428618352219775,3.5963029861450195,0.3089751013005375,TRUSTED,B017
F,47.350_-122.750__c716,238,0.3745347261428833,5.8223931575142265,3.5630502700805664,0.2827194005600876,UNDETERMINED,B017
F,47.700_-122.650__c873,231,0.2006582468748092,0.6718076261836824,2.6682257652282715,-0.0606467209058945,UNDETERMINED,B017
F,47.450_-122.350__c18,244,0.2643542289733886,2.319435250392472,3.0797548294067383,0.315662672115739,UNDETERMINED,B017
F,46.450_-123.200__c38,236,0.2467338889837265,2.036664659129874,2.991901636123657,0.5759472957225747,UNDETERMINED,B017
F,47.350_-122.900__c732,235,0.2624239325523376,2.5014366152369507,2.573709726333618,0.2401260586062431,UNDETERMINED,B017
F,47.750_-123.200__c342,245,0.3166152834892273,3.681500880170929,2.640397787094116,0.5790555698488478,TRUSTED,B017
F,46.900_-122.650__c355,235,0.3941574990749359,6.403660795172061,3.1674611568450928,0.5125169194940603,TRUSTED,B017
F,47.800_-122.950__c887,238,0.271925151348114,2.782882617971359,3.8361496925354,0.2958931045223227,UNDETERMINED,B017
F,46.500_-122.900__c267,233,0.4175575375556946,7.096818950541401,3.559757947921753,0.5525767257071347,TRUSTED,B017
F,46.700_-122.750__c325,240,0.2315156012773513,1.4635710408345188,3.450310707092285,0.4111421217824013,UNDETERMINED,B017
F,47.450_-123.300__c182,242,0.5972849726676941,10.996518544706046,2.9856863021850586,0.8277967374825271,TRUSTED,B017
F,47.750_-123.150__c940,231,0.247357502579689,2.055137400112589,4.589339733123779,0.3679545123490909,UNDETERMINED,B017
F,47.150_-122.700__c669,247,0.232081651687622,1.4783238585052385,2.855888605117798,0.6757730703930812,UNDETERMINED,B017
F,46.950_-122.600__c112,234,0.3136171400547027,4.017886654793843,2.828500509262085,0.1754478599252412,UNDETERMINED,B017
F,46.700_-122.850__c584,232,0.2076817899942398,0.879859685449512,2.658220291137696,0.3619770683958487,UNDETERMINED,B017
F,47.850_-122.600__c162,235,0.5030261874198914,9.628579388905171,3.2826638221740723,0.7733618771209658,TRUSTED,B017
F,46.850_-122.800__c536,225,0.179429605603218,-0.2256866084436396,2.954465866088867,0.1217281526589984,FAIL,B017
F,47.400_-122.600__c473,245,0.306451141834259,3.4165956245711584,2.508823871612549,0.5889971166136314,TRUSTED,B017
F,47.150_-122.700__c672,237,0.2629320919513702,2.51648936106712,2.604419708251953,0.5164699988598852,UNDETERMINED,B017
F,45.400_-123.000__c114,249,0.7100600004196167,15.339999413813056,2.557359457015991,0.7001362379379924,TRUSTED,B201
F,45.450_-122.950__c67,248,0.2245088517665863,1.3837515099895072,2.617518663406372,0.4569562762719492,FAIL,B201
F,45.450_-123.050__c422,249,1.1765623092651367,28.74872450490857,2.4239296913146973,0.9101916517901588,TRUSTED,B201
F,46.900_-122.900__c857,236,0.5585528016090393,10.204614163627586,2.761483192443848,0.41584280039165,UNDETERMINED,B201
F,46.900_-123.100__c107,239,1.3286513090133667,30.9422508848633,1.8263260126113887,0.8459364890795275,TRUSTED,B201
F,47.100_-122.950__c609,248,0.3754567801952362,5.722463745689012,2.231515407562256,0.3279389853707638,UNDETERMINED,B201
F,47.200_-122.700__c723,245,0.8771376013755798,20.142328529058936,2.1744861602783203,0.8398435118729525,TRUSTED,B201
F,45.900_-123.300__c289,249,0.2160664498805999,1.1410906616908485,2.568291425704956,0.506570618141604,FAIL,B201
F,46.700_-122.700__c401,249,0.6405712366104126,13.34267654279972,2.0666840076446533,0.7557696075062713,TRUSTED,B201
F,46.700_-123.000__c421,250,0.4662180840969085,8.893914477256628,2.286823034286499,0.6813939578293933,UNDETERMINED,B201
F,46.900_-122.750__c1355,247,0.4817159473896026,8.77668220142195,2.1600050926208496,0.5337999433135595,UNDETERMINED,B201
F,46.850_-122.550__c123,247,0.335239440202713,4.566492498323892,2.297147035598755,0.4866199349873416,UNDETERMINED,B201
F,46.600_-123.100__c17,245,2.1928725242614746,57.96063626132117,1.7692644596099854,0.9593727872855292,TRUSTED,B201
F,45.450_-123.350__c11,246,0.6703950762748718,14.199906313454656,2.4880990982055664,0.6368277167810568,TRUSTED,B201
F,46.350_-122.750__c17,248,0.4343238770961761,7.41448692390005,2.4168951511383057,0.852060650582486,UNDETERMINED,B201
F,46.900_-123.050__c585,245,0.769264817237854,17.04172971124508,2.003800630569458,0.7504283089011372,TRUSTED,B201
F,47.200_-122.800__c492,248,1.8183923959732056,47.19691441668105,1.852587938308716,0.8985016113402241,TRUSTED,B201
F,45.700_-123.200__c199,248,0.4187337458133697,6.966378135279965,2.321347236633301,0.7654790145928347,UNDETERMINED,B201
F,46.800_-123.000__c751,246,0.5154597759246826,9.746584625844424,2.032557964324951,0.6304382120298907,UNDETERMINED,B201
F,47.000_-122.750__c994,247,0.6169217824935913,12.662917787496443,1.8037887811660769,0.5345991116923118,TRUSTED,B201
F,46.500_-123.100__c64,249,0.8409121632575989,19.10109693852173,2.711695671081543,0.8500753252673651,TRUSTED,B201
F,46.750_-122.800__c46,226,1.1457293033599854,24.62657863846066,1.4635405540466309,0.9518030922587202,TRUSTED,B201
F,46.900_-122.700__c937,250,0.8974756002426147,21.898625167626065,2.276816129684448,0.7746422041772993,TRUSTED,B201
F,46.550_-123.000__c163,245,0.5155747532844543,9.7498894322294,2.6800320148468018,0.5095247378919924,UNDETERMINED,B201
F,45.500_-123.250__c281,249,0.5454254150390625,10.607890153051908,2.463766098022461,0.6069169494432164,UNDETERMINED,B201
F,45.900_-123.350__c59,249,0.7976580262184143,17.85783871318451,2.251835346221924,0.9062491311860666,TRUSTED,B201
F,46.300_-122.900__c148,249,0.7695592641830444,17.050193030862385,2.024106502532959,0.8763326980833763,TRUSTED,B201
F,46.450_-123.150__c447,248,0.5322253704071045,10.228479877252548,2.221341609954834,0.6112011408878568,UNDETERMINED,B201
F,46.600_-123.050__c289,248,0.8167721629142761,18.407238361264927,1.9952867031097408,0.7313024765671486,TRUSTED,B201
F,47.100_-122.750__c473,250,1.235571265220642,32.09400992985194,1.902074098587036,0.8060622975045826,TRUSTED,B201
F,46.150_-123.100__c223,247,0.6363717317581177,13.221969731674822,2.2129995822906494,0.8401049464224012,TRUSTED,B201
F,47.100_-123.000__c736,249,1.0601508617401123,25.40269798430577,1.8876334428787231,0.8531989142908976,TRUSTED,B201
F,46.800_-123.150__c147,248,0.3673394918441772,5.4891476700325805,2.1726837158203125,0.670334734058074,UNDETERMINED,B201
F,47.000_-122.800__c853,246,1.089050054550171,26.23335053285074,1.882865071296692,0.7750571895532335,TRUSTED,B201
F,46.900_-123.100__c67,249,0.2534860968589782,2.2166475235220924,2.2472448348999023,0.0663045423504048,FAIL,B201
F,46.950_-123.000__c214,243,2.9398138523101807,79.43004967487725,0.7014026045799255,0.9773893582584025,TRUSTED,B201
F,46.800_-123.150__c140,248,0.6250181794166565,12.895633378633471,2.442887306213379,0.8349816726428998,TRUSTED,B201
F,46.850_-123.100__c219,249,0.8057279586791992,18.08979363348953,1.6999090909957886,0.7377223120981466,TRUSTED,B201
F,45.750_-123.200__c404,248,0.2198846191167831,1.2508367029611642,2.304440498352051,0.6746332408023128,FAIL,B201
F,45.750_-123.400__c193,245,1.6028250455856323,41.00083931661118,1.7607868909835815,0.9192569172936376,TRUSTED,B201
F,45.850_-123.250__c424,248,1.0786433219909668,25.934228720724555,2.220808744430542,0.6314210307871828,TRUSTED,B201
F,46.850_-122.600__c343,246,0.7630571126937866,16.863301004463032,2.164050340652466,0.761782114427985,TRUSTED,B201
F,46.850_-123.150__c289,249,2.3022947311401367,61.105770300481566,1.2997667789459229,0.9425531023858096,TRUSTED,B201
F,46.750_-122.850__c646,171,0.2463550269603729,1.0164008513550589,2.760562896728516,-0.017863239287405,FAIL,B201
F,46.850_-122.450__c48,249,1.4105523824691772,35.474325870961536,1.9505194425582888,0.899854249454398,TRUSTED,B201
F,46.200_-123.000__c495,247,0.8886813521385193,20.474131775399645,2.2481930255889893,0.8458063461133986,TRUSTED,B201
F,46.400_-123.150__c587,250,0.45562744140625,8.574550201711904,2.301175117492676,0.8200687249127006,UNDETERMINED,B201
F,46.550_-122.950__c241,248,0.3549938797950744,5.134296440126764,2.2464170455932617,0.7327201277315093,UNDETERMINED,B201
F,46.900_-122.700__c1263,248,0.2508461773395538,2.1407680381961125,2.491293668746948,0.2714333931841738,FAIL,B201
F,45.050_-123.200__c163,250,0.8997503519058228,18.92035068838152,2.625005960464477,0.8438985416765974,TRUSTED,B022
F,45.100_-123.300__c247,247,0.6458325982093811,13.724995419566572,2.546642303466797,0.7422082962337088,TRUSTED,B022
F,45.200_-123.150__c78,249,0.9342429637908936,22.229887932979388,2.287395715713501,0.7901958787307881,TRUSTED,B022
F,45.300_-123.400__c19,248,0.8407726883888245,19.473556190564896,2.395070791244507,0.693033920977431,TRUSTED,B022
F,45.650_-123.400__c160,248,0.7501776218414307,16.802011075750702,1.5091131925582886,0.5950148180730142,TRUSTED,B022
F,45.850_-123.500__c15,247,0.376524269580841,5.783400174421859,2.4316186904907227,0.2291563419742739,UNDETERMINED,B022
F,46.000_-123.250__c275,247,0.9416123628616332,22.447203100756784,2.473658323287964,0.749220640763358,TRUSTED,B022
F,45.550_-123.500__c214,245,0.6745637655258179,14.572244752365302,2.29721474647522,0.3349867771223989,TRUSTED,B022
F,45.550_-123.200__c239,248,0.5032249093055725,9.519657434339694,2.5704126358032227,0.5152661922790002,TRUSTED,B022
F,45.850_-123.300__c230,250,0.4790004193782806,7.977645722161303,2.3869943618774414,0.5288228366161764,UNDETERMINED,B022
F,45.100_-123.500__c744,248,0.6508442163467407,13.8727823185935,2.0808823108673096,0.7738826776566982,TRUSTED,B022
F,45.500_-123.100__c203,249,1.122148036956787,27.770994081431,2.0995659828186035,0.8342303473711717,TRUSTED,B022
F,45.950_-123.350__c64,247,1.7440478801727295,46.11011067315074,2.0314598083496094,0.9485658485149348,TRUSTED,B022
F,45.300_-123.200__c396,246,0.5484821796417236,10.85424268367133,2.0473737716674805,0.7003317413800991,TRUSTED,B022
F,45.550_-123.400__c25,248,0.2272213399410247,1.380627181280622,2.3853654861450195,0.1790742992968726,FAIL,B022
F,46.100_-123.250__c212,249,1.5636885166168213,40.7915188890527,1.8110588788986208,0.8301607100262615,TRUSTED,B022
F,45.150_-123.350__c496,249,0.6320343613624573,13.318101163109857,2.47277307510376,0.8168113984829668,TRUSTED,B022
F,45.150_-123.500__c1003,246,1.0725289583206177,26.30778408353677,2.095438003540039,0.6640522573639911,TRUSTED,B022
F,45.250_-123.550__c415,249,1.5862282514572144,41.4561899445186,1.6685603857040403,0.8110475850031845,TRUSTED,B022
F,45.550_-123.550__c102,247,0.8467256426811218,19.6491020184382,1.787985920906067,0.7586849813132182,TRUSTED,B022
F,46.300_-122.950__c104,246,0.3984663486480713,6.430447043251737,2.1749629974365234,0.2410574432076345,UNDETERMINED,B022
F,45.100_-123.250__c409,247,0.9431068897247314,22.49127499222098,2.144073247909546,0.7903543295197426,TRUSTED,B022
F,45.400_-123.150__c479,250,0.5342183709144592,9.41373330242466,2.072899580001831,0.8259962676392368,TRUSTED,B022
F,45.550_-123.350__c249,247,0.8927916288375854,21.007535374309928,2.094053030014038,0.8051711281095638,TRUSTED,B022
F,46.650_-123.100__c142,249,1.16616952419281,29.06913749755983,2.1417794227600098,0.7748207175050303,TRUSTED,B022
F,45.950_-123.300__c53,250,0.8672673106193542,18.075544047372475,2.041858434677124,0.6167334776096461,TRUSTED,B022
F,46.700_-122.700__c110,248,0.8360291719436646,19.333675304451983,2.096089601516724,0.6974956934321203,TRUSTED,B022
F,46.800_-123.150__c343,247,0.800770103931427,18.29392563053661,1.8063597679138184,0.4270904754382315,TRUSTED,B022
F,45.100_-123.450__c692,249,0.9132747650146484,21.611559682424755,2.42116928100586,0.7851155981890005,TRUSTED,B022
F,45.450_-123.400__c511,247,0.5789340138435364,11.75223251909383,2.3008124828338623,0.1030949860771645,UNDETERMINED,B022
F,45.600_-123.350__c883,248,0.3637585043907165,5.40695232874694,2.2527310848236084,0.2711903997234356,UNDETERMINED,B022
F,45.850_-123.200__c289,248,0.9876919984817504,23.806038963733293,2.1887218952178955,0.8303241397704083,TRUSTED,B022
F,45.250_-123.250__c224,247,1.647497057914734,43.26293711983475,1.5305026769638062,0.9127334284665504,TRUSTED,B022
F,45.300_-123.400__c348,246,0.3760367035865783,5.769022409718295,1.747094988822937,0.521506641346257,UNDETERMINED,B022
F,46.150_-122.900__c110,242,1.0304263830184937,25.066227190252253,1.874876856803894,0.5920420555241956,TRUSTED,B022
F,46.300_-123.000__c122,248,1.1609632968902588,28.915611796362107,2.0375497341156006,0.8030679508150873,TRUSTED,B022
F,45.100_-123.300__c177,250,0.6327467560768127,11.976222244854062,2.245776653289795,0.6380269267555083,TRUSTED,B022
F,45.600_-123.200__c281,249,0.4078324139118194,6.706641618232346,2.46148419380188,0.525714798552335,UNDETERMINED,B022
F,45.300_-123.100__c475,249,0.866008460521698,20.21773030875348,2.391154289245605,0.8372063796052936,TRUSTED,B022
F,45.450_-123.250__c334,248,0.8344306349754333,19.286536273695887,2.5719919204711914,0.7063663878535702,TRUSTED,B022
F,46.400_-123.000__c56,246,0.8304376006126404,19.1687862476542,2.359356164932251,0.7613608893020158,TRUSTED,B022
F,46.600_-123.250__c365,250,0.7264556884765625,14.41336868428412,2.182000160217285,0.6624067650672472,TRUSTED,B022
F,45.400_-122.900__c280,246,0.4115948975086212,6.817592965316415,2.473276138305664,0.5646671164158081,UNDETERMINED,B022
F,45.300_-123.400__c382,247,0.572477400302887,11.561834354821372,2.3291149139404297,0.7596362752708913,TRUSTED,B022
F,45.400_-123.350__c153,247,0.4897196292877197,9.12140214041574,2.398481845855713,0.2716797052733049,UNDETERMINED,B022
F,45.900_-123.200__c786,249,0.7175975441932678,15.841261770095269,1.744694709777832,0.8402039390926519,TRUSTED,B022
F,46.500_-123.250__c98,248,0.135561391711235,-1.3223200789801088,1.93254828453064,0.0532346433105068,FAIL,B022
F,45.200_-123.300__c709,249,0.713954746723175,15.733839830288062,2.037379026412964,0.7542471560061275,TRUSTED,B022
F,45.450_-123.400__c388,248,0.2333948314189911,1.5626763990565145,2.2363197803497314,-0.0154293703028544,FAIL,B022
F,45.750_-123.450__c1,248,0.6903122663497925,15.036650067636272,2.259381055831909,0.6581210933579714,TRUSTED,B022
F,46.800_-122.750__c556,250,0.2682719230651855,2.497098763360595,2.283109188079834,0.3806585797011192,UNDETERMINED,B022
F,45.100_-123.350__c536,170,0.4710692763328552,5.830961572392822,1.6807337999343872,0.2424115508726716,UNDETERMINED,B022
F,45.800_-123.400__c170,247,0.8911938071250916,20.9604174356292,1.8648172616958616,0.8596982204402281,TRUSTED,B022
F,45.350_-123.300__c738,248,1.0678131580352783,26.168720515344045,2.551800489425659,0.9423334780388004,TRUSTED,B022
F,46.200_-123.400__c118,246,0.5228126049041748,10.097276221777063,2.15738582611084,0.3627773043962963,TRUSTED,B022
F,45.450_-123.300__c391,244,0.5368334054946899,10.510733629016556,2.2206051349639893,0.6209871469544331,TRUSTED,B022
F,45.850_-123.400__c334,248,0.4681622385978699,8.485699292783513,2.3895695209503174,0.6105250771750407,UNDETERMINED,B022
F,45.100_-123.650__c231,247,0.5292686820030212,10.287658566993002,2.2430245876312256,0.4100857597997231,TRUSTED,B022
F,45.200_-123.100__c626,248,0.9848198294639589,23.72134197745327,2.0610382556915283,0.6504194572413217,TRUSTED,B022
F,45.900_-123.200__c257,249,0.1421592682600021,-1.1277562298240984,2.324305534362793,-0.463698829914376,FAIL,B022
F,45.400_-123.300__c523,248,0.5825276970863342,11.858206136393,2.503855466842652,0.3326633805007136,TRUSTED,B022
F,45.800_-123.500__c53,247,0.7551895380020142,16.949806763142362,2.413090467453003,0.7468426844782953,TRUSTED,B022
F,46.800_-123.050__c211,250,0.7461904883384705,14.926623888293276,2.2844979763031006,0.6397590027624561,TRUSTED,B022
F,45.350_-123.700__c84,247,1.491491198539734,38.662502378969045,1.0130106210708618,0.8830755476851774,TRUSTED,B022
F,45.400_-122.900__c317,249,0.8095271587371826,18.55216118218486,2.160730361938477,0.4628156071907265,TRUSTED,B022
F,45.600_-123.400__c234,249,1.0847430229187012,26.66796290841753,2.054464817047119,0.6464725880776416,TRUSTED,B022
F,45.800_-123.100__c229,248,0.7904823422431946,17.99055127994554,1.691213846206665,0.5654747643556015,TRUSTED,B022
F,45.100_-123.450__c598,248,0.7588223218917847,17.05693341389453,2.2893691062927246,0.6210856690248225,TRUSTED,B022
F,45.650_-123.150__c147,250,0.4581835865974426,7.43624941561064,2.042151689529419,0.2866461502213956,UNDETERMINED,B022
F,46.800_-122.800__c70,249,1.162106990814209,28.949338024862342,1.7630993127822876,0.8086724283089369,TRUSTED,B022
F,45.100_-123.150__c206,249,0.8597303628921509,20.03259637495622,2.327579975128174,0.6731309693202687,TRUSTED,B022
F,45.450_-123.200__c93,249,1.150791883468628,28.61566842336289,2.3277735710144043,0.7509214259289964,TRUSTED,B022
F,46.800_-122.850__c434,250,1.043842911720276,22.667855436403755,2.253845930099488,0.7916821616953322,TRUSTED,B022
F,45.900_-123.100__c282,250,0.6661873459815979,12.845932447838996,2.268866539001465,0.3503324127449296,TRUSTED,B022
F,45.150_-123.600__c212,248,1.128760576248169,27.965990318131883,1.770068883895874,0.7946543975755881,TRUSTED,B022
F,45.200_-123.000__c29,250,0.7334112524986267,14.594266360273938,2.231844663619995,0.7933843999524539,TRUSTED,B022
F,45.450_-123.600__c172,249,0.7146901488304138,15.755525999103778,2.3758347034454346,0.6817527931773403,TRUSTED,B022
F,46.550_-122.800__c190,249,0.4939430654048919,9.245946451232696,2.34896183013916,0.3684929155697583,TRUSTED,B022
F,46.400_-123.200__c223,248,0.9225003719329834,21.88361230110659,2.245205879211426,0.7757446199889879,TRUSTED,B022
F,46.600_-123.000__c404,246,1.2346580028533936,31.0887845662114,2.443234443664551,0.824644865645117,TRUSTED,B022
F,45.450_-123.100__c618,247,0.7965331077575684,18.16898144912429,2.238957643508911,0.5824403716264276,TRUSTED,B022
F,45.600_-123.200__c113,249,1.078356146812439,26.47962122149265,2.027920722961426,0.8511906425626646,TRUSTED,B022
F,45.450_-123.300__c124,249,0.3503766059875488,5.012335417822545,2.4302806854248047,0.1391390882335017,UNDETERMINED,B022
F,45.250_-123.050__c556,246,0.5867416858673096,11.982471856047912,2.170586585998535,0.806821105548763,TRUSTED,B022
F,45.500_-123.350__c449,250,1.2916020154953003,29.11148041577973,1.799983263015747,0.8053077206511142,TRUSTED,B022
F,45.550_-123.250__c40,249,0.68914395570755,15.002197920209069,2.5899040699005127,0.4019177991213454,TRUSTED,B022
F,46.800_-122.750__c230,247,1.1718779802322388,29.237473351005992,2.0792179107666016,0.8888192668976009,TRUSTED,B022
F,45.250_-123.150__c162,246,1.0134888887405396,24.5667598150416,2.3875391483306885,0.8536597566240428,TRUSTED,B022
F,45.500_-123.500__c476,243,0.9581499099731444,22.934876490495448,1.6920413970947266,0.6859530523135211,TRUSTED,B022
F,45.150_-123.500__c801,248,0.6195189952850342,12.949037301483797,1.95558512210846,0.7351382803637873,TRUSTED,B022
F,46.250_-123.150__c235,248,0.7984070181846619,18.224240928893884,2.681384325027466,0.4571680047176848,TRUSTED,B022
F,45.350_-123.550__c284,247,0.8370481133460999,19.363722723474893,2.5440680980682373,0.7240271823679802,TRUSTED,B022
F,45.450_-123.400__c333,250,0.6990736722946167,13.701227573151115,2.5868141651153564,0.8009199810152565,TRUSTED,B022
F,46.800_-123.250__c325,249,0.3470728099346161,4.914910242899388,2.394948482513428,0.0942762147276639,UNDETERMINED,B022
F,45.500_-123.100__c200,249,0.8324463367462158,19.228021583629104,2.274273157119751,0.8664076854807126,TRUSTED,B022
F,46.550_-122.950__c76,248,0.3455624580383301,4.870371689267857,2.5829017162323,0.4193635887221046,UNDETERMINED,B022
F,46.750_-123.300__c148,246,0.7353736758232117,16.36545960366523,1.983837842941284,0.6601183049048253,TRUSTED,B022
F,46.800_-122.900__c550,245,0.4170294404029846,6.977851432736266,2.4100329875946045,0.2833635898079116,UNDETERMINED,B022
F,45.300_-123.450__c129,247,0.3404432833194732,4.719413069408708,1.9243581295013428,0.2349726252566725,UNDETERMINED,B022
F,46.600_-123.050__c276,247,0.9574211239814758,22.91338542337681,2.0167787075042725,0.6668846760457134,TRUSTED,B022
F,45.150_-123.450__c631,250,0.5365467071533203,9.474287789910758,2.5052335262298584,0.4048097356630271,TRUSTED,B022
F,46.000_-123.150__c450,250,0.5274718999862671,9.238273640466057,2.238030195236206,0.5454838219852775,TRUSTED,B022
F,46.300_-123.400__c17,247,0.4574617445468902,8.1701539358734,2.0964457988739014,0.5239028416423076,UNDETERMINED,B022
F,45.100_-123.400__c571,247,1.238103270530701,31.190381577873424,1.967603325843811,0.8938925216837585,TRUSTED,B022
F,46.600_-122.950__c15,247,2.245647668838501,60.90171595665526,0.9754676222801208,0.8579571087125754,TRUSTED,B022
F,45.250_-123.400__c325,249,0.864962100982666,20.186874360175107,2.2350893020629883,0.9059837397769296,TRUSTED,B022
F,45.900_-123.250__c616,248,1.2428109645843506,31.329206102545403,2.0835330486297607,0.7769890427118528,TRUSTED,B022
F,46.550_-122.750__c166,249,0.5728120803833008,11.571703688416788,2.584076404571533,0.7124682354129096,TRUSTED,B022
F,45.300_-122.900__c81,247,0.7983952760696411,18.2238946673234,2.349552154541016,0.7863414623413318,TRUSTED,B022
F,46.800_-122.850__c642,250,1.3103981018066406,29.600321913124827,2.248415470123291,0.7945603895489739,TRUSTED,B022
F,45.850_-123.300__c698,245,0.4655568301677704,8.408868771776206,2.0432004928588867,0.3613841492799032,UNDETERMINED,B022
F,47.150_-122.900__c263,248,0.7243568897247314,15.201432315353204,2.312666177749634,0.6360037817496854,TRUSTED,B001
F,47.250_-123.150__c69,247,0.505429744720459,9.147007133010964,2.0630130767822266,0.6360641759064295,TRUSTED,B001
F,47.500_-123.250__c558,249,0.8375120162963867,18.33073474979177,2.195021390914917,0.9074823623446596,TRUSTED,B001
F,47.600_-122.550__c163,248,1.482016921043396,36.15450313341194,1.6589553356170654,0.8988421570529858,TRUSTED,B001
F,47.700_-122.700__c774,248,0.8850641250610352,19.64578722888268,2.3564341068267822,0.8607332061247913,TRUSTED,B001
F,48.000_-123.700__c425,248,1.772807240486145,44.19630275940701,1.738959550857544,0.8981024157963637,TRUSTED,B001
F,48.350_-123.500__c846,248,1.1816489696502686,27.847834315127155,2.080118417739868,0.7545738686963496,TRUSTED,B001
F,48.750_-124.250__c34,247,1.2791935205459597,30.545426636680567,1.7605587244033811,0.8369671422714833,TRUSTED,B001
F,47.750_-123.400__c155,249,0.4235922396183014,6.883792803235204,2.7633306980133057,0.308840773058508,TRUSTED,B001
F,47.850_-123.350__c732,247,0.4318619072437286,7.11249027206672,2.293498516082764,0.6534030117596891,TRUSTED,B001
F,47.900_-123.000__c803,249,1.101084589958191,25.61982823941655,2.2935523986816406,0.9281031879892038,TRUSTED,B001
F,47.950_-123.150__c497,249,0.2810573577880859,2.941993909826208,2.3994994163513184,0.2322451361173261,UNDETERMINED,B001
F,48.400_-122.850__c484,246,0.2427707016468048,1.883177310884459,2.06618332862854,0.2517447242106155,UNDETERMINED,B001
F,48.500_-123.600__c661,246,0.934831976890564,21.02211603169924,2.345435380935669,0.6109115246258017,TRUSTED,B001
F,47.400_-122.850__c245,248,1.2878949642181396,30.786064862198707,1.4601484537124634,0.8671210929764902,TRUSTED,B001
F,48.100_-123.250__c542,248,0.4109848439693451,6.535135565233478,1.73618483543396,0.5110904950119092,UNDETERMINED,B001
F,48.400_-123.850__c954,139,0.2792580425739288,0.8623773897760074,3.708146810531616,,FAIL,B001
F,47.250_-122.850__c191,246,0.8200349807739258,17.847407732587882,2.225649356842041,0.7946983948887049,TRUSTED,B001
F,47.300_-123.200__c496,246,0.1712816059589386,-0.0938519934854704,2.368344783782959,0.1372512399478231,FAIL,B001
F,48.400_-122.850__c665,246,0.8399395942687988,18.39786936303484,2.438550472259521,0.8747140764937527,TRUSTED,B001
F,48.950_-124.200__c338,247,0.6607814431190491,13.443254795153113,1.5766289234161377,0.6401015610841703,TRUSTED,B001
F,47.950_-123.350__c644,248,0.439232736825943,7.316330395393778,2.707515001296997,0.4758077714128612,TRUSTED,B001
F,48.050_-123.400__c46,249,0.7044607996940613,14.65120640111362,2.1255552768707275,0.791247875773967,TRUSTED,B001
F,48.100_-122.750__c175,248,0.7347742319107056,15.489523674981577,2.383072853088379,0.3602322226457279,TRUSTED,B001
F,48.200_-123.150__c277,249,0.8658406734466553,19.11416311464428,1.7603893280029297,0.7318789918670555,TRUSTED,B001
F,48.200_-123.650__c708,249,1.500744342803955,36.67240955340047,2.2617430686950684,0.9547789171117136,TRUSTED,B001
F,48.500_-123.900__c545,249,0.8251004815101624,17.987494039464288,2.215242624282837,0.7659767206304414,TRUSTED,B001
F,47.800_-123.150__c178,247,0.8025205135345459,17.363045542109674,2.37812876701355,0.7721412214322635,TRUSTED,B001
F,47.850_-123.100__c671,247,1.5302388668060305,37.48807993934497,2.2680583000183105,0.9395968108263044,TRUSTED,B001
F,47.900_-123.000__c724,249,1.1371055841445925,26.615988008872712,2.3986077308654785,0.9340065851791932,TRUSTED,B001
F,48.350_-122.850__c764,248,0.1306969672441482,-1.2162192478809604,2.68380093574524,0.2932963705977818,FAIL,B001
F,48.400_-123.200__c904,250,0.6237869262695312,13.421175426407736,2.2844438552856445,0.575186390137711,TRUSTED,B001
F,48.900_-123.950__c723,249,0.3417408466339111,4.620194404394291,2.4834964275360107,0.354566828359883,UNDETERMINED,B001
F,48.000_-123.350__c778,248,0.9829006791114808,22.35145489099487,2.3085076808929443,0.6664165036435669,TRUSTED,B001
F,47.600_-123.100__c473,242,0.2889296114444732,3.159700904443467,2.0504987239837646,0.6283318895015506,UNDETERMINED,B001
F,47.800_-122.850__c178,248,0.6874476671218872,14.180708609377984,1.979819655418396,0.7154795789761298,TRUSTED,B001
F,48.000_-123.200__c851,248,0.3567605912685394,5.035565098359485,2.54011607170105,0.7276967832846883,UNDETERMINED,B001
F,48.200_-123.600__c118,249,0.3058991730213165,3.628993741300871,2.045654773712158,0.5494185022712839,UNDETERMINED,B001
F,48.250_-123.550__c838,247,0.4671807289123535,8.089231476621341,2.447406768798828,0.2825313278814018,UNDETERMINED,B001
F,48.500_-124.000__c499,228,0.3079971671104431,3.473687202225405,2.258878469467163,0.2415456605994752,UNDETERMINED,B001
F,47.350_-122.950__c582,246,0.94682115316391,21.35367642702376,2.0896904468536377,0.62642216978254,TRUSTED,B001
F,48.650_-123.400__c335,250,0.3131318688392639,4.325347355439459,2.1631975173950195,0.5824354273838342,UNDETERMINED,B001
F,48.650_-123.550__c439,249,1.546084761619568,37.92629779759163,2.2326419353485107,0.8631242052350003,TRUSTED,B001
F,48.400_-122.700__c128,247,0.6707828640937805,13.719843863207869,2.220735788345337,0.2802275590690138,UNDETERMINED,B001
F,48.000_-122.950__c11,165,0.2853649258613586,1.986271076777206,2.562678575515747,,UNDETERMINED,B001
F,47.750_-123.050__c558,249,0.7905392646789551,17.031704379341654,2.0381340980529785,0.5335182045706325,TRUSTED,B001
F,47.900_-123.150__c186,247,0.6971460580825806,14.448917389332962,2.3726818561553955,0.325610790251382,TRUSTED,B001
F,48.000_-122.850__c737,250,1.215332269668579,30.741333624532068,2.578208446502685,0.8816437886597429,TRUSTED,B001
F,48.300_-123.100__c289,249,0.4623329937458038,7.955167471588472,2.642848253250122,0.563006960850124,TRUSTED,B001
F,47.900_-122.950__c77,248,0.577656090259552,11.14442506513584,2.148123264312744,0.5028800644446088,TRUSTED,B001
F,48.200_-123.300__c833,247,0.5360788106918335,9.99460635068101,1.7643808126449585,0.308743408904271,TRUSTED,B001
F,48.400_-123.150__c446,249,0.2970707714557647,3.384844498148483,2.2312910556793213,0.2280747344091168,UNDETERMINED,B001
F,47.950_-122.800__c589,248,1.2417757511138916,29.510639079787307,2.2517542839050293,0.8033609202894461,TRUSTED,B001
F,48.700_-123.850__c915,249,0.9657534956932068,21.877249926179687,2.44352388381958,0.8517418788950464,TRUSTED,B001
F,47.150_-122.950__c280,249,1.6145423650741575,39.81949125366205,2.17900824546814,0.9185029575608292,TRUSTED,B001
F,48.000_-123.400__c14,249,0.4166916310787201,6.692956632075563,2.8760855197906494,0.4182435545886092,UNDETERMINED,B001
F,48.050_-122.950__c93,248,0.465361475944519,8.038920077451115,2.053839921951294,0.6056093463949789,TRUSTED,B001
F,48.500_-124.100__c324,248,0.628751814365387,12.557476145349495,2.716542959213257,0.3066970114061819,TRUSTED,B001
F,48.200_-123.150__c961,249,0.9470970034599304,21.36130506064409,2.2245469093322754,0.8051849857691014,TRUSTED,B001
F,48.450_-123.850__c40,178,0.7696124315261841,13.606370315758031,2.927242994308472,,TRUSTED,B001
F,48.100_-123.600__c664,247,1.4913400411605835,36.4123338067823,2.0399136543273926,0.8562378145931481,TRUSTED,B001
F,48.050_-123.300__c131,245,0.7934231162071228,17.1114572273219,2.4207351207733154,0.5949602974095419,TRUSTED,B001
F,48.000_-122.900__c232,246,0.6438155174255371,12.974062508565986,2.545860528945923,0.694445152590491,TRUSTED,B001
F,48.100_-122.950__c67,247,0.3215329051017761,4.061344244022126,2.135339736938477,0.438431655514401,UNDETERMINED,B001
F,48.250_-122.800__c77,249,0.6643304228782654,13.541401749133636,2.138575553894043,0.7143436231954067,TRUSTED,B001
F,47.700_-123.150__c574,245,0.2053782194852829,0.8490890728791477,2.4241089820861816,0.0671231887844959,FAIL,B001
F,48.450_-123.250__c121,247,0.7065874338150024,14.71001841903494,2.4310057163238525,0.7811933532889487,TRUSTED,B001
F,48.650_-124.100__c814,246,0.4034706652164459,6.327331123873382,2.106563806533813,0.7172608230664299,UNDETERMINED,B001
F,47.900_-123.050__c505,249,0.9239836931228638,20.72210699249545,2.223184585571289,0.9513169283973664,TRUSTED,B001
F,48.500_-123.850__c61,195,0.2088040709495544,0.3460123505719784,3.0099778175354004,-0.0579025745854543,FAIL,B001
F,48.000_-123.100__c352,245,0.3326687514781952,4.369305820585738,2.6310293674468994,0.4327243707249912,UNDETERMINED,B001
F,48.350_-122.750__c410,249,0.4919127225875854,8.773194195424123,2.5365591049194336,0.6794290942956381,TRUSTED,B001
F,48.300_-123.050__c702,245,0.7764613032341003,16.64237867792574,2.2068114280700684,0.4324789770855581,TRUSTED,B001
F,47.300_-122.800__c161,249,0.2598627805709839,2.3558583621771683,2.1312851905822754,0.2137977606491761,UNDETERMINED,B001
F,48.200_-123.050__c758,249,0.2058893889188766,0.8632254518609922,2.4217002391815186,0.4052034836310128,FAIL,B001
F,48.650_-124.300__c136,80,0.3711883425712585,1.2193315920379886,3.444498300552368,,UNDETERMINED,B001
F,48.100_-122.850__c767,249,0.984883189201355,22.406281162137024,1.9080283641815183,0.638384879325103,TRUSTED,B001
F,48.000_-123.200__c914,249,0.7728893756866455,16.54359710338691,2.2963345050811768,0.8392317004259339,TRUSTED,B001
F,47.600_-122.850__c651,247,0.4101795256137848,6.512864504549745,2.6581802368164062,0.5612446386486423,UNDETERMINED,B001
F,48.100_-123.000__c572,184,0.7304654717445374,12.735705788299144,2.340184450149536,0.7828731584099735,TRUSTED,B001
F,47.750_-122.800__c627,249,1.2987048625946045,31.08501235428678,1.9806551933288568,0.7633098603806558,TRUSTED,B001
F,47.600_-123.150__c67,246,1.769009351730347,44.09127223282524,2.316585063934326,0.9377890088753256,TRUSTED,B001
F,48.850_-123.800__c805,249,0.8949012756347656,19.91783340275904,2.1136090755462646,0.6982079699969697,TRUSTED,B001
F,48.000_-123.700__c200,248,0.3769960701465606,5.595176803401615,2.310126543045044,0.6388177301055233,UNDETERMINED,B001
F,47.600_-123.350__c354,249,0.7731034159660339,16.54951638241254,2.666830539703369,0.7977389593519398,TRUSTED,B001
F,48.750_-124.300__c841,154,0.2855507433414459,1.3953003447624033,3.173136234283448,,UNDETERMINED,B001
F,47.700_-123.550__c23,247,0.762053370475769,16.24392762739095,2.579493761062622,0.85446026699184,TRUSTED,B001
F,47.550_-123.300__c47,247,2.201996326446533,56.06551710454595,1.2302590608596802,0.8285693998813498,TRUSTED,B001
F,48.300_-123.800__c518,246,0.3591932654380798,5.102840646817451,2.424283504486084,0.407009966449548,UNDETERMINED,B001
F,48.750_-123.850__c448,128,0.2445759028196334,0.0911814769878201,3.537377119064331,,FAIL,B001
F,48.950_-123.900__c701,248,0.2662955224514007,2.533755691590309,2.5008292198181152,-0.2209259102339706,UNDETERMINED,B001
F,47.550_-122.900__c665,249,0.3681356906890869,5.350143212380318,2.0298399925231934,-0.0123885052727851,UNDETERMINED,B001
F,48.100_-123.050__c630,247,0.8956918716430664,19.939697317266404,1.7478375434875488,0.8297808795595996,TRUSTED,B001
F,48.650_-124.000__c783,248,1.675804853439331,41.51370396668042,2.2976291179656982,0.8189877416071275,TRUSTED,B001
F,48.000_-123.600__c221,248,0.2773128747940063,2.838440318361954,1.9890621900558472,0.3234778042391236,UNDETERMINED,B001
F,47.550_-122.550__c26,248,1.3804749250411987,33.34636155896716,1.7173380851745603,0.8642029038221576,TRUSTED,B001
F,48.750_-123.850__c765,249,0.6138831973075867,12.146284881061128,2.259716272354126,0.6807903445693229,TRUSTED,B001
F,48.500_-123.500__c634,248,1.0995177030563354,25.57649601802257,2.0761544704437256,0.7116907015179911,TRUSTED,B001
F,48.100_-123.200__c325,245,0.3545904457569122,4.97554977392502,2.318549394607544,0.4990450668268563,UNDETERMINED,B001
F,48.200_-123.000__c703,249,1.5402958393096924,37.76620528366035,2.233916521072388,0.9181274549112304,TRUSTED,B001
F,48.050_-123.800__c48,248,0.2969953715801239,2.800970451964836,2.32897424697876,0.5573716918589575,UNDETERMINED,B928
F,49.100_-125.450__c11,245,0.3845838606357574,4.940661108360679,2.7143449783325195,0.5905316985864484,TRUSTED,B928
F,49.550_-125.300__c848,248,0.7674596309661865,14.293895958844589,2.5989670753479004,0.829232243689456,TRUSTED,B928
F,48.550_-124.100__c191,247,0.2766962945461273,2.30508627892568,2.24544620513916,0.4090773041926064,UNDETERMINED,B928
F,48.500_-123.900__c550,248,0.1710607409477234,-0.2754743570060749,3.3013150691986084,0.4408032629374809,UNDETERMINED,B928
F,48.900_-124.650__c856,247,0.3029730916023254,2.946999591363859,3.118464708328247,0.0509058509190483,UNDETERMINED,B928
F,48.950_-123.850__c1104,247,0.776031494140625,14.50329716829575,3.076019763946533,0.8238936137624692,TRUSTED,B928
F,49.000_-124.050__c926,249,0.3408019542694092,3.871117187905897,2.8088698387146,0.4195820733337839,UNDETERMINED,B928
F,49.050_-124.700__c1135,249,0.3238145411014557,3.456133328454699,3.1661183834075928,0.3728018210048409,UNDETERMINED,B928
F,49.350_-125.050__c599,244,0.3722561001777649,4.639507450492479,2.091776132583618,0.3421784479640921,TRUSTED,B928
F,48.950_-124.550__c284,247,0.512732207775116,8.071184581970257,3.3895962238311768,0.7860956063213987,TRUSTED,B928
F,48.850_-124.950__c170,248,0.6142401099205017,10.550911223137334,2.287318468093872,0.824269626746835,TRUSTED,B928
F,49.450_-125.250__c269,248,0.3581013679504394,4.2937228774607865,3.168287754058838,0.3440742586340237,TRUSTED,B928
F,49.000_-125.100__c103,247,1.06670343875885,21.604093753346827,2.667246103286743,0.8684643524558878,TRUSTED,B928
F,48.950_-125.000__c105,247,0.2349918037652969,1.286291341193506,2.363302707672119,0.1738109038213578,UNDETERMINED,B928
F,49.100_-125.300__c307,248,0.2669298350811004,2.0665023932039674,3.344454288482666,0.3272684644076423,UNDETERMINED,B928
F,48.950_-124.700__c39,248,0.9044914841651917,17.6414337355527,2.38457465171814,0.6570780968529677,TRUSTED,B928
F,49.000_-125.100__c101,245,0.600391149520874,10.21259632026171,3.1788291931152344,0.7996983075288427,TRUSTED,B928
F,49.200_-125.300__c649,244,0.4432375431060791,6.373506196774541,2.969522953033448,0.6139151164633693,TRUSTED,B928
F,49.450_-124.950__c114,245,0.3930646479129791,5.147837433601613,2.747676610946656,0.6361016487831028,TRUSTED,B928
F,49.700_-125.700__c180,247,0.4447356462478637,6.410103212311114,2.219612598419189,0.2915910671477641,UNDETERMINED,B928
F,49.200_-125.250__c162,246,0.4612643122673034,6.813880382414129,2.4384660720825195,0.6141419462530379,TRUSTED,B928
F,49.650_-126.150__c101,245,0.7261612415313721,13.285021631286064,2.377965211868286,0.7549123120138556,TRUSTED,B928
F,48.350_-124.100__c163,248,0.3725095689296722,4.645699413911325,2.494081258773804,0.1428315848733501,UNDETERMINED,B928
F,48.800_-124.600__c376,203,0.6419447064399719,11.217637477765386,3.099738359451294,0.4203537541270619,TRUSTED,B928
F,49.250_-124.500__c52,246,0.39382204413414,5.166339792017434,3.310403823852539,0.6373944641687237,TRUSTED,B928
F,49.100_-125.150__c942,248,0.520577609539032,8.26283913647753,2.68312931060791,0.644262435458698,TRUSTED,B928
F,49.050_-124.700__c800,248,0.4280968308448791,6.00363521366065,3.050528287887573,0.2785431468767899,UNDETERMINED,B928
F,49.050_-125.050__c1100,247,1.4788589477539062,31.672600483936144,1.672675371170044,0.9107696904637936,TRUSTED,B928
F,49.150_-124.350__c209,249,1.6217151880264282,35.16242164439484,2.174124002456665,0.9440853950114494,TRUSTED,B928
F,49.300_-125.550__c53,246,0.8256072998046875,15.714379689599593,1.871561050415039,0.7611631476961871,TRUSTED,B928
F,49.050_-124.550__c1114,248,0.3089280724525451,3.0924732377483526,2.96538519859314,-0.0925027272426449,UNDETERMINED,B928
F,49.450_-125.700__c997,245,1.5533113479614258,33.49139090705998,2.2731549739837646,0.932105611559502,TRUSTED,B928
F,48.800_-124.800__c377,247,0.490137904882431,7.519230560288841,1.8778560161590576,0.5735047515865432,TRUSTED,B928
F,48.900_-124.900__c168,248,0.7815869450569153,14.639010736891526,2.3486037254333496,0.8468039679471112,TRUSTED,B928
F,49.050_-125.350__c71,247,0.7019241452217102,12.692935969447444,2.93452787399292,0.8929395135611038,TRUSTED,B928
F,49.150_-124.850__c56,246,1.5135260820388794,32.519480526203594,1.7882931232452393,0.9587404565158908,TRUSTED,B928
F,49.500_-125.050__c141,249,0.5070701241493225,7.932866093314208,3.2596261501312256,0.5195650284554884,TRUSTED,B928
F,48.400_-123.850__c833,248,0.3821668922901153,4.881617224378503,3.312256336212158,0.7029043212122494,TRUSTED,B928
F,49.550_-126.200__c164,248,0.5148141980171204,8.122045318529995,2.386112689971924,0.8189054573202107,TRUSTED,B928
F,48.800_-124.500__c297,248,0.6699607968330383,11.912106449133123,2.963104009628296,0.9205130844292024,TRUSTED,B928
F,49.050_-124.600__c927,248,0.5834369659423828,9.798424223210514,3.180715799331665,0.7615562511261608,TRUSTED,B928
F,48.400_-123.750__c310,246,1.0384780168533323,20.91457767451932,1.980278491973877,0.8626413660101868,TRUSTED,B928
F,49.250_-125.000__c649,248,0.9758926033973694,19.385684713329667,2.196640729904175,0.9222803893074802,TRUSTED,B928
F,49.150_-125.050__c523,247,0.3192202150821686,3.343898986226681,3.110931873321533,0.2166856931786822,UNDETERMINED,B928
F,48.750_-124.500__c302,247,1.3349573612213137,28.157242661645647,2.9505183696746826,0.822230333451158,TRUSTED,B928
F,48.800_-124.900__c245,249,0.2441642433404922,1.5103639729629033,2.5621252059936523,0.3764964677154502,UNDETERMINED,B928
F,48.950_-123.750__c174,247,1.1029973030090332,22.49071302327498,2.138891696929932,0.8578260220912381,TRUSTED,B928
F,48.200_-123.850__c399,249,0.5625923275947571,9.289212586050796,2.469672679901123,0.6640786670346781,TRUSTED,B928
F,48.800_-124.900__c188,246,0.6600867509841919,11.670894346134276,2.516733407974243,0.81394774033825,TRUSTED,B928
F,49.650_-125.800__c162,250,1.415819525718689,33.16727233630632,2.0790815353393555,0.886502252270044,TRUSTED,B928
F,49.400_-125.850__c1050,247,0.4912266433238983,7.545827245487817,3.141798734664917,0.373876996384307,TRUSTED,B928
F,46.900_-122.650__c482,244,0.2526091635227203,2.3065462426450942,2.585178852081299,0.6487395708594759,UNDETERMINED,B014
F,47.350_-122.950__c84,250,0.4414874315261841,7.923748424166694,2.318195104598999,0.6949174683770142,UNDETERMINED,B014
F,47.700_-123.400__c45,246,0.9225176572799684,22.4037260601574,1.804131865501404,0.42346284572903,TRUSTED,B014
F,47.800_-123.400__c185,243,0.9778482913970948,24.06363888949349,2.19439959526062,0.8529837799325858,TRUSTED,B014
F,48.300_-122.950__c324,248,0.6753437519073486,14.988536569709828,2.5612564086914062,0.8055862716602504,TRUSTED,B014
F,48.350_-123.600__c980,248,0.4101845026016235,7.033788774700135,1.8935370445251465,0.3741655935543431,UNDETERMINED,B014
F,48.150_-123.200__c336,236,0.8524280190467834,19.293787358069967,1.867692351341248,0.8604037283596139,TRUSTED,B014
F,48.200_-122.850__c366,246,0.4305337965488434,7.644265315045192,2.80794620513916,0.4369360906419181,UNDETERMINED,B014
F,47.400_-122.700__c961,244,0.4763573408126831,9.018966513086475,2.4944956302642822,0.1609146791801793,UNDETERMINED,B014
F,47.600_-123.150__c679,237,0.2243756055831909,1.3477217999698377,2.924999713897705,-0.2322648331142167,FAIL,B014
F,47.900_-123.050__c1216,215,0.3532217741012573,4.570986488859254,2.307509660720825,0.1920818486063823,UNDETERMINED,B014
F,48.150_-123.800__c222,245,0.8360434770584106,19.809510334159512,2.023722887039185,0.7632351735758196,TRUSTED,B014
F,47.650_-123.350__c54,249,0.952051877975464,23.28974937471258,1.6629635095596311,0.8068785953982867,TRUSTED,B014
F,47.700_-122.950__c1431,241,0.4012680053710937,6.766294855972121,2.136068344116211,0.1900162553975854,UNDETERMINED,B014
F,48.100_-123.050__c630,249,0.2299720197916031,1.627434464904311,2.344928741455078,0.3533738107958007,FAIL,B014
F,48.400_-123.500__c318,249,0.7486216425895691,17.186865086831514,2.116149663925171,0.6987453305435194,TRUSTED,B014
F,48.300_-123.250__c25,247,0.839432954788208,19.911194286606715,2.090614557266236,0.7362506195782285,TRUSTED,B014
F,47.250_-123.000__c618,242,0.3022287786006927,3.795129140146186,2.837261199951172,0.6416396655610237,UNDETERMINED,B014
F,47.900_-123.200__c928,235,0.6203413605690002,12.662107741979876,2.117439985275269,0.5772530354134399,TRUSTED,B014
F,48.300_-123.800__c235,248,0.5773884654045105,12.049888940565364,2.7309679985046387,0.423625247974853,TRUSTED,B014
F,47.200_-123.200__c234,245,0.4132787585258484,7.126616106029783,2.0890655517578125,0.4849356996813162,UNDETERMINED,B014
F,47.600_-123.100__c150,242,0.1852287054061889,0.2851400422857539,2.577359437942505,-0.2790985821687357,FAIL,B014
F,47.700_-122.600__c532,247,0.6466283798217773,14.127078621783554,2.8628480434417725,0.7079350896033206,TRUSTED,B014
F,47.950_-122.900__c1206,243,0.6071330904960632,12.942224363447822,2.327305793762207,0.668680875695481,TRUSTED,B014
F,48.300_-123.850__c388,246,0.6734522581100464,14.931791967540525,1.912141919136048,0.6753570564467305,TRUSTED,B014
F,47.550_-123.150__c70,243,0.3431488573551178,5.022726921840303,2.4226741790771484,0.1537280435820861,UNDETERMINED,B014
F,47.700_-123.300__c375,243,0.2689777612686157,2.797602342583112,2.53434419631958,0.0994669506745515,UNDETERMINED,B014
F,47.300_-123.050__c762,235,0.6491187214851379,13.484396446742656,2.297307014465332,0.8054973841175525,TRUSTED,B014
F,46.900_-122.900__c608,244,0.4534546136856079,8.331887263198599,2.721747875213623,0.7176616392662853,TRUSTED,B014
F,48.000_-122.900__c144,249,1.0559964179992676,26.40807393899848,1.6690062284469604,0.7145789962827804,TRUSTED,B014
F,48.200_-123.450__c342,249,0.8253405690193176,19.488424291160488,2.505199432373047,0.6889910293571034,TRUSTED,B014
F,47.550_-123.300__c942,229,0.4426053762435913,7.015545667269552,1.9233003854751587,0.3129284592349042,UNDETERMINED,B014
F,47.600_-122.750__c752,248,0.2534100413322449,2.330572487273816,2.6876370906829834,0.2390498291214267,UNDETERMINED,B014
F,48.000_-123.000__c237,247,0.9429413676261902,23.016435084141715,1.823374390602112,0.7967392317633258,TRUSTED,B014
F,48.000_-123.250__c542,248,0.1698504537343979,-0.1762057862968243,2.201329231262207,-0.0843825348665148,FAIL,B014
F,48.050_-123.450__c1367,247,0.4667950272560119,8.732098176872347,1.8804852962493896,0.0163424189713569,UNDETERMINED,B014
F,46.900_-122.800__c1014,247,1.1304121017456057,28.64053612066953,2.5954928398132324,0.7843501860228678,TRUSTED,B014
F,48.400_-123.900__c906,247,0.4381099045276642,7.87154770627641,1.729619383811951,0.5595331880626673,UNDETERMINED,B014
F,48.000_-123.400__c771,226,0.9271990656852722,20.441239461401207,2.471475601196289,0.5683598901779314,TRUSTED,B014
F,47.500_-123.300__c66,229,0.2785844802856445,2.471338070369896,2.920484066009521,0.1709776131936655,UNDETERMINED,B014
F,47.550_-122.750__c139,246,0.7520941495895386,17.291039908088887,2.607480764389038,0.7310607450799692,TRUSTED,B014
F,47.750_-122.800__c1181,245,0.2062484622001648,0.9157303929762248,1.8947439193725584,-0.035124090800676,FAIL,B014
F,47.900_-123.400__c1131,249,0.5011225938796997,9.761921332665738,2.2593207359313965,0.5117784841642913,TRUSTED,B014
F,48.350_-122.900__c18,247,0.6697151064872742,14.81967783722562,2.223051071166992,0.777441672299175,TRUSTED,B014
F,47.300_-123.050__c547,239,0.5402405858039856,10.373295973452382,2.512724161148072,0.3755432015736885,TRUSTED,B014
F,47.750_-122.850__c702,204,0.5275473594665527,9.264962664723296,2.052952289581299,0.3985640011136324,TRUSTED,B014
F,47.750_-123.450__c427,249,0.8122550249099731,19.09585943278629,2.1599199771881104,0.6560411439158458,TRUSTED,B014
F,47.400_-122.750__c1041,246,0.4148340225219726,7.173273851804146,1.8724212646484373,0.2176342003451063,UNDETERMINED,B014
F,48.000_-123.500__c777,241,0.3206063210964203,4.3464533576809545,3.071970224380493,0.3757902448388609,UNDETERMINED,B014
F,47.450_-123.300__c190,221,0.2962805926799774,2.96160980012886,2.2504665851593018,0.4415274621835757,UNDETERMINED,B014
F,47.550_-122.900__c647,217,0.9863326549530028,22.24965524227626,2.626955270767212,0.5117349053481366,TRUSTED,B014
F,47.650_-122.650__c971,241,0.6725128293037415,14.903609208518956,1.9702624082565308,0.5455743999299429,TRUSTED,B014
F,47.100_-123.000__c387,247,0.3312694132328033,4.666344928056007,2.147024393081665,0.3128239559008137,UNDETERMINED,B014
F,47.050_-122.600__c173,247,0.5073543787002563,9.9488741796439,2.67758584022522,0.8128597909329841,TRUSTED,B014
F,48.300_-122.850__c526,248,0.4091239273548126,7.001971636025543,2.0502896308898926,0.4001880226468362,UNDETERMINED,B014
F,48.250_-123.200__c619,249,0.2211732864379882,1.3634734493002654,2.39172911643982,0.4184215973857344,FAIL,B014
F,47.600_-123.050__c1275,246,0.1700160652399063,-0.1712374596715198,2.3491992950439453,0.2334913569284015,FAIL,B014
F,48.250_-123.050__c1393,246,0.2510806620121002,2.2606913684398373,2.6291186809539795,0.1141080766726864,UNDETERMINED,B014
F,47.400_-122.750__c917,237,0.814808189868927,18.21883261506192,2.789440155029297,0.8312661213993507,TRUSTED,B014
F,48.250_-123.100__c1366,238,0.5960156917572021,11.967022367124509,1.884064793586731,0.7834132757150851,TRUSTED,B014
F,47.900_-123.250__c446,211,0.7926324009895325,16.84086709656309,1.8710966110229488,0.5323899143957554,TRUSTED,B014
F,48.400_-123.750__c272,249,0.1935371309518814,0.534391878541319,2.3651716709136963,0.0292184236413511,FAIL,B014
F,48.400_-123.200__c486,249,0.3710455894470215,5.859625761602012,2.0670626163482666,0.1854389694580337,UNDETERMINED,B014
F,48.200_-123.300__c659,202,0.853386640548706,18.324581805443096,2.129802703857422,0.7509219886897063,TRUSTED,B014
F,48.050_-122.950__c149,242,0.5166462659835815,10.22762975793145,2.339387893676758,0.4787357652474302,TRUSTED,B014
F,47.200_-123.100__c692,240,1.0303940773010254,25.64000658419309,2.612586259841919,0.7791512369714523,TRUSTED,B014
F,47.200_-122.700__c508,239,0.2651776075363159,2.513604433736609,2.889777660369873,0.0013064381441547,UNDETERMINED,B014
F,40.950_-122.900__c746,249,0.3598765730857849,4.905008256659878,2.758596181869507,0.6277766587104726,UNDETERMINED,B040
F,41.000_-123.050__c656,249,0.3857797384262085,5.617618236884967,1.7728428840637207,0.5732696582872723,UNDETERMINED,B040
F,41.250_-122.950__c1097,250,0.5428014397621155,10.208673562967787,1.8110325336456297,0.7057180018751927,TRUSTED,B040
F,42.600_-123.350__c116,249,0.9738986492156982,21.7970851043441,2.4101309776306152,0.7081109432147145,TRUSTED,B040
F,41.100_-123.100__c773,244,1.6139593124389648,39.40549745735464,1.6472564935684204,0.9149989480688142,TRUSTED,B040
F,42.700_-123.450__c254,250,0.920648753643036,20.878832507907333,2.4278292655944824,0.8829701077574609,TRUSTED,B040
F,41.400_-123.400__c106,250,1.3561787605285645,33.17791266022456,1.9942132234573364,0.8953035282461717,TRUSTED,B040
F,41.800_-123.200__c1273,244,0.6793339252471924,13.693451460982844,2.1802191734313965,0.7722620035731739,TRUSTED,B040
F,41.950_-123.300__c277,244,0.518704354763031,9.274445770290258,2.306726455688477,0.4874182328656098,TRUSTED,B040
F,42.650_-123.600__c1059,247,1.2430871725082395,29.20260584821092,1.6727076768875122,0.7985819323169512,TRUSTED,B040
F,41.800_-123.250__c709,249,0.6876773238182068,13.922982833406358,1.5158312320709229,0.7831339107393178,TRUSTED,B040
F,42.050_-123.600__c410,249,1.0899574756622314,24.98992570633589,1.837992072105408,0.9329301037131256,TRUSTED,B040
F,41.000_-122.900__c855,247,0.4537699520587921,7.488065502903255,1.833148002624512,0.6810934127736795,TRUSTED,B040
F,41.450_-123.250__c613,250,0.8167998194694519,17.946207097623432,2.813667297363281,0.8935165887808774,TRUSTED,B040
F,42.300_-123.600__c321,248,0.9670857787132264,21.609659380489948,2.3079705238342285,0.8061180245785393,TRUSTED,B040
F,42.650_-123.250__c229,249,0.7240757346153259,14.924322648733174,1.939963459968567,0.7761901568303319,TRUSTED,B040
F,41.000_-123.150__c76,246,0.2836269438266754,2.8073400340929195,2.7709341049194336,0.4406721248672149,UNDETERMINED,B040
F,41.400_-122.900__c652,249,1.0330479145050049,23.424313136678933,2.2104732990264893,0.9044497460381414,TRUSTED,B040
F,41.450_-123.300__c303,247,0.432919830083847,6.914467457529649,1.7989935874938965,0.6436733073057235,UNDETERMINED,B040
F,41.050_-122.750__c908,248,1.3947666883468628,33.375390732289674,1.9583216905593872,0.9097952691494244,TRUSTED,B040
F,41.700_-122.800__c1519,247,0.5336544513702393,9.685730951371978,1.8194339275360107,0.5803472176426562,TRUSTED,B040
F,41.450_-123.450__c8,245,0.5084670782089233,8.992812798145467,2.999243259429932,0.5063832162165128,TRUSTED,B040
F,41.650_-123.200__c814,250,0.6946246027946472,14.496059556112955,1.962866187095642,0.6849238226072814,TRUSTED,B040
F,41.300_-123.250__c548,248,1.1496132612228394,26.63108838317351,2.231829643249512,0.9257792475795668,TRUSTED,B040
F,41.350_-123.350__c260,245,0.8186345100402832,17.525685308474646,2.0583813190460205,0.6621277974082548,TRUSTED,B040
F,42.400_-123.450__c95,250,1.3482133150100708,32.95297373217816,1.6604673862457275,0.8639506204821814,TRUSTED,B040
F,42.250_-123.400__c532,247,0.7848401665687561,16.595984782825646,2.065983295440674,0.622867321312904,TRUSTED,B040
F,42.450_-123.100__c435,245,1.0350226163864136,23.47863824521944,2.624776601791382,0.7545805496456647,TRUSTED,B040
F,41.600_-123.150__c255,247,0.9765931963920592,21.87121354327529,2.1103036403656006,0.7506164543953379,TRUSTED,B040
F,41.650_-123.300__c782,245,1.060581922531128,24.18178847442822,1.8128466606140137,0.8999377239594422,TRUSTED,B040
F,41.950_-123.300__c452,244,0.9548749923706056,21.273734094919984,2.4507946968078613,0.874602446639805,TRUSTED,B040
F,42.150_-123.250__c286,246,0.6656657457351685,13.317432507168874,2.0350563526153564,0.6798523488732827,TRUSTED,B040
F,42.400_-123.250__c264,250,1.411945104598999,34.752717437577694,1.895122528076172,0.8923426540449867,TRUSTED,B040
F,41.800_-123.200__c985,248,0.5262798070907593,9.482850529419602,2.195162773132324,0.8009399849415035,TRUSTED,B040
F,41.450_-123.300__c669,248,0.8619805574417114,18.71815833544342,1.8380677700042725,0.8963506098068919,TRUSTED,B040
F,41.400_-123.400__c285,250,1.2133910655975342,29.14568232716524,1.7079083919525146,0.9057705922230984,TRUSTED,B040
F,41.000_-122.700__c77,248,0.8028445839881897,17.09129596864449,2.238086462020874,0.8918418079975949,TRUSTED,B040
F,42.300_-123.150__c969,249,0.2279629409313202,1.2759934406862112,2.1562182903289795,-0.0166402852595673,FAIL,B040
F,41.050_-122.900__c343,250,0.9489203691482544,21.67720428398927,1.8901714086532595,0.838856968317761,TRUSTED,B040
F,41.600_-122.750__c398,248,0.9076884984970092,19.97560832441117,2.365916013717652,0.8628784361179062,TRUSTED,B040
F,42.000_-123.350__c585,246,0.2021775394678115,0.5666232079165676,2.690654993057251,0.2238215860085928,FAIL,B040
F,42.150_-123.250__c223,247,0.7449304461479187,15.498046955300792,1.974050760269165,0.7199799186694874,TRUSTED,B040
F,41.550_-123.450__c122,249,0.4261251389980316,6.727541859184249,2.422383069992065,0.5304567538369065,UNDETERMINED,B040
F,41.000_-123.150__c149,248,0.5880419015884399,11.18195889552991,2.073616504669189,0.5300784557144395,TRUSTED,B040
F,42.100_-123.150__c359,248,0.2482237815856933,1.8333800406754013,1.9208509922027588,0.3960991534870521,UNDETERMINED,B040
F,41.950_-123.150__c609,247,0.6806979775428772,13.73097727169668,2.558518648147583,0.7450629242031821,TRUSTED,B040
F,41.350_-122.700__c103,247,1.784271478652954,44.09087655302999,1.2341105937957764,0.9324985318523354,TRUSTED,B040
F,41.200_-123.250__c913,248,1.1233974695205688,25.909877883953705,2.170283317565918,0.9188783293342618,TRUSTED,B040
F,41.100_-123.050__c357,247,1.058022141456604,24.11136752328484,1.8501745462417605,0.8756430762162529,TRUSTED,B040
F,41.300_-122.600__c249,248,0.8037336468696594,17.115754565655966,2.620866537094116,0.771557710556594,TRUSTED,B040
F,42.100_-123.000__c172,250,0.6781817674636841,14.031724730797412,1.7672027349472046,0.622490734882148,TRUSTED,B040
F,42.350_-123.200__c1114,250,1.435997486114502,35.43194082847263,1.4685227870941162,0.868619755766322,TRUSTED,B040
F,41.500_-123.450__c552,249,0.6756323575973511,13.591619348378488,2.0687496662139893,0.8137759626774427,TRUSTED,B040
F,41.750_-122.850__c1189,242,0.2876971960067749,2.9193148559902804,1.541107177734375,0.5226233539189478,UNDETERMINED,B040
F,41.800_-123.350__c550,247,1.1123316287994385,25.605450666900328,2.506876468658448,0.9312511017461176,TRUSTED,B040
F,41.200_-122.950__c874,247,0.7597470879554749,15.905660723221564,2.085283041000366,0.8376670169563617,TRUSTED,B040
F,41.200_-123.200__c225,250,1.0970876216888428,25.861349775999628,2.2515218257904053,0.9241538020506972,TRUSTED,B040
F,41.900_-123.400__c53,248,0.9103409647941588,20.048579095771288,1.953068375587464,0.7618267999450815,TRUSTED,B040
F,42.050_-123.250__c313,249,1.2035341262817385,28.114480319192143,2.1355371475219727,0.670426964911253,TRUSTED,B040
F,42.050_-123.400__c832,248,0.67958003282547,13.700222012542268,2.115584135055542,0.5478196832280108,TRUSTED,B040
F,41.700_-123.400__c1184,248,0.8016415238380432,17.058199138255674,2.2717294692993164,0.8573940606385512,TRUSTED,B040
F,41.850_-123.400__c270,248,1.1238901615142822,25.923432105118685,2.3275346755981445,0.9111949262812687,TRUSTED,B040
F,41.150_-122.800__c1115,248,0.6060401201248169,11.677099546749051,1.9216327667236328,0.6106837983001855,TRUSTED,B040
F,41.000_-122.750__c917,249,0.7900248169898987,16.738617298409316,2.2527754306793213,0.8717151411760244,TRUSTED,B040
F,42.650_-123.400__c1011,249,0.5938348174095154,11.341325118709593,2.495073080062866,0.7128488860207495,TRUSTED,B040
F,42.300_-123.500__c280,249,0.5424361228942871,9.927319447945758,2.0514402389526367,0.6751469218709468,TRUSTED,B040
F,42.350_-123.200__c1108,246,1.2738821506500244,30.04979222393941,2.030134916305542,0.9584939562531164,TRUSTED,B040
F,41.450_-123.000__c995,249,0.8945437073707581,19.613988065981868,1.935888409614563,0.8578127174433418,TRUSTED,B040
F,41.300_-123.300__c421,250,0.9662334322929382,22.16611376882888,2.168684244155884,0.8983112354191904,TRUSTED,B040
F,41.850_-122.800__c93,248,0.2280652225017547,1.2788072615813366,2.33191990852356,0.3236534764826118,FAIL,B040
F,41.750_-123.350__c1145,243,1.2552365064620972,29.536840545585736,1.854414701461792,0.7014415179430157,TRUSTED,B040
F,41.300_-123.350__c173,244,0.5997769236564636,11.50479565057255,1.6815216541290283,0.5630398875046873,TRUSTED,B040
F,42.150_-123.450__c364,248,1.209583759307861,28.280908970457663,2.463468313217163,0.794148935736173,TRUSTED,B040
F,42.000_-123.050__c375,247,1.060816764831543,24.1882491121478,2.332850217819214,0.8886748097409671,TRUSTED,B040
F,41.350_-123.100__c1060,250,0.9520737528800964,21.76625376084686,1.907178282737732,0.821642300342194,TRUSTED,B040
F,47.600_-123.100__c620,243,0.6798349022865295,16.426817833059207,2.0485620498657227,0.3035856773783276,TRUSTED,B004
F,48.150_-123.600__c946,245,0.780735433101654,19.69958173111598,2.1065690517425537,0.884567171032442,TRUSTED,B004
F,48.400_-123.850__c1161,246,0.4894921779632568,10.252947473899487,2.426677703857422,0.7462377651898044,TRUSTED,B004
F,48.600_-123.500__c54,222,0.7375392913818359,14.14914770707798,2.238349437713623,0.5925207268448109,TRUSTED,B004
F,48.600_-124.050__c292,247,0.4547056853771209,9.124628562629104,2.251835346221924,0.7748519679248528,UNDETERMINED,B004
F,48.850_-124.350__c503,248,0.6542695164680481,15.597590562690112,1.896339535713196,0.7349792893074084,TRUSTED,B004
F,49.000_-123.600__c203,235,0.1588639318943023,-0.6895661029505336,2.5408785343170166,-0.2592840856030269,FAIL,B004
F,48.500_-123.700__c309,242,0.7818081974983215,19.734377431001512,2.3561978340148926,0.7413298293937037,TRUSTED,B004
F,47.800_-123.400__c917,239,0.155451238155365,-0.7868316384700906,2.557438850402832,-0.4506907873086714,FAIL,B004
F,48.400_-123.750__c510,246,0.7450288534164429,18.541419291604512,2.571651220321656,0.4774453128974036,TRUSTED,B004
F,49.000_-124.900__c742,239,0.2934895157814026,3.147411520329875,2.221384048461914,0.3532398848567937,FAIL,B004
F,48.700_-124.150__c1318,233,0.8278223872184753,18.376487687654613,1.8612147569656368,0.7016751023420685,TRUSTED,B004
F,48.600_-124.200__c653,244,1.1805057525634766,32.66635067157392,2.17483139038086,0.6091101008163833,TRUSTED,B004
F,48.700_-123.650__c1231,236,0.5963512659072876,11.779305434009032,2.765010356903076,0.4103753276720999,TRUSTED,B004
F,48.900_-124.550__c933,239,0.251645028591156,1.9547974838977973,1.3167964220046997,-0.206274080509476,FAIL,B004
F,49.100_-124.650__c704,242,1.0458142757415771,28.297558959998625,2.090254783630371,0.8928568772335915,TRUSTED,B004
F,48.550_-123.300__c644,241,0.2278696000576019,1.767076081854959,2.682795286178589,0.0978205468061933,FAIL,B004
F,48.050_-123.700__c580,247,0.9002534747123718,23.57621477348023,2.638108491897583,0.8073673736655335,TRUSTED,B004
F,49.000_-123.750__c454,244,0.1555050015449524,-0.5801092460746747,2.1756856441497803,-0.1278220990374101,FAIL,B004
F,47.700_-123.250__c1309,178,0.4139491319656372,5.35351811131454,2.677191972732544,0.6411841699001154,UNDETERMINED,B004
F,47.850_-123.100__c776,241,0.4796215295791626,9.932787595443884,2.407267570495605,0.4067564978553984,TRUSTED,B004
F,48.150_-123.300__c624,243,0.4594945609569549,9.279958361029104,2.288210391998291,0.5528702409637133,UNDETERMINED,B004
F,48.750_-124.500__c253,245,0.2704514563083648,3.148241876761268,2.6012120246887207,0.5220306415582845,FAIL,B004
F,48.450_-123.100__c191,239,0.3828513324260711,5.694321854466852,2.6032729148864746,0.2730816225880713,UNDETERMINED,B004
F,48.350_-123.100__c1219,227,0.1522117108106613,-1.0466704243342968,2.9760406017303467,0.0375990276345207,FAIL,B004
F,48.150_-123.550__c215,242,1.71825110912323,50.10841539689272,1.6151140928268433,0.8946083538768445,TRUSTED,B004
F,47.750_-123.100__c378,241,0.2236653566360473,1.6307091472357806,2.648206949234009,-0.3021678453038178,FAIL,B004
F,49.100_-124.600__c189,245,0.7569013237953186,18.92650936122889,2.3685903549194336,0.5594890329450609,TRUSTED,B004
F,48.850_-124.300__c345,225,0.2721531391143799,2.0671553911972285,2.639711380004883,0.3021505295570237,FAIL,B004
F,48.750_-124.550__c138,248,0.2036839127540588,0.9826000873554231,2.68835186958313,0.1970062878045796,FAIL,B004
F,47.200_-122.700__c75,142,0.6759502291679382,9.609656752519127,2.6383321285247803,0.3705748008806744,TRUSTED,B005
F,47.750_-123.350__c306,244,0.4968916773796081,9.699646976222814,1.4713664054870603,0.4730438171573887,TRUSTED,B005
F,47.900_-123.250__c522,206,0.93927401304245,18.91603550572557,3.259655475616455,,TRUSTED,B005
F,48.850_-123.750__c33,202,0.2844050228595733,2.28601715891996,3.26092529296875,0.2344278954158184,UNDETERMINED,B005
F,47.650_-122.800__c942,233,0.3767434656620025,4.948728412254407,2.2155916690826416,0.2440808875203946,UNDETERMINED,B005
F,48.250_-123.800__c7,244,1.3802828788757324,36.41262293267045,1.836512804031372,0.9102329907645568,TRUSTED,B005
F,48.400_-122.850__c160,169,0.1714809536933899,-0.8648332566542204,4.480301380157471,0.1471011790023922,FAIL,B005
F,48.450_-123.250__c781,243,0.5939808487892151,12.635538455675851,1.5147463083267212,0.7092605478589095,TRUSTED,B005
F,47.250_-122.950__c804,197,0.1168402954936027,-2.1026866323941893,4.57893705368042,-0.1228840364868616,FAIL,B005
F,48.050_-123.150__c6,132,0.3614224195480346,2.479313123155997,2.509926080703736,0.1358353551654842,UNDETERMINED,B005
F,48.150_-123.100__c339,210,0.2349449694156646,1.077024810473049,4.451536655426025,0.6042141635999941,FAIL,B005
F,47.500_-123.200__c64,209,0.19214628636837,-0.0568399674701018,4.767918586730957,0.2015333566962433,FAIL,B005
F,47.500_-123.250__c963,176,0.1887104958295822,-0.6192110661200967,4.206816673278809,0.224704159160626,FAIL,B005
F,47.650_-123.300__c951,221,0.2163646966218948,0.7167210212427748,3.4042530059814453,0.2403034144956083,FAIL,B005
F,48.200_-123.100__c776,191,0.1996531784534454,0.0223391209267445,4.752052307128906,0.4638671950931375,FAIL,B005
F,48.400_-123.650__c1102,181,0.2322117686271667,0.8010485123361367,4.434582710266113,0.160297953843111,FAIL,B005
F,47.500_-123.200__c144,165,0.2140474319458007,0.0835253803766697,4.396462917327881,-0.1009278429722986,FAIL,B005
F,47.700_-123.000__c11,168,0.151845097541809,-1.3023097532162324,4.680205821990967,0.2619927457458657,FAIL,B005
F,48.000_-123.450__c612,247,0.4338781833648681,7.794174126032908,1.9263434410095213,0.4746923779116032,TRUSTED,B005
F,48.100_-122.950__c42,174,0.2076861262321472,-0.2026337271375095,3.606135368347168,0.0046775419152301,FAIL,B005
F,48.150_-123.800__c183,243,0.4853744804859161,9.351377032866107,2.591808557510376,0.4432709622478591,TRUSTED,B005
F,48.500_-123.700__c1260,145,0.4180396199226379,4.022446328570136,3.5189757347106934,0.3275786134139727,UNDETERMINED,B005
F,47.700_-123.050__c373,234,0.3567919433116913,4.426658847379445,3.246840000152588,0.5359281588315378,UNDETERMINED,B005
F,48.100_-123.550__c977,244,0.3625226318836212,5.636444766888985,2.468536376953125,0.7361191839666779,UNDETERMINED,B005
F,48.700_-124.450__c527,155,0.3673626482486725,3.2087819270857403,2.424114227294922,0.2349960454090036,UNDETERMINED,B005
F,48.900_-124.250__c154,176,0.2753965854644775,1.2838329846340435,2.9463446140289307,-0.3261742796256638,FAIL,B005
F,48.000_-123.550__c742,245,1.1517618894577026,29.50234842967696,2.235279560089112,0.7966078708973593,TRUSTED,B005
F,48.750_-123.600__c193,244,0.4589466154575348,8.552221548990156,2.310609579086304,0.7463907379815105,TRUSTED,B005
F,48.800_-123.500__c748,166,0.1828479021787643,-0.611583652379535,3.80659532546997,0.119771225525534,FAIL,B005
F,48.000_-123.400__c528,248,0.8643175363540649,20.810283034108483,1.7176554203033447,0.7081782070962961,TRUSTED,B005
F,48.100_-122.900__c107,137,0.2859831750392914,0.9930280577663622,3.227636814117432,0.7648216770222186,FAIL,B005
F,48.850_-124.550__c991,205,0.6590815782546997,11.800711065252072,3.620736598968506,0.2959744257381519,UNDETERMINED,B005
F,48.950_-123.750__c993,160,0.3690538704395294,3.5369869016524893,2.785154342651367,-0.023835089538497,UNDETERMINED,B005
F,48.100_-123.600__c273,245,0.7587563395500183,17.618204929431204,2.2282958030700684,0.7609180236028128,TRUSTED,B005
F,47.300_-122.700__c900,181,0.1196521893143653,-1.9589767767228408,4.6157331466674805,-0.0117668381094064,FAIL,B005
F,47.300_-123.000__c1147,173,0.1252042055130005,-2.0133824779516214,4.554773330688477,0.3414639816630848,FAIL,B005
F,47.350_-122.550__c563,178,0.1389751881361007,-1.7110642321487777,4.278934955596924,-0.1943560029265954,FAIL,B005
F,47.400_-123.000__c675,177,0.1328745782375335,-1.8449926331452693,4.680751323699951,-0.152056471042063,FAIL,B005
F,47.550_-123.000__c297,141,0.2114485949277877,-0.4530094571501905,4.192922115325928,0.4009799893542503,FAIL,B005
F,47.600_-123.100__c970,214,0.117704227566719,-1.95191225810904,4.731449604034424,-0.0154072307601188,FAIL,B005
F,47.900_-122.950__c242,203,0.1745333969593048,-0.5041090829785615,4.510238170623779,-0.0035372382811781,FAIL,B005
F,47.200_-122.950__c428,168,0.1417708992958068,-1.526757565438436,4.655035972595215,0.1828153242032885,FAIL,B005
F,48.000_-123.050__c402,248,0.3578173518180847,5.4941612202041705,2.169650077819824,0.3072679690305959,UNDETERMINED,B005
F,48.200_-123.500__c956,244,0.754901111125946,17.501626199617686,2.063629627227783,0.5212294775588496,TRUSTED,B005
F,48.400_-122.750__c114,118,0.5881163477897644,6.107596025214564,3.246262550354004,,UNDETERMINED,B005
F,47.350_-122.850__c1069,196,0.11966223269701,-2.030274116162834,5.303024291992188,-0.1323027457996978,FAIL,B005
F,47.300_-122.850__c1093,173,0.1841636747121811,-0.7190287059946993,4.297971725463867,0.5723556830148427,FAIL,B005
F,47.300_-123.100__c87,211,0.4304389357566833,6.127648953549264,3.0558676719665527,,UNDETERMINED,B005
F,47.450_-123.300__c330,184,0.1038282513618469,-2.346988789455053,4.398418426513672,-0.3358679111606382,FAIL,B005
F,47.600_-122.850__c138,169,0.2418177276849746,0.7022328915073575,4.198165893554688,0.1759633183218374,FAIL,B005
F,47.900_-122.900__c521,175,0.1358605176210403,-1.7794414679741553,4.6482834815979,-0.0035560149320765,FAIL,B005
F,48.650_-124.000__c50,184,0.19083271920681,-0.213589455704111,3.7380099296569824,-0.0739061611987618,FAIL,B005
F,47.600_-122.800__c1158,237,0.3115875124931335,3.2437988573748955,3.310619592666626,0.5712963269685567,UNDETERMINED,B005
F,48.900_-124.600__c86,193,0.2583474218845367,1.5284668441125095,2.533505439758301,0.0823410231521791,FAIL,B005
F,47.400_-122.800__c1223,191,0.2700082659721374,1.827690746311732,3.471773147583008,0.5196532765567144,FAIL,B005
F,47.550_-123.200__c1125,206,0.1454245448112487,-1.2433115074840202,4.5539631843566895,0.3687524117671991,FAIL,B005
F,47.600_-123.100__c939,216,0.2537145018577575,1.5619392836948047,3.107128143310547,0.3988355833003553,FAIL,B005
F,47.650_-123.000__c948,197,0.2980782389640808,2.5479822440950866,2.9230852127075195,0.3928810939910108,UNDETERMINED,B005
F,47.650_-123.100__c492,201,0.2085296362638473,0.3592057049136801,4.295414447784424,0.5536980155395684,FAIL,B005
F,47.700_-122.950__c861,202,0.233874425292015,1.0028219286970732,3.9848575592041016,0.5689935147816009,FAIL,B005
F,47.750_-123.050__c178,222,0.2302637547254562,1.0645088408732928,3.620434045791626,0.0952431404335566,FAIL,B005
F,48.200_-123.450__c167,248,0.8531548380851746,20.47273281857438,2.4485974311828613,0.7723510981247104,TRUSTED,B005
F,48.300_-123.450__c576,247,0.3813886046409607,6.206935253785709,2.2578258514404297,0.7948815940326661,UNDETERMINED,B005
F,48.300_-123.900__c723,222,0.4112876057624817,5.594160417562137,3.1889052391052246,0.2426608241967981,UNDETERMINED,B005
F,48.850_-123.950__c293,231,0.3513015210628509,4.282991496883398,2.718923091888428,0.5946235796723963,UNDETERMINED,B005
F,47.900_-123.400__c24,235,0.7846378684043884,15.622061986287536,2.248930692672729,0.663686783875886,TRUSTED,B005
F,48.800_-123.900__c1232,177,0.1061596199870109,-2.4314736081082566,4.743303298950195,-0.0941526729978484,FAIL,B005
F,47.700_-122.900__c1192,181,0.1099351197481155,-2.1972448823974755,4.660267353057861,0.1934872100424947,FAIL,B005
F,47.750_-122.900__c946,243,0.3614176213741302,5.603030217228923,2.4945671558380127,0.6054176085386179,UNDETERMINED,B005
F,48.100_-123.250__c711,247,0.7020215392112732,15.902594274971449,2.297147274017334,0.7448935458203233,TRUSTED,B005
F,48.050_-123.250__c693,245,0.6932668685913086,15.637860705764895,2.288266181945801,0.6852010524462937,TRUSTED,B005
F,48.150_-123.400__c810,245,0.3067405223846435,3.9496426487306273,1.9793879985809328,-0.0804786114886516,UNDETERMINED,B005
F,48.100_-123.400__c796,246,0.3993640840053558,6.750498000679125,2.1523711681365967,0.4753185252461946,UNDETERMINED,B005
F,47.300_-122.850__c1096,169,0.1785922646522522,-0.7063970071609348,3.0925679206848145,-0.0489557906139192,FAIL,B005
F,48.350_-123.850__c745,246,0.6099832653999329,13.119437513582689,2.4690020084381104,0.640821879491535,TRUSTED,B005
F,48.500_-123.800__c52,158,0.3721478581428528,3.3120528625650323,5.229959964752197,-0.1064716216786522,UNDETERMINED,B005
F,48.900_-123.850__c1213,191,0.2740704417228699,1.931928490202476,3.101109266281128,0.3519461770490853,FAIL,B005
F,47.200_-123.150__c732,176,0.1360161751508712,-1.7760242745426893,4.630543231964111,-0.0604562569755848,FAIL,B005
F,48.150_-123.800__c41,244,0.616280198097229,13.309851241337004,2.0486090183258057,0.7210254326467744,TRUSTED,B005
F,48.300_-123.300__c691,247,0.448795348405838,8.245256127305858,2.0189321041107178,0.3942355310459842,TRUSTED,B005
F,47.550_-123.200__c999,209,0.810858964920044,15.65500980700502,3.4215638637542725,0.2930055998603917,UNDETERMINED,B005
F,47.650_-122.800__c206,246,0.3863892555236816,6.358150555195183,2.233055591583252,0.0103482268532504,UNDETERMINED,B005
F,48.800_-123.950__c252,174,0.4830187261104584,5.84182009912168,2.725412368774414,,UNDETERMINED,B005
F,47.200_-123.050__c256,183,0.1428608000278473,-1.3898883625317793,4.765244007110596,0.1677202891891505,FAIL,B005
F,47.500_-122.850__c336,200,0.1834750175476074,-0.2770418120239207,4.292962074279785,0.1106664056143008,FAIL,B005
F,47.800_-123.250__c1026,208,0.181056797504425,-0.3384511080626682,4.201290130615234,0.2538444756420102,FAIL,B005
F,48.050_-123.500__c1001,241,0.97212815284729,24.070381619373773,2.165034055709839,0.8019931736159367,TRUSTED,B005
F,48.900_-124.000__c485,247,0.469429463148117,8.869213678682376,2.2692766189575195,0.6739508624288678,TRUSTED,B005
F,48.450_-123.100__c614,246,0.4479554295539856,8.219857717114653,2.319597244262696,0.6728987267959319,TRUSTED,B005
F,48.650_-123.950__c572,246,1.173424482345581,30.15740625908273,2.033289194107056,0.7775855775405339,TRUSTED,B005
F,47.500_-123.000__c653,221,0.3330246210098266,3.635832549436457,2.4445295333862305,0.6313073481064986,UNDETERMINED,B005
F,47.750_-122.700__c252,246,0.4271553754806518,7.590882305753582,1.5625516176223757,0.7653168196075402,TRUSTED,B005
F,48.100_-123.650__c931,246,0.7426208853721619,17.130282932053994,1.6357840299606323,0.7586591132457279,TRUSTED,B005
F,48.800_-123.600__c9,245,0.3934077322483063,6.5703831421603445,2.446918487548828,0.4378047336270543,UNDETERMINED,B005
F,48.700_-123.350__c52,246,0.7064085602760315,16.035253948313045,2.3566489219665527,0.7063322611041809,TRUSTED,B005
F,48.950_-123.850__c666,237,0.4806044697761535,7.666449309602645,2.565633535385132,0.7636344400476568,TRUSTED,B005
F,48.250_-123.250__c682,176,0.5235016942024231,6.730554057577576,3.101776599884033,0.0807695080557897,UNDETERMINED,B005
F,48.700_-124.300__c420,246,0.7133201956748962,16.24425574719548,1.840137243270874,0.75336132677959,TRUSTED,B005
F,48.800_-123.600__c729,194,0.2012908607721328,0.0643629821737526,2.80767560005188,0.2136149646522134,FAIL,B005
F,48.400_-123.900__c903,245,1.3287694454193115,34.854901838069445,2.2507572174072266,0.7027038190409689,TRUSTED,B005
F,47.200_-122.900__c736,181,0.1324907094240188,-1.644168917693238,4.740748882293701,0.1099087714927282,FAIL,B005
F,48.700_-123.750__c203,242,0.2965185642242431,3.640539589854636,2.6817569732666016,0.2938721045388384,UNDETERMINED,B005
F,47.450_-123.050__c8,159,0.1078746616840362,-2.3912999315509738,4.677379131317139,-0.1540868482974298,FAIL,B005
F,47.750_-122.900__c901,201,0.2036027312278747,0.2340898078877537,3.766024351119995,0.2751461459112341,FAIL,B005
F,47.750_-122.650__c477,202,0.485773503780365,7.39965298895976,3.390570640563965,0.0315536168627573,UNDETERMINED,B005
F,48.400_-122.750__c708,242,0.6596100926399231,14.62010928913518,1.8162134885787964,0.6081721657242313,TRUSTED,B005
F,48.100_-123.750__c420,240,1.2833292484283447,33.48083009316169,1.8071296215057373,0.8740609139936528,TRUSTED,B005
F,48.950_-123.850__c1298,247,0.4269034266471863,7.583263593772727,2.3204662799835205,0.5045915984415542,TRUSTED,B005
F,47.750_-123.000__c1125,159,0.1690444052219391,-1.0711788129621471,4.5112080574035645,-0.1096548951418541,FAIL,B005
F,48.400_-123.600__c960,243,1.312381148338318,34.359334092827844,2.180753469467163,0.8372043616473964,TRUSTED,B005
F,47.800_-123.250__c977,166,0.2399694919586181,0.6610551764056863,2.783116579055786,,FAIL,B005
F,47.800_-123.300__c485,247,0.3558094799518585,5.433444934151866,1.8427289724349976,0.2943798638009174,UNDETERMINED,B005
F,48.050_-123.450__c273,246,0.8861913084983826,21.47172673920581,1.2470098733901978,0.6496762118990345,TRUSTED,B005
F,48.500_-123.050__c33,244,0.8597044944763184,20.670788689408617,2.5930981636047363,0.909842201327502,TRUSTED,B005
F,48.250_-123.200__c49,247,0.6707552075386047,14.957127798959716,1.745796799659729,0.674459466802311,TRUSTED,B005
F,48.200_-123.550__c562,246,0.5251802206039429,10.555067738524688,2.264108657836914,0.576937689836216,TRUSTED,B005
F,48.050_-123.650__c672,248,0.6063946485519409,13.01092088424004,2.429443359375,0.3784639363052873,TRUSTED,B005
F,48.600_-123.350__c923,182,0.3275991082191467,3.1400006578331805,3.488882541656494,0.6409600236448306,UNDETERMINED,B005
F,48.800_-123.750__c685,245,0.4614049196243286,8.62655851316863,2.305988073348999,0.63327390487905,TRUSTED,B005
F,47.700_-122.800__c938,191,0.14975406229496,-1.2581006260647143,4.147703170776367,0.0828336914394972,FAIL,B005
F,47.550_-123.200__c1158,176,0.1569960862398147,-1.3154463992304697,4.458247184753418,0.1837889516446463,FAIL,B005
F,47.700_-122.950__c579,249,0.8471260070800781,20.29042625109683,2.3315892219543457,0.8257606956201489,TRUSTED,B005
F,47.600_-123.000__c950,190,0.3352263569831848,3.5012241148832475,2.850080728530884,0.2413249602997955,UNDETERMINED,B005
F,48.650_-123.900__c527,249,0.5704049468040466,11.922623835499918,2.5593924522399902,0.5684787431653956,TRUSTED,B005
F,48.550_-123.800__c85,171,0.4674633741378784,5.500329092277504,3.4047651290893555,0.350998628736494,UNDETERMINED,B005
F,48.200_-123.600__c233,241,0.6168049573898315,13.325719502581256,2.145956754684448,0.4572213312380749,TRUSTED,B005
F,47.950_-123.600__c414,247,0.4013761878013611,6.811342256580174,1.7730412483215332,0.3963119245156032,UNDETERMINED,B005
F,48.900_-123.700__c963,246,0.5010092258453369,9.824158034266222,2.282620906829834,0.7073353679352021,TRUSTED,B005
F,47.700_-122.700__c63,232,0.3304695188999176,3.737882501503545,3.3890833854675293,0.3494425096745093,UNDETERMINED,B005
F,48.000_-123.600__c286,246,0.8593722581863403,20.660742155086098,2.1962203979492188,0.8181545262133767,TRUSTED,B005
F,48.100_-123.250__c1101,249,0.4366689026355743,7.87856303171061,2.6108920574188232,0.5579639251987769,TRUSTED,B005
F,47.750_-123.100__c288,248,1.2298141717910769,29.23247935398368,1.589845895767212,0.6724956129663803,TRUSTED,B011
F,48.900_-123.700__c547,244,0.7275393009185791,15.323273976864572,2.2888100147247314,0.816527560392518,TRUSTED,B011
F,48.900_-124.050__c395,242,0.2706243693828583,2.670194973404028,2.743823766708374,0.1580924542139653,UNDETERMINED,B011
F,48.000_-122.850__c828,231,0.6800572872161865,14.044828508802333,2.5644025802612305,0.4764061375403686,TRUSTED,B011
F,48.400_-123.750__c1028,246,0.3898810446262359,5.972700602784027,2.129811763763428,0.6269143495220793,UNDETERMINED,B011
F,48.850_-123.650__c147,248,0.3504991233348846,4.882120000104431,2.035712957382202,-0.0442900570235394,UNDETERMINED,B011
F,48.000_-123.150__c609,248,1.1203309297561646,26.200623716509423,1.8218313455581665,0.7968603399506896,TRUSTED,B011
F,48.850_-123.500__c244,248,0.4606947600841522,7.933703569366967,2.08040738105774,-0.0880420923715342,UNDETERMINED,B011
F,48.600_-123.900__c943,246,0.6503245830535889,13.185011779803371,2.1566154956817627,0.6108702896636459,TRUSTED,B011
F,48.250_-122.950__c45,248,0.3942426443099975,6.093483841787871,2.2804601192474365,0.5625223037533756,UNDETERMINED,B011
F,47.800_-122.700__c384,243,1.1239205598831177,26.30002925232084,2.3208582401275635,0.7104864117452706,TRUSTED,B011
F,47.850_-122.800__c102,248,0.4433523416519165,7.453450079299104,2.487244844436645,0.5630437710621403,TRUSTED,B011
F,48.350_-123.300__c965,247,0.2603532969951629,2.3857641496290976,2.2803921699523926,-0.0452325272814972,UNDETERMINED,B011
F,48.550_-124.200__c234,247,1.339131474494934,32.25973973023816,2.039825916290283,0.7068556506477952,TRUSTED,B011
F,48.600_-123.250__c427,246,0.9071614146232604,20.297444525056047,2.403799295425415,0.8072466095597952,TRUSTED,B011
F,47.800_-122.600__c221,247,0.4161646962165832,6.700558453597327,2.4223549365997314,0.6082210315872888,UNDETERMINED,B011
F,48.450_-122.900__c54,246,0.9320297241210938,20.986108131870115,2.1007680892944336,0.4028466219395553,TRUSTED,B011
F,48.850_-124.100__c234,244,0.9568684101104736,21.67395139212304,2.2295689582824707,0.8119261435440164,TRUSTED,B011
F,48.950_-124.750__c321,247,0.7219039797782898,15.16721831162664,2.376164674758911,0.6426326938536665,TRUSTED,B011
F,48.800_-124.500__c366,245,1.2899913787841797,30.898931688408656,1.8746192455291748,0.9049288069123576,TRUSTED,B011
F,48.400_-123.650__c723,248,0.3269496858119964,4.229979146526596,2.2652904987335205,0.1077423601034345,UNDETERMINED,B011
F,48.550_-123.400__c79,247,0.3359701335430145,4.479777150289656,1.94735848903656,0.3415971961737911,UNDETERMINED,B011
F,48.600_-123.200__c1005,247,0.3352556526660919,4.45999144761678,1.864562511444092,0.5724828395088747,UNDETERMINED,B011
F,48.750_-123.900__c996,246,0.9848790764808656,22.449634457092948,2.4112045764923096,0.8431188346936489,TRUSTED,B011
F,48.600_-123.350__c655,239,0.2142317444086074,0.9746851898479512,2.336478471755981,-0.1947572369448269,FAIL,B011
F,48.450_-123.100__c873,241,0.5622549653053284,10.74615116426625,2.0368335247039795,0.4984649136988806,TRUSTED,B011
F,48.700_-123.250__c225,244,0.5598723292350769,10.680170211680483,2.28153133392334,0.5847091638985568,TRUSTED,B011
F,48.550_-123.550__c492,241,0.2432063966989517,1.910925029394612,2.378426551818848,0.4186012171383919,UNDETERMINED,B011
F,48.200_-123.600__c1133,244,0.3223952353000641,4.103855401891812,2.2271509170532227,0.1865517940580554,UNDETERMINED,B011
F,49.000_-124.300__c1185,248,0.3495862782001495,4.856841111605632,2.362456798553467,-0.0179162175802377,UNDETERMINED,B011
F,48.600_-123.850__c1386,246,0.4898926317691803,8.742263219457286,2.6616873741149902,0.5102448607079176,TRUSTED,B011
F,48.900_-123.600__c1384,245,0.7658276557922363,16.38357108184339,2.163896322250366,0.6516694245033696,TRUSTED,B011
F,48.350_-123.550__c1413,249,0.6867611408233643,14.194028146428897,2.297234296798706,0.4289545957039565,TRUSTED,B011
F,48.450_-122.800__c507,246,1.0194599628448486,23.40726279657952,2.0580034255981445,0.8894658594681876,TRUSTED,B011
F,48.700_-123.850__c1074,245,0.6775919795036316,13.940111903893095,1.6306742429733276,-0.0336729861262307,UNDETERMINED,B011
F,48.600_-123.350__c884,243,0.4874023497104645,8.673301289226805,2.2149477005004883,0.777223874715211,TRUSTED,B011
F,48.950_-124.600__c985,245,0.718717098236084,15.07896585773403,2.265913963317871,0.4485888501543052,TRUSTED,B011
F,48.550_-123.650__c1083,247,0.9730268120765686,22.12141660399408,1.913569092750549,0.812713523323326,TRUSTED,B011
F,48.700_-123.400__c42,245,0.3697888553142547,5.416299309741345,2.413824796676636,0.470788091302598,UNDETERMINED,B011
F,49.350_-124.700__c414,239,0.5543790459632874,10.518545653316997,1.550684094429016,0.3422751763651876,TRUSTED,B011
F,48.500_-124.100__c303,246,0.8550856113433838,18.85533964383827,1.9369983673095703,0.6699335314032988,TRUSTED,B011
F,48.600_-123.600__c1592,249,0.7333658933639526,15.484626406920832,2.174060344696045,0.5254127114361204,TRUSTED,B011
F,48.700_-123.650__c341,247,0.206206813454628,0.8863171263172677,1.8982131481170648,0.2052159369112869,FAIL,B011
F,48.900_-124.050__c988,246,0.7619987726211548,16.277540050868144,2.162519693374634,0.4787134189177764,TRUSTED,B011
F,47.800_-123.100__c489,247,0.9588856101036072,21.72981253632577,1.7915635108947754,0.7958832720584349,TRUSTED,B011
F,48.650_-123.700__c437,245,0.7509176731109619,15.97067761790623,2.240449905395508,0.5505109212756906,TRUSTED,B011
F,48.050_-123.600__c694,248,1.0274064540863037,23.62732034895692,1.9710108041763303,0.8536766869481921,TRUSTED,B011
F,48.600_-124.400__c148,248,0.4767857789993286,8.379302781665828,2.153566837310791,0.3548813416871121,TRUSTED,B011
F,49.300_-124.750__c358,230,0.1883318275213241,0.2479847525436097,2.7071335315704346,-0.147082343347161,FAIL,B011
F,49.000_-124.350__c495,227,0.6815944910049438,13.633196943347748,2.497910261154175,0.6256700290295923,TRUSTED,B011
F,48.650_-124.000__c953,247,0.783178985118866,16.864071336118275,2.408087015151977,0.5842383844484553,TRUSTED,B011
F,49.000_-123.750__c270,247,0.4159711301326751,6.695198140805956,2.783363103866577,0.4334843014776647,UNDETERMINED,B011
F,48.300_-123.850__c285,247,1.0051528215408323,23.011063467691447,2.290187120437622,0.610629233795044,TRUSTED,B011
F,48.200_-122.900__c599,247,1.36751127243042,33.045644940586655,1.992845177650452,0.8240456702064617,TRUSTED,B011
F,48.500_-123.150__c1124,250,0.5352942943572998,9.968995640366904,2.114498376846313,0.5876736936647223,TRUSTED,B011
F,48.300_-123.850__c807,246,0.7998428344726562,17.325533608026518,2.566990375518799,0.715335442728049,TRUSTED,B011
F,48.600_-123.450__c1039,246,0.4799515008926391,8.466969273729049,2.5405335426330566,0.6078285142738757,TRUSTED,B011
F,47.850_-123.500__c344,248,0.7112246751785278,14.87148255103628,1.7620065212249756,0.4946452013878656,TRUSTED,B011
F,48.200_-123.300__c585,248,0.94671893119812,21.392887785621213,2.0928611755371094,0.7739205588622118,TRUSTED,B011
F,48.150_-123.300__c538,244,0.4054341316223144,6.403403179842818,2.1437063217163086,0.5435988865053608,UNDETERMINED,B011
F,48.700_-123.150__c25,106,1.6044105291366575,22.354734661611506,0.9428716897964478,0.6551513758015737,TRUSTED,B011
F,48.550_-123.400__c699,245,0.517339825630188,9.502342368500102,2.395505428314209,0.6087499755261699,TRUSTED,B011
F,48.500_-123.450__c834,240,0.4155847728252411,6.684498972980346,2.040950298309326,0.5026531283511105,UNDETERMINED,B011
F,48.250_-123.500__c105,247,0.2874283790588379,3.135538623458202,2.3904905319213867,0.2767530992435725,UNDETERMINED,B011
F,48.400_-123.750__c14,248,1.2000280618667605,28.40762996503637,1.9058891534805296,0.8054046882291664,TRUSTED,B011
F,49.100_-124.700__c86,246,1.165553092956543,27.45293473589016,1.8788129091262813,0.6331530919943259,TRUSTED,B011
F,48.800_-123.500__c375,157,0.6966325044631958,9.70489311343464,2.646724939346313,0.4029022116429802,TRUSTED,B011
F,48.450_-123.300__c693,246,0.6795039176940918,13.993058094319212,2.3266706466674805,0.5704804645051803,TRUSTED,B011
F,48.050_-122.900__c955,249,0.396745890378952,6.1628047768011465,1.979719161987305,0.2319673651478634,UNDETERMINED,B011
F,48.750_-123.600__c465,249,0.6677349209785461,13.667146124813735,2.0618996620178223,0.2470402281149779,UNDETERMINED,B011
F,48.500_-123.050__c382,248,1.2932312488555908,30.988651522769786,2.034451723098755,0.8389059385809662,TRUSTED,B011
F,47.000_-122.800__c817,225,1.1307296752929688,22.6746888153362,2.539880514144897,0.5730436864937516,TRUSTED,B013
F,47.250_-122.750__c292,246,0.4205333888530731,6.247188254443998,2.16180157661438,0.2637368277651314,UNDETERMINED,B013
F,47.050_-122.800__c689,209,1.1948424577713013,21.86396395384326,1.6816657781600952,0.7308681211594183,TRUSTED,B013
F,47.800_-122.800__c561,237,1.025345802307129,21.668775056615885,2.28840970993042,0.8307175127870154,TRUSTED,B013
F,47.900_-122.800__c382,238,0.7669610977172852,14.908513594714194,2.375488042831421,0.8013401208156246,TRUSTED,B013
F,47.900_-123.150__c889,243,0.3914119601249695,5.4470651660690335,2.640881061553955,0.6453084913042625,UNDETERMINED,B013
F,48.000_-123.550__c63,238,1.2859959602355957,28.488308823057203,1.9110935926437376,0.8150698574386223,TRUSTED,B013
F,48.100_-123.000__c176,164,0.4862728416919708,6.021656320236676,3.0303425788879395,0.0774472077204121,UNDETERMINED,B013
F,47.800_-122.900__c109,204,2.578559160232544,52.50045202038007,0.9808743000030518,0.9224045118534714,TRUSTED,B013
F,48.350_-122.850__c666,241,2.451536178588867,62.04981524071251,1.5551471710205078,0.9334347594678558,TRUSTED,B013
F,47.850_-122.750__c708,241,1.1127076148986816,25.2649563937762,2.266538143157959,0.9307416453660354,TRUSTED,B013
F,48.250_-123.800__c838,156,0.3086209297180176,1.5883332124752738,3.279438734054565,-0.1334486225983244,FAIL,B013
F,47.700_-123.400__c810,247,1.0788029432296753,24.333411761834267,2.361551284790039,0.9113951262215874,TRUSTED,B013
F,47.750_-122.600__c700,243,0.5378569960594177,9.47070203921374,2.263261079788208,0.6353326788598198,TRUSTED,B013
F,47.650_-123.000__c800,228,0.3009468913078308,2.42287840880501,2.6334540843963623,0.6599466897379499,UNDETERMINED,B013
F,47.750_-123.050__c896,245,0.4741647839546203,7.720732629040424,2.258249521255493,0.6040629564276241,UNDETERMINED,B013
F,47.700_-123.100__c1235,235,1.740290284156799,40.37426165157426,2.402795791625977,0.8578695406620449,TRUSTED,B013
F,48.000_-123.200__c710,243,0.906554400920868,19.6008130652873,2.0716164112091064,0.7257858812634285,TRUSTED,B013
F,48.050_-122.900__c1046,215,0.4427376985549927,6.609191672725393,2.3923919200897217,0.7351752258766537,UNDETERMINED,B013
F,47.950_-122.950__c424,238,1.016163945198059,21.42854506753172,2.3600103855133057,0.904899643542214,TRUSTED,B013
F,48.500_-124.050__c791,242,1.0554801225662231,23.692607786415028,1.922693133354187,0.7868686993910167,TRUSTED,B013
F,48.650_-123.550__c133,173,1.0052435398101809,20.979882003954742,2.335792303085327,0.6302477585245435,TRUSTED,B013
F,48.700_-123.600__c116,241,1.1294405460357666,25.724700476526145,2.330702543258667,0.9135273703990152,TRUSTED,B013
F,47.850_-123.350__c295,245,0.6977249979972839,13.863140357990892,2.317534685134888,0.4411544057984772,TRUSTED,B013
F,48.300_-122.900__c446,227,0.34772989153862,3.564671742202991,1.948464274406433,0.7606829787674633,UNDETERMINED,B013
F,47.500_-123.050__c223,109,0.266231507062912,-0.3412761691971233,2.9785854816436768,-0.3986425285708316,FAIL,B013
F,47.400_-123.000__c670,225,0.9849017858505248,19.115590186187177,1.252880334854126,0.6915553067019071,TRUSTED,B013
F,48.250_-123.200__c416,235,0.9134109020233154,18.740160555878845,2.6570911407470703,0.7737228125284311,TRUSTED,B013
F,47.500_-123.200__c104,241,0.5405673980712891,9.545171435915536,2.0137650966644287,0.7016956286477459,TRUSTED,B013
F,48.200_-123.400__c782,99,0.362089067697525,1.0570606665382916,2.828406572341919,-0.0382671649155159,FAIL,B013
F,47.750_-122.750__c920,237,0.8606730103492737,17.360350024013545,2.135864734649658,0.8190882276816204,TRUSTED,B013
F,47.900_-122.950__c324,235,1.2023303508758545,26.29931936433902,2.054583549499512,0.8258282714432175,TRUSTED,B013
F,47.750_-123.450__c139,245,0.968415379524231,21.30046859085064,2.3594655990600586,0.7971603117096164,TRUSTED,B013
F,48.000_-123.400__c519,245,0.3997387588024139,5.675847343491662,2.4632322788238525,0.5707656332660233,UNDETERMINED,B013
F,47.800_-123.100__c949,241,0.4471887350082397,6.979554721985937,2.544643878936768,0.7742111481847795,UNDETERMINED,B013
F,47.700_-122.950__c915,221,0.2676740884780884,1.610817098776786,2.586996078491211,0.0981851441859872,FAIL,B013
F,47.800_-122.950__c888,243,0.4539979696273803,7.166641210214405,2.626431941986084,0.4106517037000676,UNDETERMINED,B013
F,47.850_-123.100__c302,242,0.3615966439247131,4.627877237421733,1.825242042541504,0.3032110164941113,UNDETERMINED,B013
F,47.900_-122.850__c822,229,1.2019420862197876,24.412710225898213,1.8101056814193728,0.7615176760274271,TRUSTED,B013
F,47.900_-123.050__c777,239,1.1632235050201416,25.27614539839329,1.942523956298828,0.8548504990948642,TRUSTED,B013
F,48.350_-123.850__c846,236,0.6825096607208252,12.698964094345554,2.503170967102051,0.5716237617206079,TRUSTED,B013
F,48.400_-122.800__c1047,246,0.3862510025501251,5.305265759442683,2.341773748397827,0.652913329641493,UNDETERMINED,B013
F,48.500_-123.800__c783,206,1.0790785551071167,19.30086746436777,2.6660091876983643,0.7477786581353212,TRUSTED,B013
F,47.650_-123.100__c110,243,0.529242217540741,9.234007498626932,1.8206863403320312,0.1738240769713005,UNDETERMINED,B013
F,47.950_-122.750__c50,236,0.5835908055305481,10.110895556543454,2.3014955520629883,0.4019113241675032,TRUSTED,B013
F,47.550_-123.250__c630,238,0.2880769073963165,2.3792025363068627,2.3078081607818604,0.3123046545238069,UNDETERMINED,B013
F,47.650_-123.050__c381,246,0.2770162522792816,2.303996606043329,2.381141424179077,0.1708622660200583,UNDETERMINED,B013
F,47.250_-123.100__c423,190,1.7274013757705688,38.17739306716578,1.702203392982483,0.7302220500642304,TRUSTED,B013
F,48.550_-123.200__c1170,242,0.3739849328994751,4.96825051123032,2.427620410919189,0.2174279268079858,UNDETERMINED,B013
F,47.750_-123.400__c466,240,0.5226009488105774,9.05153594145438,1.8768233060836792,0.3680908736419827,TRUSTED,B013
F,47.900_-123.050__c350,242,1.5679020881652832,37.7716095240811,1.933239817619324,0.7007142467736551,TRUSTED,B013
F,47.650_-122.700__c551,175,0.4630376994609833,6.430155460776047,2.3302135467529297,0.1561480249472947,UNDETERMINED,B013
F,47.100_-123.100__c1064,190,0.2533149421215057,0.9235523217527876,3.394316911697388,0.393907487828897,FAIL,B013
F,47.700_-122.900__c754,247,1.1520960330963137,26.34716919002131,2.576930046081543,0.8286992454516507,TRUSTED,B013
F,48.250_-123.300__c1148,116,0.380663126707077,1.8653331402986728,3.1667137145996094,0.0941594110590963,UNDETERMINED,B013
F,48.500_-123.400__c348,233,1.045766830444336,22.20306167295222,1.9151787757873533,0.5595239715911794,TRUSTED,B013
F,47.750_-122.750__c376,239,0.7559404969215393,14.62017554093989,2.258080244064331,0.6374165806008442,TRUSTED,B013
F,47.950_-122.850__c511,245,0.966829478740692,21.256895322360663,2.116140842437744,0.69047055638164,TRUSTED,B013
F,48.500_-122.750__c208,245,0.5886526107788086,10.8663321954348,2.261688470840454,0.7429588763090407,TRUSTED,B013
F,48.000_-122.900__c421,243,0.991384506225586,21.931554680930702,2.4905266761779785,0.8376844529515861,TRUSTED,B013
F,47.350_-122.750__c1097,247,1.2407326698303225,28.78249680354405,2.151592493057251,0.8634997241790975,TRUSTED,B013
F,48.000_-123.100__c277,246,0.2855902910232544,2.5395718047647287,1.9770164489746087,0.0694895166110965,UNDETERMINED,B013
F,47.850_-123.150__c547,245,1.1069095134735107,25.10565120094608,2.005532503128052,0.8739146579286832,TRUSTED,B013
F,48.150_-122.950__c26,186,0.5326164960861206,7.263985929307427,1.980872392654419,0.8259192247541651,UNDETERMINED,B013
F,48.200_-123.100__c480,236,0.3612250387668609,4.293017420587173,1.996240258216858,0.4450870202740526,UNDETERMINED,B013
F,47.750_-122.700__c737,243,0.2572965621948242,1.762190107485568,1.7832465171813965,0.0603695333855734,FAIL,B013
F,47.600_-122.700__c585,237,0.3634397387504577,4.350961837121232,2.0662646293640137,0.2799609259740526,UNDETERMINED,B013
F,47.050_-123.100__c1259,241,1.2871423959732056,30.057622888832725,1.4971989393234253,0.7702374986974481,TRUSTED,B013
F,47.450_-123.300__c191,245,1.2749277353286743,29.722020123954543,2.2590484619140625,0.95663788008202,TRUSTED,B013
F,47.700_-123.450__c404,244,0.984413743019104,21.740030129124683,2.1691362857818604,0.7695429957508415,TRUSTED,B013
F,47.500_-122.750__c964,242,1.0498392581939695,23.537622745510216,2.111889839172364,0.8264798517818314,TRUSTED,B013
F,47.550_-122.850__c299,240,0.8074532747268677,16.877969351398402,2.1768476963043213,0.6540115805657349,TRUSTED,B013
F,48.100_-123.700__c339,239,1.4007301330566406,31.490162234297262,2.171876907348633,0.9309966106388712,TRUSTED,B013
F,45.500_-122.850__c61,215,0.1723131984472274,-0.6434366908626284,4.201221942901611,0.0207403637344626,UNDETERMINED,B020
F,45.550_-123.300__c962,238,0.1272060126066208,-1.4497377583910676,4.604776859283447,-0.2574693095461949,UNDETERMINED,B020
F,45.600_-123.200__c44,220,0.0995728000998497,-2.3941527822216453,5.318130016326904,-0.2043591801582792,FAIL,B020
F,45.600_-123.350__c822,224,0.1130626276135444,-2.0426406274038467,4.066547393798828,0.2289511034909571,UNDETERMINED,B020
F,45.800_-123.350__c238,234,0.1559012979269027,-0.7034857721792553,4.96076250076294,0.1095523940520567,UNDETERMINED,B020
F,46.300_-123.000__c149,221,0.1190890446305275,-1.8856068306914864,3.449058771133423,0.1270188018649621,UNDETERMINED,B020
F,46.300_-123.200__c371,228,0.1352798342704773,-1.4637141601764097,4.468640804290772,0.3087370155411945,UNDETERMINED,B020
F,46.550_-123.100__c135,229,0.142861858010292,-1.2661450289212974,3.153735637664795,-0.300511579654051,UNDETERMINED,B020
F,46.700_-122.900__c284,228,0.1329298764467239,-1.5249483559079635,2.812645435333252,-0.0189151423240794,UNDETERMINED,B020
F,46.700_-123.000__c23,229,0.1154477149248123,-1.9804910425139564,4.303679943084717,-0.1518795326553202,UNDETERMINED,B020
F,46.800_-122.700__c35,236,0.1698802858591079,-0.3399470447122105,4.355897903442383,0.5861490373986024,UNDETERMINED,B020
F,46.850_-122.700__c555,230,0.0948569327592849,-2.291010630180085,5.353963851928711,0.0711189484366173,FAIL,B020
F,46.900_-122.900__c946,233,0.1680275946855545,-0.3881282860788596,5.371135711669922,0.0764573067993824,UNDETERMINED,B020
F,46.900_-123.100__c623,237,0.1815227419137954,-0.0371723603617672,4.482833862304688,0.0520444142799472,UNDETERMINED,B020
F,46.950_-122.700__c915,221,0.1752079874277115,-0.4232834252432898,5.1372175216674805,0.0628752560460668,UNDETERMINED,B020
F,46.950_-123.050__c293,227,0.146547645330429,-1.1701023595998252,5.271326065063477,-0.0183335872841608,UNDETERMINED,B020
F,47.000_-122.550__c173,231,0.1650873124599456,-0.4645935111635186,5.060234546661377,-0.0357112642743455,UNDETERMINED,B020
F,47.000_-122.950__c952,228,0.0901231542229652,-2.640387612213108,5.132821559906006,-0.2050889990368951,FAIL,B020
F,47.100_-122.850__c859,232,0.1112511754035949,-1.864660586986491,5.17614221572876,-0.3337575224129033,UNDETERMINED,B020
F,47.100_-122.950__c333,235,0.1266866475343704,-1.4632444098290978,4.408704280853272,-0.1148518816340374,UNDETERMINED,B020
F,47.100_-123.250__c249,247,0.5742963552474976,12.128054601902448,1.7747858762741089,0.5977635808218452,TRUSTED,B020
F,47.150_-122.700__c1026,224,0.1034773215651512,-2.2924104321132286,3.5827884674072266,-0.2196075514160974,FAIL,B020
F,47.250_-122.850__c299,227,0.139504387974739,-1.3536325468851331,5.195219039916992,0.0463226431037743,UNDETERMINED,B020
F,45.500_-123.200__c490,237,0.1359391510486602,-1.2226230308149535,4.257160663604736,0.2129915855171658,UNDETERMINED,B020
F,46.700_-123.200__c427,232,0.1771348267793655,-0.1512848477564397,2.904614210128784,0.3862080814571108,TRUSTED,B020
F,45.850_-123.350__c341,225,0.1009735986590385,-2.35765137258492,5.340232849121094,-0.2335367418435344,FAIL,B020
F,46.250_-123.200__c481,238,0.0911538675427436,-2.387312853422403,5.00794792175293,-0.077812445392574,FAIL,B020
F,46.500_-123.200__c140,224,0.1165352016687393,-1.952153778134149,4.200023651123047,-0.1732260567173013,UNDETERMINED,B020
F,46.900_-122.600__c957,238,0.1342997699975967,-1.2652569113238703,4.792786121368408,0.1356591358304316,UNDETERMINED,B020
F,46.150_-123.150__c646,239,0.1041750833392143,-2.0486820280951243,4.482746124267578,-0.2277531072826143,UNDETERMINED,B020
F,46.750_-122.750__c824,235,0.1188468113541603,-1.6671278441897197,5.254352569580078,-0.0204242046257919,UNDETERMINED,B020
F,45.550_-123.350__c101,237,0.1434357464313507,-1.0276659452966257,5.144778251647949,0.3240024814241009,UNDETERMINED,B020
F,46.300_-123.250__c49,234,0.0897975042462349,-2.42258655057324,4.901261806488037,-0.4306273369074352,FAIL,B020
F,47.000_-122.800__c756,233,0.1258765906095504,-1.484310817859,4.798315525054932,0.1471825990305441,UNDETERMINED,B020
F,45.500_-123.500__c90,236,0.0979528203606605,-2.2104987186995566,4.518032550811768,0.0097706206236444,FAIL,B020
F,45.900_-123.400__c97,235,0.1383314430713653,-1.1604088847064111,4.12333345413208,-0.0100045675437332,UNDETERMINED,B020
F,45.950_-123.150__c464,235,0.1375303715467453,-1.1812416176683975,4.192101955413818,-0.1289203852303275,UNDETERMINED,B020
F,46.450_-122.850__c181,232,0.1086320802569389,-1.9327729940754816,4.199956893920898,0.0203086879276864,UNDETERMINED,B020
F,46.500_-123.250__c19,228,0.1458130627870559,-1.189243797283182,4.208313465118408,-0.0745259202257855,UNDETERMINED,B020
F,46.600_-122.800__c185,221,0.1211197152733802,-1.8326924837385856,4.872399806976318,0.3739452546682487,UNDETERMINED,B020
F,46.600_-123.100__c295,218,0.1061910465359687,-2.426083773273414,2.972134590148926,0.1166482462790841,FAIL,B020
F,46.800_-122.600__c201,227,0.1132814660668373,-2.036938228600313,4.477105617523193,-0.0271081414892809,UNDETERMINED,B020
F,47.200_-122.800__c845,237,0.1401043832302093,-1.1143016548878295,4.329410552978516,0.2917916836387423,UNDETERMINED,B020
F,47.200_-123.250__c378,229,0.087794542312622,-2.701065585264145,4.724203586578369,0.3498071136614322,FAIL,B020
F,45.600_-123.400__c29,237,0.099427618086338,-2.172145005894004,4.368470191955566,0.2420141472476083,FAIL,B020
F,46.800_-122.700__c18,229,0.1045383140444755,-2.264763543947004,4.109146118164063,-0.1607830401166775,FAIL,B020
F,46.800_-122.850__c491,221,0.1169240549206733,-1.9420212064347344,3.116498708724976,-0.0690593630283091,UNDETERMINED,B020
F,47.200_-122.650__c51,226,0.1795416623353958,-0.3103583783119292,4.416384220123291,0.0866525678981727,UNDETERMINED,B020
F,47.250_-122.750__c370,232,0.1825462728738784,-0.0105543287448673,4.814469337463379,0.1990153440666057,UNDETERMINED,B020
F,46.450_-122.900__c33,222,0.1912432461977005,-0.0054435116063203,5.11405086517334,0.1888391274060857,UNDETERMINED,B020
F,46.700_-123.050__c403,229,0.1161464899778366,-1.962282661096764,5.245452880859375,-0.0159127311899588,UNDETERMINED,B020
F,46.800_-122.650__c110,238,0.1119057461619377,-1.84763776518572,4.6770219802856445,-0.0129777234437313,UNDETERMINED,B020
F,46.850_-122.950__c193,233,0.1598408818244934,-0.6010326243672999,4.539112567901611,0.1676165001515824,UNDETERMINED,B020
F,47.000_-122.650__c417,235,0.1178560107946395,-1.6928946862764755,4.528347015380859,0.2036481287499273,UNDETERMINED,B020
F,47.200_-123.100__c1366,237,0.1282935291528701,-1.421455712277269,4.752991199493408,-0.0461021021825502,UNDETERMINED,B020
F,46.650_-122.650__c342,239,0.2128062695264816,0.7763896710350234,4.3307085037231445,0.5005178763488959,TRUSTED,B020
F,46.800_-122.800__c241,233,0.1227820739150047,-1.5647870774220354,4.34808874130249,0.0455031968038577,UNDETERMINED,B020
F,47.050_-122.800__c894,226,0.1458051800727844,-1.1894492016796867,5.1234331130981445,0.1981775732344481,UNDETERMINED,B020
F,47.100_-123.150__c960,232,0.1135419607162475,-1.8050862328557948,4.642289161682129,-0.2283639412520564,UNDETERMINED,B020
F,47.150_-123.300__c6,220,0.1014187186956405,-2.346052625079831,5.26096248626709,0.3003745776276604,FAIL,B020
F,47.200_-122.750__c1316,229,0.106114350259304,-2.2236958664409103,5.168231010437012,0.1299396752088262,FAIL,B020
F,45.600_-123.200__c330,233,0.214540883898735,0.8215001972471723,4.860067367553711,0.42986546948404,TRUSTED,B020
F,45.900_-123.100__c907,236,0.1092767417430877,-1.9160078736348496,4.553272247314453,-0.1291215496347745,UNDETERMINED,B020
F,46.850_-122.850__c576,236,0.1254430413246154,-1.495585736766141,4.958985805511475,-0.1026426548039907,UNDETERMINED,B020
F,47.100_-122.650__c663,235,0.1335002183914184,-1.2860501171599406,5.119360446929932,0.3793685647652885,UNDETERMINED,B020
F,47.150_-122.950__c805,222,0.0821563526988029,-2.8479831183766247,5.198131084442139,0.1568755882321601,FAIL,B020
F,45.900_-123.350__c653,238,0.1315705776214599,-1.336232516156302,4.442579746246338,0.1353203353566382,UNDETERMINED,B020
F,45.600_-123.300__c1370,234,0.1122908070683479,-1.83762383909947,4.249056816101074,-0.044819988172881,UNDETERMINED,B020
F,45.850_-123.100__c82,224,0.1625776290893554,-0.7523998999446377,5.125284194946289,0.3276585913323017,UNDETERMINED,B020
F,46.500_-122.850__c584,236,0.0885548740625381,-2.454902494895112,5.215780735015869,-0.0045657368010736,FAIL,B020
F,47.150_-123.050__c490,229,0.0986897274851799,-2.4171635106633573,5.28239631652832,-0.2308624728221707,FAIL,B020
F,45.800_-123.200__c269,237,0.1203078255057334,-1.6291325881633076,4.453878879547119,-0.2732801947784679,UNDETERMINED,B020
F,46.500_-122.800__c600,233,0.1242920085787773,-1.525519590470305,4.430143356323242,0.1555732508823405,UNDETERMINED,B020
F,46.550_-122.850__c399,237,0.13130784034729,-1.3430652836479915,4.434124946594238,0.3256002595880751,UNDETERMINED,B020
F,46.550_-123.100__c727,233,0.107552982866764,-1.960836090913372,4.499535083770752,0.2704828650962605,UNDETERMINED,B020
F,47.200_-122.850__c277,226,0.1023899912834167,-2.320743619468153,5.243813514709473,0.1407213281864848,FAIL,B020
F,47.300_-123.100__c22,230,0.0963114574551582,-2.253184139480501,4.067446231842041,0.0358837522549151,FAIL,B020
F,46.950_-122.850__c306,238,0.1250346601009369,-1.506206132970613,4.696237087249756,0.1159194513902219,UNDETERMINED,B020
F,46.850_-123.050__c787,235,0.1043817624449729,-2.043307114012222,5.163978099822998,-0.1497982312708944,UNDETERMINED,B020
F,46.750_-122.850__c209,232,0.107985071837902,-1.949599149048778,5.179046154022217,0.2672436190235566,UNDETERMINED,B020
F,47.200_-123.050__c1170,227,0.0864181071519851,-2.7369321438833176,5.167938232421875,0.0579308156377066,FAIL,B020
F,47.250_-123.100__c619,231,0.1139024347066879,-1.7957117161593643,4.079222202301025,-0.5038849951760526,UNDETERMINED,B020
F,46.850_-122.800__c575,227,0.1455287635326385,-1.1966519456402982,4.256765365600586,0.0848718815405453,UNDETERMINED,B020
F,47.200_-122.950__c167,236,0.1067002192139625,-1.983013133677348,5.366856098175049,0.2716866560319507,UNDETERMINED,B020
F,45.500_-123.400__c1208,233,0.1561923772096634,-0.6959159400454835,4.975120067596436,0.1876810301196289,UNDETERMINED,B020
F,46.600_-123.300__c65,225,0.096851497888565,-2.4650633111537608,3.0517423152923584,-0.1131218497649734,FAIL,B020
F,46.850_-123.100__c274,232,0.1498108208179474,-0.861875228454258,4.852928638458252,0.2657112845173244,UNDETERMINED,B020
F,46.850_-123.150__c495,232,0.2416584938764572,1.5267230267580922,2.7951560020446777,0.2422504915561133,UNDETERMINED,B020
F,46.950_-122.800__c388,241,0.1162100061774253,-1.8996710894583468,4.297199249267578,0.0737804304328811,UNDETERMINED,B020
F,46.950_-122.650__c840,226,0.152037888765335,-1.0270399447306302,4.186591148376465,0.6110561874275188,UNDETERMINED,B020
F,47.150_-122.750__c852,233,0.1437976211309433,-1.0182550016410177,4.860377788543701,-0.0082227978445379,UNDETERMINED,B020
F,47.050_-123.100__c297,230,0.1167085915803909,-1.7227345661763784,4.703455448150635,0.141181941665242,UNDETERMINED,B020
F,45.500_-123.100__c635,229,0.0971956178545951,-2.4560963802829043,4.397715091705322,-0.4773798196368781,FAIL,B020
F,46.300_-122.600__c40,232,0.1392264068126678,-1.137134382917001,5.136427402496338,0.1725283231244472,UNDETERMINED,B020
F,46.800_-122.750__c1204,236,0.0938376039266586,-2.317519380919452,5.275936603546143,-0.2315288037613844,FAIL,B020
F,45.900_-123.150__c861,229,0.1310337483882904,-1.5743568497492542,4.8094401359558105,0.1974816809383126,UNDETERMINED,B020
F,45.550_-123.350__c72,225,0.1362561583518982,-1.438273524904212,5.271904468536377,0.1265968131809048,UNDETERMINED,B020
F,46.100_-123.200__c98,222,0.2217041403055191,0.7882934368198957,5.071606636047363,0.3446707334117601,TRUSTED,B020
F,46.800_-122.750__c982,212,0.2331972122192382,0.9979906731740948,4.188952445983887,-0.1677062211672976,UNDETERMINED,B020
F,45.200_-123.000__c61,249,0.3260606229305267,4.007875010826952,2.22301983833313,0.6614399271759093,FAIL,B023
F,45.850_-123.300__c238,250,0.5517311692237854,10.861719689167492,2.522519826889038,0.6673502349175897,UNDETERMINED,B023
F,45.450_-122.950__c115,250,1.0725678205490112,25.77510790907391,2.11096739768982,0.8768188408311831,TRUSTED,B023
F,45.600_-122.950__c33,250,0.918711006641388,21.36964529379127,2.163445234298706,0.8807233819848419,TRUSTED,B023
F,46.300_-123.000__c11,250,0.8198450803756714,18.53876552300379,2.573580503463745,0.810096480173648,TRUSTED,B023
F,46.600_-122.950__c104,246,0.339298278093338,4.372625914430534,2.2465708255767822,0.5349903140291012,FAIL,B023
F,46.350_-123.350__c186,249,0.6473193764686584,12.859852132333168,2.1168205738067627,0.8326602764291079,UNDETERMINED,B023
F,47.000_-122.300__c95,247,1.208128809928894,28.31241870006604,2.6311495304107666,0.9330656851677612,TRUSTED,B023
F,45.600_-123.200__c313,249,0.8532354235649109,18.533671499968456,1.9883782863616943,0.6479211163513313,TRUSTED,B023
F,46.450_-123.100__c301,249,0.7500744462013245,15.691169618237478,1.985962510108948,0.7341332313643948,TRUSTED,B023
F,45.300_-123.100__c522,250,1.0652645826339722,25.565990478470304,2.2102179527282715,0.8571052228434857,TRUSTED,B023
F,46.400_-123.050__c251,247,0.2954082787036896,3.163279036932999,2.0645434856414795,0.5116090895030048,FAIL,B023
F,47.000_-123.050__c385,249,0.902567982673645,19.89298289542911,2.444894790649414,0.8635382152523435,TRUSTED,B023
F,46.150_-123.150__c449,245,0.4008888006210327,6.069693746239994,1.6189790964126587,0.7324782079311666,UNDETERMINED,B023
F,46.300_-123.250__c248,250,0.5043116211891174,9.503930971238123,2.303996324539185,0.4530472995805322,UNDETERMINED,B023
F,46.500_-123.300__c188,249,0.468168169260025,7.92351228155674,2.153071641921997,0.5598152923381186,UNDETERMINED,B023
F,47.000_-122.850__c90,246,0.7503781914710999,15.699539028095437,2.31343674659729,0.738497013352635,TRUSTED,B023
F,46.950_-122.800__c118,248,0.7274616360664368,15.06809530271309,2.219518184661865,0.8450686972688498,TRUSTED,B023
F,45.800_-123.550__c14,250,0.6747557520866394,14.38434690857978,2.2805325984954834,0.8407835799359399,TRUSTED,B023
F,45.350_-122.950__c410,248,0.860556423664093,18.735394642671285,2.405047416687012,0.8325507122946432,TRUSTED,B023
F,45.850_-122.950__c105,250,0.7438102960586548,16.361621779660624,2.3986878395080566,0.8168678633547639,TRUSTED,B023
F,46.600_-123.200__c296,247,1.0645036697387695,24.354965584675053,2.0972111225128174,0.8678063980314619,TRUSTED,B023
F,46.250_-123.050__c266,250,0.6917264461517334,14.87027766692799,2.139115333557129,0.8598241074345262,TRUSTED,B023
F,45.650_-123.200__c250,247,0.5757028460502625,10.886527260081714,2.3720622062683105,0.8560836174493885,UNDETERMINED,B023
F,45.850_-123.000__c187,250,0.6210052371025085,12.845280303073755,2.3020384311676025,0.6328788627082217,UNDETERMINED,B023
F,47.000_-122.700__c12,246,0.6626852750778198,13.28324474480415,1.9071769714355469,0.5470593148551381,TRUSTED,B023
F,45.300_-123.300__c301,250,1.1400235891342163,27.706604208390907,2.0332491397857666,0.8521181277593525,TRUSTED,B023
F,45.800_-123.150__c385,250,0.6577638387680054,13.897808568247903,2.460160732269287,0.7640235645761959,TRUSTED,B023
F,45.900_-123.300__c115,248,0.7933523654937744,16.883651215155858,1.76135516166687,0.8708258281540053,TRUSTED,B023
F,46.200_-123.400__c68,248,0.5441345572471619,10.0166933110529,2.0492539405822754,0.7703110967298004,UNDETERMINED,B023
F,45.200_-123.300__c133,250,0.4011800587177276,6.550911008169188,1.970305323600769,0.5553647892170823,UNDETERMINED,B023
F,46.900_-123.150__c105,250,0.5898110866546631,11.952081879661735,1.8586074113845823,0.5793793102103465,UNDETERMINED,B023
F,46.200_-123.350__c46,249,0.8110056519508362,17.370070607985753,2.1950888633728027,0.7965994979040627,TRUSTED,B023
F,47.000_-123.100__c140,250,0.8318445682525635,18.88235313476809,2.675173044204712,0.6945866643236533,TRUSTED,B023
F,46.250_-123.150__c411,249,0.9356024861335754,20.803216984390403,1.7019374370574951,0.7960921013288477,TRUSTED,B023
F,46.450_-123.150__c140,247,0.8024563193321228,17.134501939703487,2.8360021114349365,0.7437081312159641,TRUSTED,B023
F,46.600_-122.800__c321,249,1.2824572324752808,30.36046716135152,2.7091598510742188,0.8560477274024464,TRUSTED,B023
F,46.200_-123.100__c668,248,0.2941555082798004,3.12876014831554,1.8902641534805296,0.4555144569630214,FAIL,B023
F,45.800_-123.400__c169,248,0.8938172459602356,19.65186473030421,1.991971969604492,0.8184833356206362,TRUSTED,B023
F,45.900_-123.100__c35,250,1.179773211479187,28.84477593289777,2.257996320724488,0.8788030497837853,TRUSTED,B023
F,46.200_-123.300__c188,242,0.416507363319397,6.50004827558458,2.282374382019043,0.6020142888117953,UNDETERMINED,B023
F,44.450_-123.250__c114,244,0.2979215383529663,3.6213277456881614,1.84329092502594,0.6011135139566527,UNDETERMINED,B026
F,44.450_-123.300__c41,241,0.4310121238231659,7.675535292892227,2.261449098587036,0.4810659072635124,UNDETERMINED,B026
F,45.450_-122.900__c20,243,0.3066816627979278,3.888178796900664,2.003213882446289,-0.1664616992092571,UNDETERMINED,B026
F,45.850_-123.400__c161,243,0.5078836679458618,10.017197501728528,1.9541230201721191,0.6013363121666376,UNDETERMINED,B026
F,44.900_-123.300__c531,216,0.4898776412010193,8.696790808054207,2.205253839492798,0.0377260929489878,UNDETERMINED,B026
F,46.100_-123.100__c42,242,0.2866889536380768,3.27916057011502,2.2628989219665527,0.3931910632766874,UNDETERMINED,B026
F,46.200_-122.950__c121,240,0.2300727814435959,1.5545178255231094,2.602607727050781,0.4095934996947968,FAIL,B026
F,44.850_-123.600__c869,241,0.4779233932495117,9.104547133852227,2.3895034790039062,0.617328408686144,UNDETERMINED,B026
F,45.000_-123.650__c302,241,0.2455326914787292,2.025457852739142,2.272321939468384,0.3950178155331435,FAIL,B026
F,45.250_-123.500__c901,247,0.2424141317605972,1.9304602366343693,2.5142059326171875,0.2013731141843732,FAIL,B026
F,45.800_-123.350__c403,244,0.7572354674339294,17.61295601328602,1.9591704607009888,0.8722208158348178,TRUSTED,B026
F,45.550_-123.450__c37,239,0.8345297574996948,17.568653193273096,1.438645362854004,0.79370234208476,TRUSTED,B026
F,45.200_-123.450__c991,238,1.11892569065094,25.199744724330227,2.2975027561187744,0.6506440972564679,TRUSTED,B026
F,45.800_-123.300__c367,241,0.342701107263565,4.985403691379633,1.8658727407455444,0.5901644784628642,UNDETERMINED,B026
F,45.400_-123.300__c531,245,0.9780768156051636,24.340228699985666,1.925474643707276,0.824273691896518,TRUSTED,B026
F,46.100_-123.200__c194,241,0.3201359510421753,4.298023540985138,1.5455046892166138,0.4219654021526731,UNDETERMINED,B026
F,45.200_-123.450__c949,242,0.8586337566375732,20.701752323788693,1.7581878900527954,0.8686078904015501,TRUSTED,B026
F,44.800_-123.550__c108,246,0.8035690188407898,19.024369398679244,2.2425193786621094,0.4430102335322259,TRUSTED,B026
F,46.200_-123.100__c73,244,0.5628263354301453,11.690861919022575,2.157907485961914,0.3386063720628555,TRUSTED,B026
F,45.400_-123.300__c697,237,0.396438866853714,5.813521365618184,1.858619928359985,0.4186430810964115,UNDETERMINED,B026
F,45.400_-123.400__c906,234,1.137149691581726,25.68874264221164,1.5209912061691284,0.6914109562056157,TRUSTED,B026
F,45.800_-123.250__c135,239,0.3313049972057342,4.065808184391559,2.2264912128448486,0.2755772615699953,UNDETERMINED,B026
F,45.200_-123.300__c423,243,0.691829264163971,15.620551201223613,1.7700363397598269,0.1636682190915783,UNDETERMINED,B026
F,45.500_-123.000__c326,246,0.1989555954933166,0.6066256084915604,2.005725145339966,0.3157640518582226,FAIL,B026
F,45.300_-123.450__c296,244,0.5294434428215027,10.673951709458835,2.220366239547729,0.6362731982646704,UNDETERMINED,B026
F,45.400_-123.450__c383,245,1.0397770404815674,26.21974193883992,2.1398706436157227,0.6344965885448755,TRUSTED,B026
F,44.600_-123.500__c606,232,0.7236306071281433,14.5929370575866,1.5508745908737185,0.791561077142147,TRUSTED,B026
F,45.150_-123.550__c83,245,0.4530231654644012,8.346035996067062,2.2457592487335205,0.3254529824243769,UNDETERMINED,B026
F,45.400_-122.950__c873,244,0.3935430943965912,6.534153118105386,2.3617260456085205,0.3560190124229129,UNDETERMINED,B026
F,46.000_-123.250__c181,245,0.8555062413215637,20.606481902117874,1.937605857849121,0.8959590407444071,TRUSTED,B026
F,46.050_-123.250__c131,239,0.6955110430717468,13.83841513193843,2.415400981903076,0.6835410854508688,TRUSTED,B026
F,44.800_-123.400__c575,239,0.351615846157074,4.610801728088689,1.990611672401428,0.4456206945088331,UNDETERMINED,B026
F,45.550_-123.300__c491,246,0.5428707003593445,11.082973043731648,2.330542087554932,0.6373408057867029,UNDETERMINED,B026
F,44.800_-123.350__c35,243,0.2559078335762024,2.3415055975610968,2.2982022762298584,0.4251774170678145,UNDETERMINED,B026
F,45.500_-123.450__c512,243,0.8369531631469727,20.04131773747352,1.6543850898742676,0.7162279033199219,TRUSTED,B026
F,45.600_-123.350__c42,240,0.5796587467193604,12.203611101433069,2.245849370956421,0.7430899633139295,TRUSTED,B026
F,44.600_-123.700__c430,241,0.1894728541374206,0.3177621893591388,2.8021631240844727,0.4524983227485659,FAIL,B026
F,45.300_-123.100__c27,230,0.6202303171157837,11.818435085357134,1.4561165571212769,0.3190109111879821,TRUSTED,B026
F,45.900_-123.250__c584,240,0.8151320219039917,19.37660178327322,2.1679515838623047,0.7812524365388033,TRUSTED,B026
F,44.900_-123.600__c531,243,0.5210939645767212,10.419609769376311,2.332184314727783,0.1933764151271837,UNDETERMINED,B026
F,45.000_-123.300__c220,245,0.6789445877075195,15.228057980546296,2.302241802215576,0.5788320410943996,TRUSTED,B026
F,45.300_-123.300__c190,219,0.5415406227111816,10.21387845161139,1.8590099811553955,0.5377564593540433,UNDETERMINED,B026
F,44.900_-123.350__c159,220,0.5592198371887207,9.640189756248583,2.0222160816192627,0.3378430494315269,UNDETERMINED,B026
F,45.100_-123.550__c216,245,0.5826573967933655,12.294956028037044,2.2803359031677246,0.8084804003680495,TRUSTED,B026
F,45.300_-123.200__c517,248,0.4018685221672058,6.787762432258457,2.303046703338623,0.6062518527057829,UNDETERMINED,B026
F,43.600_-123.200__c32,241,0.1232464537024498,-1.5073636163095576,4.902978420257568,0.0135672577101495,FAIL,B028
F,43.600_-123.600__c506,236,0.1559524238109588,-0.7300822953780515,4.224562644958496,0.1915279484084932,FAIL,B028
F,43.650_-123.900__c122,231,0.1322243064641952,-1.4179552470444745,5.385746002197266,0.3556794341915849,FAIL,B028
F,43.900_-123.150__c371,231,0.163620263338089,-0.5077932982633737,3.89124608039856,-0.1270302278294818,FAIL,B028
F,44.950_-123.250__c254,241,0.1350055038928985,-1.179716844509481,4.808529853820801,0.1018546774011938,FAIL,B028
F,45.100_-123.300__c41,241,0.1568866670131683,-0.5700338902339296,5.0442070960998535,0.4040503194367763,FAIL,B028
F,45.350_-123.100__c451,238,0.1247570514678955,-1.6344293423165608,3.601954460144043,0.0066303954184019,FAIL,B028
F,43.650_-123.350__c318,234,0.1262872666120529,-1.5900687387122556,4.788455009460449,0.49236841719232,FAIL,B028
F,43.700_-123.750__c195,233,0.1385542303323745,-1.2344521333588816,4.644646644592285,0.165299629898581,FAIL,B028
F,43.750_-123.350__c359,239,0.1859412789344787,0.1392880802588503,4.737765312194824,0.1657590186019999,UNDETERMINED,B028
F,44.700_-123.250__c262,243,0.1484811007976532,-0.8042412956842689,4.76633358001709,-0.0011355733192398,FAIL,B028
F,44.800_-123.150__c409,232,0.21384097635746,0.9480942293722282,2.911098957061768,0.1590649926529792,UNDETERMINED,B028
F,44.900_-123.650__c542,239,0.1742291003465652,-0.2002454249904066,5.138459205627441,0.2267340568519504,FAIL,B028
F,45.000_-123.300__c51,233,0.2675080299377441,2.503890418931501,3.1995036602020264,0.3710125863648917,UNDETERMINED,B028
F,45.350_-122.950__c271,238,0.1986605674028396,0.5080174814989981,4.888869285583496,0.4090753093908331,UNDETERMINED,B028
F,45.350_-123.150__c140,239,0.1317965537309646,-1.430355705576042,4.874124526977539,0.1291098184796742,FAIL,B028
F,43.600_-123.700__c422,232,0.2085844427347183,0.7957084650164941,3.8424267768859854,0.2037330055706374,UNDETERMINED,B028
F,43.750_-123.400__c988,233,0.214744359254837,0.9742831027254044,4.941797733306885,0.3139665358975058,UNDETERMINED,B028
F,43.950_-123.350__c1030,241,0.1418635100126266,-0.9886296793284702,4.530208587646484,0.0236017048307603,FAIL,B028
F,44.000_-123.250__c200,241,0.166792094707489,-0.2940352887499954,3.7414066791534415,0.1896759799889781,FAIL,B028
F,44.000_-123.450__c70,234,0.1796959191560745,-0.0417635388901772,4.113474845886231,0.0989606415448103,FAIL,B028
F,44.200_-123.700__c119,235,0.1129576340317726,-1.9764918827665792,3.800508499145508,0.1379966418002724,FAIL,B028
F,44.450_-123.650__c382,238,0.2120419144630432,0.8959398170580178,3.21915054321289,0.312935917606278,UNDETERMINED,B028
F,44.850_-123.600__c349,239,0.1628322154283523,-0.5306386354556659,4.456177234649658,0.011843778001098,FAIL,B028
F,45.200_-123.400__c938,227,0.1332287788391113,-1.3223708742092843,3.528247833251953,0.1562143314744899,FAIL,B028
F,45.250_-123.400__c224,236,0.1582479625940323,-0.6635351262410597,4.745903015136719,0.1457671930578352,FAIL,B028
F,45.300_-123.200__c971,235,0.1514044106006622,-0.8619282073594051,4.680605888366699,0.2190939864737239,FAIL,B028
F,43.750_-123.550__c1039,237,0.1559258997440338,-0.7308512222987715,4.505458354949951,-0.3331164883037478,FAIL,B028
F,43.800_-123.100__c238,242,0.1491680294275283,-0.7851011487854602,4.992249965667725,0.0596942002667999,FAIL,B028
F,43.950_-123.400__c339,236,0.1418801546096801,-1.1380343132589965,4.990702629089356,-0.0157525166914424,FAIL,B028
F,45.300_-123.300__c843,236,0.1956997364759445,0.4221836380758331,4.835251808166504,0.3242978993665549,UNDETERMINED,B028
F,43.650_-123.500__c482,234,0.1329416036605835,-1.3971609576159905,4.540148735046387,0.3089885049577879,FAIL,B028
F,43.800_-123.350__c542,237,0.1257124692201614,-1.6067319898582415,4.964815616607666,0.311428790343709,FAIL,B028
F,44.450_-123.300__c222,240,0.1095422655344009,-1.8892084881895248,3.665456771850586,-0.0215151366803919,FAIL,B028
F,44.650_-123.300__c384,236,0.1422537714242935,-1.127203243212247,4.530317306518555,0.159309068397545,FAIL,B028
F,44.800_-123.800__c192,237,0.1339403837919235,-1.368206539236719,5.444072723388672,0.0778629082757294,FAIL,B028
F,45.250_-123.550__c365,240,0.1406380385160446,-1.0227754456348548,4.885077953338623,0.144507241441467,FAIL,B028
F,45.300_-123.450__c928,234,0.1607497930526733,-0.5910076063790969,5.172168254852295,0.2611662536743437,FAIL,B028
F,44.850_-123.450__c107,235,0.1538837850093841,-0.7900516834915576,3.9269731044769287,0.4735319915494207,FAIL,B028
F,43.600_-123.400__c305,233,0.2436104118824005,1.811103678656544,4.007591247558594,0.2937115668241844,UNDETERMINED,B028
F,45.050_-123.450__c742,232,0.1475070565938949,-0.97491165080523,4.7314653396606445,0.0554978567918453,FAIL,B028
F,44.050_-123.350__c287,214,0.1324511915445327,-1.665507350861554,4.829029083251953,0.3149916375133391,FAIL,B028
F,44.600_-123.400__c439,236,0.1426529139280319,-1.1156321889996583,5.5553483963012695,0.2646800394179041,FAIL,B028
F,44.800_-123.200__c316,231,0.1248531490564346,-1.631643494163907,3.5527706146240234,0.360489978345047,FAIL,B028
F,44.100_-123.450__c419,235,0.1619421690702438,-0.5564408854414014,4.029623985290527,-0.1279003866460358,FAIL,B028
F,43.600_-123.600__c507,229,0.19021537899971,0.1634240222663873,4.727907657623291,0.2739022154302919,UNDETERMINED,B028
F,43.700_-123.150__c93,232,0.1059396937489509,-2.179940442397951,4.34506893157959,0.3683470893824677,FAIL,B028
F,43.700_-123.600__c845,231,0.150655448436737,-0.8836404572971757,5.253037452697754,0.2072183007405535,FAIL,B028
F,44.050_-123.650__c271,235,0.1270689368247985,-1.567408289566069,5.343663215637207,0.0259657619609468,FAIL,B028
F,44.600_-123.650__c749,244,0.1339061856269836,-1.2103475566141408,4.360321044921875,0.1702756906918991,FAIL,B028
F,44.750_-123.700__c500,232,0.1542159169912338,-0.7804232497073277,4.80947732925415,0.1108167402833659,FAIL,B028
F,43.700_-123.500__c133,235,0.1096044033765792,-2.073701308811532,3.950052261352539,-0.2673780607726485,FAIL,B028
F,44.300_-123.450__c128,241,0.1092319712042808,-1.8978543340635647,4.846495628356934,0.4772760252968054,FAIL,B028
F,45.350_-123.500__c142,232,0.1492484807968139,-0.9244281426086294,3.76329493522644,-0.1549364345359392,FAIL,B028
F,44.100_-123.550__c475,241,0.1346558779478073,-1.189458601742539,4.240679740905762,0.1180016593155333,FAIL,B028
F,44.250_-123.300__c145,235,0.1968685984611511,0.4560686923388679,4.1660237312316895,0.1771310110972467,UNDETERMINED,B028
F,45.250_-122.950__c180,233,0.1837707310914993,0.0763643712403978,4.822861671447754,0.3924440675194727,FAIL,B028
F,44.000_-123.200__c729,236,0.1503850817680359,-0.8914783281115266,4.327737808227539,0.3013875418248589,FAIL,B028
F,44.050_-123.400__c19,230,0.1439749896526336,-1.077305501815925,5.098289012908936,-0.0509195838100644,FAIL,B028
F,44.200_-123.150__c100,242,0.1789485514163971,0.0446845681000341,4.083681106567383,0.1955262410298568,FAIL,B028
F,45.150_-123.000__c136,236,0.1888488233089447,0.223577158137917,4.974355220794678,0.0579985384296791,UNDETERMINED,B028
F,45.350_-123.400__c554,234,0.1569919288158416,-0.6999472717884834,4.547569751739502,-0.0005615295146888,FAIL,B028
F,44.600_-123.400__c525,218,0.9740369319915771,22.148945546983413,2.734588623046875,0.5977905648888622,TRUSTED,B028
F,43.650_-123.600__c960,211,0.1802728921175003,-0.3122909392041593,5.034270286560059,0.0001611511599612,FAIL,B028
F,45.150_-123.450__c159,237,0.1510596722364425,-0.8719220974216852,4.071793556213379,-0.0637519342625565,FAIL,B028
F,43.100_-123.250__c422,245,1.045804500579834,25.3584009685869,2.19985032081604,0.8293609700517457,TRUSTED,B030
F,43.450_-123.300__c684,248,0.8262888193130493,18.96334092711448,2.508143424987793,0.5020536971092143,TRUSTED,B030
F,43.250_-123.450__c352,236,0.3615010380744934,5.292634661267102,2.389533042907715,0.3356334289685941,UNDETERMINED,B030
F,43.450_-123.700__c625,248,0.6622197031974792,14.18358285946547,1.8256124258041384,0.5650861110427645,TRUSTED,B030
F,44.300_-123.700__c133,247,0.6692922711372375,14.389625071853834,2.180883884429932,0.7148548574045,TRUSTED,B030
F,43.100_-123.300__c499,247,0.2503873705863952,2.185840926547656,2.4773404598236084,0.3036337683695758,FAIL,B030
F,43.500_-123.450__c1043,237,0.2732151448726654,2.764353590761538,2.4396324157714844,0.5249257962393242,UNDETERMINED,B030
F,43.500_-123.650__c500,247,0.3552587032318115,5.24101432020417,2.122417688369751,0.5166920194609483,UNDETERMINED,B030
F,43.900_-123.250__c593,248,0.6987876892089844,15.248902953181638,1.8646352291107176,0.8238095250383296,TRUSTED,B030
F,44.650_-123.200__c73,249,0.2299499064683914,1.5904446916370838,2.2954821586608887,0.245645868816788,FAIL,B030
F,43.650_-123.400__c270,246,0.6977209448814392,15.217825929507594,2.3135430812835693,0.6664846683342893,TRUSTED,B030
F,43.700_-123.550__c537,233,0.4945959150791168,9.104129860650646,1.8649768829345703,0.1345834629285177,UNDETERMINED,B030
F,44.000_-123.200__c418,231,0.8883106112480164,20.379106840586413,2.889203786849976,0.6535236701428727,TRUSTED,B030
F,44.000_-123.250__c340,244,0.3881336748600006,6.198747345064763,2.194739818572998,0.2199438462738511,UNDETERMINED,B030
F,43.400_-123.400__c1154,229,0.5475152134895325,9.275606907705038,2.785886764526367,0.5636597091052897,UNDETERMINED,B030
F,43.700_-123.350__c825,247,0.2406086176633834,1.9009605402695453,2.138469934463501,0.3990041168201116,FAIL,B030
F,43.700_-123.650__c859,248,0.508016049861908,9.691231260688856,1.642361402511597,0.7910004448788119,UNDETERMINED,B030
F,43.650_-123.500__c504,246,0.678749144077301,14.665128260998586,1.8627777099609373,0.8009783175161431,TRUSTED,B030
F,44.650_-123.450__c476,248,0.9200649261474608,21.69528167139668,2.3718600273132324,0.7380130427830991,TRUSTED,B030
F,43.300_-123.450__c30,249,1.3029918670654297,32.85093471875969,1.911943435668945,0.9130719092346288,TRUSTED,B030
F,44.050_-123.300__c1011,247,0.2289953082799911,1.5626347753018528,2.396018743515014,0.6320831205040234,FAIL,B030
F,44.750_-123.550__c317,244,0.3684861063957214,5.626362815299429,2.201549530029297,0.0470178050201781,UNDETERMINED,B030
F,43.100_-123.350__c1328,240,0.390163391828537,6.25787825455642,2.580667018890381,0.5596118071983686,UNDETERMINED,B030
F,43.150_-123.450__c450,245,0.4274558424949646,7.344303879045684,2.210611820220948,0.6292630605852187,UNDETERMINED,B030
F,43.450_-123.650__c656,247,0.2719767987728119,2.8147968567866246,1.796213150024414,0.4605592715230009,UNDETERMINED,B030
F,44.700_-123.200__c78,246,0.783174455165863,17.707307892116525,2.3418335914611816,0.8172918918697483,TRUSTED,B030
F,44.000_-123.350__c385,248,0.9821895956993104,23.50513411359132,1.717760443687439,0.8087364744908453,TRUSTED,B030
F,43.150_-123.400__c319,242,0.6397598385810852,13.529268862778276,2.113365173339844,0.8664499802973279,TRUSTED,B030
F,44.800_-123.300__c538,247,0.8860400319099426,20.70404842419539,1.8098132610321045,0.6475815094873281,TRUSTED,B030
F,44.850_-123.400__c16,248,0.8748435378074646,20.37786556734373,1.8848391771316528,0.7681326929451492,TRUSTED,B030
F,43.800_-123.450__c262,246,0.6089251041412354,12.630973228645216,2.1853272914886475,0.4261601366784592,TRUSTED,B030
F,43.950_-123.350__c847,237,0.6663210391998291,14.021896050681397,2.072227954864502,0.4264607009056478,TRUSTED,B030
F,43.250_-123.200__c195,248,0.3162696957588196,4.105163604171847,2.124610662460327,0.108480041676275,UNDETERMINED,B030
F,43.950_-123.250__c966,244,0.8722975254058838,20.3036936353866,2.2568342685699463,0.8112301558592016,TRUSTED,B030
F,44.700_-123.600__c355,247,0.8658393621444702,20.11555062174841,2.196875095367432,0.7038914128978591,TRUSTED,B030
F,44.400_-123.550__c391,248,0.3010568916797638,3.6619752409383226,2.267888307571411,0.2888225771433388,UNDETERMINED,B030
F,43.850_-123.300__c273,246,0.962829887866974,22.941135709200843,1.980507731437683,0.8382726673110986,TRUSTED,B030
F,44.000_-123.600__c565,241,0.6366281509399414,13.438034694992734,2.045844793319702,0.5800131354882724,TRUSTED,B030
F,43.150_-123.200__c612,248,0.8744986057281494,20.36781680296972,2.138136863708496,0.7354743543489174,TRUSTED,B030
F,43.200_-123.650__c852,246,1.1683319807052612,28.92794364367318,2.037341833114624,0.8395466441319255,TRUSTED,B030
F,42.750_-123.250__c290,249,0.839229941368103,20.244730019861503,2.2932288646698,0.5530536098027987,TRUSTED,B032
F,42.750_-123.550__c177,249,1.185650110244751,30.92813077398588,2.2151448726654053,0.878132088137482,TRUSTED,B032
F,42.850_-123.500__c1474,250,0.2781368792057037,2.900199136764446,2.6428234577178955,-0.1537077400149161,UNDETERMINED,B032
F,43.250_-123.600__c404,248,1.145459771156311,29.68868360115444,2.743455171585083,0.8487648426164364,TRUSTED,B032
F,43.800_-123.500__c955,249,2.4875693321228027,71.07857825492813,1.9290764331817627,0.9906579400506604,TRUSTED,B032
F,43.900_-123.300__c1213,239,0.2919124662876129,2.8009252520674672,2.292398452758789,0.2440362410010758,UNDETERMINED,B032
F,43.200_-123.900__c78,249,2.553457975387573,73.11054649576613,1.7377910614013672,0.9725580488567268,TRUSTED,B032
F,43.400_-123.600__c1066,248,0.6817214488983154,15.387257798514304,2.569871664047241,0.8881592980076854,TRUSTED,B032
F,43.600_-123.300__c567,250,0.2081141769886016,0.860627631569024,2.6063015460968018,0.1696833380753324,FAIL,B032
F,43.650_-123.600__c394,249,0.1954160183668136,0.3898752265862114,2.0874955654144287,0.2406177044719913,FAIL,B032
F,42.900_-123.300__c1405,245,1.4801108837127686,40.00913335974591,2.41226577758789,0.8733891887348721,TRUSTED,B032
F,43.000_-123.450__c68,249,1.1554385423660278,29.99642322328101,2.58506178855896,0.8998568541629184,TRUSTED,B032
F,43.150_-123.350__c1450,249,0.8311970233917236,19.996999403468813,2.208827018737793,0.8951418847081599,TRUSTED,B032
F,43.550_-123.350__c934,250,1.3351835012435913,33.689101902716224,2.6126134395599365,0.9350881086725558,TRUSTED,B032
F,43.600_-123.500__c341,246,0.5120974183082581,10.156149280208885,2.8044991493225098,0.271433253728997,UNDETERMINED,B032
F,44.550_-123.600__c469,250,1.29032301902771,32.38243765898056,2.3062026500701904,0.8811826582138698,TRUSTED,B032
F,43.100_-123.050__c48,248,0.8991636633872986,22.09305188025916,2.086408853530884,0.7935114414747468,TRUSTED,B032
F,43.100_-123.700__c587,244,0.9790615439414978,24.557057022146868,2.281937837600708,0.8609120880606971,TRUSTED,B032
F,43.600_-123.750__c111,247,0.4226203560829162,7.396727630035186,2.27717661857605,0.5867092258205762,UNDETERMINED,B032
F,44.050_-123.300__c293,241,0.7782594561576843,18.36443497298664,2.008976459503174,0.6097518140985912,TRUSTED,B032
F,42.800_-123.400__c1,248,1.065402269363403,27.21975583115438,2.298272132873535,0.9395710627600352,TRUSTED,B032
F,44.000_-123.700__c92,244,0.5028524398803711,9.871039409647276,2.336111068725586,0.6107507542062567,TRUSTED,B032
F,44.550_-123.200__c88,250,0.7599281072616577,16.93347161958553,2.1735424995422363,0.6489484312371353,TRUSTED,B032
F,43.550_-123.400__c495,249,1.1504693031311035,29.843174714795005,1.640342354774475,0.6192246405234612,TRUSTED,B032
F,43.800_-123.600__c540,248,0.3423913121223449,4.922509597261682,2.21692419052124,0.5236015355142668,UNDETERMINED,B032
F,42.800_-123.200__c765,249,0.5573963522911072,11.55314261071477,1.9424843788146973,0.484956273726927,TRUSTED,B032
F,43.050_-123.800__c252,243,0.7860836386680603,18.605728306463188,2.497032642364502,0.7866524271770043,TRUSTED,B032
F,43.800_-123.550__c117,250,1.7512332201004028,45.80750242793432,1.944909930229187,0.9178756448985164,TRUSTED,B032
F,43.200_-123.800__c581,247,0.6649914383888245,14.871313800584876,1.8880115747451784,0.7412334217017115,TRUSTED,B032
F,43.950_-123.300__c993,241,0.4195621907711029,7.302415553159266,1.904981017112732,0.4085783932080337,UNDETERMINED,B032
F,42.750_-123.550__c225,250,0.6216204762458801,12.904945238294768,2.707411289215088,0.7167678609245365,TRUSTED,B032
F,42.850_-123.600__c1021,248,2.653578519821167,76.19820707677019,2.7914931774139404,,TRUSTED,B032
F,43.100_-123.850__c315,247,2.65629243850708,76.28190278371974,1.5636316537857056,0.9886985544307292,TRUSTED,B032
F,43.750_-123.650__c62,249,1.269210934638977,33.50509901819456,2.165329694747925,0.8815564982226737,TRUSTED,B032
F,44.500_-123.600__c1058,246,0.4663008153438568,8.743808121688074,1.6747840642929075,0.3540443736700887,TRUSTED,B032
F,43.900_-123.300__c1040,245,0.9510944485664368,23.694567725436823,2.457510709762573,0.8473465585631765,TRUSTED,B032
F,43.200_-123.400__c777,249,1.644034743309021,45.06445185031903,1.6779439449310305,0.8723891806425412,TRUSTED,B032
F,43.550_-123.450__c939,250,0.2321602702140808,1.5610251455338833,2.235041379928589,0.3392304238137894,UNDETERMINED,B032
F,43.800_-123.450__c1122,249,0.4958456754684448,9.654954784883412,2.0699079036712646,0.7776681326038457,TRUSTED,B032
F,44.450_-123.550__c81,249,0.8175975680351257,19.57759994389493,2.486247539520264,0.7989327993009396,TRUSTED,B032
F,42.800_-123.400__c824,239,0.7897425293922424,16.113445956264492,2.346386194229126,0.3721358950789376,TRUSTED,B032
F,42.900_-123.400__c420,244,0.1931274235248565,0.3192962648019291,2.9013357162475586,-0.0056721095739923,FAIL,B032
F,43.700_-123.750__c155,241,0.6648248434066772,14.866176106195788,2.5192179679870605,0.8589738770239996,TRUSTED,B032
F,42.800_-123.650__c340,250,1.3849334716796875,35.138183684381524,2.1120738983154297,0.9152931106918708,TRUSTED,B032
F,42.950_-123.250__c169,248,2.0540006160736084,57.70756592898575,1.910507082939148,0.9782850087250704,TRUSTED,B032
F,43.450_-123.350__c206,248,0.3852202296257019,6.243329025984436,2.454750299453736,0.1788451891450987,UNDETERMINED,B032
F,43.450_-123.600__c1371,247,1.1246715784072876,29.04758757371476,2.228975296020508,0.6533014494601023,TRUSTED,B032
F,43.650_-123.300__c400,248,1.8164807558059688,50.38258868377702,2.43463397026062,0.9622901024688748,TRUSTED,B032
F,43.700_-123.350__c268,249,0.6556441187858582,14.583047786457591,2.328231811523437,0.9186101441307586,TRUSTED,B032
F,43.900_-123.550__c568,245,1.154906153678894,29.980004659315583,1.98003888130188,0.8433575961420519,TRUSTED,B032
F,43.500_-123.150__c31,248,0.6937703490257263,15.75883901771689,2.4236865043640137,0.9136347443358016,TRUSTED,B032
F,43.800_-123.700__c148,246,0.7118695974349976,16.317009532822045,2.372816801071167,0.5471895156418828,TRUSTED,B032
F,44.050_-123.500__c616,245,1.5982904434204102,43.65372368887387,2.069467782974243,0.8642331794216167,TRUSTED,B032
F,42.800_-123.250__c914,240,0.1835832595825195,0.0249596833329754,2.8482320308685303,0.1484963074205815,FAIL,B032
F,42.750_-123.250__c418,250,1.3815215826034546,35.038804604191256,2.206012725830078,0.8949537174339075,TRUSTED,B032
F,44.050_-123.500__c73,248,1.3298287391662598,35.37451759362032,1.7946079969406128,0.9236050806992204,TRUSTED,B032
F,43.350_-123.500__c55,246,1.0082190036773682,25.45625647794261,2.231631278991699,0.8320850312619719,TRUSTED,B032
F,43.650_-123.650__c159,248,2.066075801849365,58.0799577826161,2.044489622116089,0.9735571854710646,TRUSTED,B032
F,42.900_-123.050__c189,247,0.4346725642681122,7.768410867856232,2.4416520595550537,0.6790533991488628,TRUSTED,B032
F,43.200_-123.400__c309,250,0.2700800001621246,2.6655240899897352,2.087149143218994,0.0202097073242962,UNDETERMINED,B032
F,43.650_-123.300__c1020,249,0.3865634799003601,6.284754099598931,2.201115369796753,0.6921915011170127,UNDETERMINED,B032
F,43.800_-123.250__c527,248,0.3742747008800506,5.905775151928048,1.7371704578399658,0.8249625800627186,UNDETERMINED,B032
F,43.700_-123.600__c625,241,0.4758743047714233,9.039049084423372,2.131525754928589,0.0424503285614837,UNDETERMINED,B032
F,43.550_-123.550__c83,249,2.2774219512939453,64.59775268953301,1.975443959236145,0.914746581348588,TRUSTED,B032
F,43.100_-123.300__c78,250,0.6415675282478333,13.485948792680572,2.3930857181549072,0.4564226640895012,TRUSTED,B032
F,43.150_-123.650__c885,248,0.293647825717926,3.419288231426466,2.481950283050537,0.1150113764887598,UNDETERMINED,B032
F,43.500_-123.300__c251,247,1.700364351272583,46.80162488544832,2.228055477142334,0.8907984164503814,TRUSTED,B032
F,43.650_-123.500__c902,249,2.115358591079712,59.59981094052018,3.2578203678131104,0.4124351509642112,TRUSTED,B032
F,43.800_-123.450__c544,239,0.4584969580173492,7.25557686816355,2.368532180786133,0.4705944280498615,UNDETERMINED,B032
F,43.500_-123.600__c822,243,2.447529554367065,69.84377430786658,2.875671863555908,,TRUSTED,B032
F,44.550_-123.700__c58,250,0.924346387386322,21.722530431337603,2.0093581676483154,0.906977117308758,TRUSTED,B032
F,43.450_-123.150__c241,247,2.1598434448242188,60.97169850001849,1.903594851493836,0.9587922044210464,TRUSTED,B032
F,42.950_-123.350__c1275,225,0.4490821361541748,7.311747648028168,2.853833675384521,0.0885141393140209,UNDETERMINED,B032
F,43.900_-123.450__c247,246,0.3461288213729858,5.037772254387922,2.27914834022522,0.3650812814118249,UNDETERMINED,B032
F,42.900_-123.400__c1129,226,3.207815170288086,84.12197009264092,3.171670913696289,0.706699068583992,TRUSTED,B032
F,43.850_-123.300__c163,248,0.366972804069519,5.680588812041616,2.355872869491577,-0.0335289348544287,UNDETERMINED,B032
F,43.000_-123.300__c56,249,0.3706201910972595,5.793072151129824,2.498755931854248,0.3630046205769782,UNDETERMINED,B032
F,43.000_-123.750__c923,249,1.1170507669448853,28.812566087556835,1.7633707523345947,0.8186004849639225,TRUSTED,B032
F,43.450_-123.450__c124,247,0.8011329770088196,19.069841331695244,2.5157299041748047,0.7709580394527106,TRUSTED,B032
F,43.050_-123.450__c75,247,3.2901511192321777,95.82974357378085,1.291250467300415,0.9300170693910436,TRUSTED,B032
F,43.600_-123.350__c1320,250,1.8321902751922607,48.16556199264448,2.21292781829834,0.9596044015141598,TRUSTED,B032
F,43.950_-123.050__c194,244,0.359949380159378,5.463990417838843,2.115814447402954,-0.0568297252576518,UNDETERMINED,B032
F,43.700_-123.600__c1437,247,0.2321505397558212,1.5227469493335772,2.148684501647949,-0.2304744771666954,UNDETERMINED,B032
F,43.600_-123.100__c229,249,0.4892983436584472,9.45303879995894,2.261253118515014,0.461375708185381,TRUSTED,B032
F,44.500_-123.300__c94,249,0.5251951813697815,10.560076835069715,2.065739154815674,0.5888844179772865,TRUSTED,B032
F,43.350_-123.700__c64,247,0.5973570346832275,12.785507301799829,2.1184091567993164,0.8349875451440913,TRUSTED,B032
F,43.650_-123.350__c1291,245,0.6204347610473633,13.497211242253346,2.203402519226074,0.5151673538735729,TRUSTED,B032
F,44.050_-123.250__c464,244,0.3332371413707733,4.640200183731122,2.1850945949554443,0.5665273185767833,UNDETERMINED,B032
F,42.400_-123.200__c455,242,0.941727876663208,20.71826763950236,2.7795212268829346,0.8599159198122241,TRUSTED,B033
F,42.750_-123.550__c448,249,0.5144975781440735,9.095395352439429,1.8188022375106807,0.3432597876598676,TRUSTED,B033
F,42.900_-123.350__c777,247,1.3044031858444214,30.58491055994942,1.3546916246414185,0.9267672477018964,TRUSTED,B033
F,42.950_-123.300__c639,248,0.4617157280445099,7.659456223336086,1.931573748588562,0.597101760756142,TRUSTED,B033
F,43.600_-123.800__c435,241,0.2303228676319122,1.3643744511959273,2.5603814125061035,-0.000429001483602,FAIL,B033
F,42.500_-123.550__c749,249,1.214097499847412,28.128129150070468,1.8581690788269043,0.8845195904470514,TRUSTED,B033
F,42.650_-123.450__c631,247,0.317200243473053,3.727888105393186,2.8424232006073,0.5112698319561005,UNDETERMINED,B033
F,42.850_-123.550__c254,248,0.1686137318611145,-0.3144329894165403,2.115731000900269,-0.2257689209503977,FAIL,B033
F,43.100_-123.500__c698,210,0.6485233306884766,11.30378056646074,1.193301558494568,0.5189755296151785,TRUSTED,B033
F,43.500_-123.400__c305,246,0.6123028993606567,11.756205602638948,2.34775447845459,0.6152577367496513,TRUSTED,B033
F,43.700_-123.550__c98,238,1.1138172149658203,25.874543618541843,2.6107773780822754,0.7928060281542033,TRUSTED,B033
F,42.650_-123.650__c120,249,1.6338130235671997,39.54656072199312,1.792263150215149,0.674452540915115,TRUSTED,B033
F,42.750_-123.350__c771,237,0.3136392831802368,3.559789077849921,2.734746217727661,0.2429175989931629,UNDETERMINED,B033
F,43.750_-123.550__c583,248,1.0948065519332886,24.88279880385104,2.0135610103607178,0.7698456066464401,TRUSTED,B033
F,42.550_-123.500__c335,250,0.6449884176254272,12.945471720032687,1.7903696298599243,0.7829246908884769,TRUSTED,B033
F,42.600_-123.100__c286,250,1.4317466020584106,34.85852884447721,1.938264012336731,0.8872864558904143,TRUSTED,B033
F,43.100_-123.450__c172,248,0.4434131383895874,7.16153118660755,2.141928434371948,0.5818190953387138,UNDETERMINED,B033
F,43.550_-123.300__c1221,249,0.2656790912151336,2.3262464735806416,2.1225712299346924,0.5559639841293623,UNDETERMINED,B033
F,43.800_-123.350__c417,248,0.8504951596260071,18.23626619391049,2.3553411960601807,0.8498531006071155,TRUSTED,B033
F,44.000_-123.350__c204,227,0.166847750544548,-0.3993857314528198,2.984097957611084,-0.0660632019466976,FAIL,B033
F,42.400_-123.500__c1072,249,0.4500780403614044,7.342850968216517,1.5980674028396606,0.786323185756431,UNDETERMINED,B033
F,42.750_-123.400__c670,250,1.6446328163146973,40.7879082475867,1.8991451263427728,0.9069201296301816,TRUSTED,B033
F,43.200_-123.300__c772,245,1.0045151710510254,22.426406567030085,1.8693673610687256,0.8067576175194797,TRUSTED,B033
F,43.450_-123.450__c566,233,0.5540478229522705,10.264119879035556,1.998257398605347,0.4829417579062995,TRUSTED,B033
F,42.500_-123.650__c780,247,1.787087321281433,43.71641382790997,2.141752958297729,0.928602002546924,TRUSTED,B033
F,42.550_-124.000__c35,249,1.2245854139328003,28.413454620653155,1.8440357446670528,0.9060840244599327,TRUSTED,B033
F,42.750_-123.400__c887,248,0.8583373427391052,18.449614107415787,1.8976064920425413,0.7761193586565317,TRUSTED,B033
F,43.000_-123.300__c532,241,0.9496638178825378,20.93416625809197,2.334352731704712,0.7522437727044309,TRUSTED,B033
F,43.600_-123.050__c167,239,0.5945000052452087,11.392219621161564,1.609078288078308,0.6730771237216039,TRUSTED,B033
F,42.450_-123.250__c387,248,0.3896921873092651,5.700043657023606,2.356262445449829,0.2459991126304733,UNDETERMINED,B033
F,42.600_-123.400__c803,246,1.2500677108764648,29.106704804415493,2.4902350902557373,0.8181146674982399,TRUSTED,B033
F,42.600_-123.650__c231,249,0.7364287972450256,15.133071577799695,1.894813895225525,0.4756773008191718,TRUSTED,B033
F,42.700_-123.300__c341,246,0.9779558181762696,21.70385489510905,2.0585696697235107,0.8510449587979018,TRUSTED,B033
F,42.900_-123.100__c441,249,1.363999605178833,32.206241193781075,1.5329444408416748,0.8830054580439015,TRUSTED,B033
F,42.950_-123.050__c189,249,1.570185661315918,37.81556760663425,1.601370334625244,0.8871728155010692,TRUSTED,B033
F,43.200_-123.600__c1396,246,0.4441297054290771,7.181025513704614,2.3847246170043945,0.4888031081135028,UNDETERMINED,B033
F,42.500_-123.200__c1047,249,1.3789007663726809,32.61162979586607,2.561079502105713,0.8122104053785213,TRUSTED,B033
F,43.200_-123.250__c571,248,1.1793525218963623,27.18288616814328,1.8841873407363887,0.8378088489143315,TRUSTED,B033
F,43.200_-123.450__c1127,248,0.7630853652954102,15.858268004960737,1.645997405052185,0.717366876856429,TRUSTED,B033
F,43.200_-123.500__c1050,250,0.8860442638397217,19.659441314237903,1.7210139036178589,0.708815689647128,TRUSTED,B033
F,43.300_-123.600__c255,250,0.4799939095973968,8.3499884429905,2.077502965927124,0.3726129471188339,TRUSTED,B033
F,43.950_-123.650__c118,247,0.4410343468189239,7.096815760947905,2.3052010536193848,0.561720375810144,UNDETERMINED,B033
F,42.650_-123.250__c914,248,1.004470705986023,22.425196887441466,2.102712869644165,0.9485816247441184,TRUSTED,B033
F,42.850_-123.450__c644,230,0.3640183210372925,4.964721429917916,2.801704168319702,0.2875563515996928,UNDETERMINED,B033
F,43.550_-123.600__c957,249,0.9434121251106262,20.764087902418822,2.018919944763184,0.8623382514365596,TRUSTED,B033
F,42.500_-123.500__c459,248,0.3690045475959778,5.137232931422549,2.2488725185394287,-0.1046122557483055,UNDETERMINED,B033
F,42.500_-123.650__c484,248,1.4168192148208618,33.6432075776021,1.88026225566864,0.9357374254700312,TRUSTED,B033
F,42.650_-123.700__c591,247,1.138281226158142,26.065534644423703,2.212214469909668,0.8803326922592862,TRUSTED,B033
F,43.400_-123.500__c1530,226,0.1820126920938491,0.0174160445717883,2.318092107772827,-0.033701310751157,FAIL,B033
F,42.600_-123.350__c986,239,0.3253381848335266,3.886039163510632,1.9723345041275024,0.355840945510184,UNDETERMINED,B033
F,43.850_-123.650__c317,250,1.1014668941497805,25.659465841830865,2.0599756240844727,0.9148016363171072,TRUSTED,B033
F,43.400_-123.200__c355,240,0.6114020347595215,11.731697429311298,1.5398344993591309,0.390763676959713,TRUSTED,B033
F,43.650_-123.450__c1300,247,0.6002068519592285,11.427130594119244,1.8218945264816284,0.3465016828464524,TRUSTED,B033
F,42.500_-123.400__c174,249,1.070907473564148,24.23262034828303,2.4708282947540283,0.7702335984667584,TRUSTED,B033
F,43.000_-123.250__c1416,247,0.6081551313400269,11.643364874471384,2.3361191749572754,0.6144313928936467,TRUSTED,B033
F,43.050_-123.600__c1454,239,0.2825231254100799,2.692045298236973,2.4478981494903564,0.6141075737989582,UNDETERMINED,B033
F,43.750_-123.500__c1186,249,0.9860368967056274,21.92370199868297,2.3255932331085205,0.7745127480598114,TRUSTED,B033
F,42.400_-123.600__c879,247,0.704073429107666,14.252838333657268,1.573086142539978,0.777265092522514,TRUSTED,B033
F,43.250_-123.400__c86,250,0.5674127340316772,10.78480733840594,1.93098247051239,0.6018605334840692,TRUSTED,B033
F,43.350_-123.400__c1019,201,1.1574697494506836,26.71986570001224,1.7170847654342651,0.569320792185168,TRUSTED,B033
F,43.800_-123.500__c625,244,0.3328679502010345,4.154130707946643,1.8962225914001465,0.1312025247188056,UNDETERMINED,B033
F,42.600_-123.150__c115,249,1.452773094177246,34.62133892603924,1.4512875080108645,0.8752756557092926,TRUSTED,B033
F,43.350_-123.350__c706,249,0.7613524198532104,15.81112293209266,1.968319058418274,0.5220076969083876,TRUSTED,B033
F,43.450_-123.100__c132,249,1.2927285432815552,30.26729994109668,1.83576238155365,0.9165304756692538,TRUSTED,B033
F,43.450_-123.500__c1385,221,0.3799234330654144,5.456906072483962,2.353437900543213,-0.259896719149499,UNDETERMINED,B033
F,42.400_-123.350__c537,248,0.7894675135612488,16.57599879562578,1.714740514755249,0.9307872033707,TRUSTED,B033
F,42.500_-123.300__c340,249,1.1899826526641846,27.47208066754427,1.9068481922149656,0.8741252199468853,TRUSTED,B033
F,43.450_-123.500__c1279,214,0.8861944079399109,17.20048039847286,2.1517183780670166,0.7775110112740302,TRUSTED,B033
F,43.200_-123.800__c156,249,1.240673303604126,28.85112837100821,2.0504183769226074,0.900651400203012,TRUSTED,B033
F,43.350_-123.350__c755,249,0.7344465851783752,15.07914516439594,1.6463702917099,0.8218744762857194,TRUSTED,B033
F,42.600_-123.700__c223,247,0.6837360858917236,13.699557483314024,2.378473997116089,0.8066161524684012,TRUSTED,B033
F,42.600_-123.450__c733,230,0.3311918079853058,4.049280560976047,2.864015579223633,0.0680865278596298,UNDETERMINED,B033
F,42.450_-123.600__c1099,250,0.5629304647445679,10.659965646410884,2.1844916343688965,0.7464550306825032,TRUSTED,B033
F,43.500_-123.700__c150,248,1.302198886871338,30.52494223482019,2.205374002456665,0.9214823261748728,TRUSTED,B033
F,43.550_-123.700__c310,250,1.2621220350265503,30.134087585874784,1.9704296588897705,0.9418572719255472,TRUSTED,B033
F,43.750_-123.700__c403,248,1.664616346359253,40.38457031089678,1.9607605934143064,0.953320957962488,TRUSTED,B033
F,42.800_-123.650__c279,248,1.004865288734436,22.435931577624675,2.284998655319214,0.94703426074943,TRUSTED,B033
F,43.750_-123.350__c266,244,0.4674443900585174,7.8153054390760515,2.6575827598571777,0.4860950575564524,TRUSTED,B033
F,42.450_-123.400__c454,241,1.0121670961380005,22.63457847886396,2.203016757965088,0.7600765885163991,TRUSTED,B033
F,43.900_-123.400__c400,250,1.132300853729248,26.518263793992805,2.070063591003418,0.896508916180808,TRUSTED,B033
F,42.500_-123.800__c314,243,0.7970011234283447,16.780951921959097,1.8012043237686155,0.7426850958009427,TRUSTED,B033
F,43.350_-123.200__c124,248,1.0218913555145264,22.899128594367,2.2194228172302246,0.8590932147475372,TRUSTED,B033
F,44.000_-123.500__c275,246,0.7378458976745605,15.17162403385798,2.1660232543945312,0.3770251574249299,TRUSTED,B033
F,43.000_-123.550__c574,249,0.9680479168891908,21.434308770473912,2.384286880493164,0.8535010496693014,TRUSTED,B033
F,43.750_-123.650__c177,250,0.9286229014396667,20.84535604187566,1.834239602088928,0.7256775678312906,TRUSTED,B033
F,43.300_-123.400__c1230,249,0.2557279467582702,2.055523911222257,2.080456018447876,0.6717248332729467,UNDETERMINED,B033
F,42.750_-123.300__c218,246,0.1589351594448089,-0.5777401834655858,2.710449457168579,0.0809865365983709,FAIL,B033
F,43.800_-123.450__c630,244,0.3304252028465271,4.087675354406849,2.6781468391418457,0.2701890994983491,UNDETERMINED,B033
F,43.450_-123.650__c762,250,0.6796406507492065,13.910617528434033,2.162297248840332,0.7491786060723103,TRUSTED,B033
F,42.900_-123.700__c940,249,1.3092961311340332,30.71802396133005,2.13804030418396,0.965038960944966,TRUSTED,B033
F,43.100_-123.650__c863,247,0.592741072177887,11.224022796702618,2.4446091651916504,0.6642763713188883,TRUSTED,B033
F,43.250_-123.350__c1060,246,0.2423148602247238,1.690618631107271,2.4192051887512207,0.0183089432803649,FAIL,B033
F,43.200_-123.450__c400,244,0.7785167098045349,16.278080333507923,1.83009672164917,0.8111481146311281,TRUSTED,B033
F,43.000_-123.450__c611,250,0.7266846299171448,15.220902471464097,2.0097525119781494,0.6771200831816848,TRUSTED,B033
F,43.500_-123.300__c944,236,0.6824957728385925,13.84617876757839,2.16917371749878,0.6570774747887396,TRUSTED,B033
F,42.400_-123.450__c988,249,1.0105440616607666,22.59042355232486,1.7851513624191284,0.844786251753758,TRUSTED,B033
F,42.900_-123.550__c983,249,1.0780380964279177,24.426610145261563,2.121112585067749,0.764326195791598,TRUSTED,B033
F,42.400_-123.250__c43,247,1.2547223567962646,29.23333523127157,1.9116432666778564,0.8893289516277442,TRUSTED,B033
F,42.900_-123.500__c1325,242,0.2978850603103637,3.2024152915985664,2.416853904724121,0.4436108517149558,UNDETERMINED,B033
F,43.150_-123.500__c1376,249,0.4868742525577545,8.343898123552318,2.107195854187012,0.5542187743414195,TRUSTED,B033
F,43.250_-123.350__c637,250,0.8686836957931519,19.175908855542907,2.2285268306732178,0.7936772248409335,TRUSTED,B033
F,43.450_-123.500__c1143,234,0.7142062187194824,14.730495602746451,2.270128965377808,0.4888397575961322,TRUSTED,B033
F,42.400_-123.400__c70,249,1.1152712106704712,25.43954329441049,2.4016101360321045,0.8316471366447659,TRUSTED,B033
F,42.500_-123.200__c1148,239,0.3835573494434356,5.509611017004811,2.6775734424591064,0.2835266988803306,UNDETERMINED,B033
F,43.600_-123.300__c1210,243,0.6656814217567444,13.20837730214698,1.5693252086639404,0.4773259496128232,TRUSTED,B033
F,43.800_-123.500__c60,243,0.4238970279693603,6.630592112902416,2.2410569190979004,0.6123253771301981,UNDETERMINED,B033
F,43.400_-123.150__c295,229,0.6034148335456848,11.599469322303833,1.705207347869873,0.7146196975035936,TRUSTED,B033
F,42.800_-123.400__c384,249,0.6891849637031555,13.847795122661244,2.5517730712890625,0.7601724430567274,TRUSTED,B033
F,43.400_-123.300__c468,249,0.7143409848213196,14.532168917592324,1.9767818450927728,0.6410270815105126,TRUSTED,B033
F,42.550_-123.000__c308,247,1.232269287109375,28.6224956856499,1.5618150234222412,0.8625283108917798,TRUSTED,B033
F,42.750_-123.200__c858,234,0.1624016761779785,-0.6578104628499172,2.758440971374512,-0.4125376724429628,FAIL,B033
F,42.400_-123.550__c895,247,0.2269783467054367,1.273386195623755,2.4269073009490967,0.3718222041047634,FAIL,B033
F,43.400_-123.600__c423,218,0.5857853889465332,9.747231007259922,2.0823535919189453,0.6777776310995622,TRUSTED,B033
F,43.500_-123.550__c483,183,0.2854224741458893,1.9647733711324329,2.681032180786133,0.3502449195365399,UNDETERMINED,B033
F,41.600_-123.400__c558,248,2.215515375137329,49.93965868989877,2.5614116191864014,0.9425998711773136,TRUSTED,B036
F,42.100_-123.000__c358,249,0.2567892372608185,1.736113399918606,2.592581987380981,-0.2412518354774232,UNDETERMINED,B036
F,42.500_-123.550__c701,248,0.8821457624435425,17.125912413225354,2.1502718925476074,0.9085911830203468,TRUSTED,B036
F,42.550_-123.150__c219,248,1.168603539466858,24.17553520703778,2.119807004928589,0.9144667996601702,TRUSTED,B036
F,42.550_-123.400__c723,248,0.4404869675636291,6.256848428204811,2.1325490474700928,0.6642970969581725,UNDETERMINED,B036
F,43.000_-123.450__c460,248,0.5252635478973389,8.343169558363362,2.0948281288146973,0.3878623117718206,TRUSTED,B036
F,42.050_-123.450__c751,247,0.3925001919269562,5.075911150658604,2.4912896156311035,0.1242322689010802,UNDETERMINED,B036
F,42.050_-123.500__c580,248,1.1435215473175049,23.55827640747685,2.491452932357788,0.947086276008008,TRUSTED,B036
F,42.300_-123.300__c682,250,0.806970477104187,16.06232869270193,1.8659183979034424,0.6919998243918144,TRUSTED,B036
F,42.600_-123.150__c133,247,0.526502251625061,8.37365361128199,2.5031800270080566,0.4926247717606369,TRUSTED,B036
F,43.200_-123.350__c401,250,0.9880132079124452,20.71655304978866,2.321930170059204,0.7390761249090824,TRUSTED,B036
F,41.750_-122.700__c140,249,1.5283883810043335,33.0297106674734,2.693129062652588,0.9362090464786378,TRUSTED,B036
F,42.550_-123.450__c150,250,1.381528615951538,30.83299897837012,2.64033579826355,0.9717584784533444,TRUSTED,B036
F,43.400_-123.200__c27,247,2.2937657833099365,51.86537307200067,2.171461343765259,0.989493634189468,TRUSTED,B036
F,42.400_-123.050__c65,241,0.7155362367630005,13.025711950494586,2.4473764896392822,0.7726179252851897,TRUSTED,B036
F,42.150_-123.350__c68,249,2.110863208770752,47.3642065408736,2.176734685897827,0.989528971597749,TRUSTED,B036
F,42.200_-123.800__c65,240,0.930374562740326,18.312805830550023,1.727089762687683,0.7459407801515067,TRUSTED,B036
F,42.400_-123.350__c635,241,0.79041987657547,14.868571374983722,2.111056327819824,0.6713347338504345,TRUSTED,B036
F,42.400_-123.700__c339,250,1.418696045875549,31.78849471614628,2.6654648780822754,0.9494710161151134,TRUSTED,B036
F,42.550_-123.250__c512,248,0.3065158128738403,2.959866528713093,2.3288357257843018,0.2847710280899636,UNDETERMINED,B036
F,42.600_-123.150__c488,245,0.9849979877471924,19.65706866050688,2.0010533332824707,0.7182340783877064,TRUSTED,B036
F,42.600_-123.650__c382,248,1.8263118267059328,40.36149944086107,2.369706153869629,0.9354281978060002,TRUSTED,B036
F,42.700_-123.600__c443,249,2.1681900024414062,48.77499830067956,2.3546178340911865,0.9753375398257564,TRUSTED,B036
F,42.500_-123.250__c827,243,0.4216976761817932,5.794450729732854,2.6067652702331543,-0.0548997694890705,UNDETERMINED,B036
F,43.350_-123.300__c349,246,0.4522615075111389,6.546615618550157,2.8846421241760254,0.6299540674960992,UNDETERMINED,B036
F,43.400_-123.600__c315,249,1.9858440160751345,44.287529204166766,2.4655373096466064,0.926714784478432,TRUSTED,B036
F,42.000_-123.350__c186,249,1.273881435394287,26.76638633534982,2.605311155319214,0.8062343515144574,TRUSTED,B036
F,42.400_-123.100__c302,249,2.611047744750977,59.67356795043199,2.5769686698913574,0.9706759865989072,TRUSTED,B036
F,42.400_-123.350__c296,246,0.4775485098361969,7.168919644750176,2.4580202102661133,0.8543763225106511,TRUSTED,B036
F,42.550_-123.550__c449,249,1.0713971853256226,21.78332181706345,2.5187485218048096,0.970284230810696,TRUSTED,B036
F,43.000_-123.150__c316,248,1.934363603591919,43.02061478121848,2.4421911239624023,0.9787296986704088,TRUSTED,B036
F,43.150_-123.450__c394,249,0.3389323651790619,3.757626213935752,2.517937421798706,0.2649819324736106,UNDETERMINED,B036
F,43.150_-123.650__c644,247,0.869720458984375,16.820130167073756,2.60952377319336,0.7061407966456668,TRUSTED,B036
F,42.350_-123.250__c6,249,0.5643115639686584,9.304127180146216,1.9928251504898071,0.4319854699772501,TRUSTED,B036
F,43.200_-123.600__c402,242,0.8347285389900208,15.958991609919543,1.898728013038636,0.6553866871899945,TRUSTED,B036
F,41.700_-122.800__c557,249,0.21206896007061,0.6355634734977101,2.1909067630767822,-0.0107743631317284,FAIL,B036
F,42.650_-123.400__c797,247,0.655151903629303,11.539675244939096,2.3390426635742188,0.6478087916409888,TRUSTED,B036
F,42.800_-123.550__c583,244,1.6270086765289309,35.45672064600203,2.0366432666778564,0.9448585690935823,TRUSTED,B036
F,41.650_-122.750__c433,248,0.2482477277517318,1.5259099250661097,2.3014047145843506,0.1294737903498194,UNDETERMINED,B036
F,41.950_-123.450__c54,249,1.9341062307357788,43.01428092785968,2.660653114318848,0.9561015056467508,TRUSTED,B036
F,42.400_-123.800__c286,237,0.6304387450218201,10.236914061125525,2.2133994102478027,0.4094646704520933,TRUSTED,B036
F,42.100_-123.500__c358,247,1.6270592212677002,35.45796453383165,2.2617027759552,0.9564725073141468,TRUSTED,B036
F,42.500_-123.700__c239,246,0.9051693081855774,17.692513587555567,2.569866418838501,0.9177335823217894,TRUSTED,B036
F,42.650_-123.550__c416,249,0.484609454870224,7.342686960739934,2.5309295654296875,0.4801842860268989,TRUSTED,B036
F,42.750_-123.100__c269,249,0.6807439923286438,12.169487337006885,2.0790817737579346,0.2224890679055661,UNDETERMINED,B036
F,42.750_-123.350__c627,206,0.4687089323997497,6.838414998247754,3.009773731231689,0.6800828499590336,TRUSTED,B036
F,41.600_-123.400__c746,249,2.5750532150268555,58.78775552867648,2.634469985961914,0.990889340773752,TRUSTED,B036
F,42.400_-123.200__c512,248,2.426131248474121,55.12283953016938,2.069865226745605,0.9760370971115024,TRUSTED,B036
F,42.600_-123.250__c446,249,0.9349742531776428,18.42600255674242,2.1663029193878174,0.8729693443933881,TRUSTED,B036
F,41.850_-123.250__c75,247,0.5989289283752441,10.15604805909137,1.817915916442871,0.5667886289599932,TRUSTED,B036
F,43.100_-123.450__c358,247,1.821650147438049,40.24677719185877,2.362992763519287,0.9723124077049772,TRUSTED,B036
F,43.350_-123.700__c202,247,1.7731035947799685,39.05206400328449,1.7987209558486938,0.9341339111233538,TRUSTED,B036
F,42.550_-123.750__c210,245,0.9014590978622437,17.6012066468364,2.112425804138184,0.8866048640413113,TRUSTED,B036
F,41.850_-123.400__c244,247,0.8835800886154175,17.161210664088305,2.2321043014526367,0.6951317612771492,TRUSTED,B036
F,42.400_-123.200__c569,249,1.8108848333358765,39.9818466863377,2.36780333518982,0.9316812364480532,TRUSTED,B036
F,42.600_-123.600__c495,246,0.782923698425293,14.68409312864983,2.3987081050872803,0.7766122481842521,TRUSTED,B036
F,42.900_-123.700__c478,250,1.217132329940796,26.606719385978483,2.385141134262085,0.9539547805227564,TRUSTED,B036
F,42.100_-123.500__c744,248,1.1894266605377195,24.68798472216305,2.3820555210113525,0.7794304644260192,TRUSTED,B036
F,42.200_-123.450__c385,250,0.662160336971283,12.33956734044684,2.4226632118225098,0.7985305665183243,TRUSTED,B036
F,42.450_-123.150__c433,247,1.917253255844116,42.599535281313166,2.397258758544922,0.8908112767856818,TRUSTED,B036
F,42.750_-123.300__c568,248,1.996265649795532,44.54400185918601,2.185765504837036,0.898076634608341,TRUSTED,B036
F,42.800_-123.750__c142,247,0.2470045387744903,1.4953154917710942,2.158830642700196,-0.1222138307764229,UNDETERMINED,B036
F,42.600_-123.250__c224,247,0.7521209120750427,13.926047642770127,2.1048645973205566,0.7056306702069024,TRUSTED,B036
F,41.900_-123.400__c609,248,1.5600438117980957,33.80873942623352,2.3996124267578125,0.9504443243548896,TRUSTED,B036
F,42.200_-123.250__c344,248,2.0360653400421143,45.523457911887775,2.390993595123291,0.9769338171553452,TRUSTED,B036
F,42.700_-123.200__c177,248,1.704552412033081,37.36504406807106,2.7653048038482666,0.9763663357559434,TRUSTED,B036
F,42.800_-123.250__c500,247,0.8659103512763977,16.72636478767248,2.295326471328736,0.5604737836367866,TRUSTED,B036
F,42.250_-123.300__c663,248,0.418613851070404,5.718558903637971,1.4919586181640625,0.3287437149299536,UNDETERMINED,B036
F,42.550_-123.500__c458,248,0.5257390141487122,8.354870611685078,1.9733734130859373,0.6802786617619181,TRUSTED,B036
F,43.050_-123.850__c103,245,1.2000937461853027,24.95049786076997,2.030760765075684,0.8478825227077229,TRUSTED,B036
F,42.250_-123.250__c359,249,1.7291792631149292,37.971102009770064,2.49855637550354,0.9533197501493536,TRUSTED,B036
F,43.400_-123.550__c66,248,1.010130524635315,20.27557134789741,2.3854129314422607,0.8764731839420937,TRUSTED,B036
F,42.350_-123.500__c763,237,0.3031545281410217,2.6403129975747754,2.371633529663086,0.346093662979729,UNDETERMINED,B036
F,42.550_-123.350__c77,219,0.3510490655899048,3.591571398592735,2.694011926651001,0.6106451336568883,UNDETERMINED,B036
F,42.200_-123.550__c238,249,1.1932995319366455,24.78329469340936,2.468370199203491,0.9072370088297922,TRUSTED,B036
F,42.100_-123.050__c65,248,2.4785385131835938,56.41256345282339,2.44097638130188,0.9666373671726156,TRUSTED,B036
F,42.300_-123.800__c359,248,1.3740779161453247,29.232185665017912,1.9924979209899905,0.9063146727624538,TRUSTED,B036
F,42.300_-123.700__c484,250,1.617940068244934,36.910635648154496,1.914203643798828,0.9278471604576826,TRUSTED,B036
F,42.500_-123.650__c371,248,1.3286384344100952,28.113936373592235,2.0670344829559326,0.8527061147750713,TRUSTED,B036
F,42.300_-123.700__c524,248,1.2182354927062988,25.396959713273883,2.699906349182129,0.9310307406227664,TRUSTED,B036
F,42.650_-123.350__c690,247,2.169800281524658,48.81462668936446,2.31601357460022,0.9664019107764402,TRUSTED,B036
F,43.200_-123.800__c428,248,2.309483289718628,52.252175247846594,2.1649489402771,0.9400750775352644,TRUSTED,B036
F,42.750_-123.700__c347,250,1.8253986835479736,42.24395632952178,2.765002727508545,0.9633117044025792,TRUSTED,B036
F,42.500_-123.500__c36,250,0.2984621226787567,2.989658177940916,2.377982378005981,0.2392016991629116,UNDETERMINED,B036
F,42.850_-123.550__c106,248,0.3447871506214142,3.901710376482082,2.5048060417175293,0.0679592110242057,UNDETERMINED,B036
F,42.400_-123.550__c146,248,1.221428632736206,25.47554174017008,2.121809482574463,0.8379801609266739,TRUSTED,B036
F,42.200_-123.550__c677,247,1.889396905899048,41.91400053491602,2.070435047149658,0.9242598503333286,TRUSTED,B036
F,43.200_-123.650__c388,250,0.8395815491676331,16.90069014047058,2.3269073963165283,0.8548181968437155,TRUSTED,B036
F,42.400_-123.400__c100,248,0.5846909880638123,9.805657472389855,2.3378796577453613,0.7600604763485742,TRUSTED,B036
F,42.450_-123.450__c133,249,1.092071771621704,22.29211594484039,2.096658229827881,0.8293205967222983,TRUSTED,B036
F,43.000_-123.200__c236,248,1.660202145576477,36.27359997263398,2.146195650100708,0.8654200281747786,TRUSTED,B036
F,41.700_-123.350__c118,247,1.2875423431396484,27.10257635827956,2.087821245193481,0.921344150379634,TRUSTED,B036
F,41.700_-122.750__c215,248,0.940962553024292,18.573372460725466,2.1353797912597656,0.9029704345078844,TRUSTED,B036
F,42.200_-123.150__c424,249,1.062900185585022,21.574213711593927,2.372299194335937,0.7304829368903,TRUSTED,B036
F,42.400_-123.650__c162,250,1.683342695236206,38.59199837507129,2.33024001121521,0.9668909609256824,TRUSTED,B036
F,42.400_-123.150__c684,249,1.9038615226745603,42.26996954781566,2.2531421184539795,0.9637267314538956,TRUSTED,B036
F,42.600_-123.500__c657,248,1.790643572807312,39.48371654974152,2.3259429931640625,0.9386214010663648,TRUSTED,B036
F,42.050_-123.250__c323,249,1.784919500350952,39.34284918673568,2.472381114959717,0.713556313844746,TRUSTED,B036
F,42.750_-123.450__c155,246,0.8416227698326111,16.12865614965998,1.865983009338379,0.8959670682865435,TRUSTED,B036
F,40.600_-122.800__c398,247,1.3650537729263306,31.5553853201668,2.0432887077331543,0.8000099679563812,TRUSTED,B039
F,40.600_-122.850__c15,248,0.3032729029655456,3.307348046675944,2.18146014213562,0.5203090906977044,UNDETERMINED,B039
F,40.750_-122.950__c268,250,0.962194800376892,21.505870416300844,2.3234212398529053,0.8693005156809037,TRUSTED,B039
F,41.000_-123.150__c254,248,0.8758707046508789,18.54096592615761,1.991802215576172,0.754402371646197,TRUSTED,B039
F,41.350_-123.200__c513,248,0.8967926502227783,19.097581622549647,2.16370177268982,0.7923783556257679,TRUSTED,B039
F,41.400_-123.000__c81,248,0.9575628638267516,20.714336366931548,2.005454063415528,0.927020820408604,TRUSTED,B039
F,41.400_-123.050__c632,248,1.145735263824463,25.720549154673613,2.18346643447876,0.9354460939447784,TRUSTED,B039
F,41.500_-123.000__c575,246,0.8785303831100464,18.61172506147038,2.059280633926392,0.795224384670673,TRUSTED,B039
F,41.700_-123.350__c302,248,0.4681962728500366,7.695034462554656,2.394804716110229,0.5923995201371337,TRUSTED,B039
F,41.800_-123.350__c427,249,1.1503911018371582,25.84441490649,1.919502139091492,0.7721419551475487,TRUSTED,B039
F,42.200_-123.550__c70,248,0.6776507496833801,13.267444020947186,2.4075493812561035,0.6193730616176687,TRUSTED,B039
F,42.250_-123.300__c262,246,0.9236721992492676,19.81269575228805,2.3124167919158936,0.7493959302535109,TRUSTED,B039
F,40.600_-122.900__c733,248,0.2851609587669372,2.825490735725736,2.0784144401550293,0.1474166371780191,UNDETERMINED,B039
F,40.650_-123.150__c133,247,0.8924105167388916,18.980997614029302,2.379266262054444,0.8112510879398132,TRUSTED,B039
F,41.050_-123.100__c624,249,0.3344606459140777,4.137079067652733,2.2139205932617188,0.2575182382652403,UNDETERMINED,B039
F,41.350_-122.950__c464,249,0.4040108621120453,5.987420465885021,2.092701435089112,0.439280088215274,UNDETERMINED,B039
F,41.400_-122.950__c11,248,1.4856470823287964,34.76369731307385,1.9692153930664065,0.8534449651462864,TRUSTED,B039
F,41.400_-123.250__c498,249,0.6821503639221191,13.38715353383088,2.166391611099243,0.6416412530963778,TRUSTED,B039
F,41.450_-123.000__c335,250,0.4763467609882355,8.184950560648815,1.9325687885284424,0.2440111220382513,UNDETERMINED,B039
F,41.600_-122.650__c390,250,0.6294400095939636,12.382441812613989,2.068549871444702,0.6997714996881168,TRUSTED,B039
F,41.800_-123.100__c785,249,0.8418989777565002,17.63716869764595,2.359375476837158,0.6162360621547004,TRUSTED,B039
F,41.950_-122.800__c11,247,1.365617275238037,31.570376958041543,2.0162220001220703,0.8888515800324976,TRUSTED,B039
F,42.000_-123.600__c124,247,1.372387409210205,31.750492273925307,2.054182767868042,0.8404632259888716,TRUSTED,B039
F,42.250_-123.500__c165,249,0.8649898767471313,18.251488086720883,2.065504550933838,0.8149392659445773,TRUSTED,B039
F,40.700_-122.800__c439,248,0.4043030440807342,5.995193790283372,1.9995567798614504,0.2990762036935888,UNDETERMINED,B039
F,41.000_-122.400__c56,247,0.9887274503707886,21.543451325784968,2.5507259368896484,0.7494718324011134,TRUSTED,B039
F,41.050_-123.000__c12,249,0.8717217445373535,18.43058535399924,2.154590129852295,0.6619337712665838,TRUSTED,B039
F,41.400_-123.150__c394,249,0.5937212109565735,11.034549451666342,1.976127028465271,0.3498182849479643,TRUSTED,B039
F,41.750_-123.100__c850,248,0.8606690764427185,18.136535810311088,2.488189220428467,0.7320878989781515,TRUSTED,B039
F,42.250_-123.150__c209,225,0.1948229372501373,0.2309920240530391,2.974148988723755,0.039138349785756,FAIL,B039
F,41.550_-123.250__c655,247,1.323716163635254,30.455623249585827,2.191656827926636,0.8768618260360328,TRUSTED,B039
F,42.100_-123.450__c298,246,0.6696324944496155,13.054123194475608,2.287471294403076,0.9076592850861832,TRUSTED,B039
F,42.150_-123.400__c14,247,1.65355122089386,39.23068527522696,2.187922954559326,0.9380601010537384,TRUSTED,B039
F,40.800_-122.900__c328,248,0.5824301838874817,10.734158511758489,2.077617645263672,0.748506004738319,TRUSTED,B039
F,40.750_-123.050__c191,245,0.6015506982803345,11.242848222166977,2.670662641525269,0.6676477363768011,TRUSTED,B039
F,40.850_-122.900__c612,248,0.5052505731582642,8.680841690639857,2.1598896980285645,0.6882897288156872,TRUSTED,B039
F,41.200_-123.200__c390,249,0.6755754351615906,13.21223153443112,2.3015825748443604,0.7471395001212365,TRUSTED,B039
F,41.350_-122.900__c586,249,1.3379580974578855,30.83452127727693,1.9986108541488647,0.947871455460928,TRUSTED,B039
F,40.900_-122.600__c132,250,0.4711837768554687,8.043392517242632,2.326873540878296,0.4751507472366598,TRUSTED,B039
F,41.000_-122.800__c334,249,0.1730109304189682,-0.158192876047653,2.006448745727539,-0.0857259401698356,FAIL,B039
F,41.450_-123.100__c645,248,1.274074912071228,29.134947803120937,2.0455336570739746,0.8106464337679017,TRUSTED,B039
F,41.550_-122.800__c263,249,0.4469808340072632,7.130610555363464,2.0158870220184326,0.8168632535365008,UNDETERMINED,B039
F,41.600_-122.750__c217,248,1.173384189605713,26.45613208721371,2.002980709075928,0.8592970321897713,TRUSTED,B039
F,41.800_-122.900__c36,250,2.6570560932159424,67.97536214619356,1.7084434032440186,0.9761519419379135,TRUSTED,B039
F,42.250_-123.600__c308,248,0.7944907546043396,16.375901620267108,2.5749008655548096,0.7772299713860378,TRUSTED,B039
F,40.600_-122.800__c541,247,0.4826405644416809,8.07931609618873,2.9071602821350098,0.4753544067822046,TRUSTED,B039
F,40.900_-123.200__c370,248,1.0783333778381348,23.927362781184232,1.6650121212005615,0.8684563942477667,TRUSTED,B039
F,41.300_-122.750__c185,247,1.5652620792388916,36.881806109221486,2.122588872909546,0.9218769094157496,TRUSTED,B039
F,41.500_-123.000__c273,247,0.6220421195030212,11.788010078875352,2.41749119758606,0.8035939700006883,TRUSTED,B039
F,42.100_-122.950__c106,248,0.862601101398468,18.18793616466607,1.3472779989242554,0.7110267116059397,TRUSTED,B039
F,42.100_-123.400__c847,248,1.492273449897766,34.9399878108326,1.9625393152236936,0.904128131723085,TRUSTED,B039
F,42.350_-123.050__c117,249,0.7137640714645386,14.228217084961242,2.6293835639953613,0.6662399885426211,TRUSTED,B039
F,40.850_-122.750__c392,249,1.3314740657806396,30.66201753975141,2.3608055114746094,0.8614269016055253,TRUSTED,B039
F,41.250_-122.850__c725,249,0.5465870499610901,9.780573632056493,2.0925416946411133,0.1099250145841316,UNDETERMINED,B039
F,41.400_-123.000__c137,250,0.8176104426383972,17.54167485375644,2.179539442062378,0.6206812031677693,TRUSTED,B039
F,41.450_-123.200__c131,249,0.484205812215805,8.120958565663003,2.1309354305267334,0.6704722803417535,TRUSTED,B039
F,41.450_-123.200__c537,247,0.5487119555473328,9.837105458821322,2.465101480484009,0.6897913935497535,TRUSTED,B039
F,41.700_-123.050__c579,249,0.2255077511072158,1.238453258287161,2.2538833618164062,0.3715765217423466,FAIL,B039
F,40.650_-122.750__c524,248,0.7104164958000183,14.139156860933385,2.455157518386841,0.8378109853458994,TRUSTED,B039
F,40.700_-122.450__c423,249,0.4441597163677215,7.055556428387511,1.7900972366333008,0.3841932289743783,UNDETERMINED,B039
F,40.850_-123.000__c198,250,1.4628427028656006,35.23257103928597,2.0614705085754395,0.9340395689026264,TRUSTED,B039
F,41.100_-122.850__c682,246,2.049227714538574,49.75741885739525,2.138840913772583,0.973985371658288,TRUSTED,B039
F,41.150_-122.700__c313,247,1.159603714942932,26.08951090111624,1.8222655057907104,0.813054109849743,TRUSTED,B039
F,41.550_-123.000__c238,249,0.2321029007434845,1.4139132218448451,2.420234203338623,0.33856850199113,UNDETERMINED,B039
F,41.850_-123.300__c254,249,1.7321834564208984,41.32264829971405,1.9285707473754885,0.9530291951277082,TRUSTED,B039
F,40.600_-123.000__c644,249,1.079783320426941,23.965937626005587,2.285555362701416,0.8296263525036628,TRUSTED,B039
F,40.700_-122.950__c634,250,1.2226696014404297,28.6475354392786,1.872475862503052,0.7520941086570392,TRUSTED,B039
F,41.100_-123.050__c626,249,0.2393532842397689,1.606805285588385,2.223294973373413,0.3912648164844005,UNDETERMINED,B039
F,41.200_-123.250__c634,248,0.9429292678833008,20.325018405617108,1.98374617099762,0.7876048086233751,TRUSTED,B039
F,41.250_-122.900__c400,249,0.3837526440620422,5.448462838411354,2.164048910140991,0.3199888405436264,UNDETERMINED,B039
F,42.300_-123.200__c700,250,0.7168881893157959,14.7800849008993,2.5491631031036377,0.7330428662547022,TRUSTED,B039
F,40.650_-122.650__c523,243,0.1767389327287674,-0.0590116314215777,2.78670620918274,0.0981978422324018,FAIL,B039
F,40.650_-122.650__c60,244,0.2316897511482238,1.4029216269719025,2.5906026363372803,0.2725566064022198,UNDETERMINED,B039
F,41.100_-123.200__c558,248,0.6456270217895508,12.415472126582175,2.730443239212036,0.6399081761153373,TRUSTED,B039
F,40.600_-122.950__c665,248,0.2726030647754669,2.4913955682730555,2.0448806285858154,0.1671619619876032,UNDETERMINED,B039
F,42.000_-123.100__c95,248,0.2121359854936599,0.8827055290235313,2.289236307144165,-0.1068902715666327,FAIL,B039
F,41.550_-122.600__c142,245,0.787700891494751,16.19526142262572,2.3062047958374023,0.666520246102668,TRUSTED,B039
F,41.050_-123.000__c416,249,0.8592660427093506,18.09920894719139,2.0505900382995605,0.8322118496387052,TRUSTED,B039
F,40.700_-122.450__c25,249,1.2018884420394895,27.21447046755396,2.446508407592773,0.82429631862584,TRUSTED,B039
F,40.700_-122.600__c793,247,0.9569494724273682,20.698017460080585,1.422187328338623,0.7181658702819707,TRUSTED,B039
F,40.700_-123.250__c25,249,1.2701886892318726,29.03155719708821,2.692044973373413,0.9195136644520694,TRUSTED,B039
F,40.850_-123.050__c142,246,1.4889789819717407,34.85234048603749,2.0604522228240967,0.9681654065853122,TRUSTED,B039
F,40.850_-123.100__c711,247,0.7542332410812378,15.304874843733977,1.982903957366944,0.8916901289371362,TRUSTED,B039
F,40.900_-123.100__c86,248,1.1349929571151731,25.43475658775866,1.672508955001831,0.8414665315506701,TRUSTED,B039
F,41.000_-122.450__c105,247,0.3794943392276764,5.335173216149187,2.171698808670044,0.2626508319261793,UNDETERMINED,B039
F,41.100_-123.100__c536,248,0.8758858442306519,18.541368705512404,2.22383713722229,0.783700861354614,TRUSTED,B039
F,41.100_-123.150__c562,246,1.443261742591858,33.63606100824681,2.041399478912353,0.949754965437234,TRUSTED,B039
F,41.150_-122.700__c122,249,1.2115188837051392,27.47068253807421,2.3149805068969727,0.9261307967870132,TRUSTED,B039
F,41.150_-122.950__c346,250,0.8447010517120361,18.284441733632764,2.110348701477051,0.8458569635365542,TRUSTED,B039
F,41.150_-123.050__c456,248,0.8437796831130981,17.687203725132925,2.2475898265838623,0.7973422126562615,TRUSTED,B039
F,41.150_-123.050__c599,248,1.7194836139678955,40.98477667937384,1.7543323040008545,0.9569665118806502,TRUSTED,B039
F,41.300_-122.950__c768,248,0.5007784962654114,8.561864792173145,2.2889578342437744,0.7201390531886516,TRUSTED,B039
F,41.300_-123.250__c707,248,0.8775174617767334,18.58477690259124,1.87395441532135,0.8730267704603855,TRUSTED,B039
F,41.550_-123.000__c444,249,0.5890403985977173,10.910019272489096,2.302265882492065,0.6462036363103041,TRUSTED,B039
F,41.550_-123.100__c242,250,0.4429205656051636,7.268475379772203,2.0279524326324463,0.3244325551803825,UNDETERMINED,B039
F,41.600_-123.050__c12,248,1.7549742460250854,41.92898346024029,1.6147677898406982,0.822136712320775,TRUSTED,B039
F,41.750_-122.700__c51,249,1.0692659616470337,23.6861296625748,2.1878232955932617,0.7393809525831547,TRUSTED,B039
F,41.900_-123.400__c308,249,0.8167368769645691,16.96774623849385,2.15321946144104,0.7730983418055398,TRUSTED,B039
F,41.100_-123.100__c132,248,0.5100452899932861,8.808402229450975,2.1862123012542725,-0.0977120578555844,UNDETERMINED,B039
F,41.900_-123.250__c291,243,1.0874712467193604,24.17047025096438,2.2245264053344727,0.8897173799287473,TRUSTED,B039
F,40.900_-123.150__c185,249,0.4136536121368408,6.243959992849224,2.6089658737182617,0.7291320100732128,UNDETERMINED,B039
F,41.900_-123.000__c437,249,1.1295409202575684,25.289708447669494,2.3206117153167725,0.9218259827283788,TRUSTED,B039
F,42.200_-123.250__c165,249,0.2745738327503204,2.543826657197384,2.234198570251465,-0.2949688471185806,UNDETERMINED,B039
F,42.300_-123.200__c186,249,0.8689809441566467,18.357668019072808,2.0639562606811523,0.8835457581867531,TRUSTED,B039
F,40.950_-123.100__c106,247,1.111586570739746,24.81204384779828,2.0752344131469727,0.7065392395023716,TRUSTED,B039
F,41.600_-122.950__c586,249,0.6085705161094666,11.429606225913796,1.950118064880371,0.6306416453833997,TRUSTED,B039
F,41.350_-123.200__c286,245,0.3567403554916382,4.729817253463825,2.2003097534179688,0.4633099570365969,UNDETERMINED,B039
F,41.250_-123.150__c544,248,0.3186978101730346,3.717718365132877,2.3053293228149414,0.2025348442391308,UNDETERMINED,B039
F,42.100_-122.950__c105,248,0.7448410391807556,15.055000997942452,1.46510648727417,0.7743687047551304,TRUSTED,B039
F,41.600_-122.850__c663,246,0.5261202454566956,9.236066688236022,1.8134809732437127,0.2957941437515389,UNDETERMINED,B039
F,40.800_-123.100__c178,247,1.2281414270401,27.912915240687827,2.219857931137085,0.88403456224979,TRUSTED,B039
F,41.400_-123.250__c582,247,0.2730781435966491,2.5040347527114584,2.237722635269165,0.1183656758188268,UNDETERMINED,B039
F,40.650_-122.900__c429,245,0.281341940164566,2.7238880577344458,2.4261624813079834,0.3853442666996084,UNDETERMINED,B039
F,41.400_-123.150__c329,249,0.908155620098114,19.3998865572655,2.3076632022857666,0.6094577430015661,TRUSTED,B039
F,42.300_-123.450__c810,244,0.6077978610992432,11.40905020711008,2.132076025009156,0.6877221620068511,TRUSTED,B039
F,42.250_-123.150__c514,233,0.1967965811491012,0.4008305896970101,2.8846685886383057,-0.4747001181427582,FAIL,B039
F,41.700_-122.850__c929,249,0.6835172772407532,13.423519435182852,2.099087953567505,0.8067527200817279,TRUSTED,B039
F,39.900_-122.900__c330,221,1.3928641080856323,32.353266774235514,1.7859102487564087,0.7599807066584932,TRUSTED,B045
F,40.550_-122.850__c1406,242,2.477717161178589,64.50882332283328,1.1456964015960691,0.9033015340763936,TRUSTED,B045
F,40.800_-123.400__c24,237,0.8781946897506714,18.57091641109933,1.401098132133484,0.7282944306020435,TRUSTED,B045
F,40.850_-122.800__c528,195,0.238915130496025,0.9555149755139924,2.7049946784973145,0.1994448777387977,FAIL,B045
F,40.900_-122.800__c1573,238,0.7945773005485535,16.311392290339793,2.127426624298096,0.5887171053119856,TRUSTED,B045
F,41.000_-123.200__c1203,236,0.7349890470504761,14.70118779367238,2.4062740802764893,0.6152612935462883,TRUSTED,B045
F,40.450_-122.800__c180,241,0.4145983159542084,6.335748182534512,1.8419427871704104,0.2982830938573067,UNDETERMINED,B045
F,40.800_-123.050__c477,240,0.6207445859909058,12.148385920053157,2.215727090835572,0.5024310863974792,TRUSTED,B045
F,41.000_-122.850__c1386,193,0.2656268775463104,1.6392708294017224,2.922553777694702,-0.0507437044237863,UNDETERMINED,B045
F,41.100_-122.850__c882,240,0.2108040899038314,0.5894302461587969,2.198770046234131,0.1087914939813322,FAIL,B045
F,41.200_-122.850__c1310,245,1.0176159143447876,23.338834622900244,2.3510684967041016,0.9166816150877628,TRUSTED,B045
F,41.200_-123.300__c1051,245,1.5132970809936523,37.31539143631024,2.1520862579345703,0.8742952171330796,TRUSTED,B045
F,40.800_-122.900__c1147,240,1.1200512647628784,26.22717009164361,2.1115615367889404,0.8169398623223556,TRUSTED,B045
F,40.800_-123.150__c517,245,1.269416093826294,30.438760444054434,2.2675936222076416,0.8524038906134733,TRUSTED,B045
F,41.300_-123.050__c685,242,0.4307996034622192,6.792570491998026,2.266160011291504,0.4141955176307294,UNDETERMINED,B045
F,39.900_-122.900__c483,246,0.7683825492858887,16.31128441337075,1.7199152708053589,0.6667989647921158,TRUSTED,B045
F,40.050_-123.650__c452,241,1.0632681846618652,24.626076488596915,1.1724072694778442,0.765584910915352,TRUSTED,B045
F,40.300_-122.950__c550,191,0.1931715607643127,-0.2154093194375721,3.047022819519043,0.0490411024635484,FAIL,B045
F,40.500_-122.900__c173,227,0.2925725877285003,2.584694905613285,2.5166261196136475,0.6265250166454738,UNDETERMINED,B045
F,40.650_-122.900__c1461,224,0.2683184444904327,1.9284949870136,2.107876777648926,0.1333691121162439,UNDETERMINED,B045
F,40.800_-122.850__c1459,242,1.0051051378250122,22.9860724229751,2.2590606212615967,0.8562082937277246,TRUSTED,B045
F,41.050_-122.850__c1402,231,0.5029275417327881,8.430380085270485,2.553248167037964,-0.083652024243103,UNDETERMINED,B045
F,41.250_-122.950__c117,240,2.2080442905426025,56.90494718010863,0.8825210928916931,0.9718325918745402,TRUSTED,B045
F,40.800_-122.950__c1419,234,0.6203657984733582,11.603817767758516,2.3487236499786377,0.6365726296994729,TRUSTED,B045
F,41.050_-122.800__c207,242,0.8571584224700928,18.814468150625924,2.179818153381348,0.7752298289757562,TRUSTED,B045
F,41.100_-122.900__c438,208,0.3429139852523803,3.4168653185779387,2.1854019165039062,0.4143137325532299,UNDETERMINED,B045
F,40.850_-123.150__c757,162,1.174640655517578,22.04792545042254,2.128581047058105,0.8372631943023435,TRUSTED,B045
F,40.950_-123.000__c1011,178,0.2750154435634613,1.3115415546824198,2.4225199222564697,0.1630640537133981,FAIL,B045
F,40.900_-123.050__c1044,245,0.9753580689430236,22.14730422632893,2.100281238555908,0.9301280162268304,TRUSTED,B045
F,41.250_-122.950__c554,229,0.8773633241653442,18.406306490945056,1.9724246263504028,0.7292165579263439,TRUSTED,B045
F,41.250_-123.050__c876,234,0.683330774307251,13.305268662330556,2.077511787414551,0.4260404219739814,TRUSTED,B045
F,40.750_-122.800__c838,237,1.565811276435852,37.15181541159276,1.5197441577911377,0.8929910051576998,TRUSTED,B045
F,41.300_-122.950__c173,237,1.1955695152282717,27.147075991436,2.228389263153076,0.8623342747951522,TRUSTED,B045
F,40.850_-122.850__c676,241,1.174639344215393,27.76637199225461,2.2937204837799072,0.917194328787312,TRUSTED,B045
F,41.000_-123.150__c1204,236,1.2676434516906738,29.094670857394373,1.5671342611312866,0.9188654232151154,TRUSTED,B045
F,41.200_-123.150__c817,244,0.841972827911377,18.38628499706736,1.821446180343628,0.4644105434687808,TRUSTED,B045
F,41.250_-122.850__c12,209,1.0077697038650513,19.70845440653854,1.424923062324524,0.8425779842293611,TRUSTED,B045
F,39.950_-123.000__c79,244,0.6570940613746643,13.173319974484638,2.1870439052581787,0.63256158975241,TRUSTED,B045
F,40.600_-123.050__c1205,242,1.42770254611969,34.90191083612678,2.239266872406006,0.8564957480145177,TRUSTED,B045
F,41.000_-123.150__c908,243,0.6690342426300049,13.50999328972459,2.084691047668457,0.6582722045982428,TRUSTED,B045
F,41.250_-123.050__c942,233,0.5814400911331177,10.551960307340796,2.1172797679901123,0.4029966860231567,TRUSTED,B045
F,41.300_-123.050__c525,207,0.466443806886673,6.443833483000683,1.9183741807937624,0.568904978916621,UNDETERMINED,B045
F,40.800_-122.900__c1135,239,2.2964205741882324,56.89447117823409,1.0743639469146729,0.9517457419269888,TRUSTED,B045
F,41.150_-123.250__c1185,176,0.4173495173454284,4.670516626853416,2.7679030895233154,0.0558271842954729,UNDETERMINED,B045
F,40.900_-122.950__c84,242,1.0887432098388672,25.3443872913183,1.7848610877990725,0.7648612028882493,TRUSTED,B045
F,41.000_-123.300__c558,243,1.7238576412200928,43.25249744452178,1.9596858024597168,0.9479730986365724,TRUSTED,B045
F,41.150_-123.150__c551,239,1.665963888168335,39.85815728767799,2.327197551727295,0.8985836923989713,TRUSTED,B045
F,40.100_-123.600__c702,243,0.6992505788803101,14.361993262107358,2.083883285522461,0.6005804037358773,TRUSTED,B045
F,40.900_-122.800__c160,182,0.3350748419761657,2.830770408211789,2.825373649597168,0.3770517034768744,UNDETERMINED,B045
F,41.000_-123.300__c410,243,1.0252833366394043,23.55503037638755,2.0921313762664795,0.6602614430802916,TRUSTED,B045
F,40.650_-122.800__c1085,240,0.3958992660045624,5.808497297162151,2.486330032348633,0.2060844009932942,UNDETERMINED,B045
F,40.650_-123.000__c1300,233,0.6841303706169128,13.32687549753303,2.1879286766052246,0.6148651101007313,TRUSTED,B045
F,41.200_-122.900__c1488,242,1.0902951955795288,25.388148116496723,2.357292652130127,0.8980759980758113,TRUSTED,B045
F,40.400_-122.850__c1027,238,0.8742020130157471,18.46302558270776,2.0376014709472656,0.5337155948323007,TRUSTED,B045
F,40.600_-123.000__c781,243,0.4882373511791229,8.412123539831082,1.911476731300354,0.4413552442112733,UNDETERMINED,B045
F,41.050_-123.050__c234,238,1.390535831451416,32.415490832480415,1.5755772590637207,0.92969990043854,TRUSTED,B045
F,41.300_-123.400__c844,247,1.2558246850967407,30.055528017518764,1.9173309803009035,0.9635099303204538,TRUSTED,B045
F,40.450_-123.100__c293,231,2.331669330596924,57.84696940966892,1.824915170669556,0.9208259799191574,TRUSTED,B045
F,40.950_-123.000__c307,245,0.3649970591068268,4.937158058502092,2.278944492340088,0.5841134242139745,UNDETERMINED,B045
F,40.400_-122.950__c782,239,0.8312727808952332,17.302984156067165,2.097001075744629,0.848535673949585,TRUSTED,B045
F,41.150_-123.350__c383,196,0.3745437264442444,4.427277652046899,2.217108964920044,0.307074555673005,UNDETERMINED,B045
F,41.250_-123.500__c44,213,0.7363600730895996,14.9142819567884,1.269599437713623,0.8313119499564311,TRUSTED,B045
F,40.600_-122.900__c1572,131,2.1699862480163574,42.06022487974749,1.2406612634658811,0.796175845630971,TRUSTED,B045
F,40.950_-123.150__c960,192,0.4041512608528137,5.18515862976548,1.088373780250549,0.2214254734218282,UNDETERMINED,B045
F,41.200_-123.000__c792,244,0.5261072516441345,9.479928514036123,2.230370283126831,0.6594386818129078,TRUSTED,B045
F,41.350_-123.000__c1074,245,0.913207709789276,20.39487124292788,1.860899448394776,0.8360870771730208,TRUSTED,B045
F,40.600_-122.850__c207,242,1.2338109016418457,29.43481269517649,1.8836833238601685,0.9036115433360756,TRUSTED,B045
F,40.700_-123.000__c207,247,1.887938141822815,47.879020687579015,1.770971655845642,0.9804023476960236,TRUSTED,B045
F,40.100_-122.900__c585,247,1.0617073774337769,24.582066926874727,2.009127855300904,0.765002363583864,TRUSTED,B045
F,40.150_-122.850__c1050,241,1.4735913276672363,36.19582153023992,1.448886752128601,0.8711195205393782,TRUSTED,B045
F,41.050_-122.900__c1279,246,1.0089868307113647,23.095523224838523,1.8923290967941284,0.8800118786006511,TRUSTED,B045
F,41.000_-122.800__c1121,244,1.151018142700195,27.1003328380738,1.6839067935943604,0.8469646292449275,TRUSTED,B045
F,40.150_-122.850__c1027,185,0.4343611598014831,5.176542165880705,1.9863938093185425,0.6726004500805348,UNDETERMINED,B045
F,40.800_-122.950__c880,206,0.3205597102642059,2.869097355888909,2.52370548248291,0.2577939719894875,UNDETERMINED,B045
F,40.800_-122.950__c1443,239,0.390353262424469,5.3883776752284245,2.040308713912964,0.5028662954755276,UNDETERMINED,B045
F,40.850_-122.850__c1117,141,0.2574553489685058,0.4369142162842615,2.959655523300171,0.1353656838637438,FAIL,B045
F,41.200_-123.350__c470,242,2.0656869411468506,52.8909443986682,1.2343887090682983,0.9527853534947114,TRUSTED,B045
F,41.350_-123.250__c652,238,0.4748296439647674,7.671113641349153,2.3305609226226807,0.7325980220935586,UNDETERMINED,B045
F,40.950_-123.050__c982,239,0.3084460496902466,3.175066250378649,1.89236068725586,0.2323531054601106,UNDETERMINED,B045
F,41.000_-122.850__c1033,243,0.1938918083906173,0.1125602754639724,2.371856927871704,-0.1082539690431827,FAIL,B045
F,41.000_-123.250__c889,198,0.4060805737972259,5.234544355724919,2.093045473098755,-0.0582518621403127,UNDETERMINED,B045
F,41.300_-123.100__c1472,232,1.1290901899337769,25.350659714055684,1.7864643335342407,0.7260586977764781,TRUSTED,B045
F,40.350_-122.950__c694,213,1.3706860542297363,32.5161319735057,1.564555525779724,0.8790846316258268,TRUSTED,B045
F,40.000_-123.050__c8,228,0.6853821277618408,13.212222980507024,1.769700050354004,0.619382199010453,TRUSTED,B045
F,40.900_-123.050__c863,245,0.7257120013237,15.10811718011708,2.137532949447632,0.7983882092790094,TRUSTED,B045
F,41.200_-123.200__c23,235,1.6197223663330078,38.60861057299889,2.1228456497192383,0.8181406563423183,TRUSTED,B045
F,41.250_-123.250__c1027,226,0.5984756946563721,10.860954837582462,2.364161252975464,0.5426440009288789,TRUSTED,B045
F,40.900_-122.900__c1297,240,1.1891566514968872,28.175711671971083,2.0269150733947754,0.94578560068279,TRUSTED,B045
F,41.100_-123.150__c561,243,0.6420413255691528,12.748882994953366,2.101128339767456,0.6000842552078538,TRUSTED,B045
F,41.150_-123.050__c1261,202,0.2147659957408905,0.2767338146692809,2.239832878112793,-0.143469335208931,FAIL,B045
F,40.750_-123.050__c1127,214,0.2708940505981445,1.998110525426948,2.2959890365600586,0.0961350540250002,UNDETERMINED,B045
F,40.950_-123.000__c315,240,0.4677034616470337,7.833136293682929,2.717096328735352,0.415696459119672,UNDETERMINED,B045
F,40.550_-122.850__c683,247,1.0700610876083374,24.817613711205585,1.7560561895370483,0.7951707719633779,TRUSTED,B045
F,40.800_-123.000__c431,156,2.568225622177124,55.02602188849529,0.7366026639938354,0.9600645975435164,TRUSTED,B045
F,41.300_-123.400__c385,244,1.113668441772461,26.04719575701511,1.9333012104034424,0.8948851185710223,TRUSTED,B045
F,41.250_-123.200__c821,237,0.5161272883415222,8.787066010709463,2.0639758110046387,0.2068296651823048,UNDETERMINED,B045
F,41.300_-123.300__c795,240,0.9521605372428894,21.49321114885787,1.826704502105713,0.6922536209427234,TRUSTED,B045
F,40.900_-123.300__c553,241,1.361477255821228,33.03457837603211,2.347243309020996,0.7359498703236199,TRUSTED,B045
F,41.250_-122.950__c1109,199,0.532293438911438,8.46528718940502,2.685749292373657,0.6350192018435817,UNDETERMINED,B045
F,40.700_-122.850__c961,241,0.1438948214054107,-1.297188119501924,1.9553897380828853,-0.0409263875246411,FAIL,B045
F,39.800_-122.700__c41,244,0.3618495762348175,4.880472146219122,2.211963891983032,0.4410409766576778,TRUSTED,B049
F,40.650_-122.850__c692,238,0.3757707774639129,4.565489381749019,3.830358266830444,0.3142523667027445,TRUSTED,B049
F,40.750_-122.900__c1238,236,0.3350065350532532,3.5657149178996126,2.437401533126831,0.4234266006344017,UNDETERMINED,B049
F,40.050_-122.700__c823,246,0.4211256504058838,6.48956617481232,2.201897144317627,0.5601058275839034,TRUSTED,B049
F,40.950_-122.900__c10,228,0.2953535318374634,2.6554904787033,3.981494426727295,0.252923762872951,UNDETERMINED,B049
F,41.100_-123.300__c645,243,0.8984804749488831,19.44772523702669,2.400496006011963,0.5155685876063636,TRUSTED,B049
F,41.000_-123.050__c378,240,0.2331465482711792,1.3867307563879994,3.9228763580322266,0.0120505592659258,UNDETERMINED,B049
F,40.850_-122.800__c101,247,1.0296131372451782,23.007420895102047,1.5582762956619265,0.8758063118755662,TRUSTED,B049
F,41.100_-122.900__c1283,216,0.215871974825859,0.5451124246053201,2.816044807434082,0.2830198313273069,FAIL,B049
F,40.800_-122.700__c869,238,0.1760727614164352,-0.3322583775334719,3.606959581375122,0.1120896137159933,FAIL,B049
F,41.050_-123.000__c321,245,0.4827378988265991,8.162077426752917,2.249250888824463,0.2199911711363172,UNDETERMINED,B049
F,41.050_-123.350__c288,245,0.2206525653600692,1.0475721063466044,1.769621729850769,0.3735225617205289,UNDETERMINED,B049
F,40.800_-122.750__c254,236,0.2949476838111877,2.583240716134829,3.967588901519776,0.4673905423571495,UNDETERMINED,B049
F,40.900_-123.150__c987,246,0.3689204156398773,5.072415449194757,2.213059186935425,0.4472008895699338,TRUSTED,B049
F,41.050_-122.800__c1539,189,0.378071516752243,4.108770006507941,2.8332300186157227,0.2842887282002437,UNDETERMINED,B049
F,40.050_-123.650__c123,246,0.155262291431427,-0.7274965158262708,2.271087646484375,-0.0049641278019603,FAIL,B049
F,40.700_-122.700__c932,240,0.3231318295001983,3.829449521281699,3.5706498622894287,0.3838279809583056,UNDETERMINED,B049
F,41.050_-123.350__c408,250,0.6150650382041931,11.616527798419323,2.0913445949554443,0.8398395394823612,TRUSTED,B049
F,40.300_-122.700__c1219,247,1.2781413793563845,29.753908679765544,1.7503929138183594,0.9211924659401084,TRUSTED,B049
F,40.750_-122.900__c249,242,0.332120418548584,4.073451594048782,3.2604129314422607,0.2273104339912814,UNDETERMINED,B049
F,41.100_-123.200__c503,247,1.231993317604065,28.501184513477,2.385455846786499,0.8728178747784103,TRUSTED,B049
F,40.100_-123.550__c25,242,0.7975095510482788,16.706792862842814,2.2529489994049072,0.7176701998341745,TRUSTED,B049
F,40.600_-123.000__c645,233,0.3711907565593719,4.453160839049078,2.871729612350464,0.6900687633365029,TRUSTED,B049
F,40.600_-123.050__c572,243,0.983809530735016,21.764047227830567,1.9405848979949951,0.6359222418996592,TRUSTED,B049
F,40.650_-123.050__c1184,250,0.7265783548355103,14.614197369708773,2.0362894535064697,0.8020027692073203,TRUSTED,B049
F,40.800_-122.800__c542,250,0.3897438049316406,5.559505864620498,1.804701566696167,0.5757669451438977,TRUSTED,B049
F,40.900_-122.750__c494,248,1.6745480298995972,40.51466811270153,1.7869415283203125,0.9170609004004364,TRUSTED,B049
F,40.850_-122.900__c1381,249,1.4964758157730105,35.68076268936762,1.811908483505249,0.8457396855667028,TRUSTED,B049
F,40.900_-122.750__c137,235,0.3593901693820953,4.163742343314081,4.0107502937316895,-0.0733699782473211,UNDETERMINED,B049
F,41.050_-122.800__c449,237,0.4815367460250854,7.159481279022892,3.530897617340088,0.4637728181859633,TRUSTED,B049
F,39.900_-122.800__c319,228,0.4582230448722839,7.052819074670197,3.575995445251465,0.5670117390228471,TRUSTED,B049
F,41.050_-122.850__c126,247,0.3962214589118957,5.813522992460711,2.472254037857056,0.0908350146009655,UNDETERMINED,B049
F,40.450_-122.750__c299,249,0.7884092926979065,16.459759442107487,2.312079668045044,0.5541286581994965,TRUSTED,B049
F,40.450_-122.700__c10,237,0.2685331702232361,1.935404411606048,4.003787517547607,0.0502579674314332,UNDETERMINED,B049
F,40.900_-122.800__c757,242,0.2931926250457763,3.016727090146804,2.4355506896972656,-0.0231849680996986,UNDETERMINED,B049
F,40.950_-122.950__c867,239,1.7171781063079834,37.46453800108626,2.0972883701324463,0.8875746042350323,TRUSTED,B049
F,40.400_-123.100__c45,248,0.7188470363616943,14.57143919061714,2.2472290992736816,0.7272815384592041,TRUSTED,B049
F,40.050_-122.650__c619,247,1.0234545469284058,22.840241286097044,2.1653079986572266,0.840227487881882,TRUSTED,B049
F,40.850_-122.950__c1008,211,0.4879035651683807,7.707666611737237,2.662096738815308,0.2753600421086979,UNDETERMINED,B049
F,40.250_-122.650__c1257,236,0.3126614689826965,3.017684950230485,3.7281556129455566,0.2432643398575053,UNDETERMINED,B049
F,39.900_-122.900__c999,240,0.4091498851776123,6.164474937139705,3.2030141353607178,0.6021332504302258,TRUSTED,B049
F,40.400_-122.650__c150,243,0.5308798551559448,9.468927374858232,2.485170602798462,0.1627807648462865,UNDETERMINED,B049
F,45.300_-123.050__c7,245,0.44234099984169,8.324686223809072,2.220749855041504,0.4947807698764461,UNDETERMINED,B204
F,45.500_-123.200__c162,217,0.808388888835907,16.45496836065829,2.677185535430908,0.8583788999807853,TRUSTED,B204
F,45.650_-123.400__c24,246,0.8134158253669739,19.81932165268143,1.4783968925476074,0.8697537678283205,TRUSTED,B204
F,46.800_-122.950__c196,230,0.2155995368957519,0.9063768265630502,2.5996615886688232,0.3747218743780929,FAIL,B204
F,45.350_-123.000__c747,243,0.4398847818374634,8.248600947874625,2.376089334487915,0.5680611464095607,UNDETERMINED,B204
F,45.700_-123.300__c395,241,0.733434796333313,17.341781526733584,2.439145088195801,0.6010327574343315,TRUSTED,B204
F,47.000_-122.650__c558,240,0.2107019424438476,1.1492964298322883,1.651792049407959,0.1580153828439401,FAIL,B204
F,45.900_-123.150__c1,238,0.3091717660427093,3.5562248520994824,2.013233423233032,0.5488974389678211,FAIL,B204
F,46.850_-123.100__c243,222,0.258712500333786,2.2100849866390964,2.234158992767334,0.5330683268034866,FAIL,B204
F,45.550_-123.150__c137,238,0.4987048804759979,8.923564645469694,1.7114479541778564,0.4430596449288154,UNDETERMINED,B204
F,46.200_-123.100__c121,241,0.5376598834991455,11.27734089548767,1.9500458240509035,0.5268837251063784,UNDETERMINED,B204
F,47.000_-122.700__c700,244,0.3116316497325897,4.275755325513538,1.8273190259933472,0.213146264496376,FAIL,B204
F,47.000_-122.700__c796,235,0.2645779848098755,2.2933849665021784,1.9304333925247192,0.5097765530115079,FAIL,B204
F,46.150_-123.050__c98,245,0.5335361361503601,11.149601234604,2.6746270656585693,0.4341800595084351,UNDETERMINED,B204
F,46.900_-122.850__c643,215,0.7810943126678467,15.726742747885488,2.435215473175049,0.5550321751459625,TRUSTED,B204
F,46.900_-122.800__c1226,236,0.2107789367437362,0.7698634837564173,2.591658592224121,-0.0818568941185294,FAIL,B204
F,45.450_-123.000__c17,227,0.5013275742530823,9.507864298615202,1.9808965921401973,0.4787874613254119,UNDETERMINED,B204
F,46.900_-123.000__c913,235,0.4898624718189239,8.673158736210713,1.898007035255432,0.4353283883995192,UNDETERMINED,B204
F,46.950_-122.700__c1146,209,0.509269654750824,8.947945502876886,2.8521971702575684,0.6070773508155246,UNDETERMINED,B204
F,48.400_-123.450__c723,245,0.4741588532924652,9.169391440073856,1.9531034231185915,0.6450590414038987,UNDETERMINED,B927
F,48.900_-123.650__c1116,247,0.8573984503746033,20.9927190786642,1.6590372323989868,0.5353160436080305,TRUSTED,B927
F,49.000_-124.950__c159,249,0.5625970959663391,11.897800317641554,2.1711573600769043,0.6674914351894261,TRUSTED,B927
F,49.050_-124.800__c1402,221,0.9745153188705444,19.694473218272005,2.807381153106689,0.3872255590024682,TRUSTED,B927
F,48.500_-123.750__c43,249,0.970271110534668,24.47495435046907,1.712060570716858,0.589599257690285,TRUSTED,B927
F,48.750_-123.550__c705,249,0.4848872125148773,9.500372129639407,2.2234013080596924,0.6257201420859466,UNDETERMINED,B927
F,48.800_-123.700__c375,250,0.6234212517738342,12.161355841909392,1.8538429737091064,0.4351061206586633,TRUSTED,B927
F,48.900_-124.050__c133,250,0.8373181223869324,18.008254150690274,2.31687331199646,0.8142923751109074,TRUSTED,B927
F,49.100_-124.850__c1217,219,0.3423810601234436,3.7984041270720175,2.5022077560424805,0.1244016315239722,FAIL,B927
F,49.200_-125.050__c371,248,0.2610691785812378,2.5953603125661644,2.252161264419556,0.2699548016517726,FAIL,B927
F,48.500_-123.450__c603,246,0.3237730264663696,4.529837186539471,2.539444923400879,0.2083670623312134,FAIL,B927
F,48.850_-123.900__c978,247,0.2454750686883926,2.1142663131489403,2.87089467048645,0.1938632353674485,FAIL,B927
F,49.300_-124.950__c901,249,0.9818297624588012,24.8315504063045,2.077683925628662,0.9016168493680636,TRUSTED,B927
F,48.750_-124.400__c193,249,0.5575349926948547,11.741629332245406,2.245899677276612,0.3892668402754718,TRUSTED,B927
F,49.050_-125.050__c520,250,0.7147015333175659,14.656514009737236,1.9932537078857424,0.579526803513341,TRUSTED,B927
F,48.900_-123.850__c1199,247,0.5013785362243652,10.009146079136956,2.499656438827514,0.5080189811770464,UNDETERMINED,B927
F,49.200_-124.550__c716,248,0.4975014925003052,9.889535374586304,2.414082765579224,0.4318832616259093,UNDETERMINED,B927
F,49.250_-125.050__c177,246,0.3905967772006988,6.591417213725785,1.471589207649231,0.1495322245952405,UNDETERMINED,B927
F,48.800_-124.000__c759,249,0.4724805653095245,9.117614565123317,2.563025712966919,0.617318778501155,UNDETERMINED,B927
F,49.150_-124.950__c722,248,0.7950499057769775,19.069203669036533,2.0155608654022217,0.6117174931077801,TRUSTED,B927
F,49.250_-124.650__c794,250,0.3851526081562042,5.648252001678989,1.8478885889053345,0.4138156802575002,UNDETERMINED,B927
F,48.900_-124.450__c830,249,0.5908912420272827,12.770703226630282,1.931935429573059,0.6635111034385859,TRUSTED,B927
F,49.250_-125.000__c359,247,0.7438135743141174,17.48851122885798,2.3599672317504883,0.6857031336963412,TRUSTED,B927
F,49.600_-125.550__c37,244,1.4733638763427734,39.995872982159874,1.3018993139266968,0.8619160593846024,TRUSTED,B927
F,48.650_-124.500__c369,247,0.3468191027641296,5.240831856523867,2.308229684829712,0.0478606662563877,UNDETERMINED,B927
F,49.700_-126.100__c457,249,1.1518484354019165,30.07679774032138,2.0803487300872803,0.8739256378393367,TRUSTED,B927
F,48.550_-124.300__c234,248,0.8774305582046509,21.6107297852026,2.129098653793335,0.7805470788222275,TRUSTED,B927
F,49.100_-124.450__c577,249,0.3734024465084076,6.060954790612294,2.3035387992858887,0.2475173902720285,UNDETERMINED,B927
F,49.100_-124.600__c534,249,0.4265748858451843,7.701378109101065,2.373356819152832,0.3702164418196897,UNDETERMINED,B927
F,49.850_-126.150__c290,247,0.6874321699142456,15.749088105519627,2.60658597946167,0.43755089642272,TRUSTED,B927
F,49.300_-124.750__c976,249,0.3350245356559753,4.876957579604717,2.1216282844543457,-0.162410911909943,UNDETERMINED,B927
F,48.600_-123.700__c526,247,0.4645935893058777,8.874293410214497,2.3566558361053467,0.6391645192501897,UNDETERMINED,B927
F,48.800_-124.000__c958,245,0.4256284832954407,7.672180637052741,2.678652763366699,0.626451911398404,UNDETERMINED,B927
F,48.850_-124.850__c63,247,1.1581329107284546,30.27068013501133,2.2047414779663086,0.6971528502274149,TRUSTED,B927
F,48.950_-123.950__c872,241,0.3900080323219299,6.573253841124871,2.646423816680908,0.3604387250495907,UNDETERMINED,B927
F,49.250_-124.650__c56,248,0.6541731357574463,14.723013397235698,2.4474337100982666,0.7042449792772884,TRUSTED,B927
F,48.800_-123.800__c370,247,0.4835935235023498,9.460460520364132,2.7072486877441406,0.2581184283082511,UNDETERMINED,B927
F,48.900_-123.850__c177,240,0.2859168946743011,3.361937385174861,2.7798821926116943,0.4100742046007077,FAIL,B927
F,49.050_-124.100__c288,250,0.6155605316162109,11.946482051265944,2.397256374359131,0.6474284920214741,TRUSTED,B927
F,49.100_-124.650__c937,248,0.8729994297027588,21.474025007080893,2.6181883811950684,0.8693009438116355,TRUSTED,B927
F,49.350_-124.950__c229,247,1.0903029441833496,28.17805733641906,2.1101815700531006,0.7432010211603333,TRUSTED,B927
F,49.500_-125.700__c359,249,0.374930202960968,6.1080876162078725,1.8890005350112915,0.5109740422189104,UNDETERMINED,B927
F,48.650_-123.600__c682,245,0.8336831331253052,20.26107765114368,2.781573534011841,0.4812802162492636,TRUSTED,B927
F,49.300_-125.600__c51,248,0.2662802040576935,2.7561256980071995,2.473862648010254,0.1636885798710073,FAIL,B927
F,48.550_-123.550__c325,250,0.5640892386436462,10.539507676327965,2.3415846824646,0.812217337525111,TRUSTED,B927
F,48.500_-124.000__c1086,246,0.3035851716995239,3.907021530104216,2.05403470993042,0.2821975941257033,FAIL,B927
F,48.850_-124.700__c344,249,0.38682422041893,6.475030036603066,2.1850340366363525,0.4493273472021995,UNDETERMINED,B927
F,49.000_-124.700__c1205,248,0.3685808777809143,5.9122045382084005,2.493300199508667,0.6985561296448043,UNDETERMINED,B927
F,48.800_-123.700__c67,249,0.2885909974575043,3.444436149879232,2.4160099029541016,0.2548880858028742,FAIL,B927
F,48.450_-123.900__c931,248,0.3378368020057678,4.963718829521835,2.0881662368774414,0.1592641352205919,UNDETERMINED,B927
F,48.950_-124.250__c528,250,0.5919769406318665,11.301821576121528,2.267839193344116,0.2885377143098394,UNDETERMINED,B927
F,48.900_-123.750__c944,249,0.6844972372055054,15.65854247485711,2.2675585746765137,0.4325700865010475,TRUSTED,B927
F,49.250_-124.750__c672,241,0.4731251895427704,9.13750187210169,2.982831716537476,0.2946267358684071,UNDETERMINED,B927
F,49.350_-124.900__c496,249,0.7346010804176331,17.204296511652483,2.0899057388305664,0.7929385642202242,TRUSTED,B927
F,48.500_-123.950__c418,249,0.4814202487468719,9.39341280484014,2.4395222663879395,0.6202554341519133,UNDETERMINED,B927
F,48.700_-124.200__c127,247,0.5696288347244263,12.114736541974397,2.096501588821411,0.3524744715998774,TRUSTED,B927
F,48.900_-124.350__c1093,247,0.4893456995487213,9.63792094603232,2.086012125015259,0.6228775999275467,UNDETERMINED,B927
F,49.250_-124.800__c53,248,0.5933635830879211,12.84697743894244,1.9220479726791384,0.563503099999499,TRUSTED,B927
F,48.750_-123.700__c1104,249,0.3521530032157898,5.405388058731978,2.6628103256225586,0.6263154624178979,UNDETERMINED,B927
F,48.750_-123.850__c589,224,0.4372831583023071,6.165996071396999,2.085855007171631,0.1235851095747768,UNDETERMINED,B927
F,49.500_-125.300__c447,203,0.3534682095050812,4.076312020948699,2.9088826179504395,0.1958467748835875,FAIL,B927
F,49.600_-126.150__c340,247,1.250430703163147,33.118160010740574,2.33255672454834,0.9176601679179924,TRUSTED,B927
F,49.600_-125.300__c279,217,0.6125792264938354,10.650553029575049,3.085568189620972,0.6611224709212727,TRUSTED,B927
F,48.800_-124.000__c736,249,0.5695737600326538,12.113037432251971,2.154723882675171,0.5402154891883019,TRUSTED,B927
F,48.950_-124.950__c235,250,0.7745348811149597,16.292066222551412,2.003527879714966,0.7308163062891996,TRUSTED,B927
F,49.000_-124.200__c1087,242,0.2169575840234756,1.2344731832403812,2.1263601779937744,0.3140558362884097,FAIL,B927
F,49.050_-125.100__c274,250,0.8732752203941345,18.991146022480493,2.637082815170288,0.8488036926882508,TRUSTED,B927
F,49.300_-125.150__c270,247,0.5910172462463379,12.774590583722494,1.8727753162384035,0.306425474796607,TRUSTED,B927
F,49.150_-124.650__c506,250,0.7629066705703735,15.974207600438756,2.2694284915924072,0.7606169104454318,TRUSTED,B927
F,49.000_-125.250__c82,249,0.5628591179847717,11.90588396086642,2.1180291175842285,0.5530920412494227,TRUSTED,B927
F,49.200_-124.500__c408,250,0.1876816153526306,0.2503571631661259,2.0330586433410645,0.307774560275258,FAIL,B927
F,49.200_-125.000__c442,247,0.3415778577327728,5.079134167371501,2.321826219558716,0.6739436021008366,UNDETERMINED,B927
F,49.100_-125.000__c878,250,0.3810209035873413,5.5353113289761895,2.187037229537964,-0.0271278698496033,UNDETERMINED,B927
F,49.600_-125.650__c256,250,0.5396292805671692,9.870891594660767,1.9685450792312624,0.6343478974052403,UNDETERMINED,B927
F,48.550_-123.650__c207,246,0.4167987704277038,7.39977510019076,2.110785961151123,0.3200473186824626,UNDETERMINED,B927
F,49.200_-125.100__c666,248,0.585320234298706,12.598832026071737,2.642843008041382,0.4885626165391003,TRUSTED,B927
F,49.400_-125.200__c977,249,0.5375018119812012,11.12358552616696,1.9194822311401367,0.739956491190881,TRUSTED,B927
F,49.900_-126.050__c295,218,3.144051313400269,74.84796752362742,1.1590958833694458,0.9444962799238206,TRUSTED,B927
F,48.500_-124.000__c424,230,0.2347811311483383,1.2562725245582806,2.4648563861846924,0.0540477239051898,FAIL,B927
F,49.300_-125.150__c1018,250,0.9234872460365297,20.36369816392825,2.3660824298858643,0.7984869077237109,TRUSTED,B927
F,48.800_-123.550__c906,234,0.5151116251945496,8.875558436505452,3.2271218299865723,0.5738440578001177,UNDETERMINED,B927
F,49.100_-124.850__c1269,244,0.7060944437980652,16.324838054871066,2.054908514022827,0.7975094075680477,TRUSTED,B927
F,49.150_-125.150__c451,247,0.4520969986915588,8.488761000924447,2.249092102050781,0.3337237267113345,UNDETERMINED,B927
F,48.850_-123.700__c871,246,1.3437894582748413,35.99837165384986,2.536168575286865,0.8709422071611252,TRUSTED,B927
F,48.950_-124.650__c660,245,0.6405872106552124,14.3038739216177,2.3733417987823486,0.7442483608461957,TRUSTED,B927
F,48.900_-123.900__c326,224,0.3579221367835998,4.167542060689802,3.3497605323791504,0.5265939939656568,FAIL,B927
F,49.000_-123.800__c361,235,0.2161585539579391,0.7501173147452266,2.3377223014831543,-0.144537872482631,FAIL,B927
F,49.450_-125.100__c654,249,0.8713105916976929,21.42192265331989,1.6833688020706177,0.4133389538401897,TRUSTED,B927
F,48.550_-124.200__c113,246,0.7938871383666992,19.033331123078685,2.644192695617676,0.793778129760081,TRUSTED,B927
F,49.200_-124.800__c596,249,0.5812562704086304,12.473454646099524,2.442225933074951,0.9162256871677268,TRUSTED,B927
F,49.400_-125.700__c752,249,0.4301990866661072,7.813188355380588,2.2010061740875244,0.6692745749193119,UNDETERMINED,B927
F,48.800_-123.900__c646,212,0.5998688340187073,10.328221079588964,3.029144287109375,0.3593612191970777,UNDETERMINED,B927
F,48.900_-124.200__c698,233,0.3062002956867218,3.197420725583601,2.929945707321167,0.0297009112352979,FAIL,B927
F,49.100_-124.550__c144,225,0.24031762778759,1.2060478890840964,3.371889114379883,0.3162923233831767,FAIL,B927
F,48.900_-123.900__c506,226,0.1703802347183227,-0.5551021188544559,2.518543243408203,-0.0078198610345989,FAIL,B927
F,49.150_-124.600__c35,248,0.5621143579483032,11.88290736348364,1.9405826330184937,0.4063266327598203,TRUSTED,B927
F,49.300_-125.350__c314,247,0.7982562184333801,19.16812164446766,2.3278849124908447,0.5230024671319227,TRUSTED,B927
F,48.750_-124.350__c523,247,0.2988855540752411,3.76203359208569,2.0275888442993164,0.0132155489456422,FAIL,B927
F,48.900_-124.000__c645,213,0.2429189682006836,1.2760736717463337,3.365269422531128,0.3211079290851757,FAIL,B927
F,40.100_-123.100__c41,250,0.9265252947807312,21.537560685745348,2.3409013748168945,0.8833878322310209,TRUSTED,B932
F,41.050_-123.100__c979,248,0.9085302352905272,21.31859523309328,2.1189355850219727,0.8632031903355696,TRUSTED,B932
F,40.850_-123.050__c815,250,0.7174330949783325,15.580357509321956,2.163268566131592,0.6269675435978709,TRUSTED,B932
F,40.800_-123.050__c541,247,1.4706586599349976,37.62840924707184,2.3164079189300537,0.91992628228139,TRUSTED,B932
F,40.700_-123.300__c40,250,2.590827703475952,68.95486082883052,1.07904052734375,0.9750280252668392,TRUSTED,B932
F,40.100_-123.600__c269,247,1.0725862979888916,26.07858201399347,1.7159101963043213,0.7618519803786237,TRUSTED,B932
F,40.750_-123.300__c19,247,0.4465278685092926,7.913877830685426,1.6483408212661743,0.7209783920756199,UNDETERMINED,B932
F,40.950_-123.150__c546,246,1.740649938583374,45.462041824781046,1.72442626953125,0.8796944072083067,TRUSTED,B932
F,41.000_-123.250__c380,250,0.3536487519741058,5.215852062796852,2.1763734817504883,0.5639798915232567,UNDETERMINED,B932
F,41.150_-123.200__c278,249,0.4743931889533996,8.722373138800728,1.79938542842865,0.1287608075940923,UNDETERMINED,B932
F,40.800_-123.100__c298,248,0.5468556880950928,10.82482843580262,2.5851147174835205,0.7167135703841956,TRUSTED,B932
F,40.900_-123.350__c119,249,0.2760540843009949,2.967684767321002,2.020258903503418,0.4361080119708203,FAIL,B932
F,40.950_-123.100__c350,249,0.4253600835800171,7.299707438034071,2.7812867164611816,0.5954856171845497,UNDETERMINED,B932
F,40.850_-123.150__c499,249,1.1105908155441284,27.18125995348555,1.7796614170074463,0.9083586010782156,TRUSTED,B932
F,40.250_-123.050__c68,249,0.9291519522666932,21.916921796534528,1.619101643562317,0.9175906314966046,TRUSTED,B932
F,40.650_-123.150__c364,249,0.8461748361587524,19.50939128961742,2.3456919193267822,0.7830792486582051,TRUSTED,B932
F,40.950_-123.150__c528,249,0.5938007831573486,12.186911788584856,1.8888936042785645,0.7210525731066207,TRUSTED,B932
F,40.300_-123.100__c116,249,2.0040817260742188,53.105354760011146,2.128255605697632,0.9677663893473768,TRUSTED,B932
F,40.100_-123.550__c183,246,0.900165319442749,21.075892292379805,1.7147002220153809,0.8336994687369832,TRUSTED,B932
F,41.050_-123.100__c834,249,0.7792690396308899,17.56816033600269,2.289723873138428,0.830529604090139,TRUSTED,B932
F,41.100_-123.200__c80,246,0.8798013925552368,20.485045351416723,2.1257364749908447,0.8497398595034054,TRUSTED,B932
F,41.050_-123.150__c324,249,0.4538239538669586,8.125569305438562,1.8068264722824097,0.6750887253570806,UNDETERMINED,B932
F,40.950_-123.100__c175,244,0.4333190321922302,7.530631486562856,2.241194486618042,0.4364403803989142,UNDETERMINED,B932
F,40.900_-123.050__c339,249,0.4836557507514953,8.991120730270545,2.1718344688415527,0.6411064426174439,UNDETERMINED,B932
F,41.000_-123.150__c619,248,0.604397714138031,12.49437528951564,2.6630873680114746,0.7825595555254344,TRUSTED,B932
F,40.850_-123.050__c1106,249,0.7798529863357544,17.585103194134156,2.2384843826293945,0.640572396370148,TRUSTED,B932
F,40.750_-123.100__c484,249,0.954945743083954,22.665312933686263,2.034229278564453,0.8570741513690985,TRUSTED,B932
F,40.900_-123.200__c98,248,0.6472315192222595,13.737172066562858,1.9728938341140747,0.803308779886444,TRUSTED,B932
F,41.000_-123.100__c383,248,0.9268803000450134,21.85101119031768,2.0341763496398926,0.9319296031520368,TRUSTED,B932
F,41.100_-123.200__c667,247,0.4440254867076874,7.841272746176563,2.308084487915039,0.8228302724511883,UNDETERMINED,B932
F,40.950_-123.100__c176,250,0.2139811962842941,1.236612248088602,1.936671495437622,-0.0425614319073326,FAIL,B932
F,40.650_-123.100__c543,250,0.3525914847850799,5.185729679165395,1.8226912021636963,0.486441718141176,UNDETERMINED,B932
F,40.950_-123.200__c218,249,0.7357511520385742,16.305515321456767,2.2489373683929443,0.6911397107270277,TRUSTED,B932
F,40.750_-123.050__c323,249,1.0919612646102903,26.64073487492008,2.253321647644043,0.8435781065606046,TRUSTED,B932
F,41.100_-123.050__c389,247,0.585020899772644,11.932168817422134,2.2449169158935547,0.7595149017795437,TRUSTED,B932
F,40.850_-123.150__c406,249,0.7617521286010742,17.059917826870727,2.3572194576263428,0.8527559557123703,TRUSTED,B932
F,40.900_-123.250__c290,250,0.3102785646915436,3.980200911362588,2.7129549980163574,0.5021888645840417,UNDETERMINED,B932
F,41.050_-123.150__c539,249,1.259522795677185,31.50243068638348,2.1245908737182617,0.8414809088450989,TRUSTED,B932
F,40.900_-123.100__c212,249,0.8319637775421143,19.09706607563147,2.416713237762451,0.8359760249174836,TRUSTED,B932
F,40.900_-123.200__c457,248,0.9092722535133362,21.340124440083034,2.409813404083252,0.8884288236838249,TRUSTED,B932
F,46.150_-123.100__c386,249,1.3264793157577517,31.295588835548987,2.1460301876068115,0.9325587128416216,TRUSTED,B941
F,46.900_-122.700__c748,248,1.345499873161316,31.81566037800368,2.059445381164551,0.8770454837744677,TRUSTED,B941
F,46.400_-123.200__c479,248,0.6148593425750732,11.838046701409075,2.5806591510772705,0.5463108865873948,TRUSTED,B941
F,47.000_-122.700__c103,247,1.1755893230438232,27.169863727356105,2.0115365982055664,0.8057068301067946,TRUSTED,B941
F,47.000_-122.800__c491,250,0.7159774303436279,15.506502657253115,1.9897176027297971,0.5275755852594259,TRUSTED,B941
F,47.400_-123.250__c578,248,0.9583978652954102,21.23128400844458,2.739487648010254,0.7839816713780412,TRUSTED,B941
F,47.450_-123.400__c176,249,0.5988056063652039,11.399095771860456,1.876758337020874,0.4618511928258101,TRUSTED,B941
F,46.900_-123.050__c43,246,0.4007976353168487,5.985042506410728,2.348910093307495,0.5519355419402325,UNDETERMINED,B941
F,47.350_-123.300__c253,245,0.6286108493804932,12.21404868724103,2.343592882156372,0.7241809185770531,TRUSTED,B941
F,47.450_-122.950__c1073,249,1.0999224185943604,25.100933628471125,1.7556562423706057,0.7546719341909506,TRUSTED,B941
F,46.750_-122.650__c376,248,1.0739558935165403,24.39094125217623,2.304666042327881,0.8456407942590092,TRUSTED,B941
F,47.650_-122.700__c149,250,0.805465817451477,18.08234038092363,2.1523430347442627,0.8177972895943225,TRUSTED,B941
F,47.750_-123.100__c719,248,0.3383122384548187,4.276529131253825,2.8092520236968994,0.2285593091178238,UNDETERMINED,B941
F,47.100_-122.700__c375,249,0.8887696266174316,19.327466748027504,2.1915442943573,0.8093850669017238,TRUSTED,B941
F,46.700_-123.100__c385,248,0.8094040751457214,17.157406013428606,1.5324935913085938,0.7559005092550816,TRUSTED,B941
F,47.350_-122.700__c513,248,0.8451481461524963,18.134741942533385,2.1731770038604736,0.6786761213498311,TRUSTED,B941
F,47.400_-122.450__c234,249,0.5927296876907349,11.232964342070275,2.1609597206115723,0.4154200687743223,TRUSTED,B941
F,47.900_-123.200__c28,249,1.205984592437744,28.000949499535416,1.961622953414917,0.875266961128175,TRUSTED,B941
F,46.850_-122.550__c206,250,0.3991811573505401,6.387824613471016,2.068531036376953,0.5797712223508017,UNDETERMINED,B941
F,47.350_-122.500__c645,245,0.1835946291685104,0.0461470241892987,2.0301146507263184,0.0166190698769315,FAIL,B941
F,46.200_-123.050__c300,248,0.706737756729126,14.350241667810776,2.486514091491699,0.7823829218162229,TRUSTED,B941
F,47.100_-122.950__c38,245,1.306518316268921,30.749803158881697,1.935782074928284,0.915668971459656,TRUSTED,B941
F,46.950_-122.700__c260,246,0.9865176677703856,22.00015259291315,2.0039658546447754,0.7068719580004857,TRUSTED,B941
F,47.350_-123.300__c221,250,1.4386969804763794,36.30929440522104,1.9130585193634035,0.8025188662132074,TRUSTED,B941
F,46.550_-122.750__c395,248,0.9569084644317628,21.19055991250692,2.110158681869507,0.7624259489046594,TRUSTED,B941
F,47.750_-122.700__c546,250,1.2728519439697266,31.53560348147569,2.16074800491333,0.8624352441326691,TRUSTED,B941
F,47.300_-122.900__c337,247,0.8725903630256653,18.885083573159346,2.3842952251434326,0.9217266218002108,TRUSTED,B941
F,46.750_-122.850__c680,247,0.5073668360710144,8.898921812807728,2.5303521156311035,0.4208777036872081,TRUSTED,B941
F,47.800_-122.900__c507,248,0.4076767861843109,6.173136394855298,2.8461782932281494,0.4126778185755552,UNDETERMINED,B941
F,46.350_-123.100__c244,248,0.574554443359375,10.736005859027614,2.201841115951538,0.7580984298187218,TRUSTED,B941
F,47.800_-122.800__c524,250,0.4381340444087982,7.509046250973715,1.9086331129074097,0.5250190549250765,UNDETERMINED,B941
F,46.700_-123.200__c157,248,0.4379940032958984,7.00208801449618,2.1270225048065186,0.619359244996767,UNDETERMINED,B941
