station,fam,n,wkratio,workhr,dn,midday_wd,identity
B001,47.150_-122.900__c263,730495,0.993491337813568,0.22414390242233007,0.7871976813334642,0.1176038165901204,NATURAL-like
B001,47.150_-122.950__c280,730130,1.0153388643010866,0.24228972922630215,0.8386480102193545,0.13155876350786846,NATURAL-like
B001,47.250_-122.850__c191,730453,1.0050229830940993,0.2927977570083222,0.9186823227272166,0.16318640624379666,NATURAL-like
B001,47.250_-123.150__c69,695918,1.0309232421067662,0.29182173761851254,0.9214744838332684,0.16663457476311863,NATURAL-like
B001,47.300_-122.800__c161,730505,1.0577128715447701,0.36002080752356247,0.9348902274856232,0.21666381475828364,NATURAL-like
B001,47.300_-123.200__c496,727287,1.078871223352506,0.40753375215011406,1.0389172800932056,0.25103982334346686,NATURAL-like
B001,47.350_-122.950__c582,624586,1.1762780101008372,0.4038659207859286,1.039504539016972,0.25774673143490245,FLAT-mixed
B001,47.400_-122.850__c245,729833,1.0327701829138882,0.30814446592576655,0.9339094026438723,0.17491535734887295,NATURAL-like
B001,47.500_-123.250__c558,730504,1.0321351887264778,0.3275026557007217,0.9197576010866159,0.18854379989705738,NATURAL-like
B001,47.550_-122.550__c26,719013,0.9819268788232991,0.21842998666227176,0.8331409927192532,0.11171008034625243,NATURAL-like
B001,47.550_-122.900__c665,730543,1.0896416303943166,0.3769757563894254,0.9263685284839488,0.23393421058034913,NATURAL-like
B001,47.550_-123.300__c47,689868,1.0483825932463784,0.3755848945015568,1.0285283039865896,0.2279928913937159,NATURAL-like
B001,47.600_-122.550__c163,730472,1.0480309189102213,0.3498929459308502,0.9347314511484466,0.20716742051714507,NATURAL-like
B001,47.600_-122.850__c651,729855,0.9993060965946491,0.316334066355646,0.99754879855698,0.1764172335600907,NATURAL-like
B001,47.600_-123.100__c473,729360,1.0068682962904947,0.34598277942305583,1.0343899698385475,0.1986481298672809,NATURAL-like
B001,47.600_-123.150__c67,725758,1.0945989913132443,0.37680742065537,0.9499681820052619,0.23534153257697468,NATURAL-like
B001,47.600_-123.350__c354,729883,1.0181291999986253,0.31902784418872615,0.9566837579869054,0.18465288272229932,NATURAL-like
B001,47.700_-122.700__c774,730489,0.9988335286069399,0.245983170177785,0.8302355970750211,0.131640585963649,NATURAL-like
B001,47.700_-123.150__c574,394498,1.8435030997514432,0.4838833149977947,1.0001696003488922,0.3574973764125547,BLAST
B001,47.700_-123.550__c23,730221,1.0071124383578078,0.32163276597084994,0.9888382198835431,0.18030842717478682,NATURAL-like
B001,47.750_-122.800__c627,730506,1.1155387320186108,0.4116557564208918,0.9532606740083517,0.2665508565295836,NATURAL-like
B001,47.750_-123.050__c558,730325,1.0807331412751562,0.3698955944271386,0.9588513698867703,0.22885701571218292,NATURAL-like
B001,47.750_-123.400__c155,706029,0.9911866214472743,0.2699350876522069,0.9185764339683731,0.14766248978441396,NATURAL-like
B001,47.800_-122.850__c178,725905,1.0899573059443624,0.43051363470426574,1.03859135091321,0.26970609101741966,NATURAL-like
B001,47.800_-123.150__c178,730478,1.0188999896522506,0.3082036693781332,0.9095456568105446,0.17588483157603652,NATURAL-like
B001,47.850_-123.100__c671,730529,1.0196053678915633,0.2880159446100018,0.852814200577806,0.16195250291227317,NATURAL-like
B001,47.850_-123.350__c732,726361,1.0336230405552724,0.33496016443614124,0.9799029710321169,0.19247316417043317,NATURAL-like
B001,47.900_-122.950__c77,730501,1.0489423941358202,0.35530136166822496,0.9500802538143982,0.21089361958436745,NATURAL-like
B001,47.900_-123.000__c724,730470,1.0056771981395831,0.2774816214218243,0.8774558885363131,0.1542513724040686,NATURAL-like
B001,47.900_-123.000__c803,730465,1.0079691907740969,0.3004127507820361,0.9150671121342796,0.16635293956589295,NATURAL-like
B001,47.900_-123.050__c505,730550,1.1139821280084685,0.41882828006296624,0.9601086140668462,0.2690548217096708,NATURAL-like
B001,47.900_-123.150__c186,727912,1.0714561817246495,0.39721010232006065,1.0064439435375432,0.24256778291881437,NATURAL-like
B001,47.950_-122.800__c589,730368,1.0494614329716359,0.36942199001051523,0.9812568100575391,0.21833240229582895,NATURAL-like
B001,47.950_-123.150__c497,730466,1.0325378041914486,0.33321742558859685,0.9480444797259708,0.19163109576626428,NATURAL-like
B001,47.950_-123.350__c644,728865,1.0386877375502412,0.4008616136047142,1.0853361527626242,0.24201601119548888,NATURAL-like
B001,48.000_-122.850__c737,729090,1.0530191858167783,0.3400526683948484,0.959177428818382,0.1999986284272175,NATURAL-like
B001,48.000_-122.900__c232,730422,1.0315466378358222,0.3166361363704817,0.9385290308117668,0.18267111341115136,NATURAL-like
B001,48.000_-122.950__c11,20960,2.8460531865282808,0.6118797709923665,1.4049726085124314,0.5033874045801526,BLAST
B001,48.000_-123.100__c352,577803,1.5432931241204353,0.45277196553150467,0.973913255083914,0.31706481274759735,BLAST
B001,48.000_-123.200__c851,730408,1.0180757588627734,0.3066560059583137,0.9367405822876118,0.17303616608799466,NATURAL-like
B001,48.000_-123.200__c914,730257,1.040484514688981,0.3551544182390583,0.9963183961431428,0.2074201274345881,NATURAL-like
B001,48.000_-123.350__c778,730116,1.0685261329166196,0.36670337316262075,0.9641729832887299,0.21936377233206777,NATURAL-like
B001,48.000_-123.400__c14,726527,1.0391456076544299,0.3847964356451997,1.051197456423628,0.2299529129681347,NATURAL-like
B001,48.000_-123.600__c221,730508,1.1257364884304557,0.43172833151724554,0.9700147395430423,0.277301549059011,FLAT-mixed
B001,48.000_-123.700__c200,681967,1.3639596714979572,0.4520937230100577,0.9049240863157547,0.3020571376620863,BLAST
B001,48.000_-123.700__c425,730523,1.019001206490298,0.29831093613753434,0.8532472970123858,0.16821783845272498,NATURAL-like
B001,48.050_-122.950__c93,604463,1.3596874985647665,0.44620927997247145,1.0250180915951619,0.3017719860438108,BLAST
B001,48.050_-123.300__c131,725430,1.0345578542437144,0.337267551659016,0.9945674317533614,0.19715479095157354,NATURAL-like
B001,48.050_-123.400__c46,730481,1.0133567430198878,0.30475262190255464,0.9178747826622148,0.17132683806971022,NATURAL-like
B001,48.100_-122.750__c175,730518,1.0404387346877784,0.3385748195116342,0.9253447250977119,0.1976898584292242,NATURAL-like
B001,48.100_-122.850__c767,655864,1.3535730390802376,0.4302141907468622,0.9169084328028294,0.2896759084200383,CULTURAL
B001,48.100_-122.950__c67,716021,1.0472269360522706,0.37729480001284876,1.028317703323715,0.2276260053825237,NATURAL-like
B001,48.100_-123.000__c572,30346,1.2543615661537326,0.4347525209253279,1.2090957072484165,0.3044882356818032,CULTURAL
B001,48.100_-123.050__c630,727224,1.0759163090672368,0.3796285601135276,0.9839142177351938,0.23357314940100987,NATURAL-like
B001,48.100_-123.200__c325,637820,1.1638016382909935,0.39197108902198113,1.0201016298922005,0.2465288012291869,FLAT-mixed
B001,48.100_-123.250__c542,709936,1.0937364209129947,0.3748154763246264,0.9704421748704578,0.2304982420950621,NATURAL-like
B001,48.100_-123.600__c664,730445,1.0019958023512343,0.2741999739884591,0.8875745224479864,0.15042474108249082,NATURAL-like
B001,48.200_-123.000__c703,728791,1.0354692420746971,0.3073130705510908,0.9408440043288689,0.17503509236530088,NATURAL-like
B001,48.200_-123.050__c758,730415,1.030755249043322,0.33470424347802274,0.9643172528637028,0.1935913145266732,NATURAL-like
B001,48.200_-123.150__c277,730481,0.9977415266201467,0.26121829315204637,0.8564783042007078,0.13972984923632512,NATURAL-like
B001,48.200_-123.150__c961,730342,0.9952875067577103,0.2505853422095402,0.8725024160425223,0.1334895158706469,NATURAL-like
B001,48.200_-123.300__c833,729994,1.07206813696951,0.4090184302884681,1.025785072109964,0.250123973621701,NATURAL-like
B001,48.200_-123.600__c118,730409,1.014065017691873,0.32012749021438675,0.9654284442957722,0.18015248990634014,NATURAL-like
B001,48.200_-123.650__c708,730482,1.0029145432973992,0.27637641995285306,0.8673300016237574,0.1517381674017977,NATURAL-like
B001,48.250_-122.800__c77,730196,1.0834547189983195,0.39283151373056,0.971557966981417,0.2438304236122904,NATURAL-like
B001,48.250_-123.550__c838,730407,1.0256948951860276,0.3562945042969194,1.0038373801422826,0.20878633419449705,NATURAL-like
B001,48.300_-123.050__c702,730028,1.0536443403838749,0.3858030102954955,1.0139621943742478,0.23259929756118944,NATURAL-like
B001,48.300_-123.100__c289,727878,1.0527149629325703,0.3827701895097805,1.0097285560586509,0.22842564275881397,NATURAL-like
B001,48.300_-123.800__c518,729050,0.9764127633158657,0.2795816473492902,0.9580186795001047,0.14948631781084973,NATURAL-like
B001,48.350_-122.750__c410,730372,1.029013489543345,0.3434455318659532,0.9957205688786157,0.198505692989326,NATURAL-like
B001,48.350_-122.850__c764,730405,1.0084028881932408,0.29817019324895094,0.9285641160868014,0.16772475544389756,NATURAL-like
B001,48.350_-123.500__c846,730523,1.00531301686642,0.26432980207330914,0.8320288681051624,0.14458408564822736,NATURAL-like
B001,48.400_-122.700__c128,730418,1.0090321248984555,0.30924758152181353,0.9545645943839715,0.17209323976134214,NATURAL-like
B001,48.400_-122.850__c484,730291,1.0408427490964516,0.34951135917052245,0.9778584184403023,0.20526475062680494,NATURAL-like
B001,48.400_-122.850__c665,730494,1.017782012648244,0.3163119751839166,0.92426741284313,0.17894602830413392,NATURAL-like
B001,48.400_-123.150__c446,730385,1.012337977740898,0.3175831924259124,0.9622442090119195,0.1796093840919515,NATURAL-like
B001,48.400_-123.200__c904,729922,1.0351975821952284,0.363658034694118,1.013987785862786,0.2166615062979332,NATURAL-like
B001,48.400_-123.850__c954,16489,2.5129102316507645,0.5876645036084662,1.5058933582787652,0.47019224937837345,BLAST
B001,48.450_-123.250__c121,730301,1.018624891738764,0.31776212821836475,0.956264057756736,0.17923294641524523,NATURAL-like
B001,48.450_-123.850__c40,28013,3.158238866338543,0.6324920572591297,1.3792600312662846,0.5228286866811838,BLAST
B001,48.500_-123.500__c634,729853,0.9977957145530726,0.24245293230280618,0.8696428355666179,0.1289012993027363,NATURAL-like
B001,48.500_-123.600__c661,730289,0.9827512395663295,0.2074973058611043,0.8076712425058065,0.10406975868457556,NATURAL-like
B001,48.500_-123.850__c61,38395,1.879912756823517,0.5626774319572861,1.33950204384987,0.42797239223857275,BLAST
B001,48.500_-123.900__c545,730482,1.0355092790176172,0.35245084752259465,0.9702892019670161,0.20600781401868903,NATURAL-like
B001,48.500_-124.000__c499,83024,1.8056300374164997,0.5598742532279822,1.2549136390708755,0.4253709770668722,BLAST
B001,48.500_-124.100__c324,730325,1.0065883145862062,0.2792455413685688,0.9131593835709102,0.15225824119398898,NATURAL-like
B001,48.650_-123.400__c335,729660,1.0239931804157159,0.37499383274401776,1.0468337687245792,0.22117698654167695,NATURAL-like
B001,48.650_-123.550__c439,730440,1.0004147135434354,0.3144666228574558,0.9629661266288925,0.17642106127813373,NATURAL-like
B001,48.650_-124.000__c783,724507,1.0090820137131902,0.27477029207447273,0.927784094646532,0.150955063236104,NATURAL-like
B001,48.650_-124.100__c814,449493,1.6096108909144295,0.4370835585871193,0.9834286252827343,0.31047869488512614,BLAST
B001,48.650_-124.300__c136,11187,2.109841579910564,0.5702154286225083,1.7543648404575556,0.438097792080093,BLAST
B001,48.700_-123.850__c915,730365,1.0074645710358268,0.31438938065213967,0.956287057861378,0.17611878992010843,NATURAL-like
B001,48.750_-123.850__c448,14452,2.761043460853714,0.5884998616108497,1.442972469468019,0.48027954608358703,BLAST
B001,48.750_-123.850__c765,730511,1.0150154599502301,0.2965636383298814,0.892993734974867,0.16605362547586552,NATURAL-like
B001,48.750_-124.250__c34,730498,1.0341535639699915,0.3257284756426438,0.9092105907710395,0.1894734824736002,NATURAL-like
B001,48.750_-124.300__c841,22458,2.41062149376088,0.6037492207676551,1.4769789983844912,0.47786980140707097,BLAST
B001,48.850_-123.800__c805,730460,1.031382834902537,0.31746023053965994,0.9221660240347422,0.18300249158064782,NATURAL-like
B001,48.900_-123.950__c723,730471,0.9845173013319034,0.23043214583467378,0.8249448950867367,0.12020737305108621,NATURAL-like
B001,48.950_-123.900__c701,730163,1.0222775031027342,0.3256437261269059,0.9760731565150642,0.18887563461857146,NATURAL-like
B001,48.950_-124.200__c338,730439,1.0388935290001295,0.33952732534818103,0.9438177352967793,0.199893488710214,NATURAL-like
B003,47.350_-122.850__c1038,55864,1.1779454432158987,0.36959401403408276,1.2037132061389186,0.24078118287269082,FLAT-mixed
B003,47.350_-123.150__c600,58732,1.149835390904321,0.3608084178982497,1.1884269067796611,0.23268405639174555,FLAT-mixed
B003,47.400_-123.100__c278,69639,1.1225703548674566,0.3562371659558581,1.1948710246686443,0.2283921365901291,FLAT-mixed
B003,47.450_-123.200__c716,59931,1.1308237240178753,0.3660042382072717,1.2408020847135728,0.23154961539103303,FLAT-mixed
B003,47.500_-123.050__c1051,62592,1.1540913245901396,0.36546203987730064,1.2356526155408838,0.23517382413087934,FLAT-mixed
B003,47.500_-123.300__c187,70738,1.1192225000580573,0.3600752071022647,1.2185806547398115,0.22818004467188782,FLAT-mixed
B003,47.500_-123.300__c811,53209,1.1675246012354314,0.3670807570147907,1.2373209062515493,0.23871901370068974,FLAT-mixed
B003,47.550_-122.950__c1148,46435,1.182554423105652,0.3906751372886831,1.2481818702399359,0.25696134381393343,FLAT-mixed
B003,47.600_-123.250__c927,53362,1.2177540293390705,0.3835875716802219,1.2163823196814003,0.2540384543307972,FLAT-mixed
B003,47.600_-123.250__c928,61481,1.141026199521731,0.35713472454904766,1.157067625177631,0.23156747613083717,FLAT-mixed
B003,47.650_-123.200__c1042,55402,1.180054983625184,0.36850655211003214,1.1745787954947409,0.24103822966679903,FLAT-mixed
B003,47.700_-122.850__c1248,56072,1.1843817606793015,0.3747503210158368,1.2455723849769718,0.24481024397203596,FLAT-mixed
B003,47.700_-122.900__c1088,85088,1.0629775774163415,0.3452190673185408,1.1752589847191421,0.21618794659646484,FLAT-mixed
B003,47.700_-123.150__c238,55751,1.1754195242857686,0.36503381105271654,1.176051779935275,0.23877598608096715,FLAT-mixed
B003,47.750_-122.900__c512,99120,1.092446558928289,0.3508777239709443,1.1398202824133505,0.2239507667473769,FLAT-mixed
B003,47.750_-122.950__c529,53143,1.157783258428555,0.37227856914363133,1.2046708711076075,0.24091601904295956,FLAT-mixed
B003,47.800_-123.150__c538,59836,1.1391019811608227,0.3591817634868641,1.167117523294259,0.23180025402767565,FLAT-mixed
B003,47.800_-123.400__c198,518774,1.6461075862111076,0.4209559461345403,0.8851728657257419,0.3137666883845374,BLAST
B003,47.950_-122.900__c1052,50226,1.161195543527652,0.38010193923465935,1.196033641366421,0.24925337474614742,FLAT-mixed
B003,47.950_-122.900__c360,44987,1.2449518556384758,0.3829106186231578,1.3320310115377572,0.25087247427034476,FLAT-mixed
B003,47.950_-123.000__c915,101669,1.0255693946646844,0.33477264456225597,1.1459602315630506,0.20359204870707887,FLAT-mixed
B003,47.950_-123.500__c488,651370,1.1943887201587535,0.40121589879791825,0.8022776385740232,0.2887022736693431,FLAT-mixed
B003,48.050_-123.650__c560,672068,1.1833730095491564,0.4564463714981222,0.8354914578773723,0.3233050822238226,CULTURAL
B003,48.050_-123.850__c46,649514,1.2422349590801374,0.4090088897237011,0.742876435273486,0.29976413133512136,FLAT-mixed
B003,48.100_-123.000__c274,57036,1.1535077251900125,0.3592643242864156,1.1824950063555475,0.2303106809734203,FLAT-mixed
B003,48.100_-123.150__c1096,58568,1.163440521576607,0.3612894413331512,1.1483763821511297,0.23398442835678185,FLAT-mixed
B003,48.100_-123.650__c752,661231,1.1860813465447604,0.39448694934145556,0.713115412664862,0.2866441531023198,FLAT-mixed
B003,48.200_-122.900__c1221,72605,1.1209776563514482,0.3546312237449212,1.1918941273779984,0.22761517801804285,FLAT-mixed
B003,48.200_-123.700__c587,629157,1.2863567115041457,0.40271347215400927,0.7874726356339199,0.2944559148193535,FLAT-mixed
B003,48.200_-123.800__c165,662808,1.177894587087113,0.4202333104005987,0.7870010505894258,0.3029127590493778,CULTURAL
B003,48.250_-122.900__c248,56602,1.171408838169159,0.36403307303628846,1.1671595613995178,0.2375534433412247,FLAT-mixed
B003,48.250_-123.050__c804,61207,1.1445046622110673,0.3614782622902609,1.1557569654246391,0.23531622200075156,FLAT-mixed
B003,48.250_-123.200__c617,54175,1.1627529465782034,0.36705122288878633,1.20087630603303,0.23891093677895708,FLAT-mixed
B003,48.250_-123.250__c206,43586,1.2994220457227104,0.43080346900380856,1.4221049889279667,0.2871105400816776,CULTURAL
B003,48.250_-123.400__c222,45875,1.2097894616731637,0.3955531335149864,1.2338783970520497,0.26162397820163485,FLAT-mixed
B003,48.250_-123.550__c744,62298,1.106238931796242,0.35127933481010626,1.186230107616238,0.22217406658319688,FLAT-mixed
B003,48.250_-123.700__c745,652456,1.2043076662853833,0.39525270669593043,0.7467794396353019,0.28934058388611644,FLAT-mixed
B003,48.300_-122.950__c1235,85639,1.1236367457535776,0.35960251754457667,1.1826558758449275,0.23040904260909165,FLAT-mixed
B003,48.350_-123.000__c538,99764,1.0538012479055179,0.3397919089050158,1.1177542190623182,0.21384467342929314,FLAT-mixed
B003,48.350_-123.050__c50,51301,1.2305828175016638,0.37646439640552815,1.1694303892590552,0.2505214323307538,FLAT-mixed
B003,48.350_-123.200__c442,57525,1.157505018436083,0.3605910473707084,1.1765706864896333,0.23285528031290742,FLAT-mixed
B003,48.350_-123.350__c911,58965,1.1625789945628893,0.3628084456881201,1.2130753835890593,0.2349868566098533,FLAT-mixed
B003,48.400_-122.800__c148,47712,1.2303946653945077,0.3773264587525151,1.2027735313387202,0.25211686787391013,FLAT-mixed
B003,48.400_-122.800__c790,95498,1.0605818787042898,0.3464679888584054,1.1518151815181519,0.21689459465119687,FLAT-mixed
B003,48.400_-123.250__c630,82411,1.0821279093071352,0.3552195702030069,1.2021883920076117,0.22077149895038284,FLAT-mixed
B003,48.400_-123.650__c68,54553,1.2134261771091115,0.3761113046028633,1.1924013173595533,0.24827232232874452,FLAT-mixed
B003,48.400_-124.050__c240,660165,1.170722242293955,0.4083312505207032,0.8083542841388727,0.2926692569281922,FLAT-mixed
B003,48.500_-123.250__c382,45335,1.2811769256132854,0.4093305393184074,1.3582089552238805,0.2690636373662733,FLAT-mixed
B003,48.500_-123.250__c546,69539,1.1044407160986018,0.35328376882037416,1.2011958933473732,0.22455025237636433,FLAT-mixed
B003,48.500_-123.250__c547,57943,1.1645932619934773,0.36380580915727523,1.161627803883323,0.2372331429163143,FLAT-mixed
B003,48.500_-123.600__c256,56430,1.196868286586118,0.37233740917951447,1.182250103787075,0.24486975013290802,FLAT-mixed
B003,48.550_-123.400__c589,56170,1.1439903195183185,0.36487448816094,1.2329569413859345,0.23313156489229125,FLAT-mixed
B003,48.550_-123.550__c971,55472,1.1996037346939288,0.3739183732333429,1.1740001864454181,0.24695341794058265,FLAT-mixed
B003,48.600_-123.400__c494,53765,1.2069728377615176,0.37085464521528877,1.1640826873385013,0.24551288012647632,FLAT-mixed
B003,48.600_-123.500__c110,48646,1.202801303461598,0.3955926489331086,1.2367862391813185,0.2618714796694487,FLAT-mixed
B003,48.600_-123.550__c224,56987,1.1614163375134152,0.3652938389457245,1.1806349206349207,0.23665046414094443,FLAT-mixed
B003,48.600_-123.650__c1016,63123,1.1214143142216257,0.353912203158912,1.169741245612603,0.2257655688101009,FLAT-mixed
B003,48.600_-123.900__c699,308982,1.0661731913952708,0.3311811044009036,0.9686309605764376,0.21527143976024493,NATURAL-like
B003,48.600_-124.050__c753,627338,1.269762223312851,0.38715333679770714,0.7880147619566401,0.2813555053256777,FLAT-mixed
B003,48.600_-124.150__c532,671695,1.1670264098082443,0.4475796306359285,0.8617268501966393,0.31182456323182395,CULTURAL
B003,48.600_-124.200__c79,350891,1.0448781029826075,0.32887705868774064,0.9731904932166686,0.2094753071466638,NATURAL-like
B003,48.650_-123.050__c8,47381,1.2858574016582256,0.42519153247082164,1.4781284269526014,0.27969017116565714,CULTURAL
B003,48.650_-123.250__c751,61368,1.1396390122468731,0.35891669925694175,1.1646085349462365,0.23333007430582714,FLAT-mixed
B003,48.650_-123.250__c752,59434,1.1438378517520977,0.3611905643234512,1.1816718158478743,0.23308207423360366,FLAT-mixed
B003,48.650_-123.300__c210,66725,1.1027516006101086,0.3510378418883477,1.171781033153431,0.22237542150618209,FLAT-mixed
B003,48.650_-123.600__c282,60885,1.1657923271882966,0.3643918863431059,1.1880867042157364,0.23670854890367085,FLAT-mixed
B003,48.650_-123.600__c676,76853,1.0867455483557291,0.3545469923099944,1.2098064692607535,0.22390798016993482,FLAT-mixed
B003,48.650_-123.650__c132,56129,1.1875618920976472,0.3729088350050776,1.1742158671586715,0.24395588733096973,FLAT-mixed
B003,48.700_-123.200__c49,46138,1.1290745718174116,0.3827864233386796,1.25528342307915,0.2461961940266158,FLAT-mixed
B003,48.700_-123.450__c651,124402,0.9974056326002845,0.33025192521020563,1.0941595699704052,0.20395170495651196,NATURAL-like
B003,48.700_-123.600__c1187,84927,1.0474616601234739,0.344613609335076,1.196098973900718,0.21118136752740588,FLAT-mixed
B003,48.700_-123.850__c21,52958,1.2176309673739933,0.3781676045167869,1.1974969325153375,0.24957513501265152,FLAT-mixed
B003,48.750_-123.350__c306,55685,1.1731095981023025,0.3663823291730268,1.199597717279446,0.23891532728742032,FLAT-mixed
B003,48.750_-124.700__c80,219680,0.9500309991590588,0.3161826292789512,1.060668374685365,0.1869491988346686,NATURAL-like
B003,48.850_-123.400__c198,51931,1.1292987874883766,0.36839267489553446,1.179654759529036,0.23922127438331633,FLAT-mixed
B003,48.850_-124.950__c166,660766,1.1723583228332513,0.3971648056952083,0.7473253449459061,0.2874360968936053,FLAT-mixed
B003,48.900_-124.350__c394,670075,1.1614710271646589,0.4149311644218931,0.7515438702805362,0.30039920904376377,FLAT-mixed
B003,48.950_-123.600__c198,40040,1.226385541634156,0.3981518481518482,1.3843843843843844,0.2635864135864136,FLAT-mixed
B003,48.950_-123.750__c382,59846,1.131290191368555,0.35836981586070915,1.1879116117850954,0.2290712829595963,FLAT-mixed
B003,48.950_-124.750__c422,671923,1.1721124409705526,0.4325480747049885,0.7508514711183483,0.312343825110913,CULTURAL
B003,48.950_-124.900__c260,618500,1.2365996904047796,0.3774244139046079,0.8528625721121034,0.26960226354082456,FLAT-mixed
B004,47.600_-123.100__c620,372248,2.004558526854097,0.44815821710257675,0.6065591637818732,0.3658313812297178,BLAST
B004,47.700_-123.250__c1309,17079,1.2400076562868523,0.46378593594472745,1.2593476531424026,0.31822706247438376,CULTURAL
B004,47.750_-123.100__c378,201000,0.8644860488083742,0.2942686567164179,1.11242290082113,0.16338308457711442,FLAT-mixed
B004,47.800_-123.400__c917,249203,2.4436616060233316,0.4353197995208725,0.6354497103988132,0.3658984843681657,BLAST
B004,47.850_-123.100__c776,129700,1.0541259221086001,0.3402467232074017,0.9799992653540993,0.22481881264456438,NATURAL-like
B004,48.050_-123.700__c580,213320,2.431546993253296,0.4261719482467654,0.6353943973461114,0.3584567785486593,BLAST
B004,48.150_-123.300__c624,304805,2.069403137429306,0.4240448811535244,0.6351579935812093,0.3476845852266203,BLAST
B004,48.150_-123.550__c215,161841,2.435269483441885,0.3999851706304336,0.6202027213000969,0.33453204070661946,BLAST
B004,48.150_-123.600__c946,439872,2.2867354261418438,0.48819429288520294,0.571611136862808,0.4071207078422814,BLAST
B004,48.350_-123.100__c1219,140418,1.7884207245150077,0.39849591932658207,0.777377946446121,0.30445526926747285,BLAST
B004,48.400_-123.750__c510,231499,2.517473986680327,0.42949213603514486,0.6185635489187099,0.363457293552024,BLAST
B004,48.400_-123.850__c1161,343882,2.5274529281044065,0.4626238070035652,0.5863335129459996,0.39201237633839514,BLAST
B004,48.450_-123.100__c191,172899,0.9529774493668897,0.32148248399354534,1.0355083244775063,0.19915094939820358,NATURAL-like
B004,48.500_-123.700__c309,319242,2.1023884325333566,0.4279073555484554,0.603809649750251,0.3509907844205963,BLAST
B004,48.550_-123.300__c644,129934,1.9782684281955718,0.41723490387427464,0.7242634149455741,0.3368094571089938,BLAST
B004,48.600_-123.500__c54,68946,1.6329443173936662,0.37761436486525685,0.8222250300082128,0.2900095727090767,FLAT-mixed
B004,48.600_-124.050__c292,213617,3.3045784780608916,0.44701498476244866,0.5361899497313825,0.3892901782161532,BLAST
B004,48.600_-124.200__c653,215353,2.51024948685238,0.42442872864552617,0.6126855722110118,0.3588015955199138,BLAST
B004,48.700_-123.650__c1231,100967,1.6310549915912302,0.3892063743599394,0.82923446945895,0.2919765864094209,FLAT-mixed
B004,48.700_-124.150__c1318,126168,2.4835282461109816,0.4330654365607761,0.638640485272966,0.36594065056115654,BLAST
B004,48.750_-124.500__c253,191187,0.8525595297500985,0.28688666070391816,1.1425674223702589,0.15319556245979069,FLAT-mixed
B004,48.750_-124.550__c138,174996,0.8377395786355041,0.29048092527829206,1.1396570187920843,0.15547783949347413,FLAT-mixed
B004,48.850_-124.300__c345,115752,1.8528246416513066,0.39909461607574814,0.7681712033861199,0.3083143271822517,BLAST
B004,48.850_-124.350__c503,390614,2.4030096500184,0.4740613495676038,0.5612871708553409,0.39937380636638725,BLAST
B004,48.900_-124.550__c933,160502,2.7563617970401384,0.4438387060597376,0.5998032015743874,0.37922891926580354,BLAST
B004,49.000_-123.600__c203,99278,1.884363809101996,0.4188944176957634,0.7402196873679764,0.3359354539777191,BLAST
B004,49.000_-123.750__c454,225040,3.0717846384460796,0.4347982580874511,0.5399391997370799,0.3754576964095272,BLAST
B004,49.000_-124.900__c742,305830,2.6820601357176255,0.45164306967923357,0.5886903457987795,0.3853284504463264,BLAST
B004,49.100_-124.600__c189,220041,0.865868964157227,0.2875145995519017,1.1641138113599114,0.1542439818033912,FLAT-mixed
B004,49.100_-124.650__c704,390112,1.9723153783035487,0.44740997457140513,0.5919712959880955,0.3626138134689525,BLAST
B005,47.200_-122.700__c75,24088,1.9447714882276437,0.5345400199269346,1.0960385438972162,0.42548156758551975,BLAST
B005,47.200_-122.900__c736,37498,1.1450466158602715,0.41815563496719826,1.3102135284455727,0.2803082831084325,FLAT-mixed
B005,47.200_-122.950__c428,35712,0.9471698223598675,0.39317316308243727,1.4516182849516184,0.23686715949820789,DIURNAL-other
B005,47.200_-123.050__c256,35395,0.973926360669805,0.39112869049300747,1.4433716732432205,0.23910156801808166,DIURNAL-other
B005,47.200_-123.150__c732,32563,1.0030169380420437,0.3972914043546356,1.4340170629878382,0.24527838344132913,DIURNAL-other
B005,47.250_-122.950__c804,48618,0.8473211653123972,0.3793450985231807,1.386760208670624,0.21845818421160887,FLAT-mixed
B005,47.300_-122.700__c900,34462,0.9440829118223091,0.388050606465092,1.498279057453005,0.23126922407289188,DIURNAL-other
B005,47.300_-122.850__c1093,41609,0.8898478243430301,0.3663630464562955,1.519448946515397,0.20841644836453652,DIURNAL-other
B005,47.300_-122.850__c1096,29181,2.008994070363687,0.541825160206984,1.0352659892408846,0.43089681642164424,BLAST
B005,47.300_-123.000__c1147,36299,0.8834326728600572,0.36805421636959695,1.5123493214195398,0.2078569657566324,DIURNAL-other
B005,47.300_-123.100__c87,50918,2.609878957045358,0.6064849365646726,0.9562841530054644,0.5068737970855101,BLAST
B005,47.350_-122.550__c563,35436,1.0891807593068608,0.39911389547352977,1.3234056071797315,0.2629247093351394,FLAT-mixed
B005,47.350_-122.850__c1069,47585,0.841095580213575,0.3706840390879479,1.4746863656626121,0.20781758957654722,DIURNAL-other
B005,47.400_-122.800__c1223,43661,1.0321308491543488,0.42818533702846934,1.1503366193796585,0.288037378896498,FLAT-mixed
B005,47.400_-123.000__c675,35653,0.9266863985886715,0.3815387204442824,1.5227644375591702,0.2251984405239391,DIURNAL-other
B005,47.450_-123.050__c8,30050,1.0825391751944808,0.40086522462562396,1.419896514692961,0.2583361064891847,DIURNAL-other
B005,47.450_-123.300__c330,35856,0.9254934538225803,0.3945504239178938,1.506400409626216,0.23351740294511378,DIURNAL-other
B005,47.500_-122.850__c336,46295,0.8611894910105358,0.38658602440868345,1.4090619423910273,0.2265687439248299,DIURNAL-other
B005,47.500_-123.000__c653,85698,0.8064019103032827,0.444957875329646,1.0400582873796393,0.29481434805946466,FLAT-mixed
B005,47.500_-123.200__c144,33174,1.3524984647121308,0.4429673840959788,1.3126961241624968,0.31524688008681495,BLAST
B005,47.500_-123.200__c64,56560,0.8505821583242501,0.367008486562942,1.3354299803753837,0.21181046676096182,FLAT-mixed
B005,47.500_-123.250__c963,40550,0.9236462879047332,0.35040690505548705,1.4154792043399638,0.20130702836004932,DIURNAL-other
B005,47.550_-123.000__c297,23638,1.2667126352988554,0.42093239698790086,1.3680292861500916,0.2922413063710974,CULTURAL
B005,47.550_-123.200__c1125,52370,0.8134764055411371,0.3643880084017567,1.3873278542869836,0.20546114187511935,FLAT-mixed
B005,47.550_-123.200__c1158,33843,1.010510833897739,0.40002363856632095,1.4556093268807744,0.24980054959666695,DIURNAL-other
B005,47.550_-123.200__c999,65401,2.8618356865151644,0.6262901178881057,0.9784129597066856,0.5320102139111023,BLAST
B005,47.600_-122.800__c1158,223651,0.753820223428612,0.375182762428963,1.0704202142268608,0.2187470657408194,FLAT-mixed
B005,47.600_-122.850__c138,32438,1.5852830487687648,0.4777113262223318,1.1802169126641116,0.3568345767309945,BLAST
B005,47.600_-123.000__c950,49870,2.4256902485692438,0.6031080810106276,0.9884084906583195,0.4970723882093443,BLAST
B005,47.600_-123.100__c939,68441,0.9613922960604137,0.4225829546616794,1.0389484632213177,0.28766382723805906,NATURAL-like
B005,47.600_-123.100__c970,51539,0.8562566136514079,0.37100060148625313,1.3991352827397883,0.21158734162478898,FLAT-mixed
B005,47.650_-122.800__c206,718631,0.999430993311817,0.42728883112473576,1.092951866822136,0.2759636030174039,NATURAL-like
B005,47.650_-122.800__c942,249254,0.6851426689768776,0.3479262118160591,1.014251531393568,0.19192871528641467,FLAT-mixed
B005,47.650_-123.000__c948,45889,1.0644360387046072,0.4443330645688509,0.9956018639719357,0.31401861012443066,NATURAL-like
B005,47.650_-123.100__c492,64374,0.8683568493594527,0.3542113275546028,1.2552019324490402,0.2042284151986827,FLAT-mixed
B005,47.650_-123.300__c951,93762,0.8132766819342049,0.35616774386211897,1.191083338003699,0.2073867878244918,FLAT-mixed
B005,47.700_-122.700__c63,166749,0.7055224886312504,0.37456896293231146,1.1223363228021355,0.21440008635733948,FLAT-mixed
B005,47.700_-122.800__c938,44584,0.9130533852645355,0.33597254620491657,1.465344537815126,0.18612058137448412,DIURNAL-other
B005,47.700_-122.900__c1192,35648,0.9072956889985819,0.3868660233393178,1.4651691065118626,0.22724977558348294,DIURNAL-other
B005,47.700_-122.950__c579,543176,0.8243501215939707,0.4058224221983298,1.098301438989304,0.253501627465131,FLAT-mixed
B005,47.700_-122.950__c861,58729,0.8837385904387536,0.3537264383864871,1.2710310965630114,0.2051626964532003,FLAT-mixed
B005,47.700_-123.000__c11,36767,1.0226517732383589,0.39763918731471154,1.4151592764526972,0.24910925558245164,DIURNAL-other
B005,47.700_-123.050__c373,122160,0.8199435409044508,0.36378519973804846,1.0789495114006515,0.21454649639816634,FLAT-mixed
B005,47.750_-122.650__c477,47975,2.337276607172775,0.5924335591453882,1.016737266246513,0.49242313705054713,BLAST
B005,47.750_-122.700__c252,657325,0.9225864493089504,0.40453200471608414,1.122889288077905,0.25868938500741645,FLAT-mixed
B005,47.750_-122.900__c901,61875,0.8572891390029044,0.3516444444444444,1.2811511560564885,0.2042989898989899,FLAT-mixed
B005,47.750_-122.900__c946,303815,0.7658272588045631,0.3644816747033557,1.0261361573851215,0.21288613136283593,FLAT-mixed
B005,47.750_-123.000__c1125,29223,1.0677753779734849,0.3663552681107347,1.5259835893120135,0.2268760907504363,DIURNAL-other
B005,47.750_-123.050__c178,78132,0.8972449348787163,0.35189167050632264,1.1860683502699803,0.20929964675165105,FLAT-mixed
B005,47.750_-123.350__c306,719178,1.0276419961388459,0.46029216689053337,1.13718066391311,0.30503296819424397,FLAT-mixed
B005,47.800_-123.250__c1026,69130,0.8528676355181101,0.3656444380153334,1.3256623397895253,0.21249819181252713,FLAT-mixed
B005,47.800_-123.250__c977,27637,1.9684281982528524,0.5791149545898614,1.022198061067319,0.47566667872779245,BLAST
B005,47.800_-123.300__c485,636939,0.9107566230106252,0.4328452175169051,1.0951929109766771,0.2829564526587318,NATURAL-like
B005,47.900_-122.900__c521,34289,0.924042873098883,0.37516404677885035,1.5080071174377223,0.22012890431333665,DIURNAL-other
B005,47.900_-122.950__c242,56023,0.8408972565864169,0.3660817878371383,1.3477417708599133,0.2107527265587348,FLAT-mixed
B005,47.900_-123.250__c522,56958,2.492922236669757,0.6188419537202852,1.028462415577581,0.513483619509112,BLAST
B005,47.900_-123.400__c24,266855,0.7461720107945181,0.4121489198253733,1.0098593060049699,0.2564276479736186,FLAT-mixed
B005,47.950_-123.600__c414,719601,1.028149113675862,0.457354839695887,1.1571484643312726,0.3015879633296785,FLAT-mixed
B005,48.000_-123.050__c402,583902,1.2423379710799032,0.34949529201818114,0.8697333298193962,0.2233970769067412,FLAT-mixed
B005,48.000_-123.400__c528,713637,0.9717548221190725,0.4098792523369724,1.069760510477455,0.26200575362544265,NATURAL-like
B005,48.000_-123.450__c612,698530,0.9300624368744398,0.39120868108742646,0.9556694376012752,0.24724349705810775,NATURAL-like
B005,48.000_-123.550__c742,623885,0.8992130872207548,0.41031440089118987,1.0184642227237384,0.258728772129479,FLAT-mixed
B005,48.000_-123.600__c286,719639,1.0599909374020196,0.47728791796998216,1.168013630735474,0.31925034635421373,FLAT-mixed
B005,48.050_-123.150__c6,20753,1.7178970440897416,0.5468125090348384,1.0500428239324606,0.43497325687852356,BLAST
B005,48.050_-123.250__c693,672709,0.8847147440332552,0.39409462338098644,1.0308150319301077,0.24681994740667956,FLAT-mixed
B005,48.050_-123.450__c273,690900,0.9125494645243222,0.3925995078882617,0.9317183956542376,0.24928354320451585,NATURAL-like
B005,48.050_-123.500__c1001,646726,0.8569405832950567,0.37806891944965876,0.9608460637892812,0.23282348320618004,FLAT-mixed
B005,48.050_-123.650__c672,719080,1.0335905711992026,0.4723563442176114,1.1615048137443125,0.31671997552428105,FLAT-mixed
B005,48.100_-122.900__c107,21656,1.8792117079066943,0.5624769117103805,1.0914489311163895,0.44749722940524567,BLAST
B005,48.100_-122.950__c42,33835,1.1416513338331324,0.4020393084084528,1.1023196456722468,0.2766366188857692,FLAT-mixed
B005,48.100_-123.250__c1101,490412,0.7986531215197038,0.36492581747591823,0.9023534705196368,0.2181002911837394,FLAT-mixed
B005,48.100_-123.250__c711,621058,0.8406888104545001,0.36255712026896036,0.9198577214400446,0.21722286807351326,FLAT-mixed
B005,48.100_-123.400__c796,710373,0.9622005151357537,0.39396204529169887,0.9751253216835125,0.2497983453763023,NATURAL-like
B005,48.100_-123.550__c977,347154,0.827145456848778,0.39470091083496084,0.9970731774189127,0.2481261918341716,FLAT-mixed
B005,48.100_-123.600__c273,719287,1.0028385177440802,0.44639622292631453,1.0743301583875233,0.29349897884988885,NATURAL-like
B005,48.100_-123.650__c931,612575,0.8791780586501576,0.4088642207076684,1.168091901702391,0.2595992327470106,FLAT-mixed
B005,48.100_-123.750__c420,512054,0.8046486067013013,0.33220715002714557,0.8434559380167561,0.19077089525714086,FLAT-mixed
B005,48.150_-123.100__c339,61082,0.8629058018731135,0.34162273664909465,1.2912444908900904,0.193674077469631,FLAT-mixed
B005,48.150_-123.400__c810,692435,0.9371874720634965,0.4017980027006145,1.0079264837408088,0.25679089011965023,NATURAL-like
B005,48.150_-123.800__c183,215547,0.7429494519016828,0.3647232390151568,0.970621395429513,0.21214862651765043,FLAT-mixed
B005,48.150_-123.800__c41,716673,0.9988426036373593,0.427049714444384,1.128914223820699,0.27824126205396327,FLAT-mixed
B005,48.200_-123.100__c776,49838,0.9141003248171795,0.35252217183675105,1.3683296677856234,0.2013122516954934,FLAT-mixed
B005,48.200_-123.450__c167,711998,1.0242475765498509,0.4705926140241967,1.160266120486726,0.3170149354352119,FLAT-mixed
B005,48.200_-123.500__c956,451824,0.8319394870391351,0.3832996919154361,1.0449364853440064,0.23484144268564752,FLAT-mixed
B005,48.200_-123.550__c562,707969,0.9634878044888044,0.4036575047777516,0.9978070538115257,0.25604652181098325,NATURAL-like
B005,48.200_-123.600__c233,711072,0.9238784519512814,0.38396252418883037,0.9386111474948965,0.24046650690787993,NATURAL-like
B005,48.250_-123.200__c49,676645,0.9830231886513559,0.43379615603455285,1.0505911839052104,0.28652099697773575,NATURAL-like
B005,48.250_-123.250__c682,31066,1.0827874826630393,0.49005343462306056,1.0836319218241042,0.3589132814008884,NATURAL-like
B005,48.250_-123.800__c7,719256,1.0588217121263133,0.48132236644532683,1.2020613314138169,0.32306995005950595,FLAT-mixed
B005,48.300_-123.300__c691,463570,0.8167447645884001,0.4482300407705417,1.1642609938786437,0.2901179972819639,FLAT-mixed
B005,48.300_-123.450__c576,626328,0.8769540407730294,0.3810671086076305,0.9402866357706333,0.23458794752909018,FLAT-mixed
B005,48.300_-123.900__c723,79924,0.8330868542925897,0.36224413192532906,1.152793540646584,0.2137655772984335,FLAT-mixed
B005,48.350_-123.850__c745,707633,0.9760503947214858,0.42844525340112743,1.1143507543197506,0.2785822594480472,FLAT-mixed
B005,48.400_-122.750__c114,19021,1.9265796695964852,0.5670048893328427,1.0470369386128089,0.4590189790231849,BLAST
B005,48.400_-122.750__c708,640839,0.8456753241799819,0.34964164166038586,0.8821153885878359,0.20753730656217864,FLAT-mixed
B005,48.400_-122.850__c160,30595,0.9655238298144896,0.37578035626736395,1.4351152430757312,0.23046249387154763,DIURNAL-other
B005,48.400_-123.600__c960,410240,0.9159316019898475,0.4770305187207488,1.0977332940830145,0.32082927067082684,NATURAL-like
B005,48.400_-123.650__c1102,39838,1.029837606275126,0.42351523670867014,1.3151848151848151,0.2889954314975651,FLAT-mixed
B005,48.400_-123.900__c903,536449,0.7918205491771262,0.3854886485015351,0.9999083301685415,0.2300311865620031,FLAT-mixed
B005,48.450_-123.100__c614,714172,0.9467876289866592,0.4132603910542558,0.9981998847926268,0.2657343049013403,NATURAL-like
B005,48.450_-123.250__c781,353594,0.7027534930135143,0.39704293624891823,0.9675522273527116,0.24333274885886072,FLAT-mixed
B005,48.500_-123.050__c33,222245,0.819527859769668,0.3233143602780715,0.8711453086739265,0.18143040338365318,FLAT-mixed
B005,48.500_-123.700__c1260,21496,1.7344366929368316,0.5003721622627466,1.114447660395562,0.3927242277633048,BLAST
B005,48.500_-123.800__c52,28676,1.5157669319936284,0.4566536476496025,1.275383280300839,0.33484446924257216,BLAST
B005,48.550_-123.800__c85,29150,1.413661422962467,0.5221612349914236,1.1167598261023866,0.3969811320754717,BLAST
B005,48.600_-123.350__c923,41940,0.9589522616930661,0.45071530758226036,1.2025332650972365,0.31039580352885077,FLAT-mixed
B005,48.650_-123.900__c527,445952,0.9889126518211693,0.36007462686567165,0.9564689901179008,0.22305315370264064,NATURAL-like
B005,48.650_-123.950__c572,718864,1.0400818007565742,0.46073805337309975,1.109426325265603,0.3060300696654722,FLAT-mixed
B005,48.650_-124.000__c50,44637,0.9480448981449516,0.3780271971682685,1.4460172264138345,0.2228196339359724,DIURNAL-other
B005,48.700_-123.350__c52,711314,1.0502399399934372,0.3976007782779476,1.0343278005365613,0.2545106661755568,NATURAL-like
B005,48.700_-123.750__c203,263826,0.6847881617147565,0.3829683200291101,1.1095913766647092,0.22235488541690357,FLAT-mixed
B005,48.700_-124.300__c420,631490,0.9893042549741332,0.4687247620706583,1.157169036385703,0.31940331596699867,FLAT-mixed
B005,48.700_-124.450__c527,23958,1.6730400000408412,0.5078888054094666,1.035071189279732,0.4021203773269889,BLAST
B005,48.750_-123.600__c193,457534,0.7544780406730821,0.3966590461036775,1.033554836382268,0.23728728356799714,FLAT-mixed
B005,48.800_-123.500__c748,29945,1.4234628747809885,0.45897478710970113,1.1753884622253974,0.33551511103690096,BLAST
B005,48.800_-123.600__c729,45812,1.3921776586530137,0.525255391600454,1.0586428218772286,0.40292936348554964,BLAST
B005,48.800_-123.600__c9,702144,0.9381626876039694,0.40586688770394674,1.019424257485593,0.25792572463768115,NATURAL-like
B005,48.800_-123.750__c685,716443,0.9722539606190066,0.41963003337320626,1.0942233816477769,0.2692593828120311,NATURAL-like
B005,48.800_-123.900__c1232,29445,1.0586128291584727,0.40081507896077434,1.4581939799331103,0.2522669383596536,DIURNAL-other
B005,48.800_-123.950__c252,27283,2.124505528512062,0.5833302789282704,1.0351879145173175,0.47509438111644614,BLAST
B005,48.850_-123.750__c33,53348,2.335908824328049,0.6099760065981855,1.0203328035897916,0.5056421983954412,BLAST
B005,48.850_-123.950__c293,149891,0.7574919403308945,0.3977690455064013,1.1265690376569037,0.2401078116764849,FLAT-mixed
B005,48.850_-124.550__c991,47192,1.9570399341573212,0.5457704695711137,1.0463453389830508,0.4376801152737752,BLAST
B005,48.900_-123.700__c963,667049,0.8937739993545656,0.41062050913800935,1.0086751316415123,0.25974253765465505,FLAT-mixed
B005,48.900_-123.850__c1213,38909,1.9615794754064595,0.5795574288724974,1.0049332743027006,0.46433986995296717,BLAST
B005,48.900_-124.000__c485,697152,0.9374913387163805,0.4161531488111631,1.058636625232186,0.26650285733957585,NATURAL-like
B005,48.900_-124.250__c154,35962,2.2204271769063793,0.5685723819587343,1.0230436869899184,0.45934597630832547,BLAST
B005,48.900_-124.600__c86,40445,1.2970881305474338,0.4788725429595747,1.0075826508947527,0.3605390035851156,CULTURAL
B005,48.950_-123.750__c993,27261,1.7091137047322749,0.5334727266057738,1.0321402483564646,0.41671251971681156,BLAST
B005,48.950_-123.850__c1298,565345,0.7893777699007467,0.3517162086867311,0.9188526393695118,0.20576285277131662,FLAT-mixed
B005,48.950_-123.850__c666,284760,0.7287369260471445,0.3924989464812474,1.041418814716898,0.2319707824132603,FLAT-mixed
B011,47.750_-123.100__c288,386211,2.2894668056447753,0.5518304760869058,1.0885280113062257,0.44464295424003974,BLAST
B011,47.800_-122.600__c221,741096,1.0379835597991036,0.4147047076222244,1.0404872135460326,0.2516367650075024,NATURAL-like
B011,47.800_-122.700__c384,740894,0.9972931877562118,0.38495250332706166,1.076423887005354,0.2148337009072823,NATURAL-like
B011,47.800_-123.100__c489,741117,1.087022414546534,0.45670521658523555,1.0141264157174588,0.3046684936386562,NATURAL-like
B011,47.850_-122.800__c102,654706,1.3661770571611176,0.4598247152156846,1.1800007958298515,0.3159647230970848,BLAST
B011,47.850_-123.500__c344,726169,1.2220796125339277,0.44468849537779775,1.19831026702044,0.29119530026756857,CULTURAL
B011,48.000_-122.850__c828,159560,1.7185839827179288,0.4757646026573076,1.1590668770639814,0.354512409125094,BLAST
B011,48.000_-123.150__c609,738682,1.1135691874545204,0.4968281344340325,1.0830027443414938,0.34282275728933426,NATURAL-like
B011,48.050_-122.900__c955,740923,1.0486950043019507,0.4234569584153819,1.1046746030950065,0.2583075434289393,FLAT-mixed
B011,48.050_-123.600__c694,724760,1.019944778086744,0.41271179424913074,1.1840022732116218,0.23803327998233897,FLAT-mixed
B011,48.150_-123.300__c538,619806,1.3943459710457593,0.46012945986324755,1.1216367119044708,0.3201534028389528,BLAST
B011,48.200_-122.900__c599,740419,1.0596815244435174,0.4304913839326111,1.0636806744829403,0.27551967196952,NATURAL-like
B011,48.200_-123.300__c585,738603,1.0513462536607219,0.3931855137333588,1.1731174394106403,0.23243745286710182,FLAT-mixed
B011,48.200_-123.600__c1133,725215,0.9526562903213308,0.31471908330632986,1.0276029706116485,0.16538957412629357,NATURAL-like
B011,48.250_-122.950__c45,735384,1.02343874919969,0.3863573316797755,1.0401027976196293,0.23580741490160242,NATURAL-like
B011,48.250_-123.500__c105,541610,1.5541852165414733,0.4670685548642012,1.1560222400539384,0.33202673510459557,BLAST
B011,48.300_-123.850__c285,740422,1.014228628828695,0.3791689063804155,1.071465167299431,0.220117716653476,NATURAL-like
B011,48.300_-123.850__c807,650573,1.3856124782569441,0.4668269356398129,1.1547437226491093,0.3278248559346914,BLAST
B011,48.350_-123.300__c965,294107,1.3173522484302251,0.42619522826726325,1.2023079471087994,0.28336285773545,CULTURAL
B011,48.350_-123.550__c1413,697295,1.0302802277976912,0.3986275536179092,1.0447822642305815,0.24277959830487814,NATURAL-like
B011,48.400_-123.650__c723,740883,1.0089572224085694,0.38364762047448786,1.0103813579475731,0.22498694125793142,NATURAL-like
B011,48.400_-123.750__c1028,738006,1.1012933606926993,0.45870358777570913,1.1229031915658567,0.3005083969507023,FLAT-mixed
B011,48.400_-123.750__c14,727651,1.1851685423469218,0.43565253122719544,1.1819483826167467,0.2847738819846327,CULTURAL
B011,48.450_-122.800__c507,740745,1.0623556334226487,0.4408345652012501,1.04831982371921,0.28492531167945784,NATURAL-like
B011,48.450_-122.900__c54,740953,1.0063707013137733,0.4052132861328586,1.0804487725598648,0.23100385584510758,NATURAL-like
B011,48.450_-123.100__c873,231994,0.8549123443494909,0.2953697078372717,0.972116679132386,0.15616783192668776,FLAT-mixed
B011,48.450_-123.300__c693,732261,1.0997396675841207,0.44106541246905134,1.0891427759471146,0.2892807346014604,NATURAL-like
B011,48.500_-123.050__c382,735905,1.2231825954060216,0.4368023046453007,1.1501089890722216,0.28890685618388245,CULTURAL
B011,48.500_-123.150__c1124,698178,1.264443412870273,0.43409417082749674,1.2194272991715625,0.2809326561421299,CULTURAL
B011,48.500_-123.450__c834,617847,1.0152898674096158,0.3657960627792965,1.0211159413035358,0.2202325171118416,NATURAL-like
B011,48.500_-124.100__c303,740999,1.1093556117156476,0.4600991364360816,1.1051196998327872,0.30474130194507687,FLAT-mixed
B011,48.550_-123.400__c699,499929,1.8440613824434673,0.47759381832220177,1.179825139956628,0.3545103404683465,BLAST
B011,48.550_-123.400__c79,709132,1.1312685465632022,0.41989643677058713,1.139780574102608,0.2643908327363594,FLAT-mixed
B011,48.550_-123.550__c492,228816,1.4341093545768981,0.42404814348646946,1.1368158099256134,0.29863296272987905,CULTURAL
B011,48.550_-123.650__c1083,729342,0.9641715188932708,0.3286606283471951,0.9962252979054104,0.1801802172369067,NATURAL-like
B011,48.550_-124.200__c234,740596,1.0184940667697768,0.39788359645474725,1.052759490056491,0.2338805502595207,NATURAL-like
B011,48.600_-123.200__c1005,740917,1.018389647470452,0.4097328040792693,1.0683966745065154,0.2412105539486879,NATURAL-like
B011,48.600_-123.250__c427,722764,0.9726924860429209,0.37665960119762465,1.1217195942220752,0.20498807356204793,FLAT-mixed
B011,48.600_-123.350__c655,524306,1.917191603086178,0.4740399690257216,1.1437878597461355,0.35485765945840786,BLAST
B011,48.600_-123.350__c884,739992,1.0651973572019113,0.4247748624309452,1.1269681196032693,0.2650285408490903,FLAT-mixed
B011,48.600_-123.450__c1039,729839,1.1753527993056874,0.47344551332554163,1.1821448333848354,0.31473105712355737,CULTURAL
B011,48.600_-123.600__c1592,721833,1.1523149229197114,0.45662916491764716,1.1533689109481162,0.29694541535230445,CULTURAL
B011,48.600_-123.850__c1386,404498,1.117886047354863,0.4005137231828093,1.0911857460149952,0.25610757037117615,NATURAL-like
B011,48.600_-123.900__c943,741119,1.0860058860016377,0.46445307703621147,1.0690654871361596,0.3030080189551206,NATURAL-like
B011,48.600_-124.400__c148,740524,1.0589113350912716,0.4308503168026965,1.1317641143074586,0.2668866910458,FLAT-mixed
B011,48.650_-123.700__c437,404245,1.1582494031926778,0.4084255834951576,1.1087160262417994,0.2600650595554676,FLAT-mixed
B011,48.650_-124.000__c953,740737,1.0410801817667727,0.39283713382752583,1.0244438588259492,0.24506943760065988,NATURAL-like
B011,48.700_-123.150__c25,15957,1.3401095715755218,0.43147208121827413,1.290362078012944,0.3158488437676255,BLAST
B011,48.700_-123.250__c225,738952,0.987346852498952,0.35658879061156884,1.0998976026984701,0.1972712706644004,NATURAL-like
B011,48.700_-123.400__c42,734145,1.0851259127050024,0.4407276491701231,1.1835378466994075,0.2728834222122333,FLAT-mixed
B011,48.700_-123.650__c341,740792,1.0380976055195457,0.4009681530038121,1.0581321401433001,0.2467413255002754,NATURAL-like
B011,48.700_-123.850__c1074,740891,1.081215205216641,0.4617426854962471,1.1363124564971134,0.2933697399482515,FLAT-mixed
B011,48.750_-123.600__c465,739755,0.9744069621181767,0.35841596204148674,1.0590877599279211,0.19457252739082534,NATURAL-like
B011,48.750_-123.900__c996,715439,1.1728683092646228,0.44412172106916176,1.1673162734645575,0.29222337613688937,CULTURAL
B011,48.800_-123.500__c375,24446,1.0633499613881288,0.3592407755870081,1.0635308491142335,0.24752515748997792,NATURAL-like
B011,48.800_-124.500__c366,740966,1.0521913594887975,0.42609107570387844,1.0307093258441442,0.27074791555887856,NATURAL-like
B011,48.850_-123.500__c244,722522,1.1320259546636395,0.44813583531020507,1.0972733490752484,0.2916049615098225,FLAT-mixed
B011,48.850_-123.650__c147,741099,1.0491242117230664,0.40852841523197303,1.0073444928999002,0.25356126509413723,NATURAL-like
B011,48.850_-124.100__c234,632801,0.8715721018413842,0.2896534613567298,0.8720185772228298,0.14690558327183428,FLAT-mixed
B011,48.900_-123.600__c1384,740481,1.1328722080641005,0.488818754296194,1.1392650710514785,0.32759922266742836,FLAT-mixed
B011,48.900_-123.700__c547,740925,1.0102901974256229,0.3945068664169788,1.016178910008976,0.230990990990991,NATURAL-like
B011,48.900_-124.050__c395,556500,0.8063318791569837,0.22156154537286613,0.7633108431572019,0.10119137466307278,FLAT-mixed
B011,48.900_-124.050__c988,740676,1.114268905270887,0.4784737186030059,1.1125530798225107,0.31784072927973905,FLAT-mixed
B011,48.950_-124.600__c985,688648,0.8903533625649325,0.2480759401029263,0.8368663305883458,0.1203445011094202,FLAT-mixed
B011,48.950_-124.750__c321,734754,1.231557310996582,0.45163415238297444,1.1735097256930744,0.30198270441535535,CULTURAL
B011,49.000_-123.750__c270,740784,1.060768313231855,0.421993455582194,1.1470878139267453,0.2570195900559407,FLAT-mixed
B011,49.000_-124.300__c1185,727897,1.0406483609693737,0.39018295170882694,1.114564527599978,0.23477085356856808,FLAT-mixed
B011,49.000_-124.350__c495,146403,1.286820176253179,0.42374131677629556,1.2141709276844412,0.28334801882475086,CULTURAL
B011,49.100_-124.700__c86,737744,0.940634969399863,0.2707985425838773,0.795082270290257,0.1407629204710577,NATURAL-like
B011,49.300_-124.750__c358,241004,0.8944858055153472,0.333940515510116,1.1032099019053978,0.17615890192693898,FLAT-mixed
B011,49.350_-124.700__c414,198691,1.9587126570773996,0.49211086561545314,1.2208688314869758,0.374787987377385,BLAST
B013,47.000_-122.800__c817,142706,0.717879724053276,0.46899219374097795,4.551755487250531,0.2054783961431194,DIURNAL-other
B013,47.050_-122.800__c689,187442,2.2040956215237504,0.4420620778694209,0.8390180669205217,0.34182307060317324,BLAST
B013,47.050_-123.100__c1259,471911,1.5101723717512758,0.3393966235158748,0.766006914171449,0.22509964802685253,FLAT-mixed
B013,47.100_-123.100__c1064,41683,1.130812041089443,0.3220737470911403,0.8183311258278145,0.22963798191109086,FLAT-mixed
B013,47.250_-122.750__c292,375978,1.6075980765958573,0.32926926575491117,0.7422498977417064,0.2287873226624962,FLAT-mixed
B013,47.250_-123.100__c423,266183,1.3526350210083267,0.42968934905685185,0.9856513308655033,0.2825988135981637,CULTURAL
B013,47.350_-122.750__c1097,666287,1.2109367405407263,0.40567953449489486,0.8396567630637216,0.25386357530613685,FLAT-mixed
B013,47.400_-123.000__c670,107056,1.196548726133981,0.33653415035121803,0.9160550749772636,0.21604580780152444,FLAT-mixed
B013,47.450_-123.300__c191,630533,1.3386025774949402,0.3919160456312358,0.8093011901537268,0.2639148149264194,FLAT-mixed
B013,47.500_-122.750__c964,541647,1.4210904910733033,0.39137297908047125,0.9381026503123508,0.25650285148814633,FLAT-mixed
B013,47.500_-123.050__c223,17082,1.4953582410235977,0.48606720524528746,1.1033452807646356,0.3724973656480506,BLAST
B013,47.500_-123.200__c104,621307,1.3294757912330883,0.3650015209872092,0.7793270567671712,0.23540214418958744,FLAT-mixed
B013,47.550_-122.850__c299,576401,1.5120871364171946,0.3614202612417397,0.7585446333706198,0.23907314525824902,FLAT-mixed
B013,47.550_-123.250__c630,428500,1.4838547756969467,0.3203663943990665,0.7506121484282675,0.21013535589264878,FLAT-mixed
B013,47.600_-122.700__c585,171017,1.1792240982539,0.31126730091160526,0.9151679718756969,0.19142541384774614,FLAT-mixed
B013,47.650_-122.700__c551,36682,1.0970801926412272,0.3469821710920888,0.9151802656546489,0.23657379641240936,NATURAL-like
B013,47.650_-123.000__c800,129760,1.0337544356461972,0.324460542540074,0.973198759434216,0.19464395807644883,NATURAL-like
B013,47.650_-123.050__c381,561210,1.5400002212942936,0.3567880116177545,0.7282156710350534,0.250068601771173,FLAT-mixed
B013,47.650_-123.100__c110,581497,1.5402514176462838,0.33544627057405285,0.6914173086061157,0.22376727652937162,FLAT-mixed
B013,47.700_-122.900__c754,605185,1.365153263366763,0.3903682345068037,0.8555529421826891,0.25841023819162734,FLAT-mixed
B013,47.700_-122.950__c915,72854,1.1962013507025497,0.2876712328767123,0.7814530935796928,0.19436132539050704,FLAT-mixed
B013,47.700_-123.100__c1235,249014,1.6510483061640189,0.3230621571477909,0.7038004617756792,0.22842490783650718,FLAT-mixed
B013,47.700_-123.400__c810,557604,1.5528763368880947,0.3673251985279876,0.7598826919043431,0.2614525720762405,FLAT-mixed
B013,47.700_-123.450__c404,630682,1.31716686513125,0.3844108441338107,0.8060381942822051,0.2553711696227259,FLAT-mixed
B013,47.750_-122.600__c700,595486,1.3935444111888333,0.34814420490154263,0.7735105115109717,0.22424372697259046,FLAT-mixed
B013,47.750_-122.700__c737,446184,1.5798440356405279,0.36161090491815034,0.8064260103085082,0.23882747924623027,FLAT-mixed
B013,47.750_-122.750__c376,260529,1.422247316667299,0.3183561139067052,0.7797631793920071,0.20793078697573014,FLAT-mixed
B013,47.750_-122.750__c920,256726,1.2732283757370317,0.3462719007813778,0.9550090993830175,0.21857934139900126,FLAT-mixed
B013,47.750_-123.050__c896,315635,1.3430967868922932,0.33966448587767517,0.8783256817301842,0.21611988531056442,FLAT-mixed
B013,47.750_-123.400__c466,202128,1.3106549954864468,0.32454682181587907,0.8324203584534383,0.21146995962954168,FLAT-mixed
B013,47.750_-123.450__c139,441195,1.760184715268025,0.3507383356565691,0.7142241418421698,0.26113396570677366,FLAT-mixed
B013,47.800_-122.800__c561,255648,1.6182557220058598,0.30722321316810614,0.6896565006047254,0.21676289272750032,FLAT-mixed
B013,47.800_-122.900__c109,65808,0.9764479359956665,0.3848620228543642,1.1229676340981614,0.22404570872842208,FLAT-mixed
B013,47.800_-122.950__c888,526076,1.5260870615410234,0.3542149803450452,0.7930337043349854,0.23450604095225785,FLAT-mixed
B013,47.800_-123.100__c949,327134,1.3164698642819979,0.34073804618290976,0.9005677968398514,0.21872993941320681,FLAT-mixed
B013,47.850_-122.750__c708,568014,1.5391969256269322,0.3796086011964494,0.7787296563369163,0.2686395053643044,FLAT-mixed
B013,47.850_-123.100__c302,487438,1.5063846747247076,0.34387142569926843,0.7880619087687091,0.2311288820321764,FLAT-mixed
B013,47.850_-123.150__c547,632501,1.293633031782633,0.36971483049038656,0.776855163201188,0.22850082450462528,FLAT-mixed
B013,47.850_-123.350__c295,529306,1.5240676364170143,0.3604191148409427,0.7921381962613876,0.25059228499204617,FLAT-mixed
B013,47.900_-122.800__c382,360905,1.404551624798982,0.3576896967345978,0.921016269777053,0.24032917249691746,FLAT-mixed
B013,47.900_-122.850__c822,192338,0.902073218547496,0.3792594287140347,1.2134836015729518,0.20554960538219177,FLAT-mixed
B013,47.900_-122.950__c324,198923,1.5044902557790876,0.2995631475495544,0.703883446471007,0.21128778472072107,FLAT-mixed
B013,47.900_-123.050__c350,329411,1.816621920796174,0.3374841763025521,0.693838085088549,0.25058361742625473,FLAT-mixed
B013,47.900_-123.050__c777,235458,1.5535900564316059,0.3217219206822448,0.7383527955010577,0.22213728138351638,FLAT-mixed
B013,47.900_-123.150__c889,536372,1.5384252754763406,0.34055655403339474,0.7290963042489581,0.23237976628161053,FLAT-mixed
B013,47.950_-122.750__c50,504584,1.6236996923598028,0.3590601366670366,0.7617853316450764,0.252332614589444,FLAT-mixed
B013,47.950_-122.850__c511,656266,1.2393892174976062,0.3909954195402474,0.8019151046567817,0.24845108538306113,FLAT-mixed
B013,47.950_-122.950__c424,589078,1.4457138787765185,0.3777869823690581,0.7881391576037974,0.2590285157483389,FLAT-mixed
B013,48.000_-122.900__c421,549326,1.417666365636997,0.3754182398065994,0.890991358291164,0.2468242901300867,FLAT-mixed
B013,48.000_-123.100__c277,622240,1.3439827104342283,0.36513885317562356,0.754243795644289,0.24231164823862175,FLAT-mixed
B013,48.000_-123.200__c710,608597,1.3671766270927797,0.38553591292760236,0.8536097485121361,0.2545198218196935,FLAT-mixed
B013,48.000_-123.400__c519,517451,1.5697083933221596,0.3394485661444272,0.7334364916852817,0.23187123031939255,FLAT-mixed
B013,48.000_-123.550__c63,572131,1.6641164905632735,0.3533421541570025,0.6712900850372732,0.23961470362556828,FLAT-mixed
B013,48.050_-122.900__c1046,143045,1.0546305622406777,0.3723024223146562,0.9684645533708326,0.2303121395365095,NATURAL-like
B013,48.100_-123.000__c176,29353,1.001830549919519,0.4784519469900862,1.6695680206318504,0.297993390794808,DIURNAL-other
B013,48.100_-123.700__c339,395819,1.724054142995997,0.3659728310161968,0.7895290004330787,0.26335522044166654,FLAT-mixed
B013,48.150_-122.950__c26,36860,0.7914832000666853,0.42335865436787845,1.4074675324675325,0.2317688551275095,DIURNAL-other
B013,48.200_-123.100__c480,206640,1.212327100960248,0.3675909794812234,1.0232869409376029,0.22378532713898566,FLAT-mixed
B013,48.200_-123.400__c782,15630,1.4666501236481562,0.5117082533589251,1.1724544841537423,0.3867562380038388,BLAST
B013,48.250_-123.200__c416,170106,1.1921863261906671,0.3193832081172916,0.8933239414573061,0.19821170329088922,FLAT-mixed
B013,48.250_-123.300__c1148,17751,1.5961666868094735,0.49901414004844796,1.1009622289243142,0.38702044955213794,BLAST
B013,48.250_-123.800__c838,25625,1.4855764409984749,0.44409756097560976,0.9739583333333334,0.34107317073170734,BLAST
B013,48.300_-122.900__c446,166793,1.1612023557086302,0.3537918257960466,0.9734007200221545,0.21819860545706354,FLAT-mixed
B013,48.350_-122.850__c666,519588,1.776196968450489,0.39830404089393906,0.8033390829438545,0.2869234855308437,FLAT-mixed
B013,48.350_-123.850__c846,285991,1.5095444700136125,0.32241224374193594,0.7413175106389055,0.22562598123717179,FLAT-mixed
B013,48.400_-122.800__c1047,445014,1.2976716379392816,0.35007437968243693,0.9144445603732244,0.21348766555658924,FLAT-mixed
B013,48.500_-122.750__c208,625397,1.2013860998824182,0.37749781338893534,0.9690909945784462,0.21884818763121666,FLAT-mixed
B013,48.500_-123.400__c348,239222,1.4110749229171262,0.3369464346924614,0.8471167658526575,0.21466253103811522,FLAT-mixed
B013,48.500_-123.800__c783,136178,0.8232459807927017,0.4216246383409949,1.1790417216138218,0.22437544977896576,FLAT-mixed
B013,48.500_-124.050__c791,305282,1.721354544173558,0.31320221958713584,0.6846722774802346,0.21851927070708393,FLAT-mixed
B013,48.550_-123.200__c1170,339665,1.3156103682185702,0.3346238205290507,0.8896748926899485,0.21497063282940546,FLAT-mixed
B013,48.650_-123.550__c133,32435,0.8492878625355682,0.4422074919068907,1.339279588336192,0.24865114845074765,FLAT-mixed
B013,48.700_-123.600__c116,654077,1.2377211221938098,0.40096961061159464,0.8581995541426479,0.2552054268839907,FLAT-mixed
B014,46.900_-122.650__c482,219934,1.0264554438518037,0.36903343730391847,1.0199471016089927,0.23776223776223776,NATURAL-like
B014,46.900_-122.800__c1014,291502,1.0796961919365708,0.38151367743617537,1.1123040099902872,0.25045454233590164,FLAT-mixed
B014,46.900_-122.900__c608,254204,1.0110350171416447,0.365131941275511,1.0506371821319092,0.2319987096977231,NATURAL-like
B014,47.050_-122.600__c173,317282,1.0644774008168683,0.3725644694624971,1.038628395299557,0.24313702006417004,NATURAL-like
B014,47.100_-123.000__c387,524330,1.0310690576088954,0.38992619152060726,1.0217526040221272,0.25503785783762134,NATURAL-like
B014,47.200_-122.700__c508,146834,1.0115852717446148,0.35116526145170734,1.0612491199839083,0.22270046447008185,NATURAL-like
B014,47.200_-123.100__c692,115805,1.0302502853668154,0.3661154527006606,1.1041553533027781,0.23497258322179526,FLAT-mixed
B014,47.200_-123.200__c234,317303,1.0173536148178612,0.35852796853480745,1.029109654523622,0.22970473017904022,NATURAL-like
B014,47.250_-123.000__c618,182187,1.0126246228014406,0.34107812302743884,1.0108068214765809,0.2168431337032829,NATURAL-like
B014,47.300_-123.050__c547,138834,1.021871178373162,0.3600342855496492,1.0331146735889432,0.23124018612155525,NATURAL-like
B014,47.300_-123.050__c762,170213,1.0184490452533161,0.35544876125795327,1.0633882475781657,0.22795556156110286,NATURAL-like
B014,47.350_-122.950__c84,548412,1.035758574996227,0.3909724805438247,1.0701087863843304,0.2557493271482024,NATURAL-like
B014,47.400_-122.700__c961,256725,1.0187966302616955,0.36998344532086863,1.0274465499563286,0.23709806212873696,NATURAL-like
B014,47.400_-122.750__c1041,564757,1.0406568085299652,0.43021334839585873,0.9896384723225286,0.2874669990810207,NATURAL-like
B014,47.400_-122.750__c917,115201,1.0061261050836607,0.34436333017942555,1.043158296572786,0.2200154512547634,NATURAL-like
B014,47.450_-123.300__c190,59389,1.0027474169808848,0.37343615821111653,1.1176043091655268,0.23900048830591525,FLAT-mixed
B014,47.500_-123.300__c66,93297,0.9988431535639376,0.35198345070045123,1.0411976173607285,0.22347985465770603,NATURAL-like
B014,47.550_-122.750__c139,340120,1.0408581801775136,0.3918058332353287,1.0626316559391458,0.2544954721862872,NATURAL-like
B014,47.550_-122.900__c647,37841,1.0459136215498799,0.37099970931000764,1.1040751098681583,0.24536877989482309,FLAT-mixed
B014,47.550_-123.150__c70,263230,1.0166750202795103,0.35986019830566424,1.0036548908089977,0.23045245602704859,NATURAL-like
B014,47.550_-123.300__c942,89436,1.017838800958695,0.35029518314772573,1.03335506301608,0.2243280110917304,NATURAL-like
B014,47.600_-122.750__c752,277959,1.0057009127454568,0.3635320317025173,1.0191382136504725,0.23099449918872927,NATURAL-like
B014,47.600_-123.050__c1275,433437,1.039150716270614,0.373546789960248,0.9953565926997465,0.24344483742735393,NATURAL-like
B014,47.600_-123.100__c150,105166,0.9974192833145649,0.3641956525873381,1.0420340564497317,0.2327748511876462,NATURAL-like
B014,47.600_-123.150__c679,133439,1.0066946783346142,0.34962042581254354,1.018721826377781,0.22235628264600305,NATURAL-like
B014,47.650_-122.650__c971,162701,1.0162125796564718,0.35575687918328713,1.0296141190547412,0.22740487151277497,NATURAL-like
B014,47.650_-123.350__c54,546025,1.037991043653821,0.3952932558033057,0.9784398751622326,0.26219495444347785,NATURAL-like
B014,47.700_-122.600__c532,393683,1.0212313817356693,0.3655758567172065,1.0140790683420164,0.235064760225867,NATURAL-like
B014,47.700_-122.950__c1431,150212,1.0093081438273184,0.3466633824195138,1.0146368139998714,0.22024205789151333,NATURAL-like
B014,47.700_-123.300__c375,186281,1.0039112231727627,0.3510932408565554,1.0078167394506319,0.2231360149451635,NATURAL-like
B014,47.700_-123.400__c45,497304,1.0838261744626476,0.3959187941379921,0.9336933931051195,0.2677336196773,NATURAL-like
B014,47.750_-122.800__c1181,280131,1.0275845646608581,0.35913197753907994,1.0160586835844567,0.23092410336592523,NATURAL-like
B014,47.750_-122.850__c702,36133,1.066293182823478,0.37843522541720864,1.1320714589536367,0.2524285279384496,FLAT-mixed
B014,47.750_-123.450__c427,552607,1.0378951091492525,0.39328492038645907,1.0733073867224414,0.2581346237018351,NATURAL-like
B014,47.800_-123.400__c185,152174,1.086941642602507,0.382358352938084,1.1544824086603518,0.25201414170620473,FLAT-mixed
B014,47.900_-123.050__c1216,44072,1.0599750768715523,0.3851878743873661,1.1294876263506448,0.25422036667271736,FLAT-mixed
B014,47.900_-123.200__c928,77566,1.009398675862457,0.36189825438981,1.0683492409198643,0.23136425753551815,NATURAL-like
B014,47.900_-123.250__c446,41718,1.1262165155297472,0.40289563258066063,1.1573935772964898,0.27640347092382184,FLAT-mixed
B014,47.900_-123.400__c1131,339763,1.033186531880676,0.3595594576219306,1.0299565515664304,0.23207942006634036,NATURAL-like
B014,47.950_-122.900__c1206,213345,1.0231623026658851,0.3589444327263353,1.0578918812841263,0.23064988633434108,NATURAL-like
B014,48.000_-122.900__c144,561877,1.0416501161947649,0.4042397179453866,0.981204151313343,0.2704648882228673,NATURAL-like
B014,48.000_-123.000__c237,289157,1.0617263205685201,0.3698578972668827,1.0735397366303063,0.24168877115200393,NATURAL-like
B014,48.000_-123.250__c542,317529,1.0411378478244993,0.3596458906115662,1.0155102971350407,0.23180559885868693,NATURAL-like
B014,48.000_-123.400__c771,53418,1.0733755776615266,0.3854131566138755,1.110412034627939,0.25637425586880824,FLAT-mixed
B014,48.000_-123.500__c777,100011,1.0088768002417692,0.351631320554739,1.0572997463741352,0.22423533411324753,NATURAL-like
B014,48.050_-122.950__c149,279345,1.0263742754553493,0.3646243891961553,1.0359427778408148,0.23434462761101862,NATURAL-like
B014,48.050_-123.450__c1367,538166,1.0382568693981409,0.38207356094587913,1.0085174388757694,0.25078879007592453,NATURAL-like
B014,48.100_-123.050__c630,363774,1.022519428343645,0.36763759916871463,1.0160040408874,0.23717747832445418,NATURAL-like
B014,48.150_-123.200__c336,67283,1.058058249529611,0.36218658502147644,1.0601658228776873,0.23783125009289122,NATURAL-like
B014,48.150_-123.800__c222,432477,1.0617172170952525,0.3891536428526835,1.1080467531258005,0.25483436113365565,FLAT-mixed
B014,48.200_-122.850__c366,233265,1.0070214725567945,0.35291192420637474,1.020301094890511,0.22392129123529034,NATURAL-like
B014,48.200_-123.300__c659,31149,1.0288189042186144,0.36575813027705545,1.1186509880777398,0.23981508234614274,FLAT-mixed
B014,48.200_-123.450__c342,208723,1.0154608383909862,0.3572533932532591,1.04498099394622,0.2289445820537267,NATURAL-like
B014,48.250_-123.050__c1393,464837,1.0370852254160579,0.3731264938032041,1.0617014960187452,0.2412221918651054,NATURAL-like
B014,48.250_-123.100__c1366,134577,1.0258691701530733,0.3741426841139273,1.0406925934017917,0.24209188791546846,NATURAL-like
B014,48.250_-123.200__c619,437848,1.0546470647466861,0.3699069083334856,1.0019860375541647,0.2425499260017175,NATURAL-like
B014,48.300_-122.850__c526,262053,1.0332135028902567,0.3594883477769764,1.0427173416174564,0.23136922683579275,NATURAL-like
B014,48.300_-122.950__c324,318680,1.0644981038785053,0.3825718589180369,0.9997436226124856,0.2520176980042676,NATURAL-like
B014,48.300_-123.250__c25,485471,1.0355149278939095,0.38345235863728216,1.0165233778697125,0.2511581536281261,NATURAL-like
B014,48.300_-123.800__c235,238050,1.0064541078568907,0.35948750262549883,1.0021798805102535,0.23016593152699014,NATURAL-like
B014,48.300_-123.850__c388,567808,1.0338757523479687,0.40604394443192066,0.9912243168642454,0.27093489348512173,NATURAL-like
B014,48.350_-122.900__c18,363533,1.043621664589049,0.38972803019258223,1.0830017759544035,0.2538669116696421,NATURAL-like
B014,48.350_-123.600__c980,307475,1.038167126072932,0.3644784128790959,1.0273894661977951,0.23556061468412065,NATURAL-like
B014,48.400_-123.200__c486,533522,1.0386263429864997,0.3965834586015197,1.0496725519745969,0.25994429470574787,NATURAL-like
B014,48.400_-123.500__c318,309473,1.0610902196761411,0.3805566236796102,1.0406590885719484,0.2487971487011791,NATURAL-like
B014,48.400_-123.750__c272,541170,1.0393110225458735,0.3976255150876804,1.0247333776954481,0.26087181477169835,NATURAL-like
B014,48.400_-123.900__c906,564883,1.033314042543363,0.4019965196332692,0.9982721162764105,0.26655077246084585,NATURAL-like
B017,46.100_-123.250__c163,270432,0.996145456170856,0.27460877410957285,0.6820278220049485,0.17827402082593777,NATURAL-like
B017,46.150_-123.050__c55,236693,0.9986192604641256,0.2618159387899093,0.6446415125909813,0.17153021001888522,NATURAL-like
B017,46.150_-123.300__c216,250639,1.000444714982198,0.2643164072630357,0.6488857597164759,0.17293398074521524,NATURAL-like
B017,46.200_-122.950__c84,242245,1.0017420970733082,0.2610910441907986,0.6380456450103739,0.17146277528947965,NATURAL-like
B017,46.200_-123.000__c558,229234,0.9993364453738074,0.2569121509025712,0.619699147101591,0.1681949449034611,NATURAL-like
B017,46.250_-123.000__c353,284562,1.0233703484860146,0.2793029287114934,0.6900589385355272,0.18372446075020557,NATURAL-like
B017,46.250_-123.200__c418,394357,1.058096101948538,0.3384953227659202,0.9099965529127887,0.21816526649710796,NATURAL-like
B017,46.300_-122.950__c223,276905,1.0203430281199788,0.2807822177281017,0.6891981007649697,0.18430869792889257,NATURAL-like
B017,46.300_-123.350__c161,245749,1.0068124517516217,0.2667803327785668,0.6500974107337736,0.17519094686041448,NATURAL-like
B017,46.350_-123.150__c189,241446,1.0065319120900973,0.2623112414370087,0.6460187892126269,0.17252304863199225,NATURAL-like
B017,46.400_-122.850__c44,656417,1.1054253561382035,0.35230196658526514,0.7823481541762225,0.23807579633068612,NATURAL-like
B017,46.450_-123.200__c38,233707,1.0206073340634048,0.2703727316682855,0.6710117939168219,0.17814614025253844,NATURAL-like
B017,46.450_-123.300__c518,251495,1.0033096369050596,0.2722638621046144,0.6930186552945851,0.17798365772679378,NATURAL-like
B017,46.500_-122.900__c267,323892,1.0248998869459152,0.3331388240524619,0.9425243990119379,0.21153038667210058,NATURAL-like
B017,46.500_-123.300__c587,269137,1.0112282144192215,0.2819976443224083,0.7061338006705272,0.18409583223414097,NATURAL-like
B017,46.650_-123.200__c294,297885,1.015677755618981,0.28110848146096645,0.6979690038316803,0.18486328616748074,NATURAL-like
B017,46.700_-122.750__c325,319907,1.0473231189837062,0.3201024047613838,0.8537090873683771,0.2083199179761618,NATURAL-like
B017,46.700_-122.850__c584,203393,0.9537484283162917,0.2929156853972359,0.912575828800394,0.1797505322208729,NATURAL-like
B017,46.750_-122.850__c147,213846,1.0121721430828257,0.25768076092141073,0.6140626990047489,0.16932745994781292,NATURAL-like
B017,46.750_-123.050__c366,245035,1.0109368844850428,0.27004305507376497,0.6514461269089848,0.17679107066337463,NATURAL-like
B017,46.800_-122.550__c162,230143,1.0074205253124437,0.2628496195843454,0.6395303964531039,0.17218425066154522,NATURAL-like
B017,46.800_-122.650__c402,194201,0.9536377813325202,0.2913579229767097,0.9114656031904287,0.17888167414173975,NATURAL-like
B017,46.800_-123.250__c437,262031,0.989756706013263,0.26848731638622914,0.6593935700137132,0.1749411329193874,NATURAL-like
B017,46.850_-122.800__c536,201547,0.9532036969240112,0.29336581541774376,0.9045916531750314,0.1800820652254809,NATURAL-like
B017,46.850_-122.900__c463,277011,1.0341012554863682,0.2921075336358484,0.7328688795931265,0.19225229323023274,NATURAL-like
B017,46.850_-123.050__c953,224242,0.9972801336300149,0.2617573871085702,0.646615411806292,0.16956234782065804,NATURAL-like
B017,46.850_-123.050__c954,223028,1.0070618978973627,0.26202987965636604,0.6302930593068985,0.17156590203920585,NATURAL-like
B017,46.850_-123.200__c286,245235,1.0012633693172772,0.274544824352152,0.6692921105954638,0.1782861337084837,NATURAL-like
B017,46.900_-122.650__c355,222951,1.0106673359837535,0.2584155262815596,0.6166050725587329,0.17017640647496535,NATURAL-like
B017,46.900_-122.800__c300,203443,0.9519454788592974,0.2929370880295709,0.915011780545271,0.17980957811278836,NATURAL-like
B017,46.900_-123.100__c18,284683,1.0033336792518932,0.2790015561168036,0.7006314065496757,0.18162306846562667,NATURAL-like
B017,46.900_-123.150__c651,409532,1.161285607672985,0.3421051346414932,0.859494923816684,0.2298062178291318,FLAT-mixed
B017,46.950_-122.600__c112,214329,0.9567999272211762,0.29341339716044024,0.8988109042609264,0.18079214665304275,NATURAL-like
B017,47.000_-122.900__c828,229537,0.962634463497182,0.29500254860872105,0.8972800471327572,0.18237146952343194,NATURAL-like
B017,47.000_-123.200__c402,277848,1.011112387974312,0.2953341395295269,0.7554727632806987,0.19148959143128616,NATURAL-like
B017,47.000_-123.250__c206,243477,0.9920886636954381,0.26356082915429385,0.6458838461913983,0.17191356883812434,NATURAL-like
B017,47.050_-122.850__c404,439232,1.1605239369491434,0.353280271018505,0.9221262873192552,0.23820668803730147,FLAT-mixed
B017,47.050_-122.850__c407,655335,1.0924164699284415,0.3528897434136739,0.8386034321414418,0.23736867403694295,NATURAL-like
B017,47.150_-122.700__c669,613850,1.2061145016056196,0.35066710108332655,0.8305530823747285,0.2421112649670115,FLAT-mixed
B017,47.150_-122.700__c672,232428,1.0036631164027845,0.2631696697471905,0.6475822413322413,0.17205328101605658,NATURAL-like
B017,47.150_-123.150__c871,240122,0.9940275191078412,0.26544839706482537,0.6458433009420421,0.1722957496605892,NATURAL-like
B017,47.200_-122.700__c412,194061,1.0260496274393536,0.25748604820133875,0.6172581487882319,0.17002901149638516,NATURAL-like
B017,47.200_-123.050__c589,208059,1.0272307576259765,0.2661552732638338,0.6354053106069942,0.17643072397733336,NATURAL-like
B017,47.200_-123.150__c739,252559,1.0007347528276893,0.2653954125570659,0.6531543941123225,0.17346045874429342,NATURAL-like
B017,47.200_-123.250__c181,256784,0.9998326540871278,0.2680424013957256,0.6667421309018237,0.17514331110972647,NATURAL-like
B017,47.250_-122.850__c578,232082,0.9887070233368752,0.26011495936780965,0.6411758195918854,0.1689747589214157,NATURAL-like
B017,47.250_-123.150__c590,237194,1.004483796622501,0.26070221000531213,0.6325970515563073,0.1714039984147997,NATURAL-like
B017,47.300_-123.000__c118,213736,1.0149940821218577,0.25517460792753677,0.6015237820125117,0.1684040124265449,NATURAL-like
B017,47.300_-123.000__c785,260632,0.9964344936400208,0.26767626385094695,0.6581436639982857,0.1748327143251788,NATURAL-like
B017,47.350_-122.750__c716,244407,1.0086568969906728,0.26373630869819603,0.6498216940285777,0.17345247885698856,NATURAL-like
B017,47.350_-122.850__c88,250288,0.9973902652788621,0.26354040145752095,0.6495274491770004,0.17272502077606597,NATURAL-like
B017,47.350_-122.900__c732,272614,1.016477250777284,0.275686501793745,0.6818762060264213,0.18118658616211933,NATURAL-like
B017,47.350_-123.300__c381,273998,1.0228400326991844,0.27290710151168984,0.6647731836070122,0.1803042357973416,NATURAL-like
B017,47.400_-122.600__c473,653100,1.0854822098192476,0.3458505588730669,0.8007932126756305,0.23384320930944724,NATURAL-like
B017,47.400_-122.750__c390,218057,0.9983916742070151,0.2732358970360961,0.695721759965557,0.1772839211765731,NATURAL-like
B017,47.400_-122.900__c846,244097,0.9944795680314329,0.26196143336460503,0.6372791291145783,0.1709689180940364,NATURAL-like
B017,47.400_-123.100__c381,254044,1.012713132507272,0.2668868385004173,0.6402645901104788,0.17545779471272693,NATURAL-like
B017,47.450_-122.350__c18,528212,1.210513620255209,0.34739082035243424,0.8548213166144201,0.23790637092682484,FLAT-mixed
B017,47.450_-122.700__c785,244224,0.9961220536649972,0.2620463181341719,0.6363189135133391,0.1711952961215933,NATURAL-like
B017,47.450_-123.300__c182,655117,1.1028819967986903,0.33974084018579886,0.7936034406475289,0.2303970130526303,NATURAL-like
B017,47.500_-122.800__c595,237511,1.0029576532523197,0.2646319538884515,0.6515713890727506,0.1729646205859939,NATURAL-like
B017,47.500_-123.050__c480,224981,1.0104506062306082,0.2748365417524147,0.715715385461344,0.1767971517594819,NATURAL-like
B017,47.550_-122.700__c728,154626,1.0561645786616045,0.23093787590702727,0.5162897113849234,0.15820754594958156,NATURAL-like
B017,47.550_-122.700__c729,221264,1.00109649022619,0.2549172029792465,0.5992324227418695,0.16724365463880253,NATURAL-like
B017,47.550_-123.250__c416,250042,1.0040660921577231,0.2691827772934147,0.6529769388697022,0.17563849273322082,NATURAL-like
B017,47.600_-122.600__c699,637095,1.154302265056343,0.35261146296863105,0.8076703248389333,0.24144122933000572,FLAT-mixed
B017,47.650_-123.150__c171,223890,1.0037840995425866,0.252963508865961,0.6006886755907546,0.1667202644155612,NATURAL-like
B017,47.700_-122.650__c873,220938,0.9618637599172836,0.2974680679647684,0.9181033592798299,0.18306040608677548,NATURAL-like
B017,47.700_-123.350__c425,276407,1.0154656846656747,0.2788966994323588,0.6960734432031855,0.18233619264345693,NATURAL-like
B017,47.750_-122.950__c421,236415,0.991879678145151,0.2591375335744348,0.6271512099779702,0.16889791256899944,NATURAL-like
B017,47.750_-123.150__c940,226236,1.004353389109094,0.2572888488127442,0.6103341536403626,0.16952209197475204,NATURAL-like
B017,47.750_-123.200__c342,656470,1.1012632282943282,0.3587475436805947,0.8032128254231148,0.24264932137035966,NATURAL-like
B017,47.800_-122.950__c887,230793,0.99357492291066,0.25641158960627053,0.6147952310386636,0.16752241185824526,NATURAL-like
B017,47.850_-122.600__c162,264158,1.0300746726430843,0.29708734923795604,0.787694959910225,0.1931646968859546,NATURAL-like
B017,47.850_-122.850__c749,219821,0.9551009506353382,0.2941711665400485,0.9006376632726525,0.18100636426910988,NATURAL-like
B017,47.850_-123.200__c357,268863,1.0396085837396132,0.2840108159174003,0.6971286707765192,0.18868717525282394,NATURAL-like
B017,47.850_-123.400__c902,238617,0.9976942183743331,0.2583805847864989,0.6179764283675218,0.16927125896310824,NATURAL-like
B018,46.300_-122.950__c58,704658,1.1642534790888006,0.5005875190517953,1.0420204988330568,0.3516173803462105,CULTURAL
B018,46.350_-123.050__c285,590683,1.6765725271653669,0.4913921680495291,1.006352613927302,0.38515921399464687,BLAST
B018,46.350_-123.200__c18,703689,1.1525185693351707,0.5241292673325858,1.0527179764142396,0.36998730973484023,CULTURAL
B018,46.450_-123.100__c54,56401,1.0686468502188473,0.3957376642258116,1.148535283298192,0.2594457545078988,FLAT-mixed
B018,46.500_-123.100__c731,575865,1.4842952523029003,0.47794882481137074,0.8537452716065976,0.3521762913182777,BLAST
B018,46.550_-122.800__c625,695102,1.185783051202338,0.5259041119145104,1.0273778274620233,0.37129658668799687,CULTURAL
B018,46.600_-122.700__c414,688744,1.194602833123885,0.4849508670855935,1.060811815613178,0.3435645174404423,CULTURAL
B018,46.650_-122.950__c183,683353,1.2289531708712798,0.5126223196503125,0.9688046900822852,0.36630555510841395,CULTURAL
B018,46.750_-122.800__c340,696117,1.1934941957121792,0.4992537174067003,1.0456098266205465,0.3555479897775805,CULTURAL
B018,46.750_-122.950__c479,521051,1.594338651726767,0.4887122373817534,0.9132956096875727,0.36591427710531216,BLAST
B018,46.750_-123.100__c492,471942,2.0258445121941757,0.5163240398184523,1.0183463668435875,0.41425217505540934,BLAST
B018,46.800_-123.050__c44,694820,1.1935406205354455,0.5149189718200398,1.0109289040473903,0.36719438127860454,CULTURAL
B018,46.800_-123.200__c107,313138,1.6068758354317167,0.46006872369370694,0.8399375228660682,0.34948808512540797,BLAST
B018,46.850_-122.650__c758,570137,1.7764433334075498,0.4791409783964205,0.9314885106730337,0.3689674586985233,BLAST
B018,46.850_-122.800__c1207,681131,1.25843869811647,0.49176883741893995,1.0454143331334902,0.35661421958477885,CULTURAL
B018,46.850_-122.950__c687,691989,1.1779681516958758,0.5073057519700458,1.0368088095798476,0.35956351907328005,CULTURAL
B018,46.850_-123.050__c20,699497,1.156764083865156,0.5042366157395958,1.0259961502795965,0.3552738610744578,CULTURAL
B018,46.850_-123.050__c606,663443,1.2649295323103003,0.49783025821359184,0.9447316687538041,0.34969545235988625,CULTURAL
B018,46.900_-122.650__c276,130558,1.2496872258955922,0.4408845110985156,1.0021780909673286,0.3112103432957,CULTURAL
B018,46.900_-122.850__c891,590215,1.521682660731912,0.46633684335369313,0.9419995192894941,0.34399159628271053,BLAST
B018,46.900_-122.950__c1017,662500,1.3049756462660562,0.5011879245283019,1.0204306503978153,0.3633464150943396,BLAST
B018,46.900_-123.000__c615,648284,1.4058869693229634,0.49391161898180425,0.9636536910783667,0.3651779158516946,BLAST
B018,46.900_-123.150__c42,561633,1.362787009937908,0.455899136980911,1.0291825473576426,0.3342787905981308,BLAST
B018,46.950_-123.050__c653,203429,1.595803196384323,0.4524084570046552,0.9886934820560288,0.3406692261182034,BLAST
B018,46.950_-123.100__c523,670205,1.298473133739211,0.4988070814153878,1.053751084289114,0.35816503905521446,CULTURAL
B018,47.000_-122.950__c1036,663223,1.3881481285210664,0.5329640256746223,0.9843430955830853,0.409141420005036,BLAST
B018,47.000_-122.950__c1157,391031,1.1532925254293827,0.4056941776994663,0.9463973773002464,0.27813395868869734,FLAT-mixed
B018,47.050_-122.700__c1278,689187,1.2723434955358346,0.504623563706222,0.9948624962224237,0.37378824615089956,CULTURAL
B018,47.050_-122.850__c190,623767,1.4400556986102435,0.4820277443340222,0.9514156468811323,0.3563734535491618,BLAST
B018,47.050_-123.100__c699,604945,1.4699050400775153,0.49271917281736355,0.8860705682301261,0.3638314226913191,BLAST
B018,47.100_-122.550__c41,631739,1.5058375032515863,0.4698190233624962,0.9536233081464345,0.3546290477554813,BLAST
B018,47.100_-122.750__c488,680901,1.2987342245496087,0.5051042662589715,0.9851497401204521,0.3784764598671466,CULTURAL
B018,47.100_-122.900__c431,660197,1.3345305693605138,0.49022488741996706,0.9475268342838439,0.35697678117289233,BLAST
B018,47.100_-123.000__c554,592209,1.5941704750963082,0.48973250997536344,0.912056499075164,0.37384268054014713,BLAST
B018,47.100_-123.000__c767,673590,1.2635470500126327,0.48117103876245193,1.0086174665229213,0.3507074036134741,CULTURAL
B018,47.100_-123.050__c357,350683,1.3295747793723134,0.44760082467641715,0.982925553237894,0.3189604286492359,BLAST
B018,47.100_-123.150__c387,600086,1.5315859936988585,0.4984785514076316,0.9479557133772303,0.3798138933419543,BLAST
B018,47.150_-122.500__c153,685238,1.2748703338491971,0.5260405873579691,1.0180292356142937,0.39370116660196897,CULTURAL
B018,47.150_-123.050__c811,447142,1.537515840653819,0.4695622419723488,0.906177889927588,0.35204252787705026,BLAST
B018,47.200_-122.650__c74,704882,1.1591304958159825,0.531415187222826,1.0316444959640367,0.3827051903722893,CULTURAL
B018,47.250_-122.850__c716,677980,1.2268169488605534,0.4768179002330452,1.0007264191116216,0.3427490486445028,CULTURAL
B018,47.250_-122.950__c774,667994,1.2526280348828962,0.487282819905568,0.9899904275109722,0.3526783174699174,CULTURAL
B018,47.250_-123.050__c1196,92803,0.8654272585661074,0.4137905024622049,1.1160160922039795,0.2604657177030915,FLAT-mixed
B018,47.250_-123.100__c201,489587,1.4113890162735432,0.46290444803477215,1.0018878647853913,0.3421761607232218,BLAST
B018,47.250_-123.300__c72,692011,1.1834216784474125,0.5187764356346937,1.0243012806905822,0.3656097952200182,CULTURAL
B018,47.350_-122.650__c173,700978,1.1872427623945288,0.4985135054167178,1.0200293129082492,0.3596032971077552,CULTURAL
B018,47.400_-123.400__c59,703623,1.1763800780336555,0.524881932512155,1.012009043587991,0.37842850503749875,CULTURAL
B018,47.450_-122.600__c306,688472,1.191717257158593,0.4784072554875144,1.0154590608656078,0.3412542558012526,CULTURAL
B018,47.450_-123.000__c1239,566867,1.2662364134865776,0.44156036601178056,1.0047945701280396,0.31300287368994845,CULTURAL
B018,47.450_-123.250__c409,643468,1.3646535280821963,0.5049652818788192,0.9803844571599536,0.3745019177332828,BLAST
B018,47.500_-123.250__c372,127431,1.2533227383666614,0.44960802316547777,1.0642203617008879,0.3239164724439108,CULTURAL
B018,47.550_-122.850__c43,550957,1.4548941919660927,0.4638746762451516,1.013550099535501,0.3456059184292059,BLAST
B018,47.600_-122.700__c724,678394,1.2141385246506131,0.4922228085743683,0.974751164277235,0.3515759278531355,CULTURAL
B018,47.700_-122.850__c449,196500,1.1315990060360883,0.4376641221374046,0.9801546609402709,0.30029007633587784,FLAT-mixed
B018,47.700_-123.250__c642,512545,1.559561789519262,0.48752012018456914,0.9774929768660797,0.3793462037479636,BLAST
B018,47.850_-123.150__c149,689455,1.2525281446162415,0.5036557860919132,1.0393544661890046,0.36847364947676065,CULTURAL
B020,45.500_-122.850__c61,104123,0.8369785625687411,0.2134590820471942,0.8262661227180945,0.1186001171691173,FLAT-mixed
B020,45.500_-123.100__c635,93931,0.8149538415261312,0.1975599109984989,0.8025459117237663,0.10955914447839371,FLAT-mixed
B020,45.500_-123.200__c490,143591,0.8269109249840787,0.20144716590872688,0.8252252252252252,0.1095820768711131,FLAT-mixed
B020,45.500_-123.400__c1208,145149,0.8244132485556457,0.20202688272051478,0.8222261767061126,0.10982507630090459,FLAT-mixed
B020,45.500_-123.500__c90,123327,0.8135542747210016,0.19495325435630478,0.8021609473593223,0.10728388755098235,FLAT-mixed
B020,45.550_-123.300__c962,132242,0.8217695969132554,0.2002540796418687,0.8254784767130446,0.1097155215438363,FLAT-mixed
B020,45.550_-123.350__c101,128526,0.8124172593936558,0.19529122512176525,0.7978633680067473,0.10660099901965361,FLAT-mixed
B020,45.550_-123.350__c72,92914,0.8418503994480058,0.22119379210883183,0.8413093018437953,0.1250618851841488,FLAT-mixed
B020,45.600_-123.200__c330,155377,0.835445771486683,0.2128500357195724,0.8464963248162408,0.11605321250892989,FLAT-mixed
B020,45.600_-123.200__c44,71873,0.8624125755711197,0.228444617589359,0.8676924007012877,0.13327675204875267,FLAT-mixed
B020,45.600_-123.300__c1370,127679,0.8213810197949846,0.19356354608040477,0.8120494853656084,0.10578873581403363,FLAT-mixed
B020,45.600_-123.350__c822,120127,0.8235385321982864,0.18644434640005994,0.813044405731148,0.10147593796565302,FLAT-mixed
B020,45.600_-123.400__c29,119987,0.8091862981000711,0.19588788785451758,0.8003091574570911,0.10744497320543059,FLAT-mixed
B020,45.800_-123.200__c269,121976,0.8142267939400264,0.1928166196628845,0.8064922786006934,0.10584049321177937,FLAT-mixed
B020,45.800_-123.350__c238,101336,0.8240203064098209,0.2120865240388411,0.8246529961840063,0.11807255072234941,FLAT-mixed
B020,45.850_-123.100__c82,103560,0.8331790847776708,0.21469679412900733,0.8436225070930063,0.11887794515256855,FLAT-mixed
B020,45.850_-123.350__c341,87605,0.8250292705562643,0.20858398493236688,0.817055499203014,0.11758461275041379,FLAT-mixed
B020,45.900_-123.100__c907,135895,0.8283399140854817,0.19885941351778946,0.8164849555846574,0.10853232274918136,FLAT-mixed
B020,45.900_-123.150__c861,132484,0.8327147165736083,0.2102140635850367,0.8226089785296031,0.11673862504151444,FLAT-mixed
B020,45.900_-123.350__c653,117329,0.8091522728231284,0.19187072249827408,0.7939562926617298,0.10493569364777676,FLAT-mixed
B020,45.900_-123.400__c97,121946,0.8130228084191664,0.19349548160661276,0.8014041951202473,0.10574352582290522,FLAT-mixed
B020,45.950_-123.150__c464,148493,0.8333191544182692,0.20482446984032918,0.8438123167155426,0.11086044460008215,FLAT-mixed
B020,46.100_-123.200__c98,108280,0.8199328124366332,0.19004432951606945,0.79321927974377,0.10392500923531585,FLAT-mixed
B020,46.150_-123.150__c646,121334,0.8120236486059909,0.191834110801589,0.8032861787189175,0.10478513854319482,FLAT-mixed
B020,46.250_-123.200__c481,111674,0.8140964799314562,0.18930995576409906,0.7775428528279091,0.10402600426240664,FLAT-mixed
B020,46.300_-122.600__c40,106283,0.8260018281680162,0.21199062879293962,0.8271077694235589,0.11730003857625396,FLAT-mixed
B020,46.300_-123.000__c149,113430,0.8126071953305718,0.20251256281407035,0.8125105032209877,0.11024420347350788,FLAT-mixed
B020,46.300_-123.200__c371,133722,0.8229422372329451,0.19576434692870284,0.815513593229033,0.10638488805133037,FLAT-mixed
B020,46.300_-123.250__c49,124270,0.8155747107673802,0.1917276897078941,0.7953683131088702,0.10473163273517341,FLAT-mixed
B020,46.450_-122.850__c181,128838,0.841225625431847,0.20503267669476397,0.8316361739013347,0.11404244089476707,FLAT-mixed
B020,46.450_-122.900__c33,106852,0.8435003804519489,0.22516190618799836,0.8483634606868231,0.12619323924680867,FLAT-mixed
B020,46.500_-122.800__c600,105709,0.8171672780266095,0.188479694254983,0.7808440909635905,0.10435251492304345,FLAT-mixed
B020,46.500_-122.850__c584,108159,0.8189120998324269,0.20900710990301316,0.8161259373837448,0.11545040172338872,FLAT-mixed
B020,46.500_-123.200__c140,115738,0.8196655856267452,0.20544678497986832,0.8158585617507206,0.11220169693618345,FLAT-mixed
B020,46.500_-123.250__c19,124800,0.8234827714293198,0.18896634615384617,0.8172919784624383,0.10198717948717949,FLAT-mixed
B020,46.550_-122.850__c399,147477,0.8328598313022401,0.2032113482102294,0.8334163784512574,0.1099086637238349,FLAT-mixed
B020,46.550_-123.100__c135,131353,0.8252345033023075,0.19635638318119875,0.8220114905007508,0.10652211978409325,FLAT-mixed
B020,46.550_-123.100__c727,131796,0.8185755231625764,0.19691796412637713,0.8224619911721432,0.10634617135573159,FLAT-mixed
B020,46.600_-122.800__c185,85522,0.8505979740034545,0.2250298168892215,0.8454488543883811,0.12919482706204252,FLAT-mixed
B020,46.600_-123.100__c295,112151,0.8113538167502374,0.19282931048318785,0.7996432259881702,0.1058037824005136,FLAT-mixed
B020,46.600_-123.300__c65,108896,0.8148374224618835,0.19488319130179255,0.8076698689276963,0.10690016162209814,FLAT-mixed
B020,46.650_-122.650__c342,107668,0.8141283601157836,0.1921462272913029,0.7973170250542513,0.10589032953152283,FLAT-mixed
B020,46.700_-122.900__c284,115760,0.8087254924198957,0.19712335867311678,0.8048691595597347,0.10723911541119557,FLAT-mixed
B020,46.700_-123.000__c23,116086,0.8213726646053607,0.18571576245197527,0.8049970648664514,0.10139034853470703,FLAT-mixed
B020,46.700_-123.050__c403,83539,0.8377789269801497,0.21288260572906068,0.8400831003616405,0.12177545816923832,FLAT-mixed
B020,46.700_-123.200__c427,121170,0.821052177422733,0.20526532970207148,0.8160651308055376,0.11259387637203928,FLAT-mixed
B020,46.750_-122.750__c824,100215,0.833405618745082,0.21827071795639374,0.8405354626585251,0.12133912089008632,FLAT-mixed
B020,46.750_-122.850__c209,99926,0.8352414656356018,0.21780117286792225,0.8464679461004492,0.12093949522646759,FLAT-mixed
B020,46.800_-122.600__c201,141205,0.8480568846396642,0.21873871321837046,0.8454048882853968,0.12263021847668283,FLAT-mixed
B020,46.800_-122.650__c110,124900,0.825394147723231,0.1923698959167334,0.8062049975200534,0.10572457966373099,FLAT-mixed
B020,46.800_-122.700__c18,111644,0.8112036461816395,0.20193651248611658,0.8099454007734891,0.11041345705994053,FLAT-mixed
B020,46.800_-122.700__c35,137961,0.8168453019474208,0.1999405629127072,0.8181294201950338,0.1083059705279028,FLAT-mixed
B020,46.800_-122.750__c1204,94616,0.8377801170243815,0.22116766720216455,0.8535245303665876,0.12478861926101294,FLAT-mixed
B020,46.800_-122.750__c982,69752,0.8404950210546445,0.225283862828306,0.8621155902144519,0.12998910425507512,FLAT-mixed
B020,46.800_-122.800__c241,92462,0.8157884053629927,0.19800566719300902,0.7963329016426964,0.10999113149185612,FLAT-mixed
B020,46.800_-122.850__c491,108822,0.804375774385809,0.19017294297109041,0.7927439130350833,0.10411497675102462,FLAT-mixed
B020,46.850_-122.700__c555,89425,0.8309634649003708,0.21430248811853508,0.8430756689364151,0.11997763488957226,FLAT-mixed
B020,46.850_-122.800__c575,141354,0.8403074042687922,0.20830680419372638,0.8415910033645204,0.11428753342671591,FLAT-mixed
B020,46.850_-122.850__c576,118824,0.8220173629050913,0.1929071568033394,0.8120821093229045,0.10484413923113176,FLAT-mixed
B020,46.850_-122.950__c193,118216,0.8113412788292371,0.1898473979833525,0.793428914927596,0.1039876158895581,FLAT-mixed
B020,46.850_-123.050__c787,90946,0.8315346830171839,0.21598530996415455,0.843716876692969,0.12107184483099862,FLAT-mixed
B020,46.850_-123.100__c274,142490,0.828436272470982,0.199656116218682,0.8226559313584797,0.10845673380588111,FLAT-mixed
B020,46.850_-123.150__c495,156116,0.8763967485032701,0.23243613723128956,0.8783090586145649,0.13242716954059802,FLAT-mixed
B020,46.900_-122.600__c957,132389,0.8230153983340087,0.1961114594112804,0.8156083499327924,0.10617951642508064,FLAT-mixed
B020,46.900_-122.900__c946,94729,0.8351809810546349,0.2092706562932154,0.8296406043055649,0.11697579410740111,FLAT-mixed
B020,46.900_-123.100__c623,146781,0.8410377447576547,0.205319489579714,0.8372274947971248,0.11217391896771381,FLAT-mixed
B020,46.950_-122.650__c840,148171,0.836391318741879,0.20844834684249955,0.8503391351685377,0.11230267731202462,FLAT-mixed
B020,46.950_-122.700__c915,95179,0.8436445127311472,0.21668645394467267,0.8280423870607919,0.12302083442776243,FLAT-mixed
B020,46.950_-122.800__c388,136358,0.8202348185877011,0.19898355798706346,0.8166608903872208,0.10793646137373678,FLAT-mixed
B020,46.950_-122.850__c306,136093,0.8214128889331451,0.19613058717200738,0.8107904050334251,0.10664031213949285,FLAT-mixed
B020,46.950_-123.050__c293,104036,0.8225168905181339,0.21301280326040986,0.8378678055892076,0.11710369487485102,FLAT-mixed
B020,47.000_-122.550__c173,102323,0.833081835419881,0.2233808625626692,0.840299569055688,0.12463473510354466,FLAT-mixed
B020,47.000_-122.650__c417,146602,0.829187847974832,0.2002496555299382,0.8346842656981294,0.10767247377252698,FLAT-mixed
B020,47.000_-122.800__c756,146021,0.8302424451397763,0.20516227118017272,0.8308285163776493,0.11184692612706391,FLAT-mixed
B020,47.000_-122.950__c952,95957,0.8298427145510128,0.2135748303927801,0.8274225386475037,0.12061652615233907,FLAT-mixed
B020,47.050_-122.800__c894,127597,0.8123083777974525,0.19219887614912576,0.7931652289316523,0.10388175270578462,FLAT-mixed
B020,47.050_-123.100__c297,128862,0.8188924211205973,0.19343949341155656,0.8011989496804452,0.10514348683087334,FLAT-mixed
B020,47.100_-122.650__c663,93412,0.8247044176887517,0.2032501177578898,0.81604447974583,0.11344366890763499,FLAT-mixed
B020,47.100_-122.850__c859,93243,0.8295368332718976,0.21151185611788553,0.825162097599818,0.11842175820168806,FLAT-mixed
B020,47.100_-122.950__c333,110268,0.8220765129969617,0.20857365690862262,0.819277340737313,0.1149200130590924,FLAT-mixed
B020,47.100_-123.150__c960,137462,0.8256787686580354,0.2019758187717333,0.8291615503290198,0.11000858419053994,FLAT-mixed
B020,47.100_-123.250__c249,610840,1.285933576327099,0.4357884225001637,0.7434915590593065,0.3121521183943422,CULTURAL
B020,47.150_-122.700__c1026,118568,0.8233130074194356,0.18860906821402065,0.8006185419571669,0.10304635314756089,FLAT-mixed
B020,47.150_-122.750__c852,138169,0.8258403602395324,0.19768544318913794,0.8206234713112839,0.10725994977165645,FLAT-mixed
B020,47.150_-122.950__c805,101820,0.8249518550204509,0.20748379493223335,0.8236939908965633,0.1146827735219014,FLAT-mixed
B020,47.150_-123.050__c490,100295,0.8305683506604775,0.2164414975821327,0.833134480995398,0.12120245276434519,FLAT-mixed
B020,47.150_-123.300__c6,61606,0.8602027223217429,0.2200759666266273,0.8657476139978791,0.12972762393273382,FLAT-mixed
B020,47.200_-122.650__c51,83276,0.8067600988346088,0.1865003122148038,0.7790322170518982,0.10486814928670926,FLAT-mixed
B020,47.200_-122.750__c1316,105317,0.8489081612694406,0.2325075723767293,0.8573069428776535,0.13024487974401094,FLAT-mixed
B020,47.200_-122.800__c845,136126,0.8278497297761813,0.2018571029781232,0.8285537150669252,0.11020672024447938,FLAT-mixed
B020,47.200_-122.850__c277,92421,0.8302864843135214,0.21663907553478107,0.8285154900380053,0.12214756386535527,FLAT-mixed
B020,47.200_-122.950__c167,97103,0.8196938752675973,0.20833547882145761,0.8159597411933861,0.11600053551383582,FLAT-mixed
B020,47.200_-123.050__c1170,92262,0.8318978354383687,0.2129153931195942,0.8361130414639796,0.11957252173159047,FLAT-mixed
B020,47.200_-123.100__c1366,128698,0.8162767802734644,0.19454070770330542,0.8030729494354117,0.10604671401264977,FLAT-mixed
B020,47.200_-123.250__c378,85786,0.8540020016424098,0.23084186230853518,0.869071408696532,0.13262070734152426,FLAT-mixed
B020,47.250_-122.750__c370,125054,0.8116084486980367,0.19512370655876662,0.7998400490062619,0.10651398595806612,FLAT-mixed
B020,47.250_-122.850__c299,91146,0.8369647627945129,0.21966954117569615,0.8505671077504726,0.12311017488425165,FLAT-mixed
B020,47.250_-123.100__c619,132425,0.8216842433854196,0.20055880687181424,0.8244144158828994,0.10937511799131584,FLAT-mixed
B020,47.300_-123.100__c22,138374,0.8306063777608317,0.20093370141789643,0.8333828938101573,0.10913900010117508,FLAT-mixed
B022,45.050_-123.200__c163,689137,0.9923474486501226,0.26128766848971974,0.8126936405209108,0.15855483017164948,NATURAL-like
B022,45.100_-123.150__c206,669770,1.2581712031856664,0.38276124639801723,0.7150901894449904,0.27116771428998016,FLAT-mixed
B022,45.100_-123.250__c409,697803,0.9654523449178524,0.19584753863196347,0.7616046019692289,0.1078155295978951,NATURAL-like
B022,45.100_-123.300__c177,695653,0.985742076734269,0.23801665485522236,0.7852163761424087,0.13950489683793502,NATURAL-like
B022,45.100_-123.300__c247,692127,0.9687015837896099,0.23159622439234417,0.8389064748201439,0.1313371678897081,NATURAL-like
B022,45.100_-123.350__c536,21956,2.2045050206583023,0.591182364729459,1.2965455930911862,0.47781927491346327,BLAST
B022,45.100_-123.400__c571,698113,0.9617051470399016,0.19333976018209087,0.7651755772328893,0.10717892375589626,NATURAL-like
B022,45.100_-123.450__c598,696744,0.9638793712103394,0.20200963338040945,0.7861613620823549,0.1129510982512946,NATURAL-like
B022,45.100_-123.450__c692,697329,0.9686396950836151,0.1948119180472919,0.7686016387977256,0.10764502838688768,NATURAL-like
B022,45.100_-123.500__c744,685406,0.9640454529207815,0.22289562682556033,0.8220318432723908,0.12351803164839525,NATURAL-like
B022,45.100_-123.650__c231,698031,0.9879388824564089,0.21960199475381467,0.7340447387460884,0.12730953209814463,NATURAL-like
B022,45.150_-123.350__c496,694955,0.9379694071314401,0.1679936110971214,0.8262948865930865,0.08246289328085991,NATURAL-like
B022,45.150_-123.450__c631,689827,1.142180789587809,0.3639753155501307,0.7111659748357513,0.24885804701758557,FLAT-mixed
B022,45.150_-123.500__c1003,698136,0.9604836201520086,0.19456953945936034,0.7901996830820273,0.10510989262837041,NATURAL-like
B022,45.150_-123.500__c801,663049,0.933826800595976,0.17857956199315586,0.8206906822431453,0.09131301004903107,NATURAL-like
B022,45.150_-123.600__c212,698274,0.9922402067351851,0.22875547421212877,0.7514635812818112,0.13409778969287128,NATURAL-like
B022,45.200_-123.000__c29,697958,0.9415720846158322,0.15967006610712967,0.7767084895504659,0.08086303187297803,NATURAL-like
B022,45.200_-123.100__c626,686663,1.0226882556558836,0.2629892683892972,0.7569756288299516,0.16323727942236585,NATURAL-like
B022,45.200_-123.150__c78,695214,1.0392273581103146,0.28240656833723143,0.7306232467663403,0.17940375193825212,NATURAL-like
B022,45.200_-123.300__c709,640483,0.9128415075003056,0.16660083093540343,0.8372650343344663,0.08121527035065723,NATURAL-like
B022,45.250_-123.050__c556,697025,1.0454001570159563,0.30367203471898424,0.7232425380183244,0.19757971378358022,NATURAL-like
B022,45.250_-123.150__c162,698283,1.080838607239736,0.32829526137683435,0.6789286111721419,0.2197175070852362,NATURAL-like
B022,45.250_-123.250__c224,696078,0.9490228283839395,0.17219478276859776,0.7713052692537534,0.08971695700769167,NATURAL-like
B022,45.250_-123.400__c325,698098,0.9659163055712036,0.19184698996415975,0.7659045042789582,0.10456554810356139,NATURAL-like
B022,45.250_-123.550__c415,690514,1.0015335574557556,0.25703171840107514,0.7711796626019761,0.15819519951804017,NATURAL-like
B022,45.300_-122.900__c81,696480,0.9521987303125812,0.1762046289915001,0.784364919479428,0.0910880427291523,NATURAL-like
B022,45.300_-123.100__c475,698213,0.9748792236600212,0.22164439791295779,0.784209309850691,0.12853097836906502,NATURAL-like
B022,45.300_-123.200__c396,693614,0.9256868776105814,0.14382783507830005,0.8111406442024637,0.06641878624133885,NATURAL-like
B022,45.300_-123.400__c19,648202,1.0079072590994849,0.2440134402547354,0.7678373515183915,0.14741238070848284,NATURAL-like
B022,45.300_-123.400__c348,697483,0.9435753065736515,0.16929731620698998,0.7979803972385023,0.08628597399506512,NATURAL-like
B022,45.300_-123.400__c382,698154,0.988211136122104,0.22498617783468977,0.7400052580319425,0.13093243038068964,NATURAL-like
B022,45.300_-123.450__c129,243134,2.667125205662701,0.524957430881736,0.94581910024289,0.43353870705043307,BLAST
B022,45.350_-123.300__c738,697904,0.9856486372328276,0.2370813177743644,0.7793453291909084,0.1409950365666338,NATURAL-like
B022,45.350_-123.550__c284,696487,0.9736079092639588,0.2284665758298432,0.7962362122659652,0.13191057406670906,NATURAL-like
B022,45.350_-123.700__c84,631217,1.0842733036669436,0.2858303879648362,0.7739364724916931,0.18184554598497824,NATURAL-like
B022,45.400_-122.900__c280,697107,0.9771520003620161,0.20770842926552166,0.7588848659079036,0.11349477196470556,NATURAL-like
B022,45.400_-122.900__c317,698322,0.9815376108150514,0.2316109187452207,0.7822596478311553,0.13478452633598828,NATURAL-like
B022,45.400_-123.150__c479,698349,1.0545371621326918,0.28967178301966495,0.6934390050460351,0.18402260187957598,NATURAL-like
B022,45.400_-123.300__c523,697639,0.9819413910893713,0.24560123502269798,0.8150525507886535,0.14537748033008477,NATURAL-like
B022,45.400_-123.350__c153,375112,1.191933275262137,0.3493036746358421,0.9030363164879046,0.23845944677856212,FLAT-mixed
B022,45.450_-123.100__c618,695880,0.9704923744512104,0.21854055296890268,0.8080438070012305,0.12523854687589814,NATURAL-like
B022,45.450_-123.200__c93,477421,0.9258178380323416,0.3098104188965295,0.9736216151794892,0.1840870007812811,NATURAL-like
B022,45.450_-123.250__c334,698131,0.9494680642305046,0.17257506112749613,0.7704611504928267,0.09104308503704892,NATURAL-like
B022,45.450_-123.300__c124,684758,0.9386066390595513,0.2000896667143721,0.8402953661755788,0.10545915491312259,NATURAL-like
B022,45.450_-123.300__c391,445124,0.900578691887001,0.2604150753497902,0.9085653336631061,0.1507602375967146,NATURAL-like
B022,45.450_-123.400__c333,698359,1.0147581061354902,0.2588811771595984,0.7254704906936394,0.1590857997104641,NATURAL-like
B022,45.450_-123.400__c388,698077,1.055598958426731,0.29325561506825176,0.692799337870149,0.18654245878320014,NATURAL-like
B022,45.450_-123.400__c511,697985,0.9450476797228862,0.17345644963716986,0.8058633187047949,0.0887941717945228,NATURAL-like
B022,45.450_-123.600__c172,697884,0.9823516459447906,0.21619065632683943,0.7581620131198207,0.12467114878690441,NATURAL-like
B022,45.500_-123.100__c200,697959,1.009609522318259,0.24771655641663765,0.724797578018035,0.14860328472016265,NATURAL-like
B022,45.500_-123.100__c203,697847,0.955445589910365,0.1729591156800846,0.7590101959685256,0.09067317048006225,NATURAL-like
B022,45.500_-123.350__c449,698362,0.9660991420747614,0.19292859577124757,0.7413942463874484,0.10718796268983707,NATURAL-like
B022,45.500_-123.500__c476,172710,1.376723173072026,0.42212958137919054,1.0816011317050638,0.30069480632273754,BLAST
B022,45.550_-123.200__c239,698188,0.9477752059034273,0.16383123170263597,0.76491770020257,0.08372673262788818,NATURAL-like
B022,45.550_-123.250__c40,448906,2.2514837814871984,0.46323729243984263,0.8058106415594338,0.37462185847371166,BLAST
B022,45.550_-123.350__c249,493342,0.9780434184658519,0.28964896562627956,0.8725081596786342,0.17952454889306,NATURAL-like
B022,45.550_-123.400__c25,693946,1.1071809618854447,0.33826551345493744,0.6875799776350829,0.2271343879783153,NATURAL-like
B022,45.550_-123.500__c214,696091,0.9787986758515811,0.2369316655437292,0.8093674429648885,0.1392576545308013,NATURAL-like
B022,45.550_-123.550__c102,697498,0.9420087928500076,0.16612807491921125,0.7876107567928247,0.0834482679520228,NATURAL-like
B022,45.600_-123.200__c113,620412,0.8904600706218491,0.22465716330438482,0.9176123967404479,0.12049573509216456,FLAT-mixed
B022,45.600_-123.200__c281,697369,0.9525672504824076,0.17886226660491075,0.7789197073104688,0.09268694192027463,NATURAL-like
B022,45.600_-123.350__c883,612588,1.495820463370689,0.39818605653391836,0.7596773417138298,0.2974854225025629,FLAT-mixed
B022,45.600_-123.400__c234,614907,1.492931411519974,0.4060646569318612,0.7768221791107746,0.3031873112519454,BLAST
B022,45.650_-123.150__c147,698310,0.9954123365110098,0.22905299938422763,0.7287101961665347,0.13273617734244103,NATURAL-like
B022,45.650_-123.400__c160,531943,1.9488516046780004,0.4451191199057042,0.7858163220139148,0.34988335216367167,BLAST
B022,45.750_-123.450__c1,674768,0.9405660318001384,0.21158531524909302,0.867019716582459,0.11450305882910868,NATURAL-like
B022,45.800_-123.100__c229,697047,0.9487854343317154,0.17973106548051995,0.793308205961588,0.09244570308745322,NATURAL-like
B022,45.800_-123.400__c170,688720,0.9168448165939109,0.13857590893251248,0.8304965184544668,0.06322453246602393,NATURAL-like
B022,45.800_-123.500__c53,697552,0.9744020582323526,0.1945073628919421,0.7527630569168575,0.10675046448150102,NATURAL-like
B022,45.850_-123.200__c289,691986,0.9358559385359135,0.17295725636067782,0.8255773010416066,0.08731824054243872,NATURAL-like
B022,45.850_-123.300__c230,696673,0.9596041930457528,0.19472550249543186,0.7848105954214495,0.10521722529795184,NATURAL-like
B022,45.850_-123.300__c698,506172,1.401875320545849,0.40382715756699306,0.8783110470451829,0.297037370696127,FLAT-mixed
B022,45.850_-123.400__c334,697948,0.9865683077888494,0.22254666536762052,0.7580713422007255,0.12749946987454652,NATURAL-like
B022,45.850_-123.500__c15,686387,1.008265224063287,0.28429005794107404,0.8310078214006835,0.1761571824641201,NATURAL-like
B022,45.900_-123.100__c282,698423,1.004854618688822,0.22908466645571524,0.6984069840698407,0.13454453819533435,NATURAL-like
B022,45.900_-123.200__c257,539301,2.126462400742545,0.48153999343594767,0.8224702127141151,0.3838431599422215,BLAST
B022,45.900_-123.200__c786,693044,1.0512317793808494,0.33719504100749736,0.8069881495214711,0.22283289372680523,NATURAL-like
B022,45.900_-123.250__c616,698059,1.0760932360568103,0.31107255976930315,0.6821007447690873,0.20373922548094073,NATURAL-like
B022,45.950_-123.300__c53,697710,1.0001618704663653,0.2537472588897966,0.7877591858281057,0.1505754539851801,NATURAL-like
B022,45.950_-123.350__c64,697698,0.9578380408422531,0.1825546296535177,0.7448941296110216,0.09891242342675484,NATURAL-like
B022,46.000_-123.150__c450,695764,0.935281790047378,0.16888197722216153,0.8325525321940566,0.08376834673826182,NATURAL-like
B022,46.000_-123.250__c275,697931,0.9535921213746618,0.18678494005854446,0.7972070865896566,0.09858997522677743,NATURAL-like
B022,46.100_-123.250__c212,695414,0.9470309802620352,0.17544369253423142,0.7914055226109615,0.09227309199987346,NATURAL-like
B022,46.150_-122.900__c110,318676,1.1560770924307644,0.33647340872861464,0.8677221834682676,0.22619839586288268,FLAT-mixed
B022,46.200_-123.400__c118,693548,0.9425313245801856,0.19706783092158006,0.849271843878691,0.10321708086534746,NATURAL-like
B022,46.250_-123.150__c235,689982,0.981018734471025,0.2364539944520292,0.7949508888708499,0.1373992365018218,NATURAL-like
B022,46.300_-122.950__c104,697636,0.9604693557415563,0.1941628585680785,0.7826133713516685,0.10380628293264682,NATURAL-like
B022,46.300_-123.000__c122,697763,1.0953432629548012,0.3254041845153727,0.6618559883264115,0.2147462677155424,NATURAL-like
B022,46.300_-123.400__c17,698338,1.064866032472612,0.29695505614759615,0.6697789849343844,0.1905538578739808,NATURAL-like
B022,46.400_-123.000__c56,677893,0.958980407887367,0.23022364886493887,0.8351209315047083,0.13008837677922622,NATURAL-like
B022,46.400_-123.200__c223,698198,0.9669406909953097,0.19237093202787747,0.752145646840295,0.10562906224308864,NATURAL-like
B022,46.500_-123.250__c98,638852,1.3276326269874548,0.37178877110817526,0.7561601996748715,0.26738587341042996,FLAT-mixed
B022,46.550_-122.750__c166,698260,0.9585226676989221,0.18401455045398563,0.7644260839585425,0.09801793028384842,NATURAL-like
B022,46.550_-122.800__c190,696508,0.9658622130378856,0.19600349170433073,0.7742317364902165,0.1072938142849759,NATURAL-like
B022,46.550_-122.950__c76,697998,1.0662503748855798,0.3077401367912229,0.6943760858016627,0.19844612735280043,NATURAL-like
B022,46.600_-122.950__c15,537859,1.2084504584601543,0.3202307667994772,0.7651111093655494,0.2223779838210386,FLAT-mixed
B022,46.600_-123.000__c404,697741,0.972619020172654,0.2271788528981384,0.8040139322454218,0.12986623976518508,NATURAL-like
B022,46.600_-123.050__c276,691259,0.9480743406535026,0.19574428687366097,0.8217522658610272,0.10544817499663657,NATURAL-like
B022,46.600_-123.250__c365,696288,0.9383543449073829,0.1734899926467209,0.830154083598005,0.08752412794705638,NATURAL-like
B022,46.650_-123.100__c142,674533,1.030862660555617,0.2400164261792974,0.7467739051623683,0.1441382408273576,NATURAL-like
B022,46.700_-122.700__c110,694570,0.9209165596422898,0.14119815137423153,0.8323439979060773,0.06602934189498538,NATURAL-like
B022,46.750_-123.300__c148,684962,1.0374224490077537,0.29576239265827886,0.7722733314948456,0.19006017852085225,NATURAL-like
B022,46.800_-122.750__c230,698030,0.9425616500786979,0.15524977436499865,0.7692027599145859,0.07872870793518903,NATURAL-like
B022,46.800_-122.750__c556,697855,1.0177480274055974,0.26465956394953105,0.727892001206294,0.1630610943534115,NATURAL-like
B022,46.800_-122.800__c70,698196,0.9680409593149897,0.19119416324355912,0.7485123670329074,0.10456949051555724,NATURAL-like
B022,46.800_-122.850__c434,697711,0.9894145318965916,0.24836787724430315,0.7980251485473479,0.1470150248455306,NATURAL-like
B022,46.800_-122.850__c642,687954,1.0609150466265578,0.32427313454097223,0.7835767967350189,0.21613218325643865,NATURAL-like
B022,46.800_-122.900__c550,247810,3.57966467979379,0.5736047778540011,1.022372400476805,0.48276905693878375,BLAST
B022,46.800_-123.050__c211,638070,1.418527489437643,0.3759885279044619,0.711014384849613,0.2723729371385585,FLAT-mixed
B022,46.800_-123.150__c343,680754,0.9206998464142365,0.165519409360797,0.852391071923549,0.08024631511529863,NATURAL-like
B022,46.800_-123.250__c325,696521,1.0747252246005612,0.3157521453050231,0.6813422288849853,0.20676907085357082,NATURAL-like
B023,45.200_-123.000__c61,599195,0.8951651157218745,0.28996570398618143,0.7523453404503894,0.1888083178264171,FLAT-mixed
B023,45.200_-123.300__c133,597547,0.8629726535477692,0.269232378373584,0.7311560218536963,0.1709773457150651,FLAT-mixed
B023,45.300_-123.100__c522,597245,0.9113240413703354,0.287873485755427,0.7530738424787465,0.18724309119373123,NATURAL-like
B023,45.300_-123.300__c301,365557,0.5164462500056856,0.2648506252102955,0.7821906646490513,0.13426907431672763,FLAT-mixed
B023,45.350_-122.950__c410,599276,0.8750866634069467,0.28336192338755434,0.7206063943684133,0.1868621469907021,FLAT-mixed
B023,45.450_-122.950__c115,598662,0.9106257734500313,0.3258098893866656,0.7444232238349885,0.22172110473021506,NATURAL-like
B023,45.600_-122.950__c33,599455,0.8661713077617474,0.27145824123578915,0.6890476270137343,0.1779983484998874,FLAT-mixed
B023,45.600_-123.200__c313,598092,0.9054853914284623,0.3265684877911759,0.7746651117121396,0.22064665636724784,NATURAL-like
B023,45.650_-123.200__c250,598983,0.9108412306308813,0.33123978476851595,0.7666447166867972,0.22424342594030214,NATURAL-like
B023,45.800_-123.150__c385,595968,0.9015144871097917,0.33313533612542956,0.7802443198667995,0.22532082259450173,NATURAL-like
B023,45.800_-123.400__c169,599355,0.8505942328165247,0.23853976357918094,0.6774923691945132,0.1491486681515963,FLAT-mixed
B023,45.800_-123.550__c14,599533,0.8918840613428137,0.3032260109118264,0.7171809958305019,0.20472267581601014,FLAT-mixed
B023,45.850_-122.950__c105,599024,0.8730003901483453,0.2779972087929699,0.7429668496768365,0.1791363952028633,FLAT-mixed
B023,45.850_-123.000__c187,599344,0.8849387815331812,0.27761852959235434,0.7346673443913099,0.17974819135588244,FLAT-mixed
B023,45.850_-123.300__c238,597857,0.9391303806060286,0.35372672729431953,0.7858717595983777,0.24257138412697352,NATURAL-like
B023,45.900_-123.100__c35,586813,0.9349432111834335,0.290002096068083,0.8014725371815639,0.1870118760150167,NATURAL-like
B023,45.900_-123.300__c115,599062,0.8911120074318801,0.2858301811832498,0.732200928452705,0.18588727043277659,FLAT-mixed
B023,46.150_-123.150__c449,265219,1.2970186253126887,0.3112710627820782,0.9184748537196991,0.21012446317948563,FLAT-mixed
B023,46.200_-123.100__c668,408579,0.9419536446965491,0.27965216029213447,0.8223477411948977,0.17100487298661948,NATURAL-like
B023,46.200_-123.300__c188,169106,0.7610925895834659,0.30733977505233406,0.8409746797424882,0.18361264532305183,FLAT-mixed
B023,46.200_-123.350__c46,599467,0.8740301815777567,0.2659245629867866,0.6999070427772238,0.1728852463938799,FLAT-mixed
B023,46.200_-123.400__c68,597902,0.9362100312326993,0.34262303855815834,0.771541219145861,0.23367374586470693,NATURAL-like
B023,46.250_-123.050__c266,599622,0.8903251933324713,0.26461337309171445,0.6917189452049274,0.17358769358028892,FLAT-mixed
B023,46.250_-123.150__c411,599417,0.9229316822742791,0.3237245523567066,0.7316948196649151,0.2195132937504275,NATURAL-like
B023,46.300_-123.000__c11,598577,0.8850835577993253,0.28310142220633266,0.7372809609211131,0.18356535583559008,FLAT-mixed
B023,46.300_-123.250__c248,415137,0.6019258025957175,0.25259853975916385,0.775010732026411,0.13176373100928127,FLAT-mixed
B023,46.350_-123.350__c186,599179,0.8779579881664672,0.2755437022993129,0.7223226815903157,0.17840244734878893,FLAT-mixed
B023,46.400_-123.050__c251,373934,0.8914306562488362,0.3101670348243273,0.8476693439392226,0.19696256558644037,FLAT-mixed
B023,46.450_-123.100__c301,599317,0.8661670449894993,0.26025625837411587,0.7068116822097004,0.16613912170020206,FLAT-mixed
B023,46.450_-123.150__c140,277600,0.7727224423441974,0.31298631123919307,0.8648073341235093,0.1875864553314121,FLAT-mixed
B023,46.500_-123.300__c188,599352,0.8547158552711128,0.24207477408934983,0.698793960005809,0.1498868778280543,FLAT-mixed
B023,46.600_-122.800__c321,599028,0.871334682255281,0.2702995519408108,0.7146228101537362,0.17378653418538031,FLAT-mixed
B023,46.600_-122.950__c104,302753,0.5655178094710778,0.31840477220704666,0.8417436695286771,0.17632195221847513,FLAT-mixed
B023,46.600_-123.200__c296,599382,0.871607534573175,0.27447437527319807,0.7011868131868132,0.18071947439195704,FLAT-mixed
B023,46.900_-123.150__c105,583645,0.8547352395142335,0.2911187451276033,0.751144989041713,0.18845873776011102,FLAT-mixed
B023,46.950_-122.800__c118,303066,0.824129909505826,0.39024502913556786,0.8325387365911799,0.2608804682808365,FLAT-mixed
B023,47.000_-122.300__c95,471270,0.6563406975786954,0.30032677658242624,0.8126764838439676,0.17713837078532477,FLAT-mixed
B023,47.000_-122.700__c12,136014,0.9791799000331799,0.3528019174496743,0.8967565021365365,0.23388033584778037,NATURAL-like
B023,47.000_-122.850__c90,596064,0.9014330644810563,0.32523688731411393,0.8003840298545243,0.2166680088044237,NATURAL-like
B023,47.000_-123.050__c385,581916,0.8539601966766727,0.2492060709793166,0.7561584967968246,0.14909540208552438,FLAT-mixed
B023,47.000_-123.100__c140,585017,0.8753338888769937,0.2987930265274342,0.7454818741960472,0.1950798010997971,FLAT-mixed
B026,44.450_-123.250__c114,473906,1.3867449324363414,0.37138588665262734,0.9127196425629246,0.26191269998691724,FLAT-mixed
B026,44.450_-123.300__c41,544220,1.1377968203122346,0.35301348719267944,0.8895993801368864,0.2408456139061409,FLAT-mixed
B026,44.600_-123.500__c606,143042,1.0065699984858423,0.36402595042015634,0.8650683952147181,0.24478125305854226,NATURAL-like
B026,44.600_-123.700__c430,495179,0.9090372291696361,0.3083046736634631,0.8649537531368123,0.19879477926164074,NATURAL-like
B026,44.800_-123.350__c35,555563,1.0398610195229687,0.33930085336856486,0.8539309683604985,0.22513018325554437,NATURAL-like
B026,44.800_-123.400__c575,601236,1.1029435011014073,0.3753484488620109,0.857676002220825,0.26073787996726744,NATURAL-like
B026,44.800_-123.550__c108,556414,1.0672830079754931,0.36176839547531153,0.8688037779645416,0.24833667017724212,NATURAL-like
B026,44.850_-123.600__c869,385046,1.0425119596884047,0.3416500885608473,0.8978815893114129,0.225386057769721,NATURAL-like
B026,44.900_-123.300__c531,109453,1.0570672170365345,0.34710789105826245,0.9349595227950576,0.23095757996583008,NATURAL-like
B026,44.900_-123.350__c159,143171,1.0958938060819006,0.3955549657402686,0.8978006928220414,0.2723805798660343,NATURAL-like
B026,44.900_-123.600__c531,570151,1.15454615170648,0.3670781950746381,0.9162658873214559,0.25048276684597587,FLAT-mixed
B026,45.000_-123.300__c220,591285,1.1250916736608367,0.3751676433530362,0.8683603032277258,0.25831029029993996,FLAT-mixed
B026,45.000_-123.650__c302,280235,0.8748308468617445,0.3287312434207005,0.9208197100300538,0.20836084000927793,FLAT-mixed
B026,45.100_-123.550__c216,574731,1.049435543212303,0.34732248651978054,0.852215709441316,0.23786084272468339,NATURAL-like
B026,45.150_-123.550__c83,589908,1.100861052352978,0.3663300040006238,0.8635894383072356,0.25060856947184984,NATURAL-like
B026,45.200_-123.300__c423,521705,1.097312903660669,0.3713669602553167,0.8745797166089134,0.2567945486433904,NATURAL-like
B026,45.200_-123.450__c949,529190,1.162912203664052,0.3828265840246414,0.9156942962428557,0.2657892250420454,FLAT-mixed
B026,45.200_-123.450__c991,579123,1.1204487290480192,0.3943082902941171,0.9131827118923438,0.27376394997263104,FLAT-mixed
B026,45.250_-123.500__c901,536185,1.0873843495076445,0.36358346466238334,0.8592471630454204,0.24806736480878802,NATURAL-like
B026,45.300_-123.100__c27,145748,0.940664998787722,0.3636482147267887,0.930710200419744,0.23336169278480665,NATURAL-like
B026,45.300_-123.200__c517,554167,1.0603643169226002,0.35330505064357853,0.8420698523410846,0.23870421732077154,NATURAL-like
B026,45.300_-123.300__c190,83789,1.020738183286746,0.38240103116160834,0.9256572472936876,0.2607621525498574,NATURAL-like
B026,45.300_-123.450__c296,489119,1.3808854705732474,0.35023992116437924,0.9007200014922311,0.24613233180473462,FLAT-mixed
B026,45.400_-122.950__c873,580088,1.1152210790708779,0.36728220545848217,0.8473829683550087,0.2512739446428818,NATURAL-like
B026,45.400_-123.300__c531,550491,0.9721126521501184,0.3111422348412599,0.7984323336056327,0.20819777253397423,NATURAL-like
B026,45.400_-123.300__c697,307953,1.1073024599294636,0.36948495387283126,0.885573204215996,0.251337054680422,NATURAL-like
B026,45.400_-123.400__c906,269215,1.1259869743021678,0.36514681574206487,0.9088588422494703,0.253741433426815,FLAT-mixed
B026,45.400_-123.450__c383,558248,0.9995696618146442,0.32817135036757855,0.8268952478760153,0.22126904171622647,NATURAL-like
B026,45.450_-122.900__c20,352489,1.3122827579663376,0.3629588441057735,0.881076215886078,0.25354550071066045,FLAT-mixed
B026,45.500_-123.000__c326,586042,1.0840408046495777,0.3473983093361909,0.8536895434329107,0.2362015009163166,NATURAL-like
B026,45.500_-123.450__c512,474453,1.1927511982862535,0.3540624677259918,0.8981505388683287,0.2442096477417152,FLAT-mixed
B026,45.550_-123.300__c491,599629,1.1124892544409488,0.37268210843705024,0.8640929238708914,0.2581062623722335,NATURAL-like
B026,45.550_-123.450__c37,358081,0.769690950978621,0.2578522736475825,0.8733259699019743,0.15099376956610375,FLAT-mixed
B026,45.600_-123.350__c42,330326,1.2400123155310196,0.38733554125318626,0.7987599680498632,0.2744985256988551,FLAT-mixed
B026,45.800_-123.250__c135,559440,1.0572163280542066,0.33295617045617043,0.8839953318040967,0.2222222222222222,NATURAL-like
B026,45.800_-123.300__c367,523564,1.1423301206142058,0.3596771359375358,0.8556266325722777,0.2448067475991474,FLAT-mixed
B026,45.800_-123.350__c403,582022,1.0711207041540869,0.3598712763435059,0.8400175545202889,0.2482208576308112,NATURAL-like
B026,45.850_-123.400__c161,599641,1.0722533759535613,0.34918726371278813,0.8221424019465848,0.24170962292438308,NATURAL-like
B026,45.900_-123.250__c584,451224,0.8627188234192609,0.3010832757122848,0.8560252627015523,0.19089853376593444,FLAT-mixed
B026,46.000_-123.250__c181,597768,1.13157494253538,0.3851159647220995,0.8553504716108747,0.26608148980875523,FLAT-mixed
B026,46.050_-123.250__c131,471364,0.8999878609821015,0.27981559898507313,0.8752174017200489,0.17552464761840106,FLAT-mixed
B026,46.100_-123.100__c42,358602,0.7733091301401409,0.2684898578368219,0.8841936261755784,0.15697068058739216,FLAT-mixed
B026,46.100_-123.200__c194,552459,1.0154075056837155,0.31069273918969553,0.8780902317242834,0.20443870042844808,NATURAL-like
B026,46.200_-122.950__c121,555631,1.046142741972333,0.31731130912422095,0.878645491853039,0.20957254004906134,NATURAL-like
B026,46.200_-123.100__c73,572741,1.0625134223583619,0.34352525836285513,0.8692214539630454,0.23252744259621713,NATURAL-like
B028,43.600_-123.200__c32,102738,0.7859110539679836,0.2802565749771263,1.4149059211825439,0.14585645038836653,DIURNAL-other
B028,43.600_-123.400__c305,92389,0.8151474899105124,0.2738745954604985,1.4540493968983343,0.14330710365952656,DIURNAL-other
B028,43.600_-123.600__c506,100093,0.7895043199057068,0.2840458373712447,1.4421308498799275,0.14798237638995734,DIURNAL-other
B028,43.600_-123.600__c507,96954,0.8118497391931719,0.27219093590775006,1.4025112321104467,0.14288219155475793,DIURNAL-other
B028,43.600_-123.700__c422,101148,0.7978858232714724,0.2809843002333215,1.4363489405923446,0.14700241230671887,DIURNAL-other
B028,43.650_-123.350__c318,97049,0.8121669375117538,0.2764685880328494,1.4139866821941534,0.14621479870993004,DIURNAL-other
B028,43.650_-123.500__c482,87053,0.829768234276612,0.2678483222864232,1.4316549177576368,0.14082225770507623,DIURNAL-other
B028,43.650_-123.600__c960,30569,0.7278818995701557,0.31060878667931563,1.0774243599689681,0.17439235827145147,FLAT-mixed
B028,43.650_-123.900__c122,87233,0.8635789172752237,0.2613460502332833,1.3643003880392603,0.13971776735868308,FLAT-mixed
B028,43.700_-123.150__c93,96264,0.7893283579640983,0.2743289287791906,1.4090717933313308,0.14232734978808279,DIURNAL-other
B028,43.700_-123.500__c133,97469,0.7992985441426811,0.27757543424063036,1.4318998562529948,0.14451774410325335,DIURNAL-other
B028,43.700_-123.600__c845,97399,0.8090688102193875,0.27387344839269395,1.3839538171536288,0.1453916364644401,FLAT-mixed
B028,43.700_-123.750__c195,85747,0.8391740301761789,0.2707150104376829,1.4182021785605212,0.14378345598096726,DIURNAL-other
B028,43.750_-123.350__c359,99776,0.8194866925530981,0.27379329698524696,1.389190899416113,0.14526539448364337,FLAT-mixed
B028,43.750_-123.400__c988,96295,0.8090467364105532,0.27075133703722937,1.3904352755153793,0.14207383560932552,FLAT-mixed
B028,43.750_-123.550__c1039,92827,0.8229607992641066,0.2652891938767815,1.389515655426081,0.13922673360121515,FLAT-mixed
B028,43.800_-123.100__c238,114406,0.7945186099791622,0.29695120885268256,1.3879135465451176,0.1598517560267818,FLAT-mixed
B028,43.800_-123.350__c542,99884,0.7880778448484599,0.27906371390813345,1.4179651162790698,0.14597933602979457,DIURNAL-other
B028,43.900_-123.150__c371,100925,0.8022884352899589,0.27278672281397076,1.3939437060648319,0.14286846668318057,FLAT-mixed
B028,43.950_-123.350__c1030,102327,0.7972925442512074,0.2838644736970692,1.4229905319723637,0.14960860769884782,DIURNAL-other
B028,43.950_-123.400__c339,97051,0.8144661952107689,0.27723568020937445,1.422702994658825,0.14668576315545434,DIURNAL-other
B028,44.000_-123.200__c729,108264,0.7959152091065569,0.2850254932387497,1.4090921217618653,0.15064102564102563,DIURNAL-other
B028,44.000_-123.250__c200,91027,0.8386674378202186,0.271238204049348,1.421981394456699,0.14413305942192975,DIURNAL-other
B028,44.000_-123.450__c70,104231,0.7761150674370758,0.2922067331216241,1.4472661748972353,0.15289117441068395,DIURNAL-other
B028,44.050_-123.350__c287,34097,0.7147347255930689,0.31304806874505087,1.0639478429740603,0.17526468604276035,FLAT-mixed
B028,44.050_-123.400__c19,92734,0.8425558630018966,0.26755019733862445,1.3645657446351271,0.1435503698751267,FLAT-mixed
B028,44.050_-123.650__c271,83477,0.8660622163684796,0.26678007115732477,1.399294264166609,0.14326101800495944,FLAT-mixed
B028,44.100_-123.450__c419,99350,0.7993691665508575,0.27842979365878207,1.4141991140125902,0.14533467539003522,DIURNAL-other
B028,44.100_-123.550__c475,99663,0.813029488336906,0.28131804180086895,1.4270687237026647,0.14856064938843905,DIURNAL-other
B028,44.200_-123.150__c100,105251,0.8004586096728071,0.28624906176663406,1.3973756150902132,0.15152350096436137,FLAT-mixed
B028,44.200_-123.700__c119,105548,0.813253060273817,0.27330693144351387,1.3450640341515474,0.14582938568234358,FLAT-mixed
B028,44.250_-123.300__c145,94296,0.8270138559406817,0.2742958343938237,1.426799467969934,0.14523415627386102,DIURNAL-other
B028,44.300_-123.450__c128,111043,0.8195579747186942,0.2941653233432094,1.3629411764705883,0.16163107985194924,FLAT-mixed
B028,44.450_-123.300__c222,82526,0.8674835456271375,0.2648013959237089,1.433449156148064,0.14124033637883818,DIURNAL-other
B028,44.450_-123.650__c382,99724,0.8060327730748034,0.28777425694917974,1.406509474902358,0.15399502627251213,DIURNAL-other
B028,44.600_-123.400__c439,84272,0.8654167929979615,0.2593032086576799,1.3649077765015878,0.1380292386557813,FLAT-mixed
B028,44.600_-123.400__c525,37450,0.7652888770186318,0.4503604806408545,1.2064152273528375,0.28427236315086785,FLAT-mixed
B028,44.600_-123.650__c749,90712,0.8336659656518968,0.27064776435311755,1.42036561898653,0.14367448628626864,DIURNAL-other
B028,44.650_-123.300__c384,91313,0.82424491004864,0.26477062411704794,1.3952367451091578,0.13943250139629626,FLAT-mixed
B028,44.700_-123.250__c262,96801,0.8065448823723397,0.269645974731666,1.3852279455298993,0.1413828369541637,FLAT-mixed
B028,44.750_-123.700__c500,83810,0.8855846061810414,0.25640138408304497,1.390342743320283,0.13805035198663643,FLAT-mixed
B028,44.800_-123.150__c409,91646,0.8175756358615685,0.2704318791873077,1.3977390485162506,0.14266852890469853,FLAT-mixed
B028,44.800_-123.200__c316,78783,0.8869687891485794,0.2584186943883833,1.3947561154240515,0.1395732581902187,FLAT-mixed
B028,44.800_-123.800__c192,90741,0.8321344538091007,0.2684453554622497,1.3574085070475357,0.143231835664143,FLAT-mixed
B028,44.850_-123.450__c107,104710,0.790146973660916,0.291500334256518,1.4209227527311041,0.15369114697736605,DIURNAL-other
B028,44.850_-123.600__c349,101760,0.794812319979974,0.28340212264150944,1.4301888955771491,0.14889937106918238,DIURNAL-other
B028,44.900_-123.650__c542,89278,0.837237556011326,0.2657653621272878,1.3761329788937642,0.14155783059656354,FLAT-mixed
B028,44.950_-123.250__c254,102948,0.8299504564171527,0.28459999222908655,1.4304515543453598,0.15279558612114855,DIURNAL-other
B028,45.000_-123.300__c51,75223,0.8881503407958353,0.2583917152998418,1.417359365938527,0.13901333368783483,DIURNAL-other
B028,45.050_-123.450__c742,79880,0.8603457768807665,0.2530796194291437,1.3737699051708714,0.13377566349524286,FLAT-mixed
B028,45.100_-123.300__c41,100497,0.8027728347470221,0.28222733016905976,1.4373998893322073,0.14864125297272554,DIURNAL-other
B028,45.150_-123.000__c136,95320,0.8342046856019235,0.2725556021821234,1.4204899505162196,0.14460763743180866,DIURNAL-other
B028,45.150_-123.450__c159,100983,0.796993528056073,0.28294861511343494,1.4280606654748862,0.14830218947743679,DIURNAL-other
B028,45.200_-123.400__c938,95136,0.8144924640087654,0.27614152371342077,1.4353689254776678,0.14499243188698285,DIURNAL-other
B028,45.250_-122.950__c180,87352,0.8388920137325431,0.27227768110632844,1.4395231699126931,0.14459886436486857,DIURNAL-other
B028,45.250_-123.400__c224,95726,0.8044689396180956,0.2766542005306813,1.4309756097560975,0.14498673296701,DIURNAL-other
B028,45.250_-123.550__c365,94095,0.827950671067899,0.27291567033317393,1.4214771322620519,0.14407779371911367,DIURNAL-other
B028,45.300_-123.200__c971,91938,0.8000235231007174,0.2622419456590311,1.3784833328155581,0.13504753203245665,FLAT-mixed
B028,45.300_-123.300__c843,100408,0.8060353705836752,0.2774480121105888,1.3900445765230312,0.1471496295115927,FLAT-mixed
B028,45.300_-123.450__c928,93948,0.8181661154009303,0.27271469323455527,1.4243617978225132,0.143802954826074,DIURNAL-other
B028,45.350_-122.950__c271,107256,0.793240136325646,0.2798258372491982,1.359080702681284,0.14822480793615275,FLAT-mixed
B028,45.350_-123.100__c451,102411,0.7780908817158393,0.28425657400083976,1.4164308354086483,0.14742556951889935,DIURNAL-other
B028,45.350_-123.150__c140,94761,0.8096258869582134,0.26613269171916715,1.3572816695069811,0.1399731957239793,FLAT-mixed
B028,45.350_-123.400__c554,91636,0.8317548458384955,0.270057619276267,1.414985590778098,0.14252040682701123,DIURNAL-other
B028,45.350_-123.500__c142,96512,0.8209662017406938,0.2798512102122016,1.4482853056629035,0.1468729277188329,DIURNAL-other
B030,43.100_-123.250__c422,335284,0.9947068693422461,0.30116259648536764,0.7579331383463849,0.1937730401689314,NATURAL-like
B030,43.100_-123.300__c499,528222,1.1039994508159154,0.30787434071280634,0.7090453741897466,0.20856003725706238,NATURAL-like
B030,43.100_-123.350__c1328,275137,0.8007449536644781,0.31150299668892223,0.8829948319562856,0.18028473087952548,FLAT-mixed
B030,43.150_-123.200__c612,652529,1.001873389386563,0.2719679891621675,0.6992562588392923,0.1759385406625606,NATURAL-like
B030,43.150_-123.400__c319,208210,0.8106373740025422,0.3300177705201479,0.8971310217858238,0.1962681907689352,FLAT-mixed
B030,43.150_-123.450__c450,318018,0.8958509428456106,0.3217239275764265,0.8783015856124295,0.19804224918086397,FLAT-mixed
B030,43.200_-123.650__c852,244786,0.851934314511152,0.31149657251640206,0.8248616905090147,0.19088918483900222,FLAT-mixed
B030,43.250_-123.200__c195,636595,1.0627144564843092,0.29183389753296834,0.6724109997071231,0.1948570127003825,NATURAL-like
B030,43.250_-123.450__c352,107974,0.824585365689716,0.36304110248763594,0.9489482236177594,0.22513753310982274,FLAT-mixed
B030,43.300_-123.450__c30,537922,1.0460822056784658,0.25125204025862485,0.6227289415807316,0.1665408739557036,NATURAL-like
B030,43.400_-123.400__c1154,77470,0.6599072950684157,0.26252742997289275,0.8422781718804512,0.1414741190138118,FLAT-mixed
B030,43.450_-123.300__c684,516312,1.0675388322347557,0.32103456824555693,0.8162032199997482,0.2103495560823688,NATURAL-like
B030,43.450_-123.650__c656,606171,1.0863956060079547,0.3148237048621594,0.722389181066867,0.2128937214086454,NATURAL-like
B030,43.450_-123.700__c625,650495,1.016055732699842,0.2666031253122622,0.6396969319106234,0.1709329049416214,NATURAL-like
B030,43.500_-123.450__c1043,217273,0.9724487763079129,0.3706765221633613,0.9246225244877881,0.24322396248038183,NATURAL-like
B030,43.500_-123.650__c500,582514,1.0674994604277308,0.29576284861823066,0.7283338155489849,0.19264258026416534,NATURAL-like
B030,43.650_-123.400__c270,517167,1.092449046115125,0.32440004872700695,0.7933066451832596,0.21928700013728641,NATURAL-like
B030,43.650_-123.500__c504,285331,0.9360505329456913,0.30485296024617026,0.8286610830391546,0.1881288748856591,NATURAL-like
B030,43.700_-123.350__c825,521253,1.1612228568989407,0.3116087581270515,0.6950109221407396,0.21921216760383153,FLAT-mixed
B030,43.700_-123.550__c537,92162,1.0634479986466552,0.3847789761506912,0.8893763632758279,0.2598684924372301,NATURAL-like
B030,43.700_-123.650__c859,617182,1.0226572035089012,0.30068926183848527,0.7506756505983851,0.19229335917120072,NATURAL-like
B030,43.800_-123.450__c262,444379,0.9600818112006401,0.3314378042166709,0.8729293257184593,0.21051849884895552,NATURAL-like
B030,43.850_-123.300__c273,650329,1.0078075564099376,0.26563016565461484,0.6339223828960385,0.1704183574775229,NATURAL-like
B030,43.900_-123.250__c593,559935,1.097627483148916,0.30618375347138505,0.76290688530265,0.20469161599114183,NATURAL-like
B030,43.950_-123.250__c966,419647,1.092837812721449,0.3448588933079469,0.8569740453808409,0.23362731057293393,NATURAL-like
B030,43.950_-123.350__c847,121277,0.919442554700313,0.3414744757868351,0.90869384359401,0.21341227108190342,NATURAL-like
B030,44.000_-123.200__c418,88154,0.7590399852716595,0.3197699480454659,0.9560336512699603,0.18543684915035052,FLAT-mixed
B030,44.000_-123.250__c340,432256,1.1046388969084293,0.32375953138880664,0.7966608460317697,0.2203277687296417,NATURAL-like
B030,44.000_-123.350__c385,602598,1.075127649105625,0.32359715764074887,0.7760009542922099,0.21587691960477798,NATURAL-like
B030,44.000_-123.600__c565,224803,0.9952814151971855,0.3710493187368496,0.8906229334744081,0.24474317513556315,NATURAL-like
B030,44.050_-123.300__c1011,627491,1.0740363507905684,0.2969429043603813,0.6835657462836834,0.20035984579858515,NATURAL-like
B030,44.300_-123.700__c133,621850,1.0321019438495678,0.3165618718340436,0.7849860822950966,0.20892337380397202,NATURAL-like
B030,44.400_-123.550__c391,633878,1.054148489246397,0.2911617061958295,0.6746096393393318,0.19240768728367288,NATURAL-like
B030,44.650_-123.200__c73,648562,1.0288970738220593,0.2842334271819811,0.6666361007696493,0.1876335647170201,NATURAL-like
B030,44.650_-123.450__c476,565662,1.0453798233243776,0.2856829696886126,0.6986889417887294,0.18535273714691813,NATURAL-like
B030,44.700_-123.200__c78,554864,1.1270069972305683,0.2763037428991609,0.6065791642627545,0.19054939588800138,FLAT-mixed
B030,44.700_-123.600__c355,323340,0.92438267046767,0.3651543267149131,1.032783548674034,0.22472010886373478,NATURAL-like
B030,44.750_-123.550__c317,423058,1.0636485904800055,0.2923996236922597,0.7460395990619713,0.19297826775524868,NATURAL-like
B030,44.800_-123.300__c538,540975,1.19771876485099,0.33715051527334905,0.7746023818071142,0.23707749896021074,FLAT-mixed
B030,44.850_-123.400__c16,582629,1.0250494288835015,0.3164209127935616,0.7666331928890053,0.20682973212799224,NATURAL-like
B032,42.750_-123.250__c290,644136,1.0594792756162306,0.3700973086428953,0.7935119066851918,0.22329911695666754,NATURAL-like
B032,42.750_-123.250__c418,644379,1.0775447124601631,0.4031447331461764,0.8265444185513067,0.24948205947121183,NATURAL-like
B032,42.750_-123.550__c177,644679,1.0819173263231339,0.40803717819255786,0.815081295693615,0.2459379008778012,NATURAL-like
B032,42.750_-123.550__c225,501941,1.0196590295086254,0.37446432947298586,0.9182333007346085,0.2228090552475291,NATURAL-like
B032,42.800_-123.200__c765,536545,1.1216662221274512,0.386921879805049,0.9114065162063816,0.24111304736788153,FLAT-mixed
B032,42.800_-123.250__c914,101153,0.8801917142677799,0.3260407501507617,1.0358600931120927,0.179401500696964,FLAT-mixed
B032,42.800_-123.400__c1,557470,1.3549315401828452,0.3564676126069564,0.8284073410340572,0.23473012000645774,FLAT-mixed
B032,42.800_-123.400__c824,45991,2.7372638655206596,0.5163401535082951,1.1369587109768378,0.42925789828444694,BLAST
B032,42.800_-123.650__c340,644616,1.0769376542190177,0.40408087915906526,0.8610324481782116,0.24324093724015539,NATURAL-like
B032,42.850_-123.500__c1474,306937,1.3061091270499572,0.36763896174133454,0.9029158092903112,0.24601139647549822,FLAT-mixed
B032,42.850_-123.600__c1021,176239,11.851146255602137,0.658026883947367,1.1353398029306978,0.6083046317784372,BLAST
B032,42.900_-123.050__c189,557109,1.0727648281434092,0.37908201088117405,0.8992357005943656,0.2284759355889063,NATURAL-like
B032,42.900_-123.300__c1405,280396,1.1391470182880903,0.3896453587069716,0.8675444162436549,0.24968615814776246,FLAT-mixed
B032,42.900_-123.400__c1129,21132,10.991954700579988,0.6714461480219572,1.032139802028596,0.6369013817906493,BLAST
B032,42.900_-123.400__c420,173494,0.8923902582249653,0.33370606476304654,0.9902412430148562,0.18692289070515408,FLAT-mixed
B032,42.950_-123.250__c169,644618,1.076891513283059,0.38646299048428684,0.8359833412297937,0.23092436140473893,NATURAL-like
B032,42.950_-123.350__c1275,60201,0.8056888898390437,0.31459610305476654,1.1119587542440375,0.16290427069317787,FLAT-mixed
B032,43.000_-123.300__c56,425199,1.0092386882517157,0.37308413237096044,0.9582727203123804,0.21860117262740505,NATURAL-like
B032,43.000_-123.450__c68,644620,1.082011455619487,0.40395116502745804,0.8227775727900383,0.2422465948931153,NATURAL-like
B032,43.000_-123.750__c923,599778,1.1093554326683832,0.40050818802957094,0.8751467580320025,0.24754992680625165,NATURAL-like
B032,43.050_-123.450__c75,644464,1.1019083849061035,0.4016174681595869,0.7560259143209369,0.24030667345266765,NATURAL-like
B032,43.050_-123.800__c252,131070,0.9480854779805074,0.3777676050965133,1.0296649647821712,0.23296711680781262,NATURAL-like
B032,43.100_-123.050__c48,641149,1.0525031895779486,0.3925483779901396,0.87475867975811,0.23641618406953765,NATURAL-like
B032,43.100_-123.300__c78,641577,1.0601094740815344,0.39403376367918425,0.8794007336131652,0.24186808442322588,NATURAL-like
B032,43.100_-123.700__c587,94065,0.8461292989963753,0.3151012597671823,0.9529716534648532,0.18127890288630202,FLAT-mixed
B032,43.100_-123.850__c315,644399,1.0964159493918748,0.3955018552170317,0.7590032663533612,0.2361425141876384,NATURAL-like
B032,43.150_-123.350__c1450,507391,1.2832057235422432,0.36877082959689866,0.8833585129454952,0.23681933656686854,FLAT-mixed
B032,43.150_-123.650__c885,402844,1.4760843388352998,0.36525801550972586,0.8591689434847148,0.24753750831587412,FLAT-mixed
B032,43.200_-123.400__c309,350705,1.1146205822347328,0.36192811622303644,0.8965919745881092,0.22646098572874637,NATURAL-like
B032,43.200_-123.400__c777,636196,1.0875002018711184,0.36094851272249434,0.7933253507118928,0.21956912649560828,NATURAL-like
B032,43.200_-123.800__c581,538713,1.1414694022717384,0.3923777595862732,0.8911126130636494,0.2538160393382005,FLAT-mixed
B032,43.200_-123.900__c78,644422,1.0758424854627384,0.386419147701351,0.8331887158631014,0.23220963902535915,NATURAL-like
B032,43.250_-123.600__c404,644138,1.0716216157220277,0.405164731781078,0.8794154433998571,0.2495365899853758,NATURAL-like
B032,43.350_-123.500__c55,556912,1.200622630683375,0.3980862326543511,0.8834954177293237,0.2595796104231907,FLAT-mixed
B032,43.350_-123.700__c64,308839,1.609883259982673,0.39002846143136066,0.8986807803592403,0.2698266734447398,FLAT-mixed
B032,43.400_-123.600__c1066,500785,1.0879053507950796,0.38607386403346744,0.8907832741772537,0.23673033337659874,NATURAL-like
B032,43.450_-123.150__c241,644393,1.100048489867528,0.40226073219293196,0.758282764649919,0.24229934217162508,NATURAL-like
B032,43.450_-123.350__c206,195790,1.0853375821577178,0.3678022370907605,0.950107820840649,0.2296746514122274,NATURAL-like
B032,43.450_-123.450__c124,234766,0.9505981641514253,0.368779976657608,0.9661369315342329,0.21774447747970319,NATURAL-like
B032,43.450_-123.600__c1371,643377,1.0630428830123155,0.3895958357230675,0.8557127239088386,0.23863613402406364,NATURAL-like
B032,43.500_-123.150__c31,643624,1.0611392802342667,0.3976622997277914,0.8932701402169185,0.23851347991995325,NATURAL-like
B032,43.500_-123.300__c251,644543,1.0942450835158335,0.41288633962357824,0.8038375090897072,0.2552180382069156,NATURAL-like
B032,43.500_-123.600__c822,174396,8.05864302589742,0.629475446684557,1.0411213338516694,0.5749959861464713,BLAST
B032,43.550_-123.350__c934,644516,1.080199367016892,0.40561134246473324,0.8464176457324399,0.24929714700643585,NATURAL-like
B032,43.550_-123.400__c495,644234,1.0676774391145536,0.39978330854937805,0.8585521862731826,0.2393897248515291,NATURAL-like
B032,43.550_-123.450__c939,627933,1.0423486149636068,0.377486133074707,0.8884168911317655,0.2259811158196814,NATURAL-like
B032,43.550_-123.550__c83,577980,1.2393488122512473,0.4006384303955154,0.7689388320676693,0.2599380601404893,FLAT-mixed
B032,43.600_-123.100__c229,643300,1.0589553405147418,0.39792476294108503,0.9064868015654926,0.23939064200217627,NATURAL-like
B032,43.600_-123.300__c567,642367,1.0469019689047467,0.38237487293089467,0.8858297870878885,0.22520459488111935,NATURAL-like
B032,43.600_-123.350__c1320,644698,1.0827188791349545,0.3927699480997304,0.8184441172692509,0.23758100692107,NATURAL-like
B032,43.600_-123.500__c341,202730,0.9131057228617894,0.3336309377003897,0.9822121717236476,0.18861046712376067,NATURAL-like
B032,43.600_-123.750__c111,193538,1.2754812983572803,0.37914518079136916,0.910616746786437,0.26138019407041513,FLAT-mixed
B032,43.650_-123.300__c1020,230925,1.187030220601808,0.3958817797986359,0.9733453920960907,0.265497455883945,FLAT-mixed
B032,43.650_-123.300__c400,636542,1.0975120901897268,0.40329624753747595,0.8041652229783598,0.2457716851362518,NATURAL-like
B032,43.650_-123.350__c1291,579491,1.323273041900348,0.3643110937011964,0.7956609558160505,0.2392720508170101,FLAT-mixed
B032,43.650_-123.500__c902,196688,7.181519359373165,0.6287978931099,1.1199056877156932,0.5690128528430815,BLAST
B032,43.650_-123.600__c394,267527,1.375799470979851,0.37464255944259833,0.8933289053094774,0.25443413188201564,FLAT-mixed
B032,43.650_-123.650__c159,644702,1.0865975743916845,0.40164137849735226,0.8301680398454592,0.2426500926009226,NATURAL-like
B032,43.700_-123.350__c268,644651,1.067600343696391,0.3834974272901151,0.8451835586221559,0.22357368560663057,NATURAL-like
B032,43.700_-123.600__c1437,588879,1.1345469880997778,0.3863595067917178,0.917265481724126,0.2438565477797646,FLAT-mixed
B032,43.700_-123.600__c625,42088,1.2242256950264376,0.39177437749477284,1.0385699189855584,0.27908192358867134,FLAT-mixed
B032,43.700_-123.750__c155,97444,1.6040718149164046,0.4175218587085916,0.9936460564634528,0.296334304831493,FLAT-mixed
B032,43.750_-123.650__c62,644784,1.081690763484981,0.39799374674309534,0.8441425918800917,0.2395499888334698,NATURAL-like
B032,43.800_-123.250__c527,536933,1.03248306319711,0.3801144649332412,0.9216671769228153,0.22894476592051521,NATURAL-like
B032,43.800_-123.450__c1122,600620,1.1592963687302575,0.38745130032299957,0.9053032555373867,0.24730445206619825,FLAT-mixed
B032,43.800_-123.450__c544,34786,1.1244357203117314,0.3742022652791353,1.0571917564001996,0.262203185189444,FLAT-mixed
B032,43.800_-123.500__c955,644684,1.0749321155182123,0.3804158316322415,0.8202693794826891,0.22664902494865702,NATURAL-like
B032,43.800_-123.550__c117,644064,1.0895796136461806,0.41333004173498283,0.80550466024058,0.25939658170616586,NATURAL-like
B032,43.800_-123.600__c540,193786,1.035439471184571,0.3649592849844674,0.9572364041299006,0.23695210180301982,NATURAL-like
B032,43.800_-123.700__c148,104741,1.2093813873894286,0.3962154266237672,0.9913384202928439,0.2829455514077582,FLAT-mixed
B032,43.850_-123.300__c163,422943,1.1158028019582449,0.37424901227825025,0.9146720106880427,0.23254670251074022,NATURAL-like
B032,43.900_-123.300__c1040,109784,0.897751122291303,0.3153738249653866,0.9551428813703045,0.1830321358303578,FLAT-mixed
B032,43.900_-123.300__c1213,51904,0.9277478424434887,0.31423397040690504,0.9851405437732897,0.20052404438964241,NATURAL-like
B032,43.900_-123.450__c247,191363,1.2413111312316218,0.399465936466297,0.9687376482213439,0.284668405073081,FLAT-mixed
B032,43.900_-123.550__c568,142368,1.047155191628574,0.3310013486176669,0.9074367841619341,0.2055869296471117,NATURAL-like
B032,43.950_-123.050__c194,103557,1.0114564929370793,0.3576774143708296,1.002095904924225,0.22568247438608688,NATURAL-like
B032,43.950_-123.300__c993,76325,1.2866781354884333,0.4030265312807075,1.0177501593371574,0.29399279397314115,FLAT-mixed
B032,44.000_-123.700__c92,200162,1.5556427594943893,0.38041186638822555,0.8772578221817663,0.2631368591440933,FLAT-mixed
B032,44.050_-123.250__c464,81399,0.820425458264044,0.3043526333247337,0.9893193655995787,0.17014951043624615,FLAT-mixed
B032,44.050_-123.300__c293,84567,1.0077537677706119,0.33297858502725647,0.9528475367092082,0.20853287925550157,NATURAL-like
B032,44.050_-123.500__c616,574586,1.1135761315287438,0.3770993376100357,0.8203100926670525,0.22907101808954622,NATURAL-like
B032,44.050_-123.500__c73,639407,1.0784717622315159,0.4031219551866026,0.8338230093310481,0.25288274917227993,NATURAL-like
B032,44.450_-123.550__c81,487505,1.0088697386250345,0.3580906862493718,0.9132509288034208,0.20841837519615183,NATURAL-like
B032,44.500_-123.300__c94,643219,1.0631240208451667,0.3829519961319551,0.8367667098746967,0.23416130431470464,NATURAL-like
B032,44.500_-123.600__c1058,299608,1.6049384721474556,0.37696256441750553,0.8694472135107799,0.2612046407305546,FLAT-mixed
B032,44.550_-123.200__c88,644291,1.0733673417526162,0.4053075396055509,0.8458293507519902,0.24236408703520615,NATURAL-like
B032,44.550_-123.600__c469,554166,1.0939013229705,0.37264646333409124,0.8355917532263142,0.22733801785024704,NATURAL-like
B032,44.550_-123.700__c58,642669,1.0563107172360577,0.37128444035732233,0.8263530248735245,0.22307128552956498,NATURAL-like
B033,42.400_-123.200__c455,107908,0.9669306842634177,0.3516328724468992,1.0108123709509114,0.22525670015198132,NATURAL-like
B033,42.400_-123.250__c43,624309,1.2061303392167282,0.46345639739295763,0.8686986727276625,0.32612856774449833,CULTURAL
B033,42.400_-123.350__c537,651955,1.1547578746146592,0.5130660858494834,0.8560581478356805,0.34963302681933567,CULTURAL
B033,42.400_-123.400__c70,648846,1.141463312202193,0.4721120265825789,0.8251811198699497,0.3249630883137139,FLAT-mixed
B033,42.400_-123.450__c988,549090,1.3491900800750558,0.4497969367498953,0.8896826831432609,0.32490848494782276,BLAST
B033,42.400_-123.500__c1072,521186,1.472808890249556,0.46025986883761266,0.9162652135379648,0.3380923509073536,BLAST
B033,42.400_-123.550__c895,368156,1.3123789881597303,0.46261095839807037,1.0338391192341396,0.3253620747726507,BLAST
B033,42.400_-123.600__c879,649654,1.1316744969347878,0.4750159315574136,0.8483696297930847,0.3264691666641012,FLAT-mixed
B033,42.450_-123.250__c387,463036,1.308119841396016,0.4552712964002799,0.9803171660793221,0.32239609879145464,BLAST
B033,42.450_-123.400__c454,69489,0.967364357812244,0.39755932593647914,1.0697426796805678,0.25608369670019715,NATURAL-like
B033,42.450_-123.600__c1099,651779,1.1414076113176568,0.4995496939913682,0.8709063214013709,0.3407105782788338,FLAT-mixed
B033,42.500_-123.200__c1047,547790,1.3097260276163376,0.42776976578615894,0.85416574273792,0.3098742218733456,BLAST
B033,42.500_-123.200__c1148,118001,0.8986483455613706,0.3962932517521038,1.0958514588859416,0.24506571978203576,FLAT-mixed
B033,42.500_-123.300__c340,651878,1.1458614798017748,0.5083804024679465,0.8434987265704218,0.34863732170743605,FLAT-mixed
B033,42.500_-123.400__c174,647459,1.1410481710192315,0.4764533352691058,0.8542141307991763,0.32826634582266984,FLAT-mixed
B033,42.500_-123.500__c459,633360,1.167456434653087,0.4684871163319439,0.9187568510932903,0.321019641278262,CULTURAL
B033,42.500_-123.550__c749,240137,1.0592869524084962,0.3555845205028796,0.8948087174367572,0.24163706550843894,NATURAL-like
B033,42.500_-123.650__c484,646177,1.1433737060023177,0.4542826501097996,0.8132807583649095,0.31579892196720094,FLAT-mixed
B033,42.500_-123.650__c780,599353,1.2918389114235254,0.44152277539279855,0.8207571092193443,0.31741060777204755,CULTURAL
B033,42.500_-123.800__c314,124378,0.885571368969173,0.3512357490874592,0.9975305806007007,0.21974143337246138,FLAT-mixed
B033,42.550_-123.000__c308,648077,1.152173981334197,0.47291294090054115,0.844562067477722,0.3238226321872247,CULTURAL
B033,42.550_-123.500__c335,651041,1.1377899920482046,0.5060771902230428,0.915205975108408,0.34366345591137887,FLAT-mixed
B033,42.550_-124.000__c35,649757,1.1504195224661093,0.47354934229258017,0.815879605258774,0.3272992826549002,CULTURAL
B033,42.600_-123.100__c286,631264,1.2208520816449293,0.5421329269529072,1.0544930920412532,0.36456696405941097,CULTURAL
B033,42.600_-123.150__c115,610395,1.3823801166151326,0.5111280400396464,0.8798222760183333,0.3675243080300461,BLAST
B033,42.600_-123.350__c986,106635,1.1978882251007537,0.43872087025835793,1.0286291145845148,0.30579078163829887,CULTURAL
B033,42.600_-123.400__c803,632179,1.1849050782296369,0.45509895140458634,0.8470474988054673,0.3180633966012791,CULTURAL
B033,42.600_-123.450__c733,76307,0.9244592400785896,0.4043272570013236,1.2111634625305223,0.23259989253934762,FLAT-mixed
B033,42.600_-123.650__c231,598231,1.2898027332589248,0.4617597550110242,0.9116692262076725,0.32599948849190363,CULTURAL
B033,42.600_-123.700__c223,523599,1.18883134440248,0.4288797343004857,0.9546680793475552,0.29676336280244997,CULTURAL
B033,42.650_-123.250__c914,637096,1.2012381684820361,0.4979563519469593,0.9070395329716688,0.3467169782889863,CULTURAL
B033,42.650_-123.450__c631,172377,1.0279567863007868,0.4307941314676552,1.0600475453972618,0.2839822018018645,NATURAL-like
B033,42.650_-123.650__c120,507052,2.2068582549535174,0.5075948817872723,0.8228484025937655,0.40231179445106224,BLAST
B033,42.650_-123.700__c591,629156,1.187365123460794,0.45576295863029204,0.8483771501618986,0.3204324523647553,CULTURAL
B033,42.700_-123.300__c341,335162,1.3348659095501676,0.41699834706798505,0.9182738274100581,0.30106336637208275,BLAST
B033,42.750_-123.200__c858,125373,0.988827988369455,0.4126965136034074,1.1313990765570499,0.2542174152329449,FLAT-mixed
B033,42.750_-123.300__c218,390102,1.3897827493949164,0.46186638366375976,1.0010263929618768,0.32777581247981297,BLAST
B033,42.750_-123.350__c771,126114,0.9637483093070551,0.3988692770033462,1.1531054015779891,0.2416940228681986,FLAT-mixed
B033,42.750_-123.400__c670,625296,1.2625675483458862,0.5365954683861723,1.008091620626151,0.36538375425398534,CULTURAL
B033,42.750_-123.400__c887,562491,1.2128643921833284,0.42225564497920853,0.8871038072111788,0.2985612214239872,CULTURAL
B033,42.750_-123.550__c448,594928,1.2394467458863996,0.4283728451173924,0.88288318830753,0.30162641529731327,CULTURAL
B033,42.800_-123.400__c384,650403,1.1326736768742165,0.49197805053174726,0.8821601492335859,0.33670508899866697,FLAT-mixed
B033,42.800_-123.650__c279,508429,1.263965885136078,0.4252924203772798,0.8808114887303046,0.30411129184212543,CULTURAL
B033,42.850_-123.450__c644,91238,1.0437868374545902,0.40044718209517965,1.1750925481108883,0.24546789714811812,FLAT-mixed
B033,42.850_-123.550__c254,650750,1.1308060061686296,0.49949903956972724,0.9152489338438227,0.3378640030733769,FLAT-mixed
B033,42.900_-123.100__c441,621801,1.3093603975339245,0.5099284176127089,0.8987727146470184,0.36019562528847654,BLAST
B033,42.900_-123.350__c777,611069,1.242632145385795,0.43716503373596105,0.8589459963430309,0.3098504424213959,CULTURAL
B033,42.900_-123.500__c1325,244336,1.12251487565863,0.42439918800340515,1.0234487379061656,0.28326975967520135,FLAT-mixed
B033,42.900_-123.550__c983,652229,1.1552910743474323,0.5242483851530674,0.8666370908390594,0.35841092622376497,CULTURAL
B033,42.900_-123.700__c940,647148,1.156317798775953,0.46669540816011174,0.8064721382908198,0.3242148627516426,CULTURAL
B033,42.950_-123.050__c189,651518,1.1532249012299136,0.5016883647113357,0.816971046323876,0.34590602255041303,CULTURAL
B033,42.950_-123.300__c639,214738,1.3831795900120634,0.4645428382494016,1.0011762094984464,0.33235850198846967,BLAST
B033,43.000_-123.250__c1416,262390,1.270074902810934,0.4541217271999695,1.0190698830220979,0.31996646213651436,CULTURAL
B033,43.000_-123.300__c532,156019,0.9020160725878339,0.3548349880463277,0.9761847158798802,0.2237291611919061,NATURAL-like
B033,43.000_-123.450__c611,585526,1.2223858265740148,0.4327476491223276,0.9059381372951932,0.30357148956664604,CULTURAL
B033,43.000_-123.550__c574,635996,1.198693367099571,0.4622591965987207,0.8513878006670319,0.32051773910527737,CULTURAL
B033,43.050_-123.600__c1454,274080,1.1505431558436765,0.439576036193812,1.025999507285141,0.29700817279626385,CULTURAL
B033,43.100_-123.450__c172,644902,1.1331274921807766,0.472147706163107,0.8904207780582809,0.3224551947427671,FLAT-mixed
B033,43.100_-123.500__c698,30298,0.8964552361753845,0.4235263053666909,1.176552565107569,0.2670803353356657,FLAT-mixed
B033,43.100_-123.650__c863,618370,1.2170782811125451,0.45285185245079806,0.8715264999819605,0.31754451218526125,CULTURAL
B033,43.150_-123.500__c1376,391160,1.5130334578756577,0.4756902546272625,0.9704495913624654,0.34830248491665816,BLAST
B033,43.200_-123.250__c571,650259,1.1540728584126168,0.5193376792939429,0.8978046590285712,0.35376980556978066,CULTURAL
B033,43.200_-123.300__c772,153268,0.9642456888886657,0.38375264243025287,1.009904708257053,0.24811441396769057,NATURAL-like
B033,43.200_-123.450__c1127,564982,1.4638479045770334,0.47777982307400946,0.9002737567383955,0.3513262369420619,BLAST
B033,43.200_-123.450__c400,267866,1.5551561032503638,0.49183546997379285,1.0168987427335405,0.3616621743707675,BLAST
B033,43.200_-123.500__c1050,570935,1.2856119907810188,0.4472085263646475,0.890327804107425,0.32181947156856733,CULTURAL
B033,43.200_-123.600__c1396,189961,1.170039001140501,0.42989350445617786,0.9999372442704019,0.2942761935344623,CULTURAL
B033,43.200_-123.800__c156,623543,1.267719664922469,0.4804095306979631,0.8259279646309353,0.3414215218517408,CULTURAL
B033,43.250_-123.350__c1060,225927,1.1810086272138973,0.43246269812815646,1.0076914938637325,0.2961177725548518,CULTURAL
B033,43.250_-123.350__c637,652128,1.162375285557428,0.49481083468276166,0.7829783338020155,0.33975845232837726,CULTURAL
B033,43.250_-123.400__c86,526296,1.551432326433576,0.4918467934394333,0.9628004663290823,0.3604815541064344,BLAST
B033,43.300_-123.400__c1230,403018,1.6455629517280015,0.48236555191083275,0.9506105834464044,0.3593834518557484,BLAST
B033,43.300_-123.600__c255,640379,1.1882015550329548,0.4982908558837813,0.901113707358411,0.34211302994008236,CULTURAL
B033,43.350_-123.200__c124,619993,1.209087731315054,0.4490002306477654,0.8422758002134139,0.3168406740076098,CULTURAL
B033,43.350_-123.350__c706,642930,1.136119677247211,0.4698458619134276,0.8959392471376868,0.3224565660336273,FLAT-mixed
B033,43.350_-123.350__c755,571802,1.2148855804287455,0.4317316133906492,0.9080687146257393,0.3034476969300562,CULTURAL
B033,43.350_-123.400__c1019,20168,1.046162303382689,0.42175723919079733,1.1691925790436373,0.29457556525188416,FLAT-mixed
B033,43.400_-123.150__c295,37383,0.950408997038253,0.39619613193162667,1.1212038116130802,0.258325977048391,FLAT-mixed
B033,43.400_-123.200__c355,91601,1.830753144851794,0.43463499306776127,0.7434559663225777,0.32780209823036865,BLAST
B033,43.400_-123.300__c468,651591,1.1411449560238462,0.513751724624803,0.9027940379877335,0.3489136590284396,FLAT-mixed
B033,43.400_-123.500__c1530,34958,1.1196638886593715,0.4314320041192288,1.0359702121680483,0.2974998569712226,NATURAL-like
B033,43.400_-123.600__c423,37172,1.184116727514384,0.4315075863553212,1.0173406622169874,0.3023781340794146,CULTURAL
B033,43.450_-123.100__c132,640758,1.1695174523967435,0.45749721423688816,0.8283779133746938,0.319228164143093,CULTURAL
B033,43.450_-123.450__c566,62001,1.4848887910524105,0.4295092014644925,0.8282676366688818,0.31636586506669245,BLAST
B033,43.450_-123.500__c1143,62562,1.3904524055999588,0.4618938013490617,0.9426531295325226,0.3372334644033119,BLAST
B033,43.450_-123.500__c1279,20382,0.9356457467681126,0.41271710332646455,1.1367727215109646,0.2790207045432244,FLAT-mixed
B033,43.450_-123.500__c1385,26840,1.1700805948415558,0.4194113263785395,0.9733250620347395,0.2950074515648286,FLAT-mixed
B033,43.450_-123.650__c762,651014,1.1388340634075642,0.4705290516025769,0.8410480614301798,0.32169661481934336,FLAT-mixed
B033,43.500_-123.300__c944,52294,0.9075579514533542,0.3947871648755115,1.0683022290105484,0.25614793284124376,NATURAL-like
B033,43.500_-123.400__c305,113575,1.4647736314764375,0.42170372000880474,0.8019839395370808,0.3116530926700418,BLAST
B033,43.500_-123.550__c483,17487,0.9667239129044308,0.43455138102590496,1.1772402251635479,0.2931892262823812,FLAT-mixed
B033,43.500_-123.700__c150,631752,1.2041598189779938,0.4613265965125556,0.8286062961093557,0.3248917296660715,CULTURAL
B033,43.550_-123.300__c1221,644913,1.1526107069100269,0.49619406028410035,0.9138914253838201,0.3383557161973786,CULTURAL
B033,43.550_-123.600__c957,581170,1.2830557824259572,0.4517783092726741,0.894184117688288,0.3228280881669735,CULTURAL
B033,43.550_-123.700__c310,600471,1.263625744929387,0.4468692076719775,0.8549161069493469,0.3200337734878121,CULTURAL
B033,43.600_-123.050__c167,102821,0.8421905310581964,0.3458534735122203,1.003623273101288,0.2142072144795324,FLAT-mixed
B033,43.600_-123.300__c1210,187163,1.0163484180997917,0.40019662005845175,1.0027017038575743,0.2669651587119249,NATURAL-like
B033,43.600_-123.800__c435,203628,1.0656500446298225,0.42270709332704737,1.0875062487045368,0.27431885595301236,NATURAL-like
B033,43.650_-123.450__c1300,635055,1.1804963477188255,0.479908039461149,0.9059446851288069,0.33154293722590955,CULTURAL
B033,43.700_-123.550__c98,90294,0.8759339119776113,0.372228498017587,1.068435639217408,0.2252198374199836,FLAT-mixed
B033,43.750_-123.350__c266,113702,0.9208341116371572,0.38726671474556296,1.0222605657805044,0.25149073894918295,NATURAL-like
B033,43.750_-123.500__c1186,636633,1.1985283740632224,0.4918485218328299,0.8915434906196703,0.34131124211280284,CULTURAL
B033,43.750_-123.550__c583,631603,1.2117049509166138,0.4875863477532564,0.8689629471890971,0.3433074257088709,CULTURAL
B033,43.750_-123.650__c177,644812,1.1534325981750846,0.4760054093286105,0.8775333851578334,0.32738999894542903,CULTURAL
B033,43.750_-123.700__c403,652055,1.1759247237273334,0.4968982677841593,0.7626719984988045,0.343699534548466,CULTURAL
B033,43.800_-123.350__c417,651259,1.1390134988848302,0.4743750182339131,0.8106552097375044,0.32614520490311844,FLAT-mixed
B033,43.800_-123.450__c630,170028,1.2523485643923895,0.4544545604253417,1.0907197879807202,0.3062436775119392,CULTURAL
B033,43.800_-123.500__c60,183207,1.4046507594090885,0.4697309600615697,0.9884339099089754,0.34075663047809307,BLAST
B033,43.800_-123.500__c625,311843,1.4657742770990292,0.4779616666078764,0.9961473486267285,0.3461004415683533,BLAST
B033,43.850_-123.650__c317,652300,1.1635455517309279,0.5216848076038633,0.8429764977584567,0.3580821707803158,CULTURAL
B033,43.900_-123.400__c400,646333,1.1397680229494713,0.4667918859163929,0.8379424478033928,0.3220615379378741,FLAT-mixed
B033,43.950_-123.650__c118,222081,1.2296707772105577,0.42279618697682375,0.9379896441875668,0.2959415708682868,CULTURAL
B033,44.000_-123.350__c204,77897,0.9576620261421602,0.4123136962912564,1.2146308498057103,0.24353954581049334,FLAT-mixed
B033,44.000_-123.500__c275,634621,1.16613374380247,0.4658843624777623,0.8970345405588545,0.32250272209712566,CULTURAL
B036,41.600_-123.400__c558,659661,1.0113155221922192,0.32927822017672714,1.1477453499755261,0.1935175794840077,FLAT-mixed
B036,41.600_-123.400__c746,659800,0.9781743769315834,0.3117535616853592,1.3902745151250455,0.1703319187632616,FLAT-mixed
B036,41.650_-122.750__c433,651201,1.1270838068180242,0.383781658811949,0.9616127710939454,0.25457884739120484,FLAT-mixed
B036,41.700_-122.750__c215,659561,1.0790368914540012,0.4478827583801953,1.285174743999005,0.28328539740827613,FLAT-mixed
B036,41.700_-122.800__c557,620034,1.2318147669700361,0.40409880748475085,0.9822922266007185,0.2752590986945877,FLAT-mixed
B036,41.700_-123.350__c118,639687,1.0556244514317832,0.306473322109094,0.885396040474524,0.18908935151097334,NATURAL-like
B036,41.750_-122.700__c140,659716,0.99093454500145,0.32085776303742825,1.2625583958847304,0.1827983556560702,FLAT-mixed
B036,41.850_-123.250__c75,634778,1.202170495303989,0.3986417298646141,1.036761430325662,0.26590713603811095,FLAT-mixed
B036,41.850_-123.400__c244,657070,1.0761200364672152,0.3553426575555116,0.9612335020167645,0.2286392621790677,NATURAL-like
B036,41.900_-123.400__c609,623254,1.0914509022226908,0.35436274777217636,1.0577418400552214,0.22327814983939132,NATURAL-like
B036,41.950_-123.450__c54,659537,0.9819666134416595,0.2509548364989379,0.9124897260037436,0.1442436133226794,NATURAL-like
B036,42.000_-123.350__c186,654273,1.0307264109171996,0.30673128800974514,0.9252193136360446,0.18551736049019293,NATURAL-like
B036,42.050_-123.250__c323,659153,0.9900692433328881,0.26878888512985605,0.9574452215114565,0.15596682409091667,NATURAL-like
B036,42.050_-123.450__c751,646215,1.1000254349138312,0.37071872364460745,0.9405259840715063,0.2415852309215973,NATURAL-like
B036,42.050_-123.500__c580,659631,1.056114956475839,0.39982353770517154,1.223070351237195,0.24657573704086072,FLAT-mixed
B036,42.100_-123.000__c358,640627,1.0608122209316337,0.30721308967620786,0.8568493482915607,0.1903697471383504,NATURAL-like
B036,42.100_-123.050__c65,659750,0.9688258786978025,0.31838120500189465,1.4922486992299797,0.17487836301629406,DIURNAL-other
B036,42.100_-123.500__c358,511466,1.101396723016887,0.26209757833365266,0.7572744957932867,0.16684197972103718,NATURAL-like
B036,42.100_-123.500__c744,659639,1.0259180566586104,0.3635473342237193,1.1916246239659063,0.21660787188143818,FLAT-mixed
B036,42.150_-123.350__c68,659484,0.9943454858750562,0.319069151033232,1.2065938762668735,0.1834964911961473,FLAT-mixed
B036,42.200_-123.150__c424,659564,1.0346665179411332,0.35501482797726985,1.1120961148290585,0.21361535802439188,FLAT-mixed
B036,42.200_-123.250__c344,647051,1.0825867118944055,0.4226668376990376,1.3697652762779962,0.2636561878429985,FLAT-mixed
B036,42.200_-123.450__c385,657804,1.0324715401164994,0.35229186809444757,1.0519398528630794,0.21563414026062475,NATURAL-like
B036,42.200_-123.550__c238,659518,1.0584071294430086,0.43455371953456917,1.3265619140320495,0.2702337161381494,FLAT-mixed
B036,42.200_-123.550__c677,299154,1.0404045925663594,0.21187749453458754,0.6651753431508377,0.13177493866035553,NATURAL-like
B036,42.200_-123.800__c65,102242,0.858016248137872,0.17683535142113807,0.6132062836040794,0.10172923064885273,FLAT-mixed
B036,42.250_-123.250__c359,659733,1.0268380027575477,0.36705151932675795,1.3444855996291858,0.21471565011906332,FLAT-mixed
B036,42.250_-123.300__c663,557261,1.3641931147699535,0.393810081810857,0.9675507488948972,0.2746163826286067,FLAT-mixed
B036,42.300_-123.300__c682,651691,1.066715140272935,0.3253413043911915,0.8758765515431057,0.20944588769831102,NATURAL-like
B036,42.300_-123.700__c484,659690,1.0366661899587204,0.3440146129242523,1.043657929002068,0.20976670860555716,NATURAL-like
B036,42.300_-123.700__c524,659720,1.0166669217724476,0.391234159946644,1.4799414700100515,0.22931243557873038,DIURNAL-other
B036,42.300_-123.800__c359,610332,1.2336400210573075,0.4445432977461447,1.2227149003424356,0.29840316417949575,CULTURAL
B036,42.350_-123.250__c6,561132,1.373324499516969,0.39388058424755673,0.9861529818903817,0.27434543030873304,FLAT-mixed
B036,42.350_-123.500__c763,119435,0.9386584958410135,0.23169087788336754,0.7184394363296202,0.13470925608071335,NATURAL-like
B036,42.400_-123.050__c65,135196,0.9901827332984826,0.2589795556081541,0.7721721658870436,0.16065564069942898,NATURAL-like
B036,42.400_-123.100__c302,659710,0.9615646373943174,0.28013066347334437,1.3189429542032545,0.15022055145442695,FLAT-mixed
B036,42.400_-123.150__c684,654484,1.0102460674565181,0.2902332218969448,0.9780262017600795,0.17412954327378516,NATURAL-like
B036,42.400_-123.200__c512,658674,1.0059938752850608,0.28960305097817735,0.9715427252227301,0.17288522091353234,NATURAL-like
B036,42.400_-123.200__c569,659692,1.020401876745578,0.3541046427726879,1.1805668079272094,0.2118791799809608,FLAT-mixed
B036,42.400_-123.350__c296,656345,1.0404453341840736,0.3321576305144398,0.9578854863786926,0.20473074373995384,NATURAL-like
B036,42.400_-123.350__c635,189555,1.2395700997128107,0.3468808525230144,0.7988158877967466,0.24292685500250588,FLAT-mixed
B036,42.400_-123.400__c100,656608,1.0456042876589604,0.3419330864077197,0.9650980937011269,0.21143056435498805,NATURAL-like
B036,42.400_-123.550__c146,250976,1.1246472876363403,0.2601324429427515,0.6842092490879529,0.17234317225551446,FLAT-mixed
B036,42.400_-123.650__c162,659564,0.9907971036045615,0.27714368886112645,0.9764336129787756,0.16017247757609573,NATURAL-like
B036,42.400_-123.700__c339,657210,1.0137247939260716,0.32000578201792423,1.0470939573353961,0.19175301653961443,NATURAL-like
B036,42.400_-123.800__c286,175475,1.106123561180071,0.31379398774754236,0.8244220554128532,0.20553925060549935,NATURAL-like
B036,42.450_-123.150__c433,659658,1.029394512837334,0.3809671071979723,1.3677677167028015,0.22626269976260427,FLAT-mixed
B036,42.450_-123.450__c133,659190,1.0172620411687467,0.31704971252597886,0.991954167942782,0.1901166583230935,NATURAL-like
B036,42.500_-123.250__c827,343340,1.212070192878963,0.33497699073804393,0.8612784926589693,0.2230209122152968,FLAT-mixed
B036,42.500_-123.500__c36,659031,1.0761195033722935,0.38949154136907066,1.0700039575570672,0.24677291356552272,NATURAL-like
B036,42.500_-123.550__c701,659246,1.0139721105704673,0.32312672355994576,1.0299581112792509,0.19240010557515708,NATURAL-like
B036,42.500_-123.650__c371,211475,1.0256043884655073,0.22897269180754226,0.6801432664756447,0.1444236907435867,NATURAL-like
B036,42.500_-123.700__c239,528941,1.0728245139347194,0.27571127970794473,0.8316944984249708,0.17069578648658357,NATURAL-like
B036,42.550_-123.150__c219,656212,1.0513743390524448,0.38335934118851833,1.172603440809417,0.23700267596447488,FLAT-mixed
B036,42.550_-123.250__c512,607019,1.1776033798710699,0.36266739591347225,0.9358083568171532,0.23863173969842788,FLAT-mixed
B036,42.550_-123.350__c77,42262,0.9813561986544131,0.3192702664332024,0.8721957487819243,0.19431167479059203,NATURAL-like
B036,42.550_-123.400__c723,593913,1.2269825286047178,0.3647891189450307,0.9142075110411069,0.2458844982345899,FLAT-mixed
B036,42.550_-123.450__c150,659687,1.038044598146585,0.3939428850348726,1.381478265704595,0.23664556069772483,FLAT-mixed
B036,42.550_-123.500__c458,657135,1.1041767986431485,0.39337731212003624,1.0026527231461952,0.25737177292337193,NATURAL-like
B036,42.550_-123.550__c449,659485,1.0040116954440803,0.31355830686065644,1.0531079076235486,0.1844681835068273,NATURAL-like
B036,42.550_-123.750__c210,169275,0.9394032533874224,0.19034706837985527,0.6266626289920566,0.11263328902673166,NATURAL-like
B036,42.600_-123.150__c133,655069,1.11149547202893,0.40173630564108515,1.0362624376022875,0.26329592760457293,NATURAL-like
B036,42.600_-123.150__c488,624664,1.0983378465405325,0.35246788673590923,1.0095900245317282,0.2209571865835073,NATURAL-like
B036,42.600_-123.250__c224,607228,1.1154007073069805,0.32200754905900253,0.870371183674067,0.21038884899905802,NATURAL-like
B036,42.600_-123.250__c446,531649,1.1748950654554333,0.31503680059588185,0.8412898532153325,0.20518800938212994,FLAT-mixed
B036,42.600_-123.500__c657,659714,1.0029099437171842,0.354245930812443,1.4733245694522867,0.2006142055496776,DIURNAL-other
B036,42.600_-123.600__c495,476102,1.3029764503672885,0.36043746928179254,0.8960117830432855,0.24680005545030267,FLAT-mixed
B036,42.600_-123.650__c382,659727,1.0016194747865192,0.33351371097438787,1.3158393550362957,0.19016199124789496,FLAT-mixed
B036,42.650_-123.350__c690,659720,1.0021255878116646,0.3611183532407688,1.441839955642679,0.20729703510580247,DIURNAL-other
B036,42.650_-123.400__c797,302496,1.0612661615681707,0.2382147201946472,0.6937654808241923,0.14945652173913043,NATURAL-like
B036,42.650_-123.550__c416,659525,1.047109633297818,0.3810393844054433,1.096346380356981,0.23508130851749365,NATURAL-like
B036,42.700_-123.200__c177,659523,1.0192667197577023,0.38090256139664574,1.2967307253767855,0.2294961661685794,FLAT-mixed
B036,42.700_-123.600__c443,659734,0.9833355356351816,0.3110632467024589,1.3651212357819655,0.17180105921477443,FLAT-mixed
B036,42.750_-123.100__c269,507904,1.4274132866266125,0.4124401461693548,0.9288848330660178,0.29476830267137094,FLAT-mixed
B036,42.750_-123.300__c568,646948,1.0405165764765698,0.2880695202705627,0.8621704914424082,0.17564781095234858,NATURAL-like
B036,42.750_-123.350__c627,32798,0.9628243982287914,0.33962436733947193,1.03646449704142,0.18607841941581804,NATURAL-like
B036,42.750_-123.450__c155,202951,1.125659582047188,0.2898433612054141,0.7810090768534977,0.19032672911195314,FLAT-mixed
B036,42.750_-123.700__c347,659604,1.00743187752651,0.3556012395315977,1.4022097031434893,0.20509578474357343,DIURNAL-other
B036,42.800_-123.250__c500,484480,1.332535709666193,0.43759701122853367,0.8897055201426587,0.310196499339498,BLAST
B036,42.800_-123.550__c583,182198,1.1590352807354036,0.3164743850097147,0.847212971820923,0.20864114864049002,FLAT-mixed
B036,42.800_-123.750__c142,266910,1.0771869366110824,0.28485257202802444,0.7860340558024731,0.18252969165636357,NATURAL-like
B036,42.850_-123.550__c106,624246,1.1522057597482522,0.3815915520483912,1.0067572229078672,0.25079055372401265,FLAT-mixed
B036,42.900_-123.700__c478,659622,1.0439346529428142,0.37793766733068335,1.2371981063949289,0.22854907810837116,FLAT-mixed
B036,43.000_-123.150__c316,659710,0.9757103558896331,0.2934410574343272,1.321685243719847,0.15890467023389065,FLAT-mixed
B036,43.000_-123.200__c236,659269,1.0620242414477596,0.4137218646713254,1.2681702305838694,0.2571696833917566,FLAT-mixed
B036,43.000_-123.450__c460,560774,1.1773413670959685,0.3447930895512274,0.9181936852410867,0.22620342597909318,FLAT-mixed
B036,43.050_-123.850__c103,77331,0.8702386546725733,0.2194074821223054,0.7040976413965485,0.13404714797429232,FLAT-mixed
B036,43.100_-123.450__c358,659660,1.045844516502851,0.4123124033593063,1.47041246985388,0.24833702210229514,DIURNAL-other
B036,43.150_-123.450__c394,631168,1.1290357206025976,0.40247446004867166,1.0249154886293792,0.26245310281890083,FLAT-mixed
B036,43.150_-123.650__c644,641846,1.1350590001667447,0.4412553790161503,1.1831562670026632,0.28921579319649887,FLAT-mixed
B036,43.200_-123.350__c401,608827,1.2880693239475907,0.45078979743014025,1.10605279177517,0.31154827233352,CULTURAL
B036,43.200_-123.600__c402,114576,1.5668003805036455,0.422296117860634,1.0231159720255343,0.3127181957827119,BLAST
B036,43.200_-123.650__c388,610155,1.1732534668750756,0.3612688579131532,0.9748892341774099,0.2351402512476338,FLAT-mixed
B036,43.200_-123.800__c428,659568,1.035314848259668,0.37982740217839556,1.3142309269298786,0.22606766853455595,FLAT-mixed
B036,43.350_-123.300__c349,241284,1.5128600804944234,0.40700585202499956,0.9432717287157857,0.2912294225891481,FLAT-mixed
B036,43.350_-123.700__c202,659666,1.041476692858945,0.34808675905685604,1.1435005328841064,0.21076878299017987,FLAT-mixed
B036,43.400_-123.200__c27,659641,1.0298298550257234,0.3772703637281491,1.4033695918868079,0.22329570175292318,DIURNAL-other
B036,43.400_-123.550__c66,659732,1.036249732052775,0.3500830640320615,1.0487791489174827,0.2151904106515979,NATURAL-like
B036,43.400_-123.600__c315,659773,0.9770327854543615,0.3266896341620527,1.529937793348155,0.17841590971440177,DIURNAL-other
B039,40.600_-122.800__c398,629843,1.0286346425928659,0.4796401642949116,1.6046061832356355,0.30409482998143983,DIURNAL-other
B039,40.600_-122.800__c541,320656,1.0988098627019807,0.3860554613043261,1.1900352841974278,0.24520670126241206,FLAT-mixed
B039,40.600_-122.850__c15,603770,1.0937014151426225,0.3997051857495404,1.2626972894534119,0.25274359441509187,FLAT-mixed
B039,40.600_-122.900__c733,629484,1.03342514815945,0.4281347897643149,1.2613242068104524,0.2719052430244454,FLAT-mixed
B039,40.600_-122.950__c665,629585,1.0345040129144345,0.4245129728313095,1.15246018657543,0.27179967756538037,FLAT-mixed
B039,40.600_-123.000__c644,629858,1.0395926493392047,0.4767693670636874,1.3546190097533144,0.3063769929095129,FLAT-mixed
B039,40.650_-122.650__c523,156323,1.0634747504910962,0.37213973631519354,1.1587464595100458,0.23274246272141655,FLAT-mixed
B039,40.650_-122.650__c60,153699,1.0554101161246083,0.3656562502033195,1.0991740954378606,0.23050898184113106,NATURAL-like
B039,40.650_-122.750__c524,629795,1.0413746163701356,0.448612643796791,1.3490093922306325,0.28506259973483433,FLAT-mixed
B039,40.650_-122.900__c429,620585,1.0440521047283837,0.41800398011553613,1.2755250041754205,0.26260544486250875,FLAT-mixed
B039,40.650_-123.150__c133,629870,1.0411754995173688,0.4740041595884865,1.2720337769523504,0.3064854652547351,FLAT-mixed
B039,40.700_-122.450__c25,629883,1.0314104643206312,0.4816751682455313,1.6295090317973202,0.30462323955401244,DIURNAL-other
B039,40.700_-122.450__c423,629103,1.0328425351075792,0.4198215554527637,1.245513977905753,0.26431124950922186,FLAT-mixed
B039,40.700_-122.600__c793,625366,1.0504928597142789,0.4138536473041387,1.2876825283254294,0.26080567219836065,FLAT-mixed
B039,40.700_-122.800__c439,629801,1.0358627970193912,0.443260648998652,1.228480168539803,0.28413737037572184,FLAT-mixed
B039,40.700_-122.950__c634,629856,1.0361682121506977,0.4755547299700249,1.3738915743826505,0.3052697759487883,FLAT-mixed
B039,40.700_-123.250__c25,629880,1.0356422734940463,0.4922842446180225,1.4649925435976083,0.3161951482822125,DIURNAL-other
B039,40.750_-122.950__c268,629666,1.0351543276406012,0.44930804585288076,1.325979642073049,0.2861390006765492,FLAT-mixed
B039,40.750_-123.050__c191,318244,1.1330027403016192,0.40111046869697464,1.2800865875238374,0.25539208908887523,FLAT-mixed
B039,40.800_-122.900__c328,629734,1.0214675233123003,0.43612541168175767,1.2072424266679025,0.27843025785490383,FLAT-mixed
B039,40.800_-123.100__c178,629458,1.032510165126842,0.4566325314794633,1.5021392287329183,0.2870834908762777,DIURNAL-other
B039,40.850_-122.750__c392,629849,1.0334084947717836,0.48175832620199444,1.4915358118541395,0.3069894530276304,DIURNAL-other
B039,40.850_-122.900__c612,628762,1.0352999134940926,0.409525384803789,1.2387411574192448,0.2557692735884166,FLAT-mixed
B039,40.850_-123.000__c198,629833,1.0304440154647112,0.48027651774359237,1.5277975937994062,0.3049744932386839,DIURNAL-other
B039,40.850_-123.050__c142,629910,1.0271206179268773,0.49961899318950326,1.647083065294307,0.31935038338810307,DIURNAL-other
B039,40.850_-123.100__c711,629837,1.0457032671284714,0.42680884101759664,1.060275315711036,0.2771463092831955,NATURAL-like
B039,40.900_-122.600__c132,629561,1.0329972487777366,0.4133944129321861,1.1572047025995609,0.26230341460160334,FLAT-mixed
B039,40.900_-123.100__c86,629884,1.029886451638441,0.478964380743121,1.5792180717526096,0.3040639228810384,DIURNAL-other
B039,40.900_-123.150__c185,629692,1.0385230722938013,0.42723744306740435,1.17120003307015,0.2729223175774823,FLAT-mixed
B039,40.900_-123.200__c370,629818,1.0360488086939788,0.43942694556205125,1.1661027160412316,0.2826991289547139,FLAT-mixed
B039,40.950_-123.100__c106,608451,1.0615012930513072,0.38713388588399067,1.1183416415198146,0.2460674729764599,FLAT-mixed
B039,41.000_-122.400__c56,629808,1.0324273727014808,0.46496233772832357,1.489710353201197,0.2942896882859538,DIURNAL-other
B039,41.000_-122.450__c105,629853,1.0379143676006637,0.4809249142260178,1.4743441348911261,0.30572371648622776,DIURNAL-other
B039,41.000_-122.800__c334,629755,1.0430157917376714,0.4349389842081444,1.200674818632027,0.2780843343840065,FLAT-mixed
B039,41.000_-123.150__c254,629841,1.0421313819416584,0.44426926795810373,1.1498298922855845,0.28776151441395525,FLAT-mixed
B039,41.050_-123.000__c12,629801,1.032484706073409,0.4624556010549364,1.398442825055695,0.2941278276789017,FLAT-mixed
B039,41.050_-123.000__c416,629778,1.0453688540546022,0.4338512936304539,1.1810383128557964,0.27811705077027143,FLAT-mixed
B039,41.050_-123.100__c624,629866,1.0327221664278714,0.47613143112979583,1.3975467819254876,0.3057999638018245,FLAT-mixed
B039,41.100_-122.850__c682,629770,1.0182215158417136,0.4618972005652857,1.530041536065227,0.29223208472934564,DIURNAL-other
B039,41.100_-123.050__c626,629753,1.041336147439671,0.43180262737930586,1.2235745855418014,0.27395026303963615,FLAT-mixed
B039,41.100_-123.100__c132,629713,1.0410385563063613,0.429583000509756,1.1854335192836893,0.27475056096983863,FLAT-mixed
B039,41.100_-123.100__c536,629893,1.0338673981771718,0.4879257270679306,1.379278534164652,0.31511066165205837,FLAT-mixed
B039,41.100_-123.150__c562,629901,1.0299493888411875,0.49811160801459275,1.6348999325387903,0.31785312295106694,DIURNAL-other
B039,41.100_-123.200__c558,555932,1.1060787004359913,0.4211540260319607,1.3202600314279709,0.2689231776548211,FLAT-mixed
B039,41.150_-122.700__c122,629876,1.0280539957515098,0.4891089674793134,1.6110754852981384,0.31079133035708617,DIURNAL-other
B039,41.150_-122.700__c313,629839,1.038161295524087,0.43584789128650336,1.0746536563765183,0.2834248117376028,NATURAL-like
B039,41.150_-122.950__c346,629823,1.0488617573754928,0.41912727861637317,1.055623006562484,0.2714302272225689,NATURAL-like
B039,41.150_-123.050__c456,629432,1.029995444979606,0.4413201108300817,1.3632479210330606,0.2780316221609324,FLAT-mixed
B039,41.150_-123.050__c599,629875,1.0390809308128197,0.45802579876959715,1.1265897831560139,0.2999214129787656,FLAT-mixed
B039,41.200_-123.200__c390,629794,1.0411910294195377,0.4453980190347955,1.3533563846680294,0.2818381883600034,FLAT-mixed
B039,41.200_-123.250__c634,629858,1.0400860579644702,0.4709966373373046,1.2941575967891756,0.30344299826310056,FLAT-mixed
B039,41.250_-122.850__c725,629848,1.0462178598522096,0.43377767334340983,1.1095481380107477,0.2801342546138116,FLAT-mixed
B039,41.250_-122.900__c400,629858,1.039321418630528,0.4528973197133322,1.1813979828937395,0.2921753792124574,FLAT-mixed
B039,41.250_-123.150__c544,629686,1.0400875125252456,0.42498324561765705,1.1250425273390037,0.2738110740908961,FLAT-mixed
B039,41.300_-122.750__c185,629917,1.0275647624268651,0.474653009840979,1.606798712552612,0.2993441993151479,DIURNAL-other
B039,41.300_-122.950__c768,629517,1.0292556640635877,0.43733687890875067,1.333733979709487,0.27496954013950375,FLAT-mixed
B039,41.300_-123.250__c707,629852,1.0448759561222514,0.4369566183801909,1.1806771757606487,0.28078024678813435,FLAT-mixed
B039,41.350_-122.900__c586,629860,1.0261999921621647,0.49079001682913664,1.663240634894943,0.31105483758295494,DIURNAL-other
B039,41.350_-122.950__c464,629745,1.0335222112741453,0.4217326060548317,1.1398549278508388,0.2692772471397153,FLAT-mixed
B039,41.350_-123.200__c286,628420,1.0397165698793218,0.4142961713503708,1.2946356107479775,0.2605995989943032,FLAT-mixed
B039,41.350_-123.200__c513,629840,1.04818506772113,0.430285469325543,1.075151835851426,0.27982979804394764,NATURAL-like
B039,41.400_-122.950__c11,629869,1.038673028240661,0.4930850700701257,1.492723374110331,0.31711990906045545,DIURNAL-other
B039,41.400_-123.000__c137,629295,1.0346678736395207,0.4069077300788978,1.1761919169730304,0.2573276444274943,FLAT-mixed
B039,41.400_-123.000__c81,629843,1.0455678233767893,0.43275546445701546,1.0790947482575328,0.27997612103333686,NATURAL-like
B039,41.400_-123.050__c632,629841,1.0427421323920947,0.4346319150388749,1.0819744869661676,0.28288091756490924,NATURAL-like
B039,41.400_-123.150__c329,629709,1.0392273092404576,0.4100227247823995,1.0778904007779948,0.2635947715532095,NATURAL-like
B039,41.400_-123.150__c394,629020,1.0295865137075946,0.4087660169787924,1.1905404502080583,0.258363804012591,FLAT-mixed
B039,41.400_-123.250__c498,629863,1.0368881529371332,0.4734156475297009,1.3468598470928825,0.30528702273351505,FLAT-mixed
B039,41.400_-123.250__c582,610849,1.0690531682137707,0.4231274832241683,1.3283148912442355,0.2677813993310949,FLAT-mixed
B039,41.450_-123.000__c335,629863,1.0408135432679815,0.4593919630141793,1.2301781571273493,0.2958897411024302,FLAT-mixed
B039,41.450_-123.100__c645,629072,1.0285690826371918,0.42580658493781315,1.2741759791689269,0.26861313172419055,FLAT-mixed
B039,41.450_-123.200__c131,629727,1.0382090367908772,0.4348312840326046,1.2361442910007623,0.2785270442588614,FLAT-mixed
B039,41.450_-123.200__c537,629847,1.0373103990386066,0.44198988008198814,1.166961893082618,0.28482313958786815,FLAT-mixed
B039,41.500_-123.000__c273,629818,1.0419632139278359,0.4474959432725009,1.209823346559175,0.28823406126849344,FLAT-mixed
B039,41.500_-123.000__c575,629842,1.0337838761243816,0.4414011768030712,1.1488836186239693,0.2847158493717472,FLAT-mixed
B039,41.550_-122.600__c142,439079,1.124896929228309,0.38304724206805607,1.1210355837572243,0.24726985348877992,FLAT-mixed
B039,41.550_-122.800__c263,625944,1.0317798696152554,0.4170948199838963,1.2983356924943512,0.26223591886814157,FLAT-mixed
B039,41.550_-123.000__c238,629774,1.0426298807648091,0.4199951093566899,1.1094516594516595,0.26973168152384824,FLAT-mixed
B039,41.550_-123.000__c444,629879,1.0349780972360043,0.4804954602391888,1.3692092416653836,0.30993413020596017,FLAT-mixed
B039,41.550_-123.100__c242,629823,1.040689072254986,0.4477114998975903,1.2252331656715723,0.28739503003224715,FLAT-mixed
B039,41.550_-123.250__c655,629862,1.024874465091112,0.4740006541115355,1.5775695352241628,0.29954815499268095,DIURNAL-other
B039,41.600_-122.650__c390,629746,1.0331902942376536,0.4528476560391015,1.364364157034729,0.28696013948480814,FLAT-mixed
B039,41.600_-122.750__c217,629851,1.0363204570453264,0.47383746314604563,1.4209253601853304,0.3027493804090174,DIURNAL-other
B039,41.600_-122.850__c663,417737,1.0691316259520856,0.36731962933616125,1.0518435280897553,0.23689546293481306,NATURAL-like
B039,41.600_-122.950__c586,629729,1.0358703397848519,0.4298356912259083,1.1649106752734977,0.27587581324665056,FLAT-mixed
B039,41.600_-123.050__c12,629882,1.030019790677801,0.47887858360772334,1.6030288670378707,0.3034965279211027,DIURNAL-other
B039,41.700_-122.850__c929,629708,1.038099978868712,0.4305090613427176,1.2002410980004772,0.2752815590718238,FLAT-mixed
B039,41.700_-123.050__c579,629849,1.0454987112759604,0.44335705859658425,1.1857452752807351,0.284936548283795,FLAT-mixed
B039,41.700_-123.350__c302,629845,1.0436353312774411,0.44039088982209906,1.2163835033439168,0.28123268423183484,FLAT-mixed
B039,41.750_-122.700__c51,629873,1.0265684022075607,0.4672640357659401,1.6013720639113678,0.29448158597050517,DIURNAL-other
B039,41.750_-123.100__c850,629827,1.0370353316166803,0.4505951634337683,1.2181423383307797,0.2904686525029889,FLAT-mixed
B039,41.800_-122.900__c36,629970,1.0296520012171837,0.49038049430925285,1.5938174188019032,0.3129196628410877,DIURNAL-other
B039,41.800_-123.100__c785,629866,1.0319734653655745,0.49007884216642905,1.5102096574731816,0.3131967751871033,DIURNAL-other
B039,41.800_-123.350__c427,629667,1.0444431242183199,0.4074645804846054,1.0802749119150905,0.26090139708766696,NATURAL-like
B039,41.850_-123.300__c254,629246,1.0207180961172766,0.4426615345985513,1.430262609420592,0.2793184223658156,DIURNAL-other
B039,41.900_-123.000__c437,629632,1.0318560582310001,0.4435765653588128,1.3826442760820705,0.2798904757064444,FLAT-mixed
B039,41.900_-123.250__c291,628614,1.0352893725787662,0.4101308593190734,1.1692329986543837,0.26045554187466397,FLAT-mixed
B039,41.900_-123.400__c308,629890,1.0427140533775283,0.46171871279112225,1.1365398174904322,0.30178443855276316,FLAT-mixed
B039,41.950_-122.800__c11,629747,1.0380906137320003,0.45412999188563025,1.348201278098047,0.2891351606279982,FLAT-mixed
B039,42.000_-123.100__c95,629585,1.034381530234599,0.4233709507056235,1.2285894981684826,0.2671744085389582,FLAT-mixed
B039,42.000_-123.600__c124,629868,1.0389827912456644,0.47283716588237534,1.295383497228522,0.3059180653724272,FLAT-mixed
B039,42.100_-122.950__c105,516456,1.122851764029106,0.4028513561658689,1.1700638098406266,0.26011896463590317,FLAT-mixed
B039,42.100_-122.950__c106,629782,1.0278731482906802,0.4457732993321499,1.222939561022611,0.2865293069665376,FLAT-mixed
B039,42.100_-123.400__c847,629818,1.026726353550285,0.4651391354327758,1.5849878910884294,0.29274488820579914,DIURNAL-other
B039,42.100_-123.450__c298,629834,1.0397597575955497,0.4512903399943477,1.2237011611153488,0.2898509766065344,FLAT-mixed
B039,42.150_-123.400__c14,629835,1.0337842443467582,0.45280430588963777,1.2124976266323495,0.2914064794747831,FLAT-mixed
B039,42.200_-123.250__c165,625156,1.0450899234938944,0.4127545764577161,1.222961057106588,0.26006788705539097,FLAT-mixed
B039,42.200_-123.550__c70,629845,1.0333749376138077,0.47371496161754084,1.5394999396062325,0.2995356000285785,DIURNAL-other
B039,42.250_-123.150__c209,93028,1.0285219043569904,0.35693554628713936,1.1115520521880946,0.21972954379326654,FLAT-mixed
B039,42.250_-123.150__c514,85415,1.0305026634560568,0.359468477433706,1.0869693049511937,0.22412925130246444,NATURAL-like
B039,42.250_-123.300__c262,629841,1.045414041358103,0.4331839305475509,1.1020515202229286,0.2807756243242342,FLAT-mixed
B039,42.250_-123.500__c165,629867,1.02903733760919,0.47141380640674935,1.4926345662841576,0.2996410353296807,DIURNAL-other
B039,42.250_-123.600__c308,629653,1.0280335588326595,0.4398374977964053,1.5551282175484147,0.27509278920294195,DIURNAL-other
B039,42.300_-123.200__c186,626194,1.039095909123695,0.41060278444060466,1.248658817869829,0.25750645965946656,FLAT-mixed
B039,42.300_-123.200__c700,629856,1.0363727822352136,0.47706777422140934,1.395579923542646,0.3060302672356856,FLAT-mixed
B039,42.300_-123.450__c810,629812,1.032086549576606,0.4609772440029723,1.3665996521267705,0.2931890786456911,FLAT-mixed
B039,42.350_-123.050__c117,629783,1.0385832442442338,0.4504885015949938,1.2960236349710035,0.287592710505047,FLAT-mixed
B040,40.950_-122.900__c746,532086,1.1343350446189635,0.37990663163473576,0.9172243197500326,0.2600857756077025,FLAT-mixed
B040,41.000_-122.700__c77,581734,1.0650173174894515,0.3544987915439015,0.918290592865304,0.23428233522537792,NATURAL-like
B040,41.000_-122.750__c917,638399,1.0802190076095883,0.3793129375202655,0.9054001029550993,0.2575583608370314,NATURAL-like
B040,41.000_-122.900__c855,584037,1.0719028697156348,0.3638947532433733,0.943871945596125,0.24179803676821846,NATURAL-like
B040,41.000_-123.050__c656,665639,1.0553600681657034,0.4341978159332611,0.9153929114688907,0.2997330384788151,NATURAL-like
B040,41.000_-123.150__c149,638702,1.0691684861635633,0.36995343681403847,0.9160968244163407,0.24809692156905724,NATURAL-like
B040,41.000_-123.150__c76,285900,1.163666514314955,0.3866211962224554,0.9576133864647233,0.2657957327736971,FLAT-mixed
B040,41.050_-122.750__c908,402013,1.2283131041090347,0.37733605629668693,0.8513005188799274,0.26988181974214764,FLAT-mixed
B040,41.050_-122.900__c343,663091,1.049145746234063,0.40237312827349486,0.9183082657897418,0.2733787670168951,NATURAL-like
B040,41.100_-123.050__c357,664203,1.0519098578612274,0.42153227251307207,0.9128016210540363,0.2904639093771031,NATURAL-like
B040,41.100_-123.100__c773,103657,1.0656757783422615,0.34292908341935424,0.9079156371337804,0.22598570284688926,NATURAL-like
B040,41.150_-122.800__c1115,276975,1.1923809655033546,0.4011625597978157,0.9565751636217799,0.27999638956584527,FLAT-mixed
B040,41.200_-122.950__c874,228533,1.0404666098162496,0.35086836474382255,0.9956846316187357,0.22727133499319574,NATURAL-like
B040,41.200_-123.200__c225,614224,1.0647110694259183,0.3571319258120816,0.906065030752742,0.23796041834900622,NATURAL-like
B040,41.200_-123.250__c913,505177,1.1238541448557986,0.3646801022215976,0.9058910135233387,0.24800416487686494,FLAT-mixed
B040,41.250_-122.950__c1097,664101,1.054347646144648,0.4217325376712277,0.9159213382889181,0.28974809554570763,NATURAL-like
B040,41.300_-122.600__c249,652085,1.076126570071424,0.38702776478526574,0.8850208684344829,0.2647124224602621,NATURAL-like
B040,41.300_-123.250__c548,576043,1.1104472869598436,0.3662938357032374,0.8854258173037152,0.2507798896957345,NATURAL-like
B040,41.300_-123.300__c421,577033,1.1012133408440585,0.36989392287789435,0.9022008187617022,0.2513235811470055,NATURAL-like
B040,41.300_-123.350__c173,192953,1.2388351911273106,0.41218846040227414,0.9538111044425119,0.29232507398174684,FLAT-mixed
B040,41.350_-122.700__c103,632337,1.121344313084623,0.43246559983047017,0.9020823386830218,0.30509680755673,FLAT-mixed
B040,41.350_-123.100__c1060,666076,1.0707369134083944,0.4865645962322618,0.9068447247122698,0.34408385829845245,NATURAL-like
B040,41.350_-123.350__c260,196775,1.10594279641874,0.35836869521026554,0.9089364277566983,0.24198704103671706,NATURAL-like
B040,41.400_-122.900__c652,649855,1.0850777876336717,0.41265513075993876,0.9164637465264847,0.2851620746166453,NATURAL-like
B040,41.400_-123.400__c106,643014,1.071051116910145,0.37139160267117044,0.9014698537281484,0.25022783329756426,NATURAL-like
B040,41.400_-123.400__c285,656672,1.0679011952222863,0.39285975342332247,0.8875807579505485,0.2680287875834511,NATURAL-like
B040,41.450_-123.000__c995,655928,1.064054313245319,0.3892896781354051,0.9063340162998211,0.264390298935249,NATURAL-like
B040,41.450_-123.250__c613,547170,1.0961144615762257,0.3543633605643584,0.8983835258898529,0.23866257287497486,NATURAL-like
B040,41.450_-123.300__c303,650922,1.075646078477556,0.42099821483987326,0.9375336272672451,0.28868282221218516,NATURAL-like
B040,41.450_-123.300__c669,251942,1.29985501262757,0.41614339808368594,0.8859914825899436,0.30172817553246384,FLAT-mixed
B040,41.450_-123.450__c8,198505,1.056339334752774,0.3460366237626256,0.9348128086293646,0.2262965668371074,NATURAL-like
B040,41.500_-123.450__c552,546306,1.1433664955129252,0.37549651660424743,0.8719506160621505,0.2599037901835235,FLAT-mixed
B040,41.550_-123.450__c122,635146,1.0827489556638161,0.3815280266269488,0.9225155926676075,0.25868540461563166,NATURAL-like
B040,41.600_-122.750__c398,610401,1.0842508888414872,0.3848470104079122,0.9365014903415142,0.2602715264227942,NATURAL-like
B040,41.600_-123.150__c255,491725,1.1869236647473091,0.4122080431135289,0.9721351987702127,0.28900299964411,FLAT-mixed
B040,41.650_-123.200__c814,638926,1.1076330998990833,0.42550937041222303,0.9379862109648638,0.29486200279844615,NATURAL-like
B040,41.650_-123.300__c782,640410,1.0948070142951718,0.390543558033135,0.891176954026685,0.2690744991489827,NATURAL-like
B040,41.700_-122.800__c1519,462724,1.0881136469499346,0.36568883394853086,0.9726885144853092,0.24332647539353913,NATURAL-like
B040,41.700_-123.400__c1184,512197,1.148246232838011,0.3949398376015478,0.9469276570681833,0.27276809508841326,FLAT-mixed
B040,41.750_-122.850__c1189,86518,0.9756477595353954,0.3325319586675605,1.0348965244642705,0.2046048221179408,NATURAL-like
B040,41.750_-123.350__c1145,231346,1.162480670631389,0.3611949201628729,0.8886395484433643,0.24999351620516455,FLAT-mixed
B040,41.800_-123.200__c1273,222394,1.0393381128280048,0.34269359784886283,0.9626259309088212,0.22018579637939872,NATURAL-like
B040,41.800_-123.200__c985,648965,1.0764930830296033,0.3888222015054741,0.9092296255722054,0.26456742659465454,NATURAL-like
B040,41.800_-123.250__c709,548177,1.0808721183157526,0.36533820280675766,0.9344568969915478,0.24396134825065627,NATURAL-like
B040,41.800_-123.350__c550,574003,1.0902762872778438,0.3699458016769947,0.9140476056406007,0.2485579343661967,NATURAL-like
B040,41.850_-122.800__c93,572581,1.1909654507428689,0.4202008100163994,0.9462515642494895,0.29617818265014034,CULTURAL
B040,41.850_-123.400__c270,602109,1.100553350342533,0.36501198288017617,0.8892587367091193,0.24962755912965925,NATURAL-like
B040,41.900_-123.400__c53,641417,1.0793182242806252,0.38211179310807164,0.8925584494720751,0.26011471476434206,NATURAL-like
B040,41.950_-123.150__c609,592908,1.082321437525811,0.3758913693186801,0.9457270069638656,0.25252315704966033,NATURAL-like
B040,41.950_-123.300__c277,139040,1.0912538148043391,0.374647583429229,0.9687388017678276,0.24981300345224397,NATURAL-like
B040,41.950_-123.300__c452,336134,1.046937655475379,0.339650258527849,0.9473464270789803,0.21995989694586088,NATURAL-like
B040,42.000_-123.050__c375,665440,1.0529802321120474,0.4217089444578024,0.8869942735568189,0.2915980403943256,NATURAL-like
B040,42.000_-123.350__c585,282397,1.0654455498371342,0.350240972814867,0.9290086482760884,0.2303671781215806,NATURAL-like
B040,42.050_-123.250__c313,662805,1.0527165411150092,0.40969063299160385,0.9101594064497172,0.2803539502568629,NATURAL-like
B040,42.050_-123.400__c832,657738,1.0679648639580475,0.41999549972785516,0.9488150086882539,0.28804478378928994,NATURAL-like
B040,42.050_-123.600__c410,660946,1.0593408366993529,0.40588338532951257,0.917457285440397,0.2776762398138426,NATURAL-like
B040,42.100_-123.000__c172,657856,1.0583966046496651,0.39951448341278334,0.9234683738360209,0.27116724632746375,NATURAL-like
B040,42.100_-123.150__c359,665517,1.063792952871034,0.4537299573113835,0.9071057931690397,0.31519405214292046,NATURAL-like
B040,42.150_-123.250__c223,640527,1.0725556092378405,0.38191364298460484,0.9187276086084168,0.2580796750176027,NATURAL-like
B040,42.150_-123.250__c286,555178,1.1308501351737856,0.36863852674277436,0.8826206868373204,0.2545345817017245,FLAT-mixed
B040,42.150_-123.450__c364,335013,1.1809332261506837,0.36883941817183213,0.8802398845100446,0.25668257649703147,FLAT-mixed
B040,42.250_-123.400__c532,664873,1.0543281288500266,0.42481496466242424,0.9019452923507443,0.29305295898615225,NATURAL-like
B040,42.300_-123.150__c969,657679,1.0678249505859296,0.42471175147754453,0.9311627740748021,0.2910188709081482,NATURAL-like
B040,42.300_-123.500__c280,623112,1.0966407462206023,0.3836693884887468,0.9076476196811459,0.2622481993606286,NATURAL-like
B040,42.300_-123.600__c321,637241,1.094992127218642,0.3854930866030277,0.8968974949611287,0.26557770137200837,NATURAL-like
B040,42.350_-123.200__c1108,655683,1.0844003915617417,0.4061901864163018,0.8705022268089793,0.2835806327142842,NATURAL-like
B040,42.350_-123.200__c1114,662098,1.0634757850073553,0.40295545372437314,0.8758079250492826,0.2785418472794058,NATURAL-like
B040,42.400_-123.250__c264,551076,1.1187086042372831,0.3698782019177028,0.8958472442838954,0.25249148937714583,NATURAL-like
B040,42.400_-123.450__c95,657700,1.0714902610959223,0.4138239318838376,0.9094196252187164,0.2858750190056257,NATURAL-like
B040,42.450_-123.100__c435,145157,1.0499966166595103,0.3626693855618399,0.9951201760044993,0.23763235668965327,NATURAL-like
B040,42.600_-123.350__c116,626899,1.1071962139098115,0.4255023536486739,0.9594939890252586,0.2945753622194325,NATURAL-like
B040,42.650_-123.250__c229,660355,1.058115868372874,0.3957295697011456,0.9092700305874613,0.26903256581687124,NATURAL-like
B040,42.650_-123.400__c1011,655317,1.0599382161792892,0.38958855027414213,0.9140754915494798,0.2629872260295399,NATURAL-like
B040,42.650_-123.600__c1059,663686,1.0570338625750606,0.42291686128681333,0.9136223823368306,0.2913712207278743,NATURAL-like
B040,42.700_-123.450__c254,424950,1.0983792443223659,0.3577103188610425,0.9336924626636885,0.23949405812448524,NATURAL-like
B045,39.900_-122.900__c330,136115,1.7432000414747864,0.3431510120119017,0.9900815478373234,0.2499871432244793,FLAT-mixed
B045,39.900_-122.900__c483,591978,1.0992395276546507,0.3290578366087929,0.615997396228323,0.2138407170536743,NATURAL-like
B045,39.950_-123.000__c79,587579,1.1021806326610257,0.33622712860738724,0.7059819317368398,0.21703975125047015,NATURAL-like
B045,40.000_-123.050__c8,163309,1.6300814087320927,0.34494730847656896,0.8153677885248926,0.24865132968789228,FLAT-mixed
B045,40.050_-123.650__c452,521795,1.457111152398223,0.3330120066309566,0.7076116111801672,0.23536637951686007,FLAT-mixed
B045,40.100_-122.900__c585,570684,1.1789409728835762,0.3612384436921309,0.6849295696922036,0.24703513678322855,FLAT-mixed
B045,40.100_-123.600__c702,565037,1.1959308539087308,0.3254070087445601,0.8058474120386567,0.2132462121949536,FLAT-mixed
B045,40.150_-122.850__c1027,58216,1.4797021514115358,0.31329874948467773,0.9442842639593909,0.21992235811460767,FLAT-mixed
B045,40.150_-122.850__c1050,429507,1.7511390636895332,0.31284239837767486,0.8619074903635795,0.2286132705636928,FLAT-mixed
B045,40.300_-122.950__c550,54158,1.2149849499815113,0.29112965766830384,0.9099849040327798,0.19982274086930832,FLAT-mixed
B045,40.350_-122.950__c694,85607,1.8174707629183346,0.36079993458478865,0.951146972158731,0.2699662410784165,FLAT-mixed
B045,40.400_-122.850__c1027,257702,1.952901181815681,0.322465483387789,0.9480309296889049,0.23802686824316457,FLAT-mixed
B045,40.400_-122.950__c782,452377,1.6467832886261573,0.3276514942183179,0.9048953774207087,0.23475331416053424,FLAT-mixed
B045,40.450_-122.800__c180,555771,1.26028546452718,0.333023853349671,0.6949529274730442,0.2257080704102949,FLAT-mixed
B045,40.450_-123.100__c293,148327,2.1692449777494973,0.3417786377395889,0.6453327081623882,0.26378879098208685,FLAT-mixed
B045,40.500_-122.900__c173,209783,1.5704189332958824,0.3355848662665707,0.7988993630573249,0.24283664548604986,FLAT-mixed
B045,40.550_-122.850__c1406,557080,1.251111027531519,0.32256946937603215,0.7957927025542954,0.21357973720112014,FLAT-mixed
B045,40.550_-122.850__c683,591729,1.0948725299832605,0.33311194820601997,0.6226427669203476,0.21812011917617694,NATURAL-like
B045,40.600_-122.850__c207,581283,1.1323231207729707,0.3384582036632759,0.7695913980028022,0.21498650399203142,FLAT-mixed
B045,40.600_-122.900__c1572,28022,1.1808005240051087,0.3916208693169652,0.9694742303701142,0.27421311826422096,FLAT-mixed
B045,40.600_-123.000__c781,408030,1.9200501409711461,0.32438056025292256,0.9371493976722839,0.24136950714408253,FLAT-mixed
B045,40.600_-123.050__c1205,575425,1.1621104838848482,0.33798496763261937,0.7519379015752804,0.2195177477516618,FLAT-mixed
B045,40.650_-122.800__c1085,213767,1.7542175029152698,0.32356724845275464,0.8969334791054123,0.23669228646142762,FLAT-mixed
B045,40.650_-122.900__c1461,140721,1.7478269857199558,0.2969848139225844,0.8932893289328933,0.2130669907121183,FLAT-mixed
B045,40.650_-123.000__c1300,203342,1.6171448143761875,0.3241632323868163,0.9393984142490401,0.23093114063990716,FLAT-mixed
B045,40.700_-122.850__c961,495244,1.556824280617355,0.3314648940724168,0.7058011776370369,0.23825629386726543,FLAT-mixed
B045,40.700_-123.000__c207,584988,1.1502099506763168,0.33990782716910434,0.618962965810159,0.2248593133534363,FLAT-mixed
B045,40.750_-122.800__c838,293502,1.9632250969245206,0.3499873936123093,0.9324625626591185,0.26170179419561024,FLAT-mixed
B045,40.750_-123.050__c1127,89396,1.2244389482379887,0.3445456172535684,0.9091709388431464,0.2402120900263994,FLAT-mixed
B045,40.800_-122.850__c1459,360850,2.012215522568988,0.3494166551198559,0.9171241580887025,0.26430649854510185,FLAT-mixed
B045,40.800_-122.900__c1135,531029,1.4821877003999904,0.3281459204676204,0.6173409053894251,0.23394955831037476,FLAT-mixed
B045,40.800_-122.900__c1147,574691,1.1647334953172845,0.33065943263423303,0.7548298413857537,0.2131928288419342,FLAT-mixed
B045,40.800_-122.950__c1419,170983,1.548083720480744,0.34523315183380804,0.851125231322713,0.2508553481925104,FLAT-mixed
B045,40.800_-122.950__c1443,272968,1.6566774119894028,0.33733990797456115,0.812791435368755,0.2480876879341168,FLAT-mixed
B045,40.800_-122.950__c880,95125,1.0573251174990266,0.311611038107753,0.8675869606538681,0.20588699080157688,NATURAL-like
B045,40.800_-123.000__c431,36210,1.2696707410343766,0.3904446285556476,0.8628992015968064,0.2796188898094449,FLAT-mixed
B045,40.800_-123.050__c477,275332,1.4509187408539586,0.34909491087123906,0.7483243866193552,0.25730754144087864,FLAT-mixed
B045,40.800_-123.150__c517,445448,1.5740610229057237,0.35012167525726906,0.7978278911369945,0.25203390743700727,FLAT-mixed
B045,40.800_-123.400__c24,273160,1.9655203627707372,0.359082588958852,0.6700028223442825,0.2812014936301069,FLAT-mixed
B045,40.850_-122.800__c528,53119,1.4012315044335086,0.30305540390444097,0.9550208735467074,0.2124851747962123,FLAT-mixed
B045,40.850_-122.850__c1117,36350,0.8693128036986772,0.31204951856946356,0.936130081300813,0.20068775790921595,FLAT-mixed
B045,40.850_-122.850__c676,353550,1.7421812128577954,0.3355508414651393,0.8350564921366144,0.2421609390468109,FLAT-mixed
B045,40.850_-123.150__c757,34935,1.4262767751689693,0.3760984685845141,1.0328126114558813,0.270130241877773,FLAT-mixed
B045,40.900_-122.800__c1573,260159,1.7314694663662902,0.31238973089533706,0.9175437826449546,0.22760696343390005,FLAT-mixed
B045,40.900_-122.800__c160,50459,0.8621291202532961,0.2914841752710121,0.8636178401630066,0.18319824015537367,FLAT-mixed
B045,40.900_-122.900__c1297,585918,1.1098231079062413,0.3419027918582464,0.7785630362801296,0.21773183278206165,NATURAL-like
B045,40.900_-122.950__c84,483528,1.6854297574991484,0.32788794030542184,0.914514176999402,0.2363006899290217,FLAT-mixed
B045,40.900_-123.050__c1044,536279,1.5248308932620571,0.33056300917992315,0.9139211156669025,0.23304846917369504,FLAT-mixed
B045,40.900_-123.050__c863,485056,1.5328687040178124,0.32542015767251614,0.81460989460194,0.2289385143158728,FLAT-mixed
B045,40.900_-123.300__c553,407736,1.9033956401956027,0.34085045225341887,0.6771174995176539,0.25741901622618557,FLAT-mixed
B045,40.950_-123.000__c1011,47618,1.2768539640478305,0.364064009408207,0.9939393939393939,0.25362257969675334,FLAT-mixed
B045,40.950_-123.000__c307,463741,1.242543822851182,0.3327180473583315,0.7397156389697013,0.2312454581328802,FLAT-mixed
B045,40.950_-123.000__c315,212667,1.2765264613225928,0.3518411413148255,0.8373508920634264,0.24741497270380455,FLAT-mixed
B045,40.950_-123.050__c982,243385,1.4020459560864316,0.33918277625983523,0.7216240070609002,0.2466257164574645,FLAT-mixed
B045,40.950_-123.150__c960,67717,1.5193673428166632,0.3573844086418477,0.9721889319703912,0.25633149726065835,FLAT-mixed
B045,41.000_-122.800__c1121,441530,1.7987726804076876,0.3458405997327475,0.9189835218964856,0.25613208615496114,FLAT-mixed
B045,41.000_-122.850__c1033,494223,1.5147832947104651,0.32183447553027683,0.7394220952869064,0.22598300767062643,FLAT-mixed
B045,41.000_-122.850__c1386,64893,0.9065681378244433,0.2979828332793984,0.8790992258972554,0.18940409597337154,NATURAL-like
B045,41.000_-123.150__c1204,198064,1.1555773150632278,0.33307415784796834,0.829485822639679,0.22703772517973989,FLAT-mixed
B045,41.000_-123.150__c908,319794,1.9021786147783026,0.3242712496169409,0.9471090336347933,0.23807826288173012,FLAT-mixed
B045,41.000_-123.200__c1203,238668,1.7400301667267906,0.332151775688404,0.9041753593781258,0.24356428176378903,FLAT-mixed
B045,41.000_-123.250__c889,84388,1.3114776688815812,0.32445371379817034,0.9150123051681707,0.22498459496610893,FLAT-mixed
B045,41.000_-123.300__c410,560291,1.255092049648403,0.3258253300517053,0.8866900670536628,0.2170354333730151,FLAT-mixed
B045,41.000_-123.300__c558,584897,1.1435816711561146,0.36854865044614693,0.6781359044689368,0.24853777673675878,FLAT-mixed
B045,41.050_-122.800__c207,462094,1.5626615572043183,0.31929434270949203,0.8719806067588326,0.22720701848541638,FLAT-mixed
B045,41.050_-122.850__c1402,187645,1.6541998404408362,0.3188787337792107,0.8683562670218713,0.23013136507767326,FLAT-mixed
B045,41.050_-122.900__c1279,589881,1.0788984498999445,0.326896441824707,0.7815577946337597,0.2035613962816229,NATURAL-like
B045,41.050_-123.050__c234,385519,1.3960028249114835,0.3773899600279104,0.8057761093208421,0.27232899027025903,FLAT-mixed
B045,41.100_-122.850__c882,563930,1.1699709412676342,0.3377635522139273,0.672781525507333,0.23059067614774884,FLAT-mixed
B045,41.100_-122.900__c438,76916,1.8548929351544743,0.3637084611784284,0.8289835952736033,0.2776145405377295,FLAT-mixed
B045,41.100_-123.150__c561,252337,1.4858930263559025,0.3518786384874196,0.7928672411471658,0.2544335551266758,FLAT-mixed
B045,41.150_-123.050__c1261,79475,0.9853572241962494,0.3028373702422145,0.8493757094211124,0.19947153192827932,NATURAL-like
B045,41.150_-123.150__c551,559363,1.2820411818846873,0.34506036330611783,0.6343645769518753,0.23990861032996463,FLAT-mixed
B045,41.150_-123.250__c1185,49070,1.1709989171628314,0.29484410026492763,0.9039380615561078,0.20077440391277768,FLAT-mixed
B045,41.150_-123.350__c383,70716,1.5143949392482754,0.34010690649923636,0.9527971444774327,0.24510718932066294,FLAT-mixed
B045,41.200_-122.850__c1310,569401,1.2001654099168726,0.32731589863733995,0.665674332222647,0.21934805172453156,FLAT-mixed
B045,41.200_-122.900__c1488,550279,1.3088100596359007,0.33922791892839815,0.7635132080589503,0.22916920325871057,FLAT-mixed
B045,41.200_-123.000__c792,427632,1.9567931677133175,0.33354847158304335,0.9385148054922381,0.24804504807872188,FLAT-mixed
B045,41.200_-123.150__c817,521036,1.4932403901860356,0.3328599175488834,0.8932600307974462,0.2357629799092577,FLAT-mixed
B045,41.200_-123.200__c23,246874,2.0783925375648193,0.3506039518134757,0.9675369420411913,0.26587652000615697,FLAT-mixed
B045,41.200_-123.300__c1051,446232,1.5944483111241494,0.36040445328887216,0.7166464606253619,0.2667267251116011,FLAT-mixed
B045,41.200_-123.350__c470,554076,1.3054562911403838,0.3177037085165212,0.6237073449323842,0.21624470289274395,FLAT-mixed
B045,41.250_-122.850__c12,85281,1.1318359917269056,0.3585558330694997,0.9106414033570289,0.24541222546639932,FLAT-mixed
B045,41.250_-122.950__c1109,59620,1.6699617571613647,0.3439785306943979,1.0937299379413652,0.24906071787990608,FLAT-mixed
B045,41.250_-122.950__c117,457535,1.5765938735061782,0.34275629186838164,0.6338554121991553,0.2511851552340258,FLAT-mixed
B045,41.250_-122.950__c554,234089,2.2777243273078605,0.3568770852111804,0.7551857944994814,0.2790306251041271,FLAT-mixed
B045,41.250_-123.050__c876,192653,1.5025478369908372,0.3432648336646717,0.8666131863788032,0.24816120174614462,FLAT-mixed
B045,41.250_-123.050__c942,254418,1.8472667375095715,0.3341705382480799,0.9420891986697645,0.24613038385648814,FLAT-mixed
B045,41.250_-123.200__c821,289940,1.6972781681324314,0.3359591639649583,0.7772010905220802,0.25025867420845693,FLAT-mixed
B045,41.250_-123.250__c1027,121863,1.979423711514792,0.3616520190705957,0.8023313580071679,0.2798470413497124,FLAT-mixed
B045,41.250_-123.500__c44,72709,1.5398977212306064,0.3780824932264231,0.9834897178539903,0.2652491438473917,FLAT-mixed
B045,41.300_-122.950__c173,312848,1.9236935190269309,0.3198965631872347,0.8448117083675725,0.2407558942361786,FLAT-mixed
B045,41.300_-123.050__c525,82837,1.8755549658183537,0.349928172193585,0.7611947945486218,0.2678875381773845,FLAT-mixed
B045,41.300_-123.050__c685,494715,1.5349103140100084,0.33415602922895,0.7774595409786204,0.2349393084907472,FLAT-mixed
B045,41.300_-123.100__c1472,202734,1.8574526877914,0.3565953416792447,0.8291953849958602,0.2648692375230598,FLAT-mixed
B045,41.300_-123.300__c795,348979,1.921561877156083,0.35082626748314366,0.951209750045028,0.2615945372071099,FLAT-mixed
B045,41.300_-123.400__c385,568175,1.3316510092665679,0.33937255247062964,0.92038825512056,0.2318458221498658,FLAT-mixed
B045,41.300_-123.400__c844,584180,1.1412518160371905,0.3532524221986374,0.6619235356480254,0.23579205039542606,FLAT-mixed
B045,41.350_-123.000__c1074,524495,1.4547846707818515,0.33287638585687185,0.9010025548561654,0.23281442149114862,FLAT-mixed
B045,41.350_-123.250__c652,506973,1.5315934767469097,0.32090466356196484,0.6846954956499378,0.22869462476305444,FLAT-mixed
B049,39.800_-122.700__c41,178204,1.8081604294630018,0.3473827747974232,0.6782498216833096,0.25912437431258556,FLAT-mixed
B049,39.900_-122.800__c319,50267,0.9147625333680834,0.2504028487874749,0.6464782591462206,0.16398432371138122,NATURAL-like
B049,39.900_-122.900__c999,54397,0.8528494915417307,0.24030736989172197,0.6583048834792935,0.15138702501976212,FLAT-mixed
B049,40.050_-122.650__c619,315639,2.014576898920243,0.3829247969991034,0.6592939725605056,0.29526135870408915,FLAT-mixed
B049,40.050_-122.700__c823,244732,2.031400494849565,0.3427095761894644,0.6284735499075281,0.2593081411503195,FLAT-mixed
B049,40.050_-123.650__c123,210590,2.04845781875267,0.32664893869604444,0.7902878362021213,0.24436108077306615,FLAT-mixed
B049,40.100_-123.550__c25,126539,1.6231757072900441,0.3217822173401086,0.9363314165852953,0.2183753625364512,FLAT-mixed
B049,40.250_-122.650__c1257,84212,1.0586878104119346,0.30201158979717857,0.757303540424247,0.20271457749489383,NATURAL-like
B049,40.300_-122.700__c1219,599677,1.2040058691816922,0.3976290569756719,0.6395400349945659,0.26933665956840097,FLAT-mixed
B049,40.400_-122.650__c150,136392,1.6023436884201416,0.3806528242125638,0.7837875481684387,0.2794885330517919,FLAT-mixed
B049,40.400_-123.100__c45,460669,1.8945638150344475,0.2978407489976534,0.5476399182913181,0.2184931045935368,FLAT-mixed
B049,40.450_-122.700__c10,44821,0.8461247139754472,0.21918297226746392,0.5959180136066213,0.13094308471475424,FLAT-mixed
B049,40.450_-122.750__c299,478715,1.9971763545260417,0.37600033422808976,0.6222000857238106,0.28931410129200047,FLAT-mixed
B049,40.600_-123.000__c645,47286,1.454207768138734,0.38673180222475995,1.019090025078049,0.2672672672672673,FLAT-mixed
B049,40.600_-123.050__c572,501275,1.7649308199609615,0.34077302877661964,0.8384316934121622,0.24628397586155304,FLAT-mixed
B049,40.650_-122.850__c692,56853,0.9252271896103064,0.26371519532830284,0.6977182180369431,0.17205776300283188,NATURAL-like
B049,40.650_-123.050__c1184,380268,1.8453552754373985,0.3914581295297001,0.7007481558430656,0.29835800014726455,FLAT-mixed
B049,40.700_-122.700__c932,47950,0.9490893249288809,0.27816475495307613,0.7688987764182424,0.18116788321167884,NATURAL-like
B049,40.750_-122.900__c1238,93221,1.5853263156962085,0.3578485534375302,0.8614234892438459,0.2576565366172858,FLAT-mixed
B049,40.750_-122.900__c249,99341,1.2645185768711817,0.35258352543260085,0.8624122300239979,0.2386728541085755,FLAT-mixed
B049,40.800_-122.700__c869,41906,0.8010917725528656,0.23249653987495825,0.6477158333732803,0.14697179401517682,FLAT-mixed
B049,40.800_-122.750__c254,40769,0.858241885361017,0.23822021634084722,0.6456932515337424,0.15278765728862617,FLAT-mixed
B049,40.800_-122.800__c542,476875,1.8415830795652985,0.3734186107470511,0.6339889416113881,0.2820256880733945,FLAT-mixed
B049,40.850_-122.800__c101,419628,2.205226698623773,0.3993036689639395,0.6663813306015913,0.3130844462237982,BLAST
B049,40.850_-122.900__c1381,580998,1.3466614764881677,0.38563643936812175,0.6193316168356892,0.2690164165797473,FLAT-mixed
B049,40.850_-122.950__c1008,17096,1.065502200621708,0.42343238184370613,1.369706028898854,0.2797730463266261,FLAT-mixed
B049,40.900_-122.750__c137,45390,0.883348296492339,0.26889182639347875,0.7026904405426251,0.17237276933245207,FLAT-mixed
B049,40.900_-122.750__c494,434496,1.699061149684855,0.3671564295183385,0.6043135790460972,0.2772545662100457,FLAT-mixed
B049,40.900_-122.800__c757,238498,1.6187767353580917,0.33223339399072527,0.6075919316931891,0.2427651384917274,FLAT-mixed
B049,40.900_-123.150__c987,362651,2.0376479335354833,0.34823011655834396,0.6211448898016062,0.2644746602105054,FLAT-mixed
B049,40.950_-122.900__c10,50774,0.8993275941941239,0.23701106865718674,0.6392524096857614,0.14897388427147754,FLAT-mixed
B049,40.950_-122.950__c867,93804,1.9847972674832548,0.3599420067374526,0.8245715743338822,0.27025499978678946,FLAT-mixed
B049,41.000_-123.050__c378,55059,0.9185644462666498,0.272035452877822,0.709357578478692,0.17457636353729636,NATURAL-like
B049,41.050_-122.800__c1539,11403,0.9612728803108286,0.39261597825133737,1.3846933603649265,0.2666842059107252,FLAT-mixed
B049,41.050_-122.800__c449,48415,1.0169621233424349,0.2685324796034287,0.6876760711432536,0.17794072085097593,NATURAL-like
B049,41.050_-122.850__c126,385353,2.037131597092898,0.38700360448731425,0.6894456669054331,0.2976258132154155,FLAT-mixed
B049,41.050_-123.000__c321,225843,1.9676000524021486,0.3337495516797067,0.8229625683986248,0.2456618093100074,FLAT-mixed
B049,41.050_-123.350__c288,230971,2.120154577919866,0.34571439704551654,0.5884889539654701,0.26639708015291963,FLAT-mixed
B049,41.050_-123.350__c408,563510,1.425370188282512,0.29687494454401875,0.5219745422623526,0.2000354918280066,FLAT-mixed
B049,41.100_-122.900__c1283,16963,0.8958914219485533,0.4018746683959205,1.5190144617032673,0.2541413665035666,DIURNAL-other
B049,41.100_-123.200__c503,514212,1.4949596283875102,0.33501551889104103,0.952606915377616,0.2282599394802144,FLAT-mixed
B049,41.100_-123.300__c645,143669,1.8299857743421861,0.35927026707222853,0.7522030568316431,0.2664945116900654,FLAT-mixed
B201,45.400_-123.000__c114,494255,0.9490627507369828,0.30076175253664605,0.978794061572718,0.17892383486257094,NATURAL-like
B201,45.450_-122.950__c67,451077,0.9723312724473686,0.314677981807984,0.9821763996012383,0.1933705331905639,NATURAL-like
B201,45.450_-123.050__c422,497774,0.948756043426953,0.3031877920502075,0.9839540100686325,0.18020426940740175,NATURAL-like
B201,45.450_-123.350__c11,469762,0.9596147917037257,0.3026788033089096,0.98470806068342,0.18183888862870987,NATURAL-like
B201,45.500_-123.250__c281,498388,0.9537748606274364,0.2979967414945785,0.9580859107496318,0.1786138510558039,NATURAL-like
B201,45.700_-123.200__c199,528907,0.9472640496961139,0.2886764591884774,0.9334147618216716,0.17135715730742834,NATURAL-like
B201,45.750_-123.200__c404,458310,0.9801199312460199,0.3105845388492505,0.9445523663642035,0.1922672426959918,NATURAL-like
B201,45.750_-123.400__c193,459100,0.9510486394441267,0.3006839468525376,0.980450252229877,0.17886081463733391,NATURAL-like
B201,45.850_-123.250__c424,428881,0.9947555168950089,0.3460167272506826,1.032141561210142,0.21613687712908708,NATURAL-like
B201,45.900_-123.300__c289,501095,0.9462289553285478,0.29862201778105946,0.969047027323583,0.17707620311517777,NATURAL-like
B201,45.900_-123.350__c59,490434,0.9734831329871959,0.3107614888037942,0.9488899013773007,0.1908472903591513,NATURAL-like
B201,46.150_-123.100__c223,507826,0.9567606728481761,0.2964479959671226,0.9507038697921208,0.17785028730313138,NATURAL-like
B201,46.200_-123.000__c495,504457,0.9451250462737667,0.29021700561197483,0.9403408308785067,0.17183228699373782,NATURAL-like
B201,46.300_-122.900__c148,389398,0.9746103750032878,0.32269554543166634,0.9884886902144706,0.19921263077879187,NATURAL-like
B201,46.350_-122.750__c17,482429,0.9811896719580685,0.31398195382118405,0.9546026522117897,0.19408659098022715,NATURAL-like
B201,46.400_-123.150__c587,485049,0.9583009952438032,0.2945970407113508,0.9526349426016424,0.1766934886990799,NATURAL-like
B201,46.450_-123.150__c447,469431,0.9531472748063997,0.3044046941936089,0.9813031332882888,0.18200757938866416,NATURAL-like
B201,46.500_-123.100__c64,513589,0.9570806707126462,0.29423722081275105,0.9413142784919832,0.17643485355021232,NATURAL-like
B201,46.550_-122.950__c241,479216,0.9662989507236377,0.31197622783880335,0.9900500963773036,0.190031217655504,NATURAL-like
B201,46.550_-123.000__c163,480674,0.9568673534268678,0.29876173872520667,0.9585770004236277,0.17962277968019905,NATURAL-like
B201,46.600_-123.050__c289,449362,0.9570947838253695,0.310032891076682,0.9968849666473857,0.18648661880621858,NATURAL-like
B201,46.600_-123.100__c17,230842,0.9381897677643024,0.3117197043865501,0.9774890977212702,0.18942393498583446,NATURAL-like
B201,46.700_-122.700__c401,411435,0.9741509166366605,0.3393440033055039,1.0351958286425313,0.20918492592997678,NATURAL-like
B201,46.700_-123.000__c421,473047,0.9561031170639299,0.30479423820466045,0.9744657534246576,0.1830854016619913,NATURAL-like
B201,46.750_-122.800__c46,46610,1.0199763376710864,0.36758206393477794,1.049421052631579,0.2380175927912465,NATURAL-like
B201,46.750_-122.850__c646,17760,1.1660439542651708,0.40118243243243246,0.866144668158091,0.28654279279279277,FLAT-mixed
B201,46.800_-123.000__c751,493500,0.9425878214564354,0.2918014184397163,0.9437745155607751,0.17315096251266465,NATURAL-like
B201,46.800_-123.150__c140,509322,0.9582929188011284,0.29925665885235664,0.9480720710838086,0.17957205854056962,NATURAL-like
B201,46.800_-123.150__c147,478439,0.9723631856602662,0.31686171068830093,0.986878542148465,0.1939097774219911,NATURAL-like
B201,46.850_-122.450__c48,483598,0.9422337999849818,0.28856405526904577,0.9601257709517474,0.16986629390526842,NATURAL-like
B201,46.850_-122.550__c123,471591,0.9751132020264988,0.32363849182872445,0.9881629670689611,0.19990203375382481,NATURAL-like
B201,46.850_-122.600__c343,467324,0.9704136810419722,0.3170049045202044,0.9884082096672689,0.19363867466682644,NATURAL-like
B201,46.850_-123.100__c219,535836,0.9498099548385257,0.2927500205286692,0.9496668201523852,0.17336087907494083,NATURAL-like
B201,46.850_-123.150__c289,446044,0.9470091425282234,0.29757154002744124,0.9756484073741483,0.17613508981176745,NATURAL-like
B201,46.900_-122.700__c1263,369917,0.9852281518627447,0.33522114420261845,0.9918418980495424,0.21007144846005996,NATURAL-like
B201,46.900_-122.700__c937,449590,0.9605658682475408,0.3009964634444716,0.9507798457402448,0.1814653350830757,NATURAL-like
B201,46.900_-122.750__c1355,510172,0.9538309962936081,0.30155124154206814,0.9566327931886844,0.181364324188705,NATURAL-like
B201,46.900_-122.900__c857,108766,0.9297400294801911,0.3110255042936212,0.9508045878627065,0.18822058363826932,NATURAL-like
B201,46.900_-123.050__c585,480499,0.9485925597129126,0.3042878341057942,0.97242799362667,0.18136562198880746,NATURAL-like
B201,46.900_-123.100__c107,162117,0.9651962232990055,0.3442637107767847,1.0087939139590407,0.2142896796757897,NATURAL-like
B201,46.900_-123.100__c67,405396,0.9526523800319342,0.30415692310728276,0.9602747011353389,0.1832652517538407,NATURAL-like
B201,46.950_-123.000__c214,179348,0.9111008133997642,0.32286950509623746,0.9896395023781449,0.1938577514106653,NATURAL-like
B201,47.000_-122.750__c994,337800,0.9534935901721022,0.30787152161042036,0.9448973970527476,0.18706039076376554,NATURAL-like
B201,47.000_-122.800__c853,430358,0.974038456995794,0.33317842354504856,1.036839126004755,0.20476672909531135,NATURAL-like
B201,47.100_-122.750__c473,497240,0.9434067776591482,0.2957485318960663,0.9724906992815018,0.17471442361837342,NATURAL-like
B201,47.100_-122.950__c609,504525,0.9430783493992501,0.2913314503741143,0.9608735551209203,0.17176750408800356,NATURAL-like
B201,47.100_-123.000__c736,513531,0.9653828027324337,0.2945138657646763,0.9343703330514421,0.1777224743978455,NATURAL-like
B201,47.200_-122.700__c723,425940,0.944588444939676,0.29529745973611304,0.9566557693573513,0.17613044090717003,NATURAL-like
B201,47.200_-122.800__c492,478959,0.9575200369662696,0.29631555101793683,0.9507264994696019,0.17768535511390326,NATURAL-like
B204,45.300_-123.050__c7,260467,1.1953025380272073,0.3978584619164808,0.955375638880094,0.2733014163022571,FLAT-mixed
B204,45.350_-123.000__c747,217296,1.2600040001067259,0.4011532655916354,0.9714207470697777,0.2811510566232236,FLAT-mixed
B204,45.450_-123.000__c17,64011,1.22873763965231,0.39343237880989207,1.0959098992294014,0.27314055396728687,FLAT-mixed
B204,45.500_-123.200__c162,62783,1.0845214181417333,0.3628370737301499,1.0233972496610497,0.23821735183090964,NATURAL-like
B204,45.550_-123.150__c137,142470,1.254778864378027,0.3919983154348284,0.9402525560183737,0.27473152242577387,FLAT-mixed
B204,45.650_-123.400__c24,340668,1.2171997083534585,0.4098800004696655,1.034075845772578,0.28249498045017435,FLAT-mixed
B204,45.700_-123.300__c395,192222,1.156056453320262,0.3871305053531854,0.9743373896681068,0.2617598401847863,FLAT-mixed
B204,45.900_-123.150__c1,84742,1.1272911727003292,0.37040664605508483,0.9708765051806216,0.2497580892591631,FLAT-mixed
B204,46.150_-123.050__c98,226511,1.1072804494190063,0.36549659839919474,0.9211746837507517,0.24220015804971945,NATURAL-like
B204,46.200_-123.100__c121,317440,1.1514211921251691,0.39202683971774194,0.9272102765408953,0.2646641885080645,FLAT-mixed
B204,46.800_-122.950__c196,123462,1.259860348770584,0.3965997634899807,1.0392156862745099,0.27795597025805513,FLAT-mixed
B204,46.850_-123.100__c243,65621,1.1256947081981008,0.37018637326465614,1.029224999071633,0.24801511711190016,FLAT-mixed
B204,46.900_-122.800__c1226,123148,1.064967285304047,0.35922629681359014,0.961037216176273,0.23593562217819208,NATURAL-like
B204,46.900_-122.850__c643,47068,1.0969432399837984,0.3754567859267443,0.9871390809272061,0.2517846519928614,NATURAL-like
B204,46.900_-123.000__c913,91896,1.089115305020715,0.36395490554539917,0.9369255311067785,0.24030425698615826,NATURAL-like
B204,46.950_-122.700__c1146,35005,0.9950415111841684,0.3633480931295529,1.009400705052879,0.2336237680331381,NATURAL-like
B204,47.000_-122.650__c558,156378,1.0883584037690095,0.35957103940451984,0.9406624215219888,0.23723925360344805,NATURAL-like
B204,47.000_-122.700__c700,200995,1.174897227984761,0.38156173039130326,0.894363475136991,0.26096171546555885,FLAT-mixed
B204,47.000_-122.700__c796,83625,1.1789582703366832,0.38307922272047834,1.089063345966432,0.2605440956651719,FLAT-mixed
B927,48.400_-123.450__c723,587683,0.7713891249426267,0.30287927334974807,0.7761265733593825,0.1548334731479386,FLAT-mixed
B927,48.450_-123.900__c931,625008,0.7949802303181204,0.24262409441159152,0.7238709181565776,0.10899060492025701,FLAT-mixed
B927,48.500_-123.450__c603,226307,3.0106530835867504,0.3199768456123761,1.9693615243726101,0.1988891196472049,DIURNAL-other
B927,48.500_-123.750__c43,608732,0.8157809137075201,0.3252531491690925,0.7716199902189786,0.18104847453394926,FLAT-mixed
B927,48.500_-123.950__c418,133072,1.6570869512429112,0.32381718167608514,1.6368786461597802,0.18881507755200191,DIURNAL-other
B927,48.500_-124.000__c1086,469086,0.7365910645507303,0.22628686424237773,0.8118665367488367,0.0944091275373812,FLAT-mixed
B927,48.500_-124.000__c424,67349,5.269328475094066,0.3391587105970393,2.2766627555116408,0.2495508470801348,DIURNAL-other
B927,48.550_-123.550__c325,374543,0.8037796590711401,0.243040184972086,0.9097861995510973,0.10960824257828874,FLAT-mixed
B927,48.550_-123.650__c207,201868,3.4329528427253106,0.3477718112826203,1.8354507061755747,0.2327560584144094,DIURNAL-other
B927,48.550_-124.200__c113,167771,2.056206218005867,0.3163955629995649,1.6788574531210612,0.18974077760757221,DIURNAL-other
B927,48.550_-124.300__c234,359455,0.7772949751890974,0.2888261395724082,0.9295888082796409,0.13988120905259352,FLAT-mixed
B927,48.600_-123.700__c526,576535,0.728986653525618,0.2571760604299826,0.7861326918464792,0.11340681831978978,FLAT-mixed
B927,48.650_-123.600__c682,204305,0.9640857851201279,0.26714471011477936,1.1546402186013562,0.1293996720589315,FLAT-mixed
B927,48.650_-124.500__c369,416594,0.7206359213118341,0.2768138763400337,0.9117541688379365,0.1262668209335708,FLAT-mixed
B927,48.700_-124.200__c127,608314,0.9101647385170832,0.3727844501359495,0.8016180583999356,0.2288571362815914,NATURAL-like
B927,48.750_-123.550__c705,622967,0.9081710968241973,0.3859867376602613,0.8100337518377151,0.23641701727378817,NATURAL-like
B927,48.750_-123.700__c1104,445136,0.705775949920469,0.33437196721900725,0.9173131116462571,0.17471289673268395,FLAT-mixed
B927,48.750_-123.850__c589,41512,3.0628965528411967,0.4205530930815186,1.8361073369565217,0.305694738870688,BLAST
B927,48.750_-124.350__c523,178071,2.4464166873525968,0.38273497649813837,1.7670605955277487,0.25649881227150967,DIURNAL-other
B927,48.750_-124.400__c193,414209,0.7129526802706069,0.26888599716568207,0.8943003266428614,0.12462066251578309,FLAT-mixed
B927,48.800_-123.550__c906,64558,3.4561686175159467,0.3554633043154992,1.943583698214887,0.24269648997800428,DIURNAL-other
B927,48.800_-123.700__c375,601616,0.7689159972409846,0.28979448684875403,0.7853456848275501,0.14358660673918247,FLAT-mixed
B927,48.800_-123.700__c67,648276,0.9233390721418852,0.38248215266337177,0.7808830658411444,0.23487681172833794,NATURAL-like
B927,48.800_-123.800__c370,126036,1.375142647908976,0.3503681487828874,1.4803834204378508,0.21400234853533912,DIURNAL-other
B927,48.800_-123.900__c646,20717,3.7362324679978904,0.3873630351884925,2.2518444666001995,0.29169281266592656,DIURNAL-other
B927,48.800_-124.000__c736,616018,0.8261355481507582,0.23009554915603114,0.7140217035363082,0.10767380173955955,FLAT-mixed
B927,48.800_-124.000__c759,485700,0.6940648940302704,0.3306959028206712,0.9028621511579377,0.16958204653078032,FLAT-mixed
B927,48.800_-124.000__c958,172648,2.0565696912445093,0.32229739122376166,1.8507014840645528,0.19228140493953014,DIURNAL-other
B927,48.850_-123.700__c871,151149,3.600779882662573,0.53920303806178,0.8800434559555783,0.47794560334504366,BLAST
B927,48.850_-123.900__c978,128559,3.6402136079016203,0.35037609191110697,1.9050590407969108,0.23945425835608553,DIURNAL-other
B927,48.850_-124.700__c344,543250,0.765256429278613,0.34469213069489185,0.8125514800641604,0.19077036355269214,FLAT-mixed
B927,48.850_-124.850__c63,565146,1.1688509613794917,0.44616258453567753,0.8179609216504548,0.3049212062015833,CULTURAL
B927,48.900_-123.650__c1116,585922,0.8249862265369915,0.33530230986377024,0.7911513497512761,0.1870044135567533,FLAT-mixed
B927,48.900_-123.750__c944,647457,0.8257872960093346,0.27602141918305,0.7174445121743678,0.1403830679103014,FLAT-mixed
B927,48.900_-123.850__c1199,477560,0.9390820587112343,0.4131543680375241,0.8587731413663695,0.2693127565122707,NATURAL-like
B927,48.900_-123.850__c177,69242,1.6781020709851409,0.3536437422373704,1.5711047644952174,0.22679876375610178,DIURNAL-other
B927,48.900_-123.900__c326,30771,4.327341048399579,0.40174189984075914,1.9475338491295937,0.3122095479509928,BLAST
B927,48.900_-123.900__c506,37706,4.635626424637808,0.37216888558850053,2.1972738005795858,0.2818384342014533,DIURNAL-other
B927,48.900_-124.000__c645,28794,4.853986952431538,0.3894214072376189,2.102038043478261,0.3063832742932555,BLAST
B927,48.900_-124.050__c133,543648,0.7662105545661008,0.2725991818235329,0.7760975609756098,0.1289970716345871,FLAT-mixed
B927,48.900_-124.200__c698,39795,4.386314871323211,0.349566528458349,2.2451051486584483,0.25354944088453324,DIURNAL-other
B927,48.900_-124.350__c1093,531424,1.017751508408118,0.41505276389474316,0.8466697973245343,0.2743101553561751,NATURAL-like
B927,48.900_-124.450__c830,627962,0.98344813522232,0.41224309751226984,0.8228806908735139,0.26523897942869157,NATURAL-like
B927,48.950_-123.950__c872,92848,3.8435588657438267,0.35530113734275376,1.8319156943921717,0.24800749612269515,DIURNAL-other
B927,48.950_-124.250__c528,532583,0.7209035385743712,0.25560335196579687,0.7986116339056117,0.1124219135796674,FLAT-mixed
B927,48.950_-124.650__c660,377526,0.7933031573545478,0.33990241731695303,0.8826988180792302,0.1889008968918697,FLAT-mixed
B927,48.950_-124.950__c235,645376,0.9266530906124019,0.3836290782427608,0.7765633457457561,0.23501338754462514,NATURAL-like
B927,49.000_-123.800__c361,40240,4.731099553980541,0.4233101391650099,1.809540542914873,0.3370526838966203,BLAST
B927,49.000_-124.200__c1087,87878,4.162627650933599,0.3494048567331983,1.706672261854805,0.24894740435603904,DIURNAL-other
B927,49.000_-124.700__c1205,578110,0.757250185766398,0.3263427375412984,0.8350443338695799,0.1716905087267129,FLAT-mixed
B927,49.000_-124.950__c159,371331,1.135760512677118,0.42363282354556986,0.8165393895382885,0.29313469653759044,FLAT-mixed
B927,49.000_-125.250__c82,636238,0.9909538912058571,0.4263373140239973,0.8314828258917358,0.278881487745152,NATURAL-like
B927,49.050_-124.100__c288,440278,0.6906685942971872,0.25429614925115496,0.7528667365034233,0.11346694588419136,FLAT-mixed
B927,49.050_-124.800__c1402,27514,4.146062702055932,0.36810351093988514,2.3528141865844256,0.2720433233989969,DIURNAL-other
B927,49.050_-125.050__c520,537213,0.7523442402107449,0.26583310530459986,0.7911865769273206,0.12280603782857079,FLAT-mixed
B927,49.050_-125.100__c274,489245,1.4806393710834094,0.47460883606373083,0.7856516746579245,0.35143946284581346,BLAST
B927,49.100_-124.450__c577,615379,0.9374722147212751,0.3938597189699356,0.7972325778987707,0.2464984992988061,NATURAL-like
B927,49.100_-124.550__c144,46751,5.062272613929033,0.3853821308635109,2.065976821192053,0.29922354602040596,DIURNAL-other
B927,49.100_-124.600__c534,506269,0.8964237353352665,0.4013498752639407,0.866786948007657,0.2521070814132408,FLAT-mixed
B927,49.100_-124.650__c937,598708,1.0042373348235265,0.4094967830728836,0.7940790926642302,0.26721206330966013,NATURAL-like
B927,49.100_-124.850__c1217,23842,3.1040844884163916,0.4299555406425635,1.8566922036953584,0.3249727371864776,BLAST
B927,49.100_-124.850__c1269,529883,0.7701709689503582,0.27801986476259855,0.7892456565640535,0.13311806568619866,FLAT-mixed
B927,49.100_-125.000__c878,536301,0.8269453963614181,0.34731988193197477,0.8293078739680682,0.19598695508678896,FLAT-mixed
B927,49.150_-124.600__c35,608536,0.9494958060920243,0.4033993058750838,0.8167403670671273,0.25781219188347115,NATURAL-like
B927,49.150_-124.650__c506,496893,0.7608232167280288,0.2230741829729942,0.7702613111842188,0.09435431773037656,FLAT-mixed
B927,49.150_-124.950__c722,380855,0.7208570568696494,0.2535663178900106,0.8836390066058251,0.11046986385894894,FLAT-mixed
B927,49.150_-125.150__c451,602252,0.8554373389272348,0.3478477447978587,0.7744329251322015,0.19937169158425377,FLAT-mixed
B927,49.200_-124.500__c408,619479,0.8810483646185083,0.3653247325575201,0.7788049567136309,0.21581845389432086,FLAT-mixed
B927,49.200_-124.550__c716,575934,0.77170065506303,0.26704796035656864,0.7728334450764539,0.12772470456684273,FLAT-mixed
B927,49.200_-124.800__c596,548468,1.3196059619231784,0.464313323657898,0.7807069729101295,0.32827986318253755,BLAST
B927,49.200_-125.000__c442,545122,1.1519157287902366,0.4475915483139554,0.8185573128869783,0.30956923404302156,CULTURAL
B927,49.200_-125.050__c371,515384,0.9572556821923528,0.39597659221085635,0.8094003931437729,0.2514008971951011,NATURAL-like
B927,49.200_-125.100__c666,512546,0.7462507471646442,0.3348616514420169,0.8270221285563751,0.18128519196325793,FLAT-mixed
B927,49.250_-124.650__c56,654114,0.8545813094134176,0.3099429151493471,0.7167233295694437,0.17041983507462002,FLAT-mixed
B927,49.250_-124.650__c794,612235,0.9767036833606096,0.415082443832842,0.8264991079599882,0.2692642531054252,NATURAL-like
B927,49.250_-124.750__c672,122682,0.685896617185123,0.2854371464436511,0.9605586888224384,0.1322524901778582,FLAT-mixed
B927,49.250_-124.800__c53,482241,1.1564937813892526,0.4355851120083112,0.8532549582282289,0.3032861162779606,CULTURAL
B927,49.250_-125.000__c359,404354,0.7453460956623529,0.31590635927924543,0.8190937979108864,0.1637599726971911,FLAT-mixed
B927,49.250_-125.050__c177,382520,0.8160980798995474,0.34373888946983167,0.870740680562648,0.19155076858726341,FLAT-mixed
B927,49.300_-124.750__c976,503009,0.8438527757973798,0.3543654288491856,0.8213253522755006,0.20257291619036638,FLAT-mixed
B927,49.300_-124.950__c901,423401,1.4022311579988682,0.4563168249484531,0.7859611899843156,0.3340922671415514,BLAST
B927,49.300_-125.150__c1018,620423,0.8249824833828511,0.22393109217421017,0.6776864940035644,0.10259290838669746,FLAT-mixed
B927,49.300_-125.150__c270,563134,0.9398708470421069,0.39999893453423163,0.8333456209038737,0.255134657115358,NATURAL-like
B927,49.300_-125.350__c314,657015,0.8321802962880928,0.23809502066162874,0.6509102949890206,0.11201722943920611,FLAT-mixed
B927,49.300_-125.600__c51,512079,1.0704769310246112,0.4179609005641708,0.8553653195301613,0.2791170893553534,NATURAL-like
B927,49.350_-124.900__c496,636081,0.8660876230190266,0.21226541902682206,0.6494769252930479,0.100891238694443,FLAT-mixed
B927,49.350_-124.950__c229,572012,0.8311171924466401,0.225486528254652,0.6064107846419282,0.10493311329132955,FLAT-mixed
B927,49.400_-125.200__c977,590800,0.7366709323477553,0.23479350033852403,0.7422924111219465,0.0973645903859174,FLAT-mixed
B927,49.400_-125.700__c752,545046,0.7514953502503084,0.28719777780224054,0.8133533218477864,0.13643435599931014,FLAT-mixed
B927,49.450_-125.100__c654,534031,0.7521110205875111,0.24542769989008129,0.784506919937156,0.10660617080281856,FLAT-mixed
B927,49.500_-125.300__c447,17869,3.834712334880942,0.3997985337735743,2.248213874164554,0.3122166881190889,BLAST
B927,49.500_-125.700__c359,616862,1.0024934572981326,0.42343830548809946,0.8147649496785261,0.2771592349666538,NATURAL-like
B927,49.600_-125.300__c279,25336,4.19364249530714,0.37728923271234605,2.066564885496183,0.2900615724660562,DIURNAL-other
B927,49.600_-125.550__c37,127628,0.8730813775507432,0.39864293101827186,0.9154379490119497,0.2500391763562855,FLAT-mixed
B927,49.600_-125.650__c256,631861,0.8416404316227895,0.2129424034716496,0.6836639273704614,0.09631548710871536,FLAT-mixed
B927,49.600_-126.150__c340,577825,1.2135161602423277,0.4488504304936616,0.7561679228097932,0.30132825682516334,CULTURAL
B927,49.700_-126.100__c457,220106,0.8017049039292069,0.28057390530017357,0.9845629575481333,0.13855142522239286,FLAT-mixed
B927,49.850_-126.150__c290,471507,0.7369457955714859,0.30501774098793866,0.8716331705484598,0.14981962091761097,FLAT-mixed
B927,49.900_-126.050__c295,27613,0.5100077732561631,0.31742295295694056,0.8858381502890174,0.15021909969941694,FLAT-mixed
B928,48.050_-123.800__c48,612710,1.0131668124501616,0.35649328393530383,1.0092311347840723,0.22523542948540093,NATURAL-like
B928,48.200_-123.850__c399,598231,1.0250220095932603,0.35066387398847604,1.0288128657363833,0.22377141940153553,NATURAL-like
B928,48.350_-124.100__c163,585674,1.0323775622902813,0.3475943955169599,1.0176781847127139,0.2226921461427347,NATURAL-like
B928,48.400_-123.750__c310,618844,1.001849262090239,0.3465800751077816,1.1952531324934985,0.21074616543102948,FLAT-mixed
B928,48.400_-123.850__c833,620536,1.011571642562029,0.3673469387755102,1.0133539061359305,0.23405571957146726,NATURAL-like
B928,48.500_-123.900__c550,619857,1.0128288499923133,0.3621851491553697,0.9510327444340592,0.2326359144125177,NATURAL-like
B928,48.550_-124.100__c191,543635,1.0446024524293331,0.33940787476891665,0.9058890668120336,0.2218234661123732,NATURAL-like
B928,48.750_-124.500__c302,619865,1.0140791733792403,0.35356085599283715,1.0980366688720486,0.22117396529889571,NATURAL-like
B928,48.800_-124.500__c297,619481,1.0050661913749093,0.3627423601369534,1.0799735651384181,0.22682051588345728,NATURAL-like
B928,48.800_-124.600__c376,32875,1.1352943777615954,0.3696121673003802,1.0249981726481983,0.2541749049429658,FLAT-mixed
B928,48.800_-124.800__c377,618719,1.0218043233343537,0.35260594874248247,0.9840329971790982,0.22774959230280628,NATURAL-like
B928,48.800_-124.900__c188,620010,1.0060991796022134,0.3564829599522588,1.1516499306472645,0.22067869873066565,FLAT-mixed
B928,48.800_-124.900__c245,614824,1.0120556509453633,0.35019940665946675,1.005759819843229,0.22130560941017266,NATURAL-like
B928,48.850_-124.950__c170,621138,1.0147265913300052,0.3504390328719222,1.092991096339067,0.21920732590825226,NATURAL-like
B928,48.900_-124.650__c856,620365,1.0130617757261908,0.35653365357491157,0.9434417192191333,0.22931822394880433,NATURAL-like
B928,48.900_-124.900__c168,603026,1.0307094675769712,0.3445440163442372,0.9611706363285162,0.22329882956953764,NATURAL-like
B928,48.950_-123.750__c174,621043,1.0092253489146417,0.358715902119499,1.141985857273491,0.22311337540234735,FLAT-mixed
B928,48.950_-123.850__c1104,526524,1.0241914885770895,0.34676861833458683,0.9177719302908681,0.22301927357537357,NATURAL-like
B928,48.950_-124.550__c284,619624,1.0125791166560862,0.3612222896466244,0.962085180188861,0.23147586278129964,NATURAL-like
B928,48.950_-124.700__c39,618764,1.0069394426815483,0.3606172951238275,1.0746467003759885,0.22617508452334006,NATURAL-like
B928,48.950_-125.000__c105,619133,1.0166963166693963,0.3523249447210858,1.0773235968549886,0.22243362896179011,NATURAL-like
B928,49.000_-124.050__c926,619220,1.0090253239067555,0.35993992442104583,1.0175718723880716,0.227524950744485,NATURAL-like
B928,49.000_-125.100__c101,620697,1.0111680740806668,0.3633495892520827,1.012500344497683,0.23087271245068045,NATURAL-like
B928,49.000_-125.100__c103,620792,1.018758168902238,0.35610478227812215,1.0736638106074923,0.22593235737573938,NATURAL-like
B928,49.050_-124.550__c1114,615701,1.013211052552263,0.35918570864754157,0.9607147005304115,0.23016366710464983,NATURAL-like
B928,49.050_-124.600__c927,551838,1.025688801798987,0.3507442401574375,0.9241868230587996,0.22609533957429537,NATURAL-like
B928,49.050_-124.700__c1135,558279,1.0346957395279592,0.3575004612389146,0.891024527443438,0.23333852786868214,NATURAL-like
B928,49.050_-124.700__c800,489498,1.0318245955922658,0.3472598458012086,0.9035575883732895,0.2255862128139441,NATURAL-like
B928,49.050_-125.050__c1100,550578,1.0341145886944754,0.3345411549317263,0.909907017417864,0.21691931025213504,NATURAL-like
B928,49.050_-125.350__c71,620175,1.0164255089066252,0.35129439271173457,1.047083908489504,0.22286612649655338,NATURAL-like
B928,49.100_-125.150__c942,620776,1.0109229822247148,0.35829510161475314,1.0630921903983526,0.22516012216967152,NATURAL-like
B928,49.100_-125.300__c307,620543,1.0120450143007091,0.3632608860304604,0.9689878498757198,0.23282189952992782,NATURAL-like
B928,49.100_-125.450__c11,621332,1.0148707219942734,0.35111019551544104,1.0704279001138715,0.2216544456103983,NATURAL-like
B928,49.150_-124.350__c209,618919,1.0047701605568022,0.3424664616856164,1.1995506622042,0.20786726534489974,FLAT-mixed
B928,49.150_-124.850__c56,619443,1.0019450847493603,0.3477624252756105,1.1665228357617827,0.21239242351596516,FLAT-mixed
B928,49.150_-125.050__c523,574918,1.0255208907238589,0.35568898521180414,0.9320925943305763,0.22972493468633787,NATURAL-like
B928,49.200_-125.250__c162,613281,1.018899594653843,0.35456340568189787,0.9753754953092453,0.22866353270360568,NATURAL-like
B928,49.200_-125.300__c649,618728,1.016271235005152,0.35367722165474974,0.9375256931439273,0.2277317334919383,NATURAL-like
B928,49.250_-124.500__c52,619251,1.0156795723524459,0.36269138039341076,1.0016810023172695,0.23269239775147718,NATURAL-like
B928,49.250_-125.000__c649,552965,1.024729885249033,0.34871646487571545,0.9582407550939561,0.22450064651469803,NATURAL-like
B928,49.300_-125.550__c53,614266,1.0160226343568721,0.35960805253750006,1.0217086862673908,0.22854593938131038,NATURAL-like
B928,49.350_-125.050__c599,540084,1.0312951708320583,0.35250442523755565,0.8949283124941082,0.22924026632894143,NATURAL-like
B928,49.400_-125.850__c1050,611092,1.0199563139253227,0.3570771667768519,0.9428787116255661,0.22975591236671403,NATURAL-like
B928,49.450_-124.950__c114,611570,1.0143916390714127,0.35612930653890806,0.9870145736287469,0.22706313259316185,NATURAL-like
B928,49.450_-125.250__c269,620589,1.0131620439768492,0.35184800246217707,0.9550958840126952,0.22602882100714,NATURAL-like
B928,49.450_-125.700__c997,608138,1.028875698888953,0.3480673794434816,0.9416142712056254,0.22684160503043718,NATURAL-like
B928,49.500_-125.050__c141,619630,1.016740564921849,0.3529719348643545,1.0540797456574444,0.22331229927537402,NATURAL-like
B928,49.550_-125.300__c848,606589,1.0243484411261725,0.34656579661022535,0.9605118040700983,0.22379238660773604,NATURAL-like
B928,49.550_-126.200__c164,570274,1.0391884259270858,0.3455339012474705,1.0074800595351678,0.22293844713243108,NATURAL-like
B928,49.650_-125.800__c162,508069,1.0369573100436622,0.32994140559648394,0.8282746200474391,0.21422483953951135,NATURAL-like
B928,49.650_-126.150__c101,618810,1.0072199572603235,0.34858033968423263,1.1341666907005392,0.2150967178940224,FLAT-mixed
B928,49.700_-125.700__c180,617720,1.015403869195822,0.3538091692028751,1.0287480201498136,0.22504856569319434,NATURAL-like
B932,40.100_-123.100__c41,602013,1.0011700470953575,0.23844833915546673,0.7363289280469897,0.15040538991682903,NATURAL-like
B932,40.100_-123.550__c183,602581,1.014460442338585,0.2797316875241669,0.789189825046697,0.18296959246972605,NATURAL-like
B932,40.100_-123.600__c269,602452,1.0153112831347497,0.3067995458559354,0.863710726900911,0.20089069336644247,NATURAL-like
B932,40.250_-123.050__c68,600998,1.0003376448233285,0.23439845057720657,0.7323344534220204,0.1475412563768931,NATURAL-like
B932,40.300_-123.100__c116,573306,0.9962135711088809,0.23270295444317693,0.7406420804744738,0.14478132096995322,NATURAL-like
B932,40.650_-123.100__c543,576504,1.1136794006034685,0.4623627936666528,1.269842252367643,0.31553987483174445,FLAT-mixed
B932,40.650_-123.150__c364,602439,1.0173522183423003,0.3031261256326367,0.857755285633369,0.19716519016863118,NATURAL-like
B932,40.700_-123.300__c40,579261,1.002622643491103,0.2645733097860895,0.8127090426409491,0.16582162444908255,NATURAL-like
B932,40.750_-123.050__c323,602509,1.0081059438142903,0.2711959489401818,0.7866889099148449,0.17517248704998598,NATURAL-like
B932,40.750_-123.100__c484,602194,1.0043927048251469,0.2457829204542058,0.7504947666234617,0.1558384839437125,NATURAL-like
B932,40.750_-123.300__c19,602165,1.0164741917670603,0.3148804729600691,0.8929241550808183,0.20454194448365481,NATURAL-like
B932,40.800_-123.050__c541,592957,0.9934543351187458,0.2155012926738364,0.7096714055886597,0.13380902831065322,NATURAL-like
B932,40.800_-123.100__c298,600559,1.0102994960698817,0.29661032471414134,0.8645548778901438,0.1898015016010084,NATURAL-like
B932,40.850_-123.050__c1106,593554,1.0081861353234924,0.298038594635029,0.8791746065487894,0.1890156582214929,NATURAL-like
B932,40.850_-123.050__c815,567627,1.0634827254324601,0.36783662510768517,1.0299939909005065,0.24329180958622476,NATURAL-like
B932,40.850_-123.150__c406,595761,1.0029459777157865,0.26826865135515754,0.8181081554588723,0.16874552043520807,NATURAL-like
B932,40.850_-123.150__c499,598719,1.0060016348481033,0.2752008872275642,0.8477915416340227,0.17299100245691218,NATURAL-like
B932,40.900_-123.050__c339,362922,1.0411657908559198,0.31232330914080714,0.915434620394845,0.20102942230010856,NATURAL-like
B932,40.900_-123.100__c212,602592,1.0164467582542867,0.2847565185067176,0.7989783417038624,0.18646779246986353,NATURAL-like
B932,40.900_-123.200__c457,602448,1.0087036322755745,0.26043077576819906,0.7684251194155661,0.1672492895652405,NATURAL-like
B932,40.900_-123.200__c98,602506,1.008543063088428,0.2762694479391077,0.7944708491195995,0.17852602297736453,NATURAL-like
B932,40.900_-123.250__c290,602046,1.0306562396741417,0.3701693890500061,1.023592675128379,0.24519554984170644,NATURAL-like
B932,40.900_-123.350__c119,602236,1.0251174269152417,0.35192183795057086,0.9740361051793833,0.23166997655404195,NATURAL-like
B932,40.950_-123.100__c175,563117,1.0887125217101554,0.3960970810684103,1.1148581916903804,0.2650994375946739,FLAT-mixed
B932,40.950_-123.100__c176,587630,1.0122921427270788,0.32651158041624834,0.9665087482529524,0.2071082143525688,NATURAL-like
B932,40.950_-123.100__c350,602533,1.0132619361301005,0.29026791893556037,0.8183616320645697,0.18915478488315163,NATURAL-like
B932,40.950_-123.150__c528,599842,0.9975128922099523,0.24106181294407528,0.7416243513778229,0.15200669509637538,NATURAL-like
B932,40.950_-123.150__c546,601699,1.0114621446655356,0.30074007103219386,0.8475676552927334,0.19586703650828738,NATURAL-like
B932,40.950_-123.200__c218,602554,1.012103015235696,0.27616114074423204,0.7962522233634792,0.17855992989839914,NATURAL-like
B932,41.000_-123.100__c383,585077,1.0215357604414643,0.33195117907557464,0.9578981553129473,0.21414275385974837,NATURAL-like
B932,41.000_-123.150__c619,602567,1.0175118319698893,0.2948850501272058,0.8244668478971928,0.1927121797244124,NATURAL-like
B932,41.000_-123.250__c380,602607,1.020168531124707,0.31034322535251,0.8484493964031459,0.20578751989273275,NATURAL-like
B932,41.050_-123.100__c834,599068,1.0012800474034804,0.2545587479217718,0.7877778809944048,0.15972811099908524,NATURAL-like
B932,41.050_-123.100__c979,602149,1.0241620826606004,0.3341847283645742,0.937187673514714,0.21850405796571945,NATURAL-like
B932,41.050_-123.150__c324,601058,1.0318013467342224,0.3829264397113091,1.0603139438162457,0.25267445071856626,NATURAL-like
B932,41.050_-123.150__c539,599983,1.00160271010544,0.25474221769616806,0.7767527479335186,0.16087955825415054,NATURAL-like
B932,41.100_-123.050__c389,602253,1.0099360980081107,0.26818795423185937,0.7965230315220847,0.1709182021509233,NATURAL-like
B932,41.100_-123.200__c667,602510,1.0248394182317673,0.3250800816583957,0.8949373773955033,0.2148279696602546,NATURAL-like
B932,41.100_-123.200__c80,411782,1.0991987326900163,0.378938370302733,1.0856579027263342,0.25146558130272817,NATURAL-like
B932,41.150_-123.200__c278,601688,1.0177430768984694,0.3123080400473335,0.8758099271252637,0.20304210820225765,NATURAL-like
B933,39.750_-123.300__c2,191069,0.9901948303791674,0.2707503572008018,0.8981751780973318,0.16605519472023195,NATURAL-like
B933,39.750_-123.300__c8,227295,0.9757032833479616,0.24400448756021909,0.8647878967665381,0.14629886271145429,NATURAL-like
B933,39.950_-123.750__c1,182243,0.9963416257101398,0.2566847560674484,0.9063763647391831,0.15515547922279593,NATURAL-like
B933,39.950_-123.750__c6,192488,0.9947173068514623,0.279134283695607,0.8959395386973726,0.1717301857778147,NATURAL-like
B933,40.000_-122.800__c421,197317,0.9853303892908631,0.2650861304398506,0.895030955086141,0.16042712994825586,NATURAL-like
B933,40.000_-122.950__c208,231419,0.9766292518193869,0.2394703978497876,0.8579500848073661,0.14314295714699313,NATURAL-like
B933,40.000_-123.500__c49,189725,0.9895055962120642,0.27094478850968506,0.900939512809337,0.16571880353142707,NATURAL-like
B933,40.000_-123.650__c82,234731,0.9818799255121707,0.23855817936275991,0.8568087888593,0.14257596994005906,NATURAL-like
B933,40.000_-123.750__c3,149391,0.9840822174247926,0.27631517293545127,0.909234534246151,0.1693475510572926,NATURAL-like
B933,40.050_-123.450__c45,196859,0.9853456250515317,0.26387922320036167,0.8939321714664403,0.15992156822903703,NATURAL-like
B933,40.050_-123.700__c111,170374,0.991798032137571,0.2735452592531724,0.9050378413506451,0.16781316398041954,NATURAL-like
B933,40.050_-123.800__c40,192390,0.9853793028937822,0.2678413638962524,0.8955373200100044,0.16260720411663807,NATURAL-like
B933,40.100_-123.500__c44,232242,0.9779429395946309,0.23869067610509728,0.8568934754303901,0.1424117945935705,NATURAL-like
B933,40.100_-123.550__c115,32076,1.0658138615211452,0.38533482977927425,1.2679156515164245,0.244138920064846,FLAT-mixed
B933,40.100_-123.600__c173,163716,0.9965916518375778,0.2740721737643236,0.9092633709001996,0.16829143150333503,NATURAL-like
B933,40.100_-123.750__c116,236785,0.9813993952512481,0.23787824397660326,0.8517847367725617,0.1419473361910594,NATURAL-like
B933,40.100_-123.800__c81,150767,0.9837032655591017,0.2760551048969602,0.9105544791954977,0.16957954990150365,NATURAL-like
B933,40.150_-123.500__c12,150334,0.9877148747167084,0.26993893596924184,0.9084316201151726,0.16559793526414518,NATURAL-like
B933,40.200_-123.000__c605,229950,0.9797401380355905,0.237647314633616,0.8646940253233919,0.1419786910197869,NATURAL-like
B933,40.200_-123.700__c37,194800,0.9858109998632232,0.2689476386036961,0.9036990699211558,0.1632186858316222,NATURAL-like
B933,40.200_-123.700__c39,159005,0.9822548258833136,0.28345649507877113,0.9066259808195292,0.17503852080123267,NATURAL-like
B933,40.400_-122.950__c597,215773,0.9768335379179109,0.20404777242750483,0.8098047509851504,0.11851807223331927,NATURAL-like
B933,40.600_-123.150__c138,35604,1.1464130058500281,0.3751544770250534,1.0899359109796465,0.2505898213683856,FLAT-mixed
B933,40.650_-123.100__c415,228195,0.9742944818929812,0.24110081290124674,0.8650490031748536,0.1443239334779465,NATURAL-like
B933,40.750_-123.500__c44,203694,0.9825377252674817,0.2642984083969091,0.888679858008309,0.16031890973715476,NATURAL-like
B933,40.800_-123.450__c1,230305,0.9788530621595862,0.24203121946983347,0.8596581728991065,0.14533336228045418,NATURAL-like
B935,40.000_-122.550__c467,442738,1.131642156592777,0.33578098107684456,0.9107337319443588,0.2221336320803726,FLAT-mixed
B935,40.000_-123.500__c7,374576,1.0824612283145547,0.3292522745717825,0.9787662525645383,0.21148178206825852,NATURAL-like
B935,40.000_-123.600__c31,462223,1.1133372592275237,0.3440438922338352,0.9492636340789143,0.22605106193330923,NATURAL-like
B935,40.000_-123.600__c78,288673,1.0569234085786023,0.299560402254454,0.9362026569585489,0.19033647067789505,NATURAL-like
B935,40.050_-122.600__c130,465886,1.132756679698082,0.34313759159966173,0.8844910407562478,0.2303782470389752,FLAT-mixed
B935,40.050_-122.600__c193,397537,1.120173124618359,0.3295315907701673,0.9168443496801706,0.21735083778365286,FLAT-mixed
B935,40.150_-123.650__c7,549977,1.1197386626845824,0.36126783483672953,0.9056503242327868,0.24025004682013976,NATURAL-like
B935,40.250_-122.400__c406,414317,1.1008004742494726,0.3418324616175537,0.9905191047473095,0.22069816106990542,NATURAL-like
B935,40.250_-122.400__c438,323195,1.0665974803694434,0.3062392673153978,0.9353049775819915,0.19512059283095345,NATURAL-like
B935,40.250_-122.650__c1308,354822,1.0724628745982725,0.3222009909193906,0.9762250273332671,0.20528884905671013,NATURAL-like
B935,40.300_-122.600__c1291,352482,1.078290014185696,0.3165097792227688,0.9551941148113662,0.20222309224300816,NATURAL-like
B935,40.300_-122.600__c733,423303,1.1042841904133625,0.341478798874565,0.9799349361616791,0.22132137027141316,NATURAL-like
B935,40.350_-122.650__c277,273209,1.0504309745159035,0.29875296933849177,0.9582078602322069,0.1874242795808337,NATURAL-like
B935,40.400_-122.600__c134,309129,1.056647644425273,0.302627705585694,0.9367970404845013,0.1917419588585995,NATURAL-like
B935,40.400_-122.800__c1054,304356,1.0705386690206948,0.3031942856391857,0.9242883465573647,0.19293853250798407,NATURAL-like
B935,40.400_-122.850__c537,463955,1.115625516695155,0.34575120431938444,0.9578215771805335,0.22652627948831244,NATURAL-like
B935,40.450_-122.550__c620,258117,1.0466068338030141,0.2908138557320905,0.9459840132057021,0.18167342716674997,NATURAL-like
B935,40.450_-122.600__c684,394288,1.082240676408092,0.32966765410055593,0.9722550036357568,0.21261869496408717,NATURAL-like
B935,40.450_-122.650__c103,293441,1.0536486222094223,0.30011484421059087,0.9409767892444494,0.18928506923027116,NATURAL-like
B935,40.450_-122.850__c287,207216,1.0415567981709692,0.2820583352636862,0.9422645927412611,0.17523260752065478,NATURAL-like
B935,40.500_-122.450__c77,288564,1.051851225810382,0.2973621103117506,0.9370061755518451,0.18712313386285193,NATURAL-like
B935,40.500_-122.550__c785,309530,1.0611870768832805,0.3045423706910477,0.9303042228839171,0.1935418214712629,NATURAL-like
B935,40.500_-122.800__c592,346496,1.0768360470873455,0.3123903306243074,0.9327129230748807,0.20042655615072036,NATURAL-like
B935,40.550_-122.400__c89,333180,1.0795180209954054,0.3098115132961162,0.9248936492421218,0.19922864517678132,NATURAL-like
B935,40.550_-122.650__c1024,440366,1.1035250406062398,0.34503344944886755,0.9820944985762472,0.22411811992751485,NATURAL-like
B935,40.550_-122.800__c406,243780,1.0398753994602479,0.2885757650340471,0.9475520486738284,0.17935433587661007,NATURAL-like
B935,40.550_-122.950__c451,239666,1.035114038572853,0.28146253536171173,0.930720468821817,0.1742591773551526,NATURAL-like
B935,40.600_-122.600__c117,347145,1.0645998172765523,0.3324345734491351,1.0297672476776953,0.20939953045557333,NATURAL-like
B935,40.650_-122.450__c166,353980,1.082493401833775,0.31470422057743375,0.9299898696036157,0.20266399231595006,NATURAL-like
B935,40.650_-122.750__c1030,412722,1.098859459891417,0.33624328240316725,0.9721637160585188,0.21845939882051357,NATURAL-like
B935,40.650_-122.950__c404,439664,1.1052103108474542,0.344533552894938,0.9856326477900107,0.22459651006222933,NATURAL-like
B935,40.700_-122.600__c1024,184926,1.0133355565250974,0.2924413008446622,1.0273881357260404,0.178963477282805,NATURAL-like
B935,40.700_-122.650__c463,349642,1.0801155322314178,0.31363222953764136,0.9307318870133799,0.2016491153808753,NATURAL-like
B935,40.700_-122.850__c887,298321,1.0523435830360424,0.29926153371703634,0.9381518218153987,0.18865249177898974,NATURAL-like
B935,40.700_-122.900__c302,327838,1.069597099833775,0.3066392547538723,0.9282688901490489,0.19602974639913615,NATURAL-like
B935,40.750_-122.450__c215,386634,1.1027712476796738,0.33071328439816466,0.9519660639610097,0.21495005612543128,NATURAL-like
B935,40.750_-122.550__c327,347436,1.076818140133367,0.31616758194314926,0.9402235380214224,0.20336407280765378,NATURAL-like
B935,40.750_-122.850__c490,298852,1.0647643284923,0.29911795805281544,0.923382063515159,0.18988328671047877,NATURAL-like
B935,40.750_-123.350__c90,413868,1.1032820311689258,0.34694395314448084,1.0065031071684338,0.2251007567630259,NATURAL-like
B935,40.800_-122.450__c135,403403,1.10689551841657,0.3297025555090071,0.9280110673376905,0.21521158742002414,NATURAL-like
B935,40.800_-122.750__c1156,340995,1.072955715204463,0.3133975571489318,0.9390338046481391,0.20029619202627605,NATURAL-like
B935,40.800_-123.450__c18,593028,1.0871918858588456,0.38100730488273743,0.9406475592567866,0.25255974422792854,NATURAL-like
B935,40.850_-122.600__c13,399193,1.085534660676618,0.34011117429413845,1.0072144456551675,0.21758397567091609,NATURAL-like
B935,40.850_-122.650__c1149,366709,1.0879336309977161,0.3209193120430641,0.9381486146095718,0.20757058048752552,NATURAL-like
B935,40.850_-122.750__c643,318320,1.0686944736613,0.30886215129429506,0.9352224668327443,0.19747423975873335,NATURAL-like
B935,40.850_-122.950__c570,269184,1.045582523775824,0.30376619709938185,0.9712488455975884,0.18965094507845934,NATURAL-like
B935,40.850_-123.050__c674,241085,1.0353682472310817,0.28623514528071015,0.9468983155141912,0.17744364020988448,NATURAL-like
B935,40.850_-123.100__c542,450010,1.1030650901854318,0.3431612630830426,0.9691672014148655,0.22441279082687052,NATURAL-like
B935,40.850_-123.100__c886,143718,1.0191821613257357,0.3007138980503486,1.0437424881079342,0.18479244075202828,NATURAL-like
B935,40.850_-123.150__c170,215497,1.0369964249249854,0.2786952950621122,0.9378102002396029,0.17270774071100758,NATURAL-like
B935,40.900_-122.500__c294,339303,1.0744757057355006,0.31350739604424366,0.9310833344630777,0.20118596063105837,NATURAL-like
B935,40.900_-122.800__c655,217140,1.032940344425829,0.2859031039882104,0.9754359708485164,0.17576218108133002,NATURAL-like
B935,40.900_-122.900__c729,408952,1.09552994353696,0.34243383086523604,1.0074933512581465,0.22067137463565406,NATURAL-like
B935,40.900_-123.000__c275,341048,1.0754617654776593,0.3155684830287819,0.9447029020449467,0.2023116980600971,NATURAL-like
B935,40.900_-123.000__c277,190177,1.033096342777851,0.2805859804287585,0.9545048079867704,0.17404838650309976,NATURAL-like
B935,40.900_-123.150__c938,458695,1.1131817377383793,0.3513205942946838,0.995408327200738,0.22996326535061423,NATURAL-like
B935,40.900_-123.200__c608,255927,1.0431184137483431,0.2852297725523294,0.9264831058983756,0.17758188858541693,NATURAL-like
B935,40.950_-122.600__c732,303828,1.0560171779538992,0.3032603973300683,0.9391048041569175,0.19194741761786274,NATURAL-like
B935,40.950_-122.700__c254,333399,1.0701500755581705,0.3113446651009751,0.9365663383866327,0.19921775410244183,NATURAL-like
B935,40.950_-122.800__c769,332477,1.0674247135008903,0.3094319306297879,0.9338002507776184,0.1976888626882461,NATURAL-like
B935,40.950_-122.850__c1173,267951,1.0519523620068376,0.2975991879112226,0.9513988102969062,0.1863661639628141,NATURAL-like
B935,40.950_-122.950__c668,318009,1.0663631280400647,0.3069095528742897,0.9342159582249969,0.19546302148681327,NATURAL-like
B935,40.950_-123.250__c631,353764,1.0712434611009172,0.3259008830745921,0.9931452640615988,0.2071578792641422,NATURAL-like
B935,41.000_-122.450__c282,433627,1.1021756685835282,0.34031552463292186,0.9761237632902182,0.2217643274058119,NATURAL-like
B935,41.000_-122.650__c1053,440085,1.1050816112314872,0.3464580705999977,0.991094661645629,0.2251565038572094,NATURAL-like
B935,41.000_-122.850__c761,305283,1.0612604950575055,0.3112358041554885,0.9568574196846129,0.19653894910623912,NATURAL-like
B935,41.000_-123.150__c765,205331,1.009234621869947,0.3181789403451013,1.1188456675709182,0.1927521903657996,FLAT-mixed
B935,41.000_-123.300__c378,295240,1.0657931605381379,0.30127354017070856,0.9217961537567146,0.19195230998509688,NATURAL-like
B935,41.050_-122.750__c998,317124,1.0737238037511485,0.32436838586798855,0.9871258712587125,0.20644605895485676,NATURAL-like
B935,41.050_-122.800__c497,338077,1.0764234134540993,0.3128163110770623,0.9323772722325024,0.2004306711193012,NATURAL-like
B935,41.050_-122.950__c102,292063,1.055176432126486,0.29984626604533954,0.9355475068847698,0.18908591639475045,NATURAL-like
B935,41.050_-123.000__c1043,253164,1.0427975215895025,0.28771863298099254,0.9254921482554193,0.17992684583906085,NATURAL-like
B935,41.050_-123.150__c913,305558,1.057557251011168,0.3077713560109701,0.9581633353415339,0.194329718089528,NATURAL-like
B935,41.050_-123.200__c264,321409,1.0657684885123824,0.31232168358695617,0.9524143871560828,0.1994436994608116,NATURAL-like
B935,41.050_-123.250__c790,151962,0.9946111694761647,0.27324594306471356,0.9923006043947463,0.16408049380766243,NATURAL-like
B935,41.100_-122.650__c194,264871,1.0491465059147345,0.2891218744218884,0.9290941686947334,0.18088050409444598,NATURAL-like
B935,41.100_-122.700__c828,294422,1.0576983072849342,0.3025962733763102,0.9482985375534537,0.19090285372696333,NATURAL-like
B935,41.100_-122.750__c1231,298528,1.057162374522734,0.3082993890020367,0.9636602657401756,0.1940755975988852,NATURAL-like
B935,41.100_-122.750__c1232,295197,1.0618985143732045,0.29389526316324355,0.9220133686936832,0.18597072463473543,NATURAL-like
B935,41.100_-122.850__c708,282521,1.0582431917598116,0.30217930702496454,0.9511096498438271,0.19087784624859744,NATURAL-like
B935,41.100_-122.950__c301,128499,0.9837544496541228,0.29697507373598236,1.0896384607928662,0.17860061167791189,NATURAL-like
B935,41.100_-123.250__c614,357502,1.067626713280493,0.33052402504041933,1.0169316289811483,0.20964917678782216,NATURAL-like
B935,41.100_-123.300__c79,210519,1.02885577023478,0.2818415439936538,0.9575193043786092,0.1734570276317102,NATURAL-like
B935,41.150_-122.500__c35,258782,1.0398312972527461,0.2987843049362011,0.9778547153008742,0.18534132976791276,NATURAL-like
B935,41.150_-122.750__c422,384505,1.080262489978423,0.3350099478550344,0.9990093185969474,0.21422608288578823,NATURAL-like
B935,41.150_-122.850__c721,334396,1.0700780784173751,0.3126173758059307,0.9427186345970319,0.1996913838682281,NATURAL-like
B935,41.150_-122.900__c1264,422253,1.1009645457122508,0.3355215948732158,0.9619818792652081,0.218125152455992,NATURAL-like
B935,41.150_-123.100__c1105,448707,1.1028624135436362,0.3522253942996209,1.0150091499630791,0.22908267533156382,NATURAL-like
B935,41.150_-123.200__c862,341969,1.0773240212801398,0.31997344788562704,0.9558014809974954,0.20460626548020436,NATURAL-like
B935,41.150_-123.250__c1151,346334,1.0805597851223223,0.3182448156981411,0.9462034839011668,0.2039591839091744,NATURAL-like
B935,41.200_-122.700__c511,372797,1.1184946342635187,0.3301501889768426,0.9280768922509726,0.21823941716269177,NATURAL-like
B935,41.200_-122.750__c1029,321907,1.0716287097281259,0.30721605929662915,0.9266107320408541,0.19647600083253858,NATURAL-like
B935,41.200_-122.800__c898,253377,1.0442380993047877,0.2965344131472075,0.9734187883783608,0.18490628589019525,NATURAL-like
B935,41.200_-122.950__c1264,288248,1.051574491694327,0.30112958285920455,0.9522784095491572,0.18912880575060365,NATURAL-like
B935,41.200_-123.050__c1233,146032,1.0107168122461334,0.3004957817464665,1.092591328098327,0.18236413936671414,NATURAL-like
B935,41.200_-123.150__c1035,336170,1.0725587295045633,0.3130529196537466,0.9387035828381024,0.20008329119195645,NATURAL-like
B935,41.200_-123.250__c643,347836,1.06247534132095,0.3222150668705942,0.9968294099559261,0.2046596671994848,NATURAL-like
B935,41.250_-122.750__c675,366781,1.0878638941360674,0.317851797121443,0.9251323528492584,0.2052314596448562,NATURAL-like
B935,41.250_-122.900__c632,393555,1.0867031267220146,0.3339787323245798,0.9928707138333485,0.21449606789394113,NATURAL-like
B935,41.250_-123.000__c1124,194079,1.0182660219786215,0.2803446019404469,0.9672701865972799,0.17027086907908634,NATURAL-like
B935,41.250_-123.150__c370,376209,1.0718552454419559,0.33299043882522744,1.0100728580064269,0.21267167983753713,NATURAL-like
B935,41.250_-123.250__c1120,338593,1.0746071443149725,0.3164034696523555,0.9585855038935823,0.20196223784898093,NATURAL-like
B935,41.250_-123.300__c395,151852,1.0058182985641684,0.2705726628559387,0.9606338049878232,0.16581935042014592,NATURAL-like
B935,41.250_-123.300__c757,298501,1.063760291257632,0.30682979286501555,0.9391875173970866,0.19438460842677244,NATURAL-like
B935,41.300_-122.700__c234,379792,1.0821696568072865,0.3354941652272823,1.0067269366662057,0.21410403589333107,NATURAL-like
B935,41.300_-123.050__c462,248123,1.0268569702707318,0.33678054835706484,1.1366717601091159,0.2072721996751611,FLAT-mixed
B935,41.300_-123.100__c1068,332636,1.0772980979427136,0.31577760675332794,0.9513743989839427,0.20161377601943264,NATURAL-like
B935,41.300_-123.400__c126,321457,1.0639191883275525,0.31166843465844574,0.9492123258028218,0.19789894138251773,NATURAL-like
B935,41.350_-123.000__c899,355909,1.089281856427035,0.31471527834362156,0.9244300219556637,0.20305471342393702,NATURAL-like
B935,41.350_-123.350__c419,258925,1.0496551924501982,0.29276045186830163,0.9401762774764487,0.18340446075118277,NATURAL-like
B935,41.350_-123.400__c249,287621,1.0536649113012948,0.3018486132792807,0.9565576358029189,0.18954457428351892,NATURAL-like
B935,41.400_-123.300__c579,363519,1.0908387966145217,0.31916351002285986,0.9321524212285622,0.20674572718344847,NATURAL-like
B935,41.400_-123.350__c32,363481,1.0785331025409204,0.3336955714328947,1.0170092273573323,0.21235772984007417,NATURAL-like
B941,46.150_-123.100__c386,661838,1.0599741585187639,0.4505951607493072,1.0085620852452255,0.3169944910990303,NATURAL-like
B941,46.200_-123.050__c300,661642,1.062637097079434,0.4060171512691153,0.9678585081904542,0.2826271609117922,NATURAL-like
B941,46.350_-123.100__c244,559100,1.1248923721643385,0.31255231622250046,0.955820925903152,0.20435700232516543,FLAT-mixed
B941,46.400_-123.200__c479,661467,1.0322381274005565,0.3774564717514252,0.9954332241146177,0.2523466779143933,NATURAL-like
B941,46.550_-122.750__c395,662207,1.0828790919924494,0.3900698724114967,0.9451647461893936,0.26624152266587336,NATURAL-like
B941,46.700_-123.100__c385,661622,1.0754436988916365,0.3461674490872432,0.8778889425861756,0.23610158066086073,NATURAL-like
B941,46.700_-123.200__c157,662270,1.059519799946956,0.3519335014420101,0.9347983528152235,0.2310779591405318,NATURAL-like
B941,46.750_-122.650__c376,646715,1.074775538006077,0.40544753098350894,1.0535215477107354,0.2718616392073788,NATURAL-like
B941,46.750_-122.850__c680,560458,1.2540475432439178,0.37920236663585855,0.8155570678744358,0.2772393292628529,FLAT-mixed
B941,46.850_-122.550__c206,662058,1.044536857003009,0.3861021239830951,0.9074143011714115,0.2647758957674403,NATURAL-like
B941,46.900_-122.700__c748,657105,1.0577968926166996,0.4352561614962601,1.0501695348025097,0.29482959344397014,NATURAL-like
B941,46.900_-123.050__c43,656517,1.0523380987891728,0.403701655859635,1.0308671065032988,0.27288402280519775,NATURAL-like
B941,46.950_-122.700__c260,661102,1.0637064573130037,0.3633781171437993,0.961606827985908,0.23942447610202358,NATURAL-like
B941,47.000_-122.700__c103,661990,1.0501513400859692,0.3967537273976948,0.9692781879435166,0.2691128264777414,NATURAL-like
B941,47.000_-122.800__c491,364937,1.2593980594736893,0.3851815518842978,0.8486001282325283,0.28134993163203514,FLAT-mixed
B941,47.100_-122.700__c375,659829,1.0576133540254888,0.36637977415360645,0.9350334326943817,0.24684274258936786,NATURAL-like
B941,47.100_-122.950__c38,662307,1.087046541399252,0.3925430351785501,0.9228609402399309,0.2678244379117237,NATURAL-like
B941,47.300_-122.900__c337,660978,1.087984498300518,0.3518014215299148,0.8926173566603153,0.24191879306119116,NATURAL-like
B941,47.350_-122.500__c645,265694,1.1021500267543134,0.2990093867381273,0.7712068333572374,0.19430999570934984,NATURAL-like
B941,47.350_-122.700__c513,662292,1.0580429699875114,0.42063772474980826,0.9920523846471795,0.2865397739969681,NATURAL-like
B941,47.350_-123.300__c221,662103,1.0297715947833075,0.452961246210937,1.0801381901019076,0.302677982126648,NATURAL-like
B941,47.350_-123.300__c253,537119,1.0331801004722962,0.30126471042729824,0.9260509825393929,0.19024834347695763,NATURAL-like
B941,47.400_-122.450__c234,543633,1.2501702112491084,0.3717342398272364,0.9001181584166772,0.26583007286165483,FLAT-mixed
B941,47.400_-123.250__c578,638671,1.0907898906375897,0.373829405124078,0.9972698259041338,0.2518949506083727,NATURAL-like
B941,47.450_-122.950__c1073,658746,1.0642957991468598,0.38645699556429947,0.9246677979191096,0.2682080802008665,NATURAL-like
B941,47.450_-123.400__c176,661906,1.064774204383851,0.36072493677349954,0.9446563123619603,0.24348472441706223,NATURAL-like
B941,47.650_-122.700__c149,662220,1.0801258721227738,0.33132493733200447,0.8798301197655652,0.2187943583703301,NATURAL-like
B941,47.750_-122.700__c546,662264,1.094680377211039,0.35544284454537767,0.9117427463342804,0.2372769771571458,NATURAL-like
B941,47.750_-123.100__c719,365941,1.0272595794976402,0.28598872495839495,0.8976558890012863,0.17583708849240726,NATURAL-like
B941,47.800_-122.800__c524,546803,1.2123557088044854,0.3256693909872477,0.805099150141643,0.23106859325936396,FLAT-mixed
B941,47.800_-122.900__c507,661560,1.0444104759508819,0.33855281455952596,0.9214423650854956,0.22573613882338714,NATURAL-like
B941,47.900_-123.200__c28,659636,1.0837605656027027,0.3715336943405151,0.9357452773042951,0.2502986495582412,NATURAL-like
COLT,44.450_-123.600__c898,154791,1.9557184701597647,0.5815195973926133,1.5622913580246913,0.42333856619570903,BLAST
COLT,44.500_-123.550__c1054,190989,2.159082325452663,0.5325175795464661,2.5011671830567463,0.35576918042400346,BLAST
COLT,44.550_-123.350__c197,57597,2.809104102651753,0.5335347327117732,1.4302605312995853,0.422903970692918,BLAST
COLT,44.550_-123.500__c341,94276,6.108094640023148,0.504115575544147,1.4541924259840318,0.43639950782807924,BLAST
COLT,44.550_-123.600__c1007,113423,2.674205761980361,0.590021424226127,1.6497681607418857,0.4523950168837008,BLAST
COLT,44.550_-123.600__c656,337009,2.1291401367410487,0.5593085051141068,2.4303592531316474,0.3785744594358014,BLAST
COLT,44.550_-123.600__c945,200284,2.658924322064822,0.5917896586846678,1.8014416338516985,0.44867288450400433,BLAST
COLT,44.600_-123.400__c532,99340,2.172286833930994,0.5573786994161466,1.4655490709861838,0.4180189249043688,BLAST
COLT,44.700_-123.400__c1138,156333,1.816261548474713,0.5102633481094843,2.3315488322978317,0.3234761694587835,BLAST
COLT,44.700_-123.500__c1416,44352,2.1534430869379384,0.5032242063492064,1.7217718160377358,0.3568046536796537,BLAST
COLT,44.700_-123.550__c551,246258,2.5480007696453537,0.5695896173931405,2.291479119779945,0.4084131276953439,BLAST
COLT,44.750_-123.700__c301,130611,3.3565364583655786,0.5826997726072076,1.8398219662259458,0.4567379470335577,BLAST
COLT,44.800_-123.650__c108,192781,2.817224608183693,0.5559935885797874,2.7435641543242077,0.39358650489415453,BLAST
COLT,44.950_-123.500__c897,17013,1.6198166168695711,0.3702462822547464,1.1314950589735415,0.2550990419091283,FLAT-mixed
COLT,45.050_-123.400__c872,25601,1.755609305780927,0.42931916722003044,1.1785638859556493,0.3098707081754619,BLAST
COLT,45.050_-123.500__c1172,30659,1.7830770260400375,0.4376528914837405,1.2193364760295295,0.31305652500081543,BLAST
COLT,45.100_-123.150__c704,380319,1.8074354809462247,0.5453974163794079,2.3336239848320472,0.3510710745453159,BLAST
COLT,45.100_-123.500__c1635,158105,2.7549242853831895,0.5866417886847348,1.885306220199865,0.4450333639037349,BLAST
COLT,45.150_-123.100__c547,201972,2.741751180456989,0.5607113857366368,2.6241058880288635,0.39874339017289523,BLAST
COLT,45.150_-123.300__c136,331163,1.8694958264473929,0.5455530962094195,2.469554893266458,0.3511654381679113,BLAST
COLT,45.150_-123.500__c213,336671,1.608452841631653,0.5259348147004048,2.3154736973182244,0.3237047443943791,BLAST
COLT,45.200_-123.100__c1037,72401,1.8220762525032959,0.4997444786674217,2.1424867832452215,0.3227717849200978,BLAST
COLT,45.300_-123.250__c745,255741,1.8381668211147104,0.5250820165714531,2.5735249257445614,0.3316363039168534,BLAST
COLT,45.300_-123.350__c150,34530,2.045733464911482,0.47089487402258906,1.752220077220077,0.3281783955980307,BLAST
COLT,45.350_-123.050__c1422,391011,1.720961375198677,0.5366703238527817,2.1779929808757013,0.3414175048783794,BLAST
COLT,45.350_-123.200__c231,234952,1.732202611677821,0.5154116585515339,2.4121089841926233,0.3204143825121727,BLAST
COLT,45.400_-122.950__c50,134776,1.4750574914037902,0.48699323321659643,2.303447305473477,0.28463524663144774,CULTURAL
COLT,45.400_-123.000__c937,205815,2.7254133989559834,0.5574520807521318,2.3505042816365367,0.3989359376138765,BLAST
COLT,45.400_-123.050__c1475,164477,2.347081108264328,0.541619800944813,2.250755425327351,0.3727025663162631,BLAST
COLT,45.400_-123.300__c1166,238744,2.4030560167773674,0.5589166638742754,2.5489610637596125,0.388072579834467,BLAST
COLT,45.500_-123.250__c206,243929,2.115359406005779,0.5393495648323897,2.3646828429499425,0.3606787220871647,BLAST
COLT,45.500_-123.300__c156,342085,2.170277375260667,0.5988248534720902,1.571062050900218,0.44438078255404356,BLAST
COLT,45.550_-123.400__c199,220046,2.310573697494329,0.5422048117211856,2.6828255385212496,0.3669823582341874,BLAST
COLT,45.600_-123.450__c858,248018,2.9075595671934042,0.5847478812021708,2.1998595441290973,0.43652073639816463,BLAST
COLT,45.800_-123.300__c1110,329648,2.3603622140855602,0.574361136727661,2.4634002578743783,0.4023079163228656,BLAST
COLT,45.900_-123.100__c431,71139,2.6376585335441693,0.5366957646298093,1.3241585404215162,0.4210911033329116,BLAST
COLT,45.900_-123.300__c75,375259,2.000235637864991,0.5527782145131762,2.261350906760589,0.36759944465022826,BLAST
COLT,45.900_-123.350__c475,194293,2.3115267389226704,0.5471941861003742,2.5299653920823837,0.37243750418182847,BLAST
COLT,46.050_-123.100__c528,416628,2.4463768568997577,0.5906972167017099,2.068477522512323,0.42645717522586096,BLAST
COR,43.700_-123.500__c594,518147,1.0960008663674907,0.36680131314086545,0.5072018125910341,0.2751458562917473,NATURAL-like
COR,43.700_-123.700__c126,518572,1.048556687709401,0.3178189335328556,0.5159038279328615,0.22043804910407813,NATURAL-like
COR,43.750_-123.800__c81,520636,1.0560926080507689,0.3097288700742937,0.4580003256798567,0.21782588987315515,NATURAL-like
COR,43.900_-123.300__c891,517378,1.0534466057450595,0.28632643831009436,0.47975286411877516,0.20344699620007037,NATURAL-like
COR,43.900_-123.550__c206,518765,1.0384745715875445,0.29479051208157836,0.4900000335851097,0.20502539685599452,NATURAL-like
COR,43.950_-123.300__c716,520246,1.0675943072819924,0.36991346401510056,0.49971505525892657,0.2730612056603991,NATURAL-like
COR,43.950_-123.350__c268,520839,1.042568771658471,0.2634268939153942,0.38848887799497517,0.18389559921588053,NATURAL-like
COR,43.950_-123.400__c380,349722,1.6018229221654645,0.3840679168024888,0.6657286856660141,0.2979109120958933,FLAT-mixed
COR,44.000_-123.200__c33,518859,1.049793771089267,0.3124278464862323,0.4891216706533717,0.22060906720322862,NATURAL-like
COR,44.000_-123.250__c78,1913,1.002867812787262,0.4375326711970727,1.4638447971781305,0.334553058024046,DIURNAL-other
COR,44.000_-123.500__c97,519154,1.0733390063141035,0.36708760791595557,0.5052055767451231,0.2713568613552048,NATURAL-like
COR,44.050_-123.300__c236,521221,1.0587588390234215,0.21711519681670538,0.3397950665475239,0.15766248865644322,NATURAL-like
COR,44.050_-123.400__c127,521244,1.0517377155242444,0.30276799349249106,0.40300559621982973,0.21771569552838976,NATURAL-like
COR,44.050_-123.500__c512,518814,1.066053644438208,0.32889243543929036,0.46507265364459266,0.23965236096173195,NATURAL-like
COR,44.100_-123.250__c205,517286,1.0696404054172661,0.31215420483059664,0.4980684185581844,0.22421445776611004,NATURAL-like
COR,44.200_-123.650__c213,448383,1.695100309854423,0.4133096036201194,0.6271964664496024,0.33246577144985423,BLAST
COR,44.250_-123.450__c273,519481,1.0592645662354063,0.3417661088663493,0.502978047920115,0.24277692543134397,NATURAL-like
COR,44.250_-123.750__c59,48335,1.0302022956510697,0.31962346125995655,0.8084645580471957,0.2119995862211648,NATURAL-like
COR,44.350_-123.300__c44,519606,1.0656126003569328,0.3289915820833478,0.46947835005985933,0.23524747597217893,NATURAL-like
COR,44.400_-123.450__c166,521082,1.0508118626101783,0.32620393719222696,0.4494345718901454,0.2327426393542667,NATURAL-like
COR,44.400_-123.700__c66,517640,1.063892435355896,0.3577254462560853,0.5843079639869149,0.2528204930067228,NATURAL-like
COR,44.450_-123.550__c408,508164,1.0939572104930713,0.3032308467345188,0.5167055575409756,0.21754000676946814,NATURAL-like
COR,44.450_-123.700__c338,516944,1.0633709180040085,0.35225285524157357,0.5744271515081774,0.24827060571357826,NATURAL-like
COR,44.450_-123.750__c217,503298,1.2075790154789992,0.39627814932703886,0.5740257785304356,0.30100854761989915,FLAT-mixed
COR,44.500_-123.300__c130,522121,1.0528871611527364,0.30814696210265435,0.39920616014775445,0.2214812275315492,NATURAL-like
COR,44.500_-123.500__c147,519311,1.0411872833789855,0.25803420301129765,0.40697080509257955,0.18125362258839114,NATURAL-like
COR,44.500_-123.600__c150,518528,1.0382356287400056,0.30604133238706493,0.5094639917484648,0.2110898543569489,NATURAL-like
COR,44.550_-123.300__c246,519325,1.0477711473680738,0.29671207817840467,0.41236297851150067,0.21359071872141722,NATURAL-like
COR,44.600_-123.550__c196,517262,1.0816667691216637,0.33942566823002657,0.4999402397921028,0.2506505407317762,NATURAL-like
COR,44.600_-123.600__c374,517022,1.0606373037970593,0.2709787978074434,0.4154995509262345,0.19614252391581016,NATURAL-like
COR,44.600_-123.800__c140,237249,1.4473506497088475,0.3709688976560491,0.7738567059377093,0.27799484929335844,FLAT-mixed
COR,44.650_-123.450__c349,521353,1.0449128323357426,0.2529188476905283,0.36365975756814095,0.17662121441710318,NATURAL-like
COR,44.650_-123.500__c290,220847,1.2729646289016714,0.33122478457936944,0.6743767413250353,0.24242575176479644,FLAT-mixed
COR,44.700_-123.250__c170,521165,1.049923500062728,0.25886043767328965,0.35479932536306513,0.18691968954169985,NATURAL-like
COR,44.700_-123.250__c287,518538,1.0599959767527254,0.3492762343357671,0.5471403879933961,0.2506277264154218,NATURAL-like
COR,44.700_-123.350__c253,520368,1.0565131859880261,0.26473380376963995,0.3799625227343707,0.19258294130307782,NATURAL-like
COR,44.700_-123.400__c232,462029,1.4788044835062075,0.3494694056000814,0.5359622415319332,0.2769436550519556,FLAT-mixed
COR,44.750_-123.400__c229,518946,1.0654129055634793,0.3802977573774535,0.5458931074067032,0.2780308548480959,NATURAL-like
COR,44.800_-123.200__c41,509508,1.0915121136185995,0.354277067288443,0.5901945997101706,0.24972915047457547,NATURAL-like
COR,44.800_-123.500__c960,496278,1.176743984587075,0.3573198892556188,0.6358116932779536,0.25911082095116045,FLAT-mixed
COR,44.850_-123.150__c234,486916,1.2575837240310912,0.3284139358739495,0.5375540201426616,0.2459582350959919,FLAT-mixed
COR,44.850_-123.400__c536,521588,1.0494786838106853,0.27695230718498126,0.37517677978549707,0.19873156591025867,NATURAL-like
COR,44.850_-123.550__c680,520406,1.0590275268081528,0.22963609182061698,0.36023126520790766,0.16549962913571328,NATURAL-like
COR,44.900_-123.350__c27,518131,1.0628732320078178,0.31953309105226285,0.504106762149456,0.22852135849814043,NATURAL-like
COR,44.900_-123.600__c451,501874,1.142198833366009,0.3657392094430076,0.6492221706901025,0.2609399968916501,FLAT-mixed
COR,44.900_-123.700__c230,520532,1.0545819679210588,0.3181667985829882,0.4385431106851201,0.22854502701082738,NATURAL-like
COR,44.950_-122.950__c67,196288,1.357094419907444,0.35935971633518093,0.7523159119307166,0.26631276491685685,FLAT-mixed
COR,44.950_-123.600__c383,518475,1.088295335617134,0.3662625970393944,0.5086252302184278,0.27242393558030764,NATURAL-like
COR,45.000_-123.450__c463,519838,1.0593255351566362,0.3348254648563591,0.48615470926893123,0.2367641457531,NATURAL-like
COR,45.000_-123.600__c281,520469,1.0578970784689452,0.3286785572243496,0.4622079481409066,0.23603134864900696,NATURAL-like
COR,45.050_-123.450__c501,519147,1.071493281707066,0.33588174447699787,0.49023934471654057,0.243771032096882,NATURAL-like
COR,45.100_-123.200__c328,519516,1.0771631962188695,0.3593055844285835,0.4919860156395143,0.2649331300672164,NATURAL-like
COR,45.100_-123.400__c348,518059,1.0418703282186839,0.28209721286571604,0.4736207966701961,0.19634443181182065,NATURAL-like
COR,45.150_-123.200__c134,522373,1.0502714505610151,0.27164114531187483,0.33957082753885964,0.19694547765677017,NATURAL-like
COR,45.150_-123.450__c640,518271,1.0578696903595604,0.33278342797493976,0.5364924736893597,0.23371363630224343,NATURAL-like
COR,45.200_-123.400__c111,518760,1.0689603779495205,0.3712198319068548,0.5368396347038362,0.26991865217056055,NATURAL-like
COR,45.200_-123.550__c280,479823,1.35174421887657,0.38917058998839155,0.5928659189405941,0.30048788824212264,BLAST
COR,45.250_-123.450__c593,519153,1.0681313632979834,0.35394190152036104,0.4913797757054751,0.2584960502973112,NATURAL-like
COR,45.250_-123.550__c41,519302,1.0529288287767535,0.27598776819654075,0.41838795876497553,0.19845870033236923,NATURAL-like
COR,45.300_-123.150__c349,520406,1.048435291175419,0.3246157807557945,0.47670323201523906,0.2272687094307137,NATURAL-like
COR,45.300_-123.250__c318,520079,1.0584781677613313,0.33554709957525686,0.4755841737061352,0.24001545918985384,NATURAL-like
COR,45.350_-123.150__c42,521180,1.052539822087296,0.31911048006446907,0.41761275884892995,0.2311101730688054,NATURAL-like
COR,45.350_-123.350__c412,519785,1.0581437611214177,0.23014130842559904,0.3780151598508466,0.16640918841444058,NATURAL-like
COR,45.400_-122.950__c248,521060,1.0537540302190556,0.3260257935746363,0.4315563821269184,0.23605342954746095,NATURAL-like
COR,45.400_-123.050__c739,519143,1.0553730401013448,0.24422557946461765,0.4018352572759966,0.174884376751685,NATURAL-like
COR,45.400_-123.250__c341,520890,1.0484030599133713,0.21251127877286952,0.34579345385797,0.15106452417976923,NATURAL-like
COR,45.400_-123.250__c88,519323,1.042150541098038,0.28397548346597395,0.45484335532026254,0.19558348080096588,NATURAL-like
COR,45.400_-123.650__c144,512580,1.096972028585699,0.37939443599047956,0.5952090450626322,0.2753911584533146,NATURAL-like
COR,45.500_-123.300__c53,518660,1.0516189801150335,0.2737168858211545,0.4362356994908922,0.1959511047699842,NATURAL-like
COR,45.500_-123.350__c153,519366,1.0494300960961584,0.2698482380440768,0.4089229020314723,0.19365341589553417,NATURAL-like
CPW,46.100_-123.100__c177,246366,1.1670784168506847,0.4193395192518448,1.1637951105937137,0.2834279080717307,FLAT-mixed
CPW,46.200_-123.100__c53,250641,1.1583481179341548,0.41601334179164623,1.16421683362981,0.2791761922430887,FLAT-mixed
CPW,46.200_-123.300__c348,248442,1.174558217028119,0.41927290876743867,1.1627472585130385,0.2836919683467369,FLAT-mixed
CPW,46.400_-123.150__c327,310738,1.2375383598646692,0.4820620587118408,1.4954227978571912,0.323516917789263,CULTURAL
CPW,46.600_-122.750__c331,319921,1.2331631448741345,0.47740223367643886,1.4680455323264638,0.32053538217247385,CULTURAL
CPW,46.600_-123.150__c203,234268,1.1714836427357451,0.4169925043113016,1.1661731638355188,0.281796916352212,FLAT-mixed
CPW,46.700_-122.950__c256,248039,1.1769469579540839,0.41922439616350654,1.1595727939402205,0.2837739226492608,FLAT-mixed
CPW,46.750_-122.650__c279,240282,1.174554933164103,0.4194321672035358,1.1580570130361876,0.2839288835618149,FLAT-mixed
CPW,46.800_-122.750__c62,238384,1.1856313800657485,0.4202672998187798,1.158819296026519,0.2851953151218203,CULTURAL
CPW,46.800_-122.800__c797,316679,1.2384852986040782,0.47985499512124263,1.4798870654000869,0.32204219414612273,CULTURAL
CPW,46.800_-123.000__c596,247224,1.1743892925428323,0.4206711322525321,1.1618498328781857,0.2851260395430864,CULTURAL
CPW,46.850_-122.600__c116,247058,1.1709573989872721,0.4193792550737074,1.1637637278587178,0.28384023184839186,FLAT-mixed
CPW,46.850_-122.750__c338,240166,1.1847428541585472,0.42348625534005646,1.1606228853994969,0.2878509031253383,CULTURAL
CPW,46.850_-122.950__c311,311774,1.238405393912343,0.4821505321162124,1.494279507603186,0.3236222391860771,CULTURAL
CPW,46.850_-123.000__c758,321027,1.2887102488420037,0.46107025265787616,1.300588286183926,0.3205493618916789,CULTURAL
CPW,46.850_-123.100__c523,314230,1.2337924793773394,0.47957865257932086,1.4629085168133562,0.32268083887598253,CULTURAL
CPW,46.900_-122.600__c312,250650,1.1626761612483854,0.41756632754837425,1.163890073984662,0.2810851785358069,FLAT-mixed
CPW,46.900_-122.950__c723,313806,1.238953022238403,0.4818837115925126,1.4810168844796336,0.3241397551353384,CULTURAL
CPW,46.950_-122.850__c299,244339,1.1895953350698545,0.42394378302276753,1.1593685757804928,0.28853764646658947,CULTURAL
CPW,46.950_-123.000__c819,309595,1.2446993774602135,0.48303751675576156,1.473869375795196,0.32545422245191297,CULTURAL
CPW,47.000_-122.600__c274,246689,1.1594934708684064,0.4151826794060538,1.1606279938382325,0.2790274394075131,FLAT-mixed
CPW,47.000_-122.800__c691,251606,1.1662964603786805,0.4182253205408456,1.162869285788328,0.2822150505154885,FLAT-mixed
CPW,47.000_-122.900__c201,312695,1.2295764196938341,0.4683669390300452,1.3729372031082676,0.3192887638113817,CULTURAL
CPW,47.000_-123.050__c51,239315,1.170581498951221,0.41759187681507637,1.1650102866099905,0.2817667091490295,FLAT-mixed
CPW,47.050_-122.800__c150,317372,1.2512926777580522,0.48397779262190743,1.4387191413902274,0.32853874948010536,CULTURAL
CPW,47.050_-123.050__c374,300396,1.2512125183449805,0.4847800902808293,1.4652668468414956,0.32857627931130906,CULTURAL
CPW,47.100_-122.600__c132,257077,1.3038694076705866,0.45536551305639944,1.3149474325765655,0.31958907253468805,BLAST
CPW,47.100_-122.950__c816,238185,1.1838071892111697,0.42023637088817517,1.1597355769230768,0.284854209962844,CULTURAL
CPW,47.150_-122.800__c578,315265,1.3044639969324532,0.4636924492093953,1.314628743576112,0.323124990087704,BLAST
CPW,47.300_-123.000__c236,309159,1.252139605199223,0.4865166467739901,1.454347617678075,0.3307521372497647,CULTURAL
CPW,47.300_-123.100__c449,233312,1.1988015564591703,0.4241573515292827,1.1580853672127494,0.2896893430256481,CULTURAL
CPW,47.350_-122.800__c1266,244353,1.1748915497746668,0.41996210400527106,1.1626376907409974,0.2837493298629442,FLAT-mixed
CPW,47.400_-122.500__c119,238501,1.183699235378717,0.42110934545347817,1.1614906832298137,0.28539083693569417,CULTURAL
CPW,47.400_-122.700__c756,319126,1.244899472113118,0.4828594348313832,1.4774718222105627,0.32551092671860016,CULTURAL
CPW,47.400_-122.900__c721,323409,1.2401193954283387,0.4799526296423414,1.4810103159550354,0.3224430983677016,CULTURAL
CPW,47.450_-122.900__c1049,321933,1.2284022269133106,0.47626680085607875,1.4595060363100174,0.31953232504900086,CULTURAL
CPW,47.500_-123.250__c525,239784,1.1692095384855758,0.4178260434390952,1.1661737201513636,0.2822581990458079,FLAT-mixed
CPW,47.550_-122.650__c268,303028,1.2511286474013879,0.487915308156342,1.4591724786458742,0.33148421928006655,CULTURAL
CPW,47.550_-123.200__c845,351873,1.2452783943481252,0.46788187783660584,1.3574048342273637,0.3197062576554609,CULTURAL
CPW,47.600_-123.150__c632,236833,1.1795633575670745,0.4202285998995072,1.1635783099366914,0.2844747142501256,CULTURAL
CPW,47.700_-122.850__c326,317652,1.2425022267063555,0.4833182224572803,1.4491234933586692,0.3273173158047171,CULTURAL
CPW,47.800_-123.250__c1245,234452,1.1836527580104907,0.42188592974254857,1.1636428317324796,0.28586235135550137,CULTURAL
CPW,47.850_-123.000__c274,349224,1.237632111943468,0.4786956222940004,1.425150956055015,0.3248688520834765,CULTURAL
GNW,46.750_-122.800__c761,811304,1.2013173724543562,0.40650976699239744,0.7148898620160007,0.29500778992831295,FLAT-mixed
GNW,46.800_-123.000__c799,135597,1.3282733581865493,0.37896856125135514,0.8859796141743056,0.283560845741425,FLAT-mixed
GNW,46.950_-122.750__c1373,131475,1.3188447650577044,0.36743867655447804,0.8341894006394993,0.2704240349876402,FLAT-mixed
GNW,46.950_-123.100__c653,368018,1.632363146577806,0.3924074365927753,0.7403403323028923,0.3024172730681651,BLAST
GNW,47.000_-122.950__c361,576214,1.6275440656636324,0.408959171418952,0.8210541720905513,0.3219654503361598,BLAST
GNW,47.000_-123.050__c941,145446,1.4502524797865382,0.41036535896483917,0.8769360029168847,0.3104038612268471,BLAST
GNW,47.050_-122.700__c499,832043,1.134147785812218,0.42649839010724205,0.7628245350559578,0.3098241316855018,FLAT-mixed
GNW,47.100_-122.800__c731,789567,1.2747271883950826,0.4390115088396552,0.7841949384423734,0.33128030933410335,CULTURAL
GNW,47.150_-123.200__c685,265195,1.5057381125919935,0.3893323780614265,0.8225094815100089,0.29746413016836665,FLAT-mixed
GNW,47.250_-123.100__c223,741260,1.4735515172018336,0.44433532094002104,0.7916485056956731,0.34451339610932735,BLAST
GNW,47.300_-122.650__c209,685433,1.5488798867802116,0.3842417858492369,0.7242703184751885,0.29109190832656145,FLAT-mixed
GNW,47.300_-122.750__c1655,110255,1.360917418862226,0.388399619064895,0.8621934520104568,0.29326561153689173,FLAT-mixed
GNW,47.350_-123.000__c281,793589,1.223315596570062,0.41109440781059214,0.8062620588057453,0.3031140804623048,FLAT-mixed
GNW,47.350_-123.000__c745,255718,1.4981988919557092,0.3581210552248962,0.7222765831844022,0.2613582149086103,FLAT-mixed
GNW,47.350_-123.100__c1495,725140,1.5168847904450464,0.4162823730589955,0.750221530425455,0.32013680116942933,BLAST
GNW,47.350_-123.200__c104,741723,1.283325124018512,0.3901847455182056,0.8554763643386059,0.28715841358566474,FLAT-mixed
GNW,47.400_-122.500__c1396,471649,1.7656744988699915,0.4304769012549587,0.823565942922158,0.34633806071888207,BLAST
GNW,47.450_-122.700__c533,310890,1.4899269014682748,0.36701405641866897,0.7927508387977001,0.27416449548071664,FLAT-mixed
GNW,47.450_-122.800__c162,821054,1.1529296507785025,0.43087421777373963,0.7927854252293796,0.31626787032278025,CULTURAL
GNW,47.450_-122.950__c926,669980,1.5494153520274063,0.38595331203916533,0.7569169393718275,0.29364309382369624,FLAT-mixed
GNW,47.450_-123.000__c597,499438,1.65613759602261,0.38030946784185427,0.7498386940331553,0.2926789711635879,FLAT-mixed
GNW,47.500_-122.800__c706,795944,1.2373467525361115,0.40544560923884093,0.7787647917004377,0.2943435719095816,FLAT-mixed
GNW,47.500_-122.850__c419,128400,1.388936756603595,0.3973909657320872,0.863349357824496,0.3024766355140187,BLAST
GNW,47.500_-123.050__c892,818207,1.1674593485675522,0.43749809033655296,0.7827180478185332,0.3214736613106463,CULTURAL
GNW,47.500_-123.150__c956,809349,1.1870569596261644,0.3877004852047757,0.7382377745773487,0.27703623529528054,FLAT-mixed
GNW,47.550_-122.900__c61,776427,1.343938664224184,0.44183162100236084,0.7645883934647538,0.3359916643805535,BLAST
GNW,47.550_-123.200__c1454,669293,1.5876050169127724,0.39580273512497516,0.7456705534777006,0.30466029078445467,BLAST
GNW,47.600_-122.600__c1013,333851,1.5350218689495314,0.38270066586591023,0.7912285952219851,0.2920015216368979,FLAT-mixed
GNW,47.600_-123.250__c43,226339,1.3720940035260532,0.3974657482802345,0.9061112831630019,0.29887469680435097,FLAT-mixed
GNW,47.650_-122.950__c1578,154042,1.5047384627383067,0.4146920969605692,0.8254679251319789,0.31712779631529064,BLAST
GNW,47.650_-122.950__c419,824962,1.1575565488052546,0.4491528094627389,0.7560039443954127,0.3324262208441116,CULTURAL
GNW,47.650_-123.350__c846,731474,1.4026017104198525,0.4416506943514055,0.8350226538806281,0.3429144439857056,BLAST
GNW,47.700_-122.700__c539,680186,1.470661222560094,0.392108923147492,0.7739540201568457,0.3010705895152208,BLAST
GNW,47.700_-122.700__c858,242799,1.5024946970414768,0.38580883776292324,0.7786904252283106,0.2923694084407267,FLAT-mixed
GNW,47.700_-122.750__c628,755959,1.4034415282719366,0.40295439302925157,0.7466696189085487,0.3022081885393256,BLAST
GNW,47.700_-122.800__c1442,723697,1.5090478349122185,0.4210781584005461,0.771309678947992,0.3230205458914435,BLAST
GNW,47.700_-122.850__c759,266935,1.4383518630641738,0.37888249948489333,0.8243664183009793,0.2857137505385206,FLAT-mixed
GNW,47.700_-122.900__c1012,813607,1.1783446728460716,0.4381832997995347,0.7756198609479666,0.32265823671625243,CULTURAL
GNW,47.700_-123.050__c1400,798292,1.2462309123366349,0.3937782164922109,0.724976021184762,0.28546822465964833,FLAT-mixed
GNW,47.700_-123.250__c360,729526,1.4709116078880142,0.40208985012185994,0.7680332061793894,0.3012421764268854,BLAST
GNW,47.700_-123.400__c1010,798874,1.2453124468504608,0.41652500895009725,0.7329573836001788,0.30722992612101535,FLAT-mixed
GNW,47.750_-122.700__c57,274115,1.5044254747269132,0.3805519581197673,0.7410684010973768,0.2867555587983146,FLAT-mixed
GNW,47.750_-123.250__c1017,825940,1.148687304396944,0.44140978763590577,0.7720804818739311,0.32365183911664286,FLAT-mixed
GNW,47.800_-122.750__c587,169140,1.3543224717170048,0.3919002010169091,0.8576172741573336,0.2906822750384297,FLAT-mixed
GNW,47.800_-122.900__c603,812393,1.1684707737423674,0.4352130065128577,0.7814692425688483,0.32193285761940343,CULTURAL
GNW,47.850_-122.900__c266,271540,1.4799398301006643,0.3769021138690432,0.8134904213626737,0.28744936289312806,FLAT-mixed
GNW,47.900_-123.400__c573,659407,1.5296523247648508,0.3913956024124706,0.7977601241598822,0.29864256824692487,FLAT-mixed
GNW,47.950_-122.750__c514,765563,1.3554716293708546,0.40539054264639224,0.7526253726694255,0.30242318398355195,BLAST
GNW,47.950_-122.900__c1292,243547,1.430053590564789,0.3756769740542893,0.8316907025570031,0.28373168218044154,FLAT-mixed
GNW,47.950_-122.900__c531,208834,1.3882216113953814,0.37003074212053594,0.8462732751835599,0.2768897784843464,FLAT-mixed
GNW,47.950_-123.200__c355,112300,1.3079977037155945,0.39704363312555657,0.8759774467034324,0.29602849510240425,FLAT-mixed
GNW,47.950_-123.400__c1014,480757,1.6453805713124614,0.39663073028577844,0.7926999555704661,0.31079526663158313,BLAST
GNW,48.000_-123.150__c917,147084,1.3202681178930606,0.37445949253487804,0.8695881895881896,0.27750129177884747,FLAT-mixed
GNW,48.000_-123.350__c780,433378,1.6789326853537099,0.4204481999547739,0.8295429921682334,0.3321049984078564,BLAST
GNW,48.050_-123.600__c333,805618,1.195021997153426,0.43692668237303534,0.7945776258794391,0.3243001025299832,CULTURAL
GNW,48.100_-123.300__c210,185463,1.3246058334570603,0.37104435925224977,0.8717063757143918,0.2762653467268404,FLAT-mixed
GNW,48.150_-123.000__c982,93931,1.271514363716127,0.3729546156221056,0.8664608448495541,0.2791410716376915,FLAT-mixed
GNW,48.150_-123.250__c663,829419,1.1459577031275754,0.4334540202237952,0.7478288731672306,0.3183782864872881,FLAT-mixed
GNW,48.200_-123.050__c1490,154183,1.3128893645497692,0.36592231309547746,0.8630120784731155,0.2707367219472964,FLAT-mixed
GNW,48.200_-123.500__c94,332238,1.5587944318043543,0.3916800606793925,0.8257008252865115,0.3024939952684521,BLAST
GNW,48.200_-123.700__c569,78597,1.2608029370941023,0.41362901891929715,0.9351003523824115,0.308752242452002,FLAT-mixed
GNW,48.250_-123.100__c886,289180,1.5231772657591638,0.37592157133965004,0.7904268984322769,0.2854173870945432,FLAT-mixed
GNW,48.250_-123.350__c13,413747,1.5175513097325724,0.38294416636253553,0.8616137879143108,0.2944118023816487,FLAT-mixed
GNW,48.250_-123.400__c646,135889,1.2922844683620918,0.3645843298574572,0.8511331728840754,0.26972749817866054,FLAT-mixed
GNW,48.250_-123.600__c1052,329123,1.537940871197509,0.38607450709916963,0.7980382911749666,0.2960595278968653,FLAT-mixed
GNW,48.250_-123.650__c225,59838,1.301522055899131,0.4445669975600789,1.016153457849571,0.3336174337377586,BLAST
GNW,48.250_-123.800__c510,57701,1.307949937694194,0.4305991230654581,0.9808766652342071,0.3266321207604721,BLAST
GNW,48.300_-122.800__c577,402894,1.7148324974567477,0.4172884182936455,0.7841919594232114,0.3321518811399524,BLAST
GNW,48.300_-122.850__c773,183361,1.3898723042223209,0.39434776206499744,0.8741276359880074,0.3022343900829511,BLAST
GNW,48.300_-122.950__c233,186592,1.3183426153147058,0.36647337506431144,0.8567140600315956,0.27068148688046645,FLAT-mixed
GNW,48.300_-122.950__c523,333529,1.549127484163388,0.38474315576756446,0.8011128577160108,0.29738643416314625,FLAT-mixed
GNW,48.300_-123.100__c783,768414,1.2982624169469958,0.4226614819615468,0.8315554051043466,0.3178299718641253,CULTURAL
GNW,48.300_-123.400__c165,419598,1.6179377248385396,0.38559526022526325,0.7905738849747044,0.29927454372995105,FLAT-mixed
GNW,48.300_-123.800__c899,438693,1.6038080453905843,0.39860449106778545,0.8030791568617633,0.3112769066294653,BLAST
GNW,48.350_-123.000__c557,818490,1.1574616242408204,0.4427372356412418,0.8112431076888453,0.3271292257694046,CULTURAL
GNW,48.350_-123.300__c93,440941,1.6082590467293896,0.3900725947462359,0.803179252237499,0.30070236154043284,BLAST
GNW,48.400_-122.750__c336,411807,1.5652313673076939,0.396642116331194,0.8129404536104506,0.3025203554092087,BLAST
GNW,48.400_-123.150__c1166,79055,1.2564063651521173,0.3965720068306875,0.9340759678597517,0.29490860793118717,FLAT-mixed
GNW,48.400_-123.500__c727,813230,1.1885997017569818,0.4419745951329882,0.760433995434389,0.3261131537203497,CULTURAL
GNW,48.450_-123.400__c933,804528,1.195744093778661,0.4168655410377265,0.8052213954093809,0.3082565181075115,FLAT-mixed
GNW,48.450_-123.900__c1255,45545,1.3561576756212292,0.4855417718739708,1.1462631547654438,0.3660555494565814,BLAST
HDW,46.800_-122.700__c788,607901,1.1520132157493372,0.39785261086920404,1.0508558154698835,0.27469604425720634,FLAT-mixed
HDW,46.800_-123.050__c405,265272,1.0134150205984502,0.35436834645194365,0.988347085871629,0.2295304442232878,NATURAL-like
HDW,46.850_-122.700__c198,359176,1.023178236727703,0.35845936254092703,0.9770915543314177,0.23255172951422143,NATURAL-like
HDW,46.850_-122.900__c362,395212,0.991240580985645,0.35769409835733734,1.0065142801323614,0.2292617633067822,NATURAL-like
HDW,46.900_-122.800__c713,194460,0.946183112883428,0.3636429085673146,0.9943852665462632,0.22807775377969763,NATURAL-like
HDW,47.000_-122.700__c45,167281,0.9041775826453197,0.362689127874654,1.010304247990815,0.22138198599960546,NATURAL-like
HDW,47.000_-123.050__c209,156346,0.8793757802471982,0.35900502731121997,1.0063540787353236,0.21646220562086654,FLAT-mixed
HDW,47.100_-123.000__c527,177840,0.8071508536780185,0.32367296446243815,0.9907185063270647,0.19085132703553756,FLAT-mixed
HDW,47.100_-123.100__c371,711705,1.0747531993604342,0.38533240598281593,1.0156686301111093,0.2596117773515712,NATURAL-like
HDW,47.100_-123.150__c765,138779,0.9204166140455171,0.3593411106867754,0.9678977609789996,0.22345599838592295,NATURAL-like
HDW,47.150_-122.800__c578,674647,1.086921492015476,0.36864167483143034,1.014897585849274,0.24657191094009162,NATURAL-like
HDW,47.350_-123.100__c376,144616,0.8846023381493372,0.364102174033302,1.0045371750289782,0.2203836366653759,FLAT-mixed
HDW,47.450_-122.900__c1025,137072,0.924061995456539,0.3630427804365589,0.958249411122111,0.2256697210225283,NATURAL-like
HDW,47.450_-123.000__c116,217573,0.9270113264483971,0.3594563663689888,1.006861252675006,0.22196688008162777,NATURAL-like
HDW,47.500_-122.700__c4,227894,0.92653063230984,0.3582060080563771,1.007989867539184,0.22106330135940394,NATURAL-like
HDW,47.500_-122.950__c329,122413,0.9095575700066284,0.3647896873698055,0.9351790732323708,0.22893810297925873,NATURAL-like
HDW,47.550_-122.800__c705,594356,1.1244299906089374,0.3803797723923036,1.018863820128796,0.25906022653090066,FLAT-mixed
HDW,47.550_-123.250__c302,631586,0.954847620065494,0.31517323056559204,0.9863156743959859,0.19061537146168533,NATURAL-like
HDW,47.600_-122.700__c1035,165084,0.8644781136972856,0.3270395677352136,0.9081341962606483,0.1975055123452303,FLAT-mixed
HDW,47.600_-122.850__c1092,467610,0.8587665400997361,0.2949359508992537,1.00361679468645,0.1655931224738564,FLAT-mixed
HDW,47.600_-122.950__c885,171236,0.9041577856102578,0.35674157303370785,0.9884540035846776,0.21938143848256209,NATURAL-like
HDW,47.650_-122.650__c728,744505,1.049957003529171,0.36386458116466647,1.0163208046931715,0.23978482347331448,NATURAL-like
HDW,47.800_-122.700__c671,250434,0.9283295065020299,0.3353298673502799,0.9800869004250152,0.2069327647204453,NATURAL-like
HDW,47.800_-123.100__c1360,568213,0.9301588351807318,0.3300188485655907,1.0188345255452607,0.20094401219261088,NATURAL-like
HDW,47.800_-123.150__c466,627987,1.09456066062486,0.3626985908943975,1.0155925558620262,0.24149385257975087,NATURAL-like
HDW,47.800_-123.300__c502,700877,1.0876107166008453,0.39004846784813885,1.0407691900196006,0.26422325172605177,NATURAL-like
HDW,47.900_-123.200__c586,410169,0.9967046178349299,0.3608585729296948,1.020148456057007,0.232599245676782,NATURAL-like
HDW,47.900_-123.400__c296,206111,0.9108922609967601,0.35078186025976293,1.0146893590850492,0.21939634468805644,NATURAL-like
HDW,48.000_-123.000__c94,119998,0.876172291322561,0.35539758995983267,0.9433507510171028,0.21713695228253804,FLAT-mixed
HDW,48.000_-123.050__c843,250155,0.8940243780883784,0.3334572565009694,0.9491187167770213,0.20111131098718793,FLAT-mixed
HDW,48.000_-123.550__c27,145176,0.8979622298583642,0.3601008431145644,0.9878004905968929,0.22086295255414118,FLAT-mixed
HDW,48.000_-123.600__c302,174554,0.9034923956137743,0.35963655946010975,1.0132063754916167,0.21925020337545975,NATURAL-like
HDW,48.100_-123.000__c1187,204708,0.9527858007194697,0.36107528772690856,0.9860358943899001,0.22819332903452724,NATURAL-like
HDW,48.100_-123.700__c589,154454,0.9169603008695821,0.35833322542634055,0.9849641381640583,0.22121149338961762,NATURAL-like
HDW,48.150_-123.200__c1088,185857,0.8440801865794427,0.316775800750039,0.9269951800959024,0.1875420350054074,FLAT-mixed
HDW,48.200_-122.850__c179,268600,0.9671269103290695,0.32893894266567386,0.9423075258204988,0.20707371556217424,NATURAL-like
HDW,48.200_-123.150__c1143,135377,0.9159079709316226,0.35897530599732597,0.9403427592116538,0.223974530385516,NATURAL-like
HDW,48.250_-123.300__c1076,148459,0.9173797654755771,0.360671970038866,0.97428485204657,0.22286961383277537,NATURAL-like
HDW,48.300_-123.050__c351,123513,0.9494655604068739,0.35282925683936106,0.9226705001586917,0.22549853051905466,NATURAL-like
HDW,48.400_-123.000__c597,369227,0.8583360303944946,0.3110010914694754,0.9634943744173275,0.1821968599262784,FLAT-mixed
HDW,48.400_-123.600__c663,130809,0.942708479416739,0.34596243377749236,0.9260445069926995,0.21958733726272658,NATURAL-like
HDW,48.400_-123.750__c1088,147973,0.9317563107013976,0.3571192041791408,0.9455604944476731,0.22328397748237855,NATURAL-like
NLLB,48.200_-123.450__c1215,58685,1.8405377566338712,0.4686546817755815,0.9645715678706375,0.37648462128312177,BLAST
NLLB,48.250_-122.900__c669,53016,1.0848973041620635,0.2600535687339671,0.7675522938660179,0.16870378753583823,NATURAL-like
NLLB,48.300_-123.300__c438,43865,1.1364039305145666,0.2924655192066568,0.8974739970282318,0.1913826513165394,FLAT-mixed
NLLB,48.350_-122.900__c1072,46234,1.1460826175176517,0.28993814076220964,0.9009824323670329,0.18765410736687285,FLAT-mixed
NLLB,48.450_-123.800__c105,27944,1.947018401413771,0.56981820784426,1.4946469125121662,0.4495777268823361,BLAST
NLLB,48.550_-123.700__c1201,44120,1.7734731212734454,0.4685856754306437,1.024448254881354,0.3701722574796011,BLAST
NLLB,48.600_-123.300__c1229,308594,0.8952014610303746,0.10186523393196238,0.2516892441009971,0.05625838480333383,FLAT-mixed
NLLB,48.600_-123.400__c1198,86254,1.6052407355056235,0.31715630579451387,0.5718995087477377,0.24468430449602338,FLAT-mixed
NLLB,48.600_-124.150__c886,39493,1.437613714294532,0.422657179753374,1.0533772447648047,0.3196262628820297,BLAST
NLLB,48.600_-124.300__c39,38736,1.619239414337518,0.4611988847583643,1.1837220371251784,0.36224700536968196,BLAST
NLLB,48.650_-123.950__c1205,68289,1.6473440291620998,0.478759390238545,1.0533333333333332,0.3803833706746328,BLAST
NLLB,48.650_-124.000__c701,51451,1.8716805765822608,0.5482497910633418,1.3191242969008492,0.4412742220753727,BLAST
NLLB,48.700_-124.150__c506,41288,1.4004122811566126,0.4352838597171091,1.102853965900667,0.32830362332881224,BLAST
NLLB,48.800_-123.950__c315,45971,1.8722309431541444,0.5533923560505536,1.3837084673097535,0.44119118574753646,BLAST
NLLB,48.800_-124.450__c876,54119,1.2443232077524862,0.3147138712836527,0.882994424401443,0.21184796467044845,FLAT-mixed
NLLB,48.850_-124.800__c1112,122840,2.5619792326604864,0.4907440573103224,0.7593181310466894,0.41198306740475416,BLAST
NLLB,48.850_-124.950__c138,47699,1.4286711889655799,0.41321620998343783,1.0049909255898366,0.31552024151449715,BLAST
NLLB,48.900_-123.500__c986,97099,1.3907992619207097,0.26358664867815323,0.43589349193327864,0.19696392341836683,FLAT-mixed
NLLB,48.950_-123.400__c68,52148,1.4078039473959398,0.3367530873667255,0.6903176716758608,0.24852343330520826,FLAT-mixed
NLLB,48.950_-123.800__c176,108969,1.0874787431122224,0.23509438464150353,0.4492513500245459,0.1570721948444053,NATURAL-like
NLLB,48.950_-124.050__c1114,103090,1.4236911215290609,0.4217770879813755,0.9353440324663346,0.33692889708022117,BLAST
NLLB,48.950_-124.150__c980,157736,1.1001824532189985,0.1834711162955825,0.36449485360247824,0.12295861439367044,NATURAL-like
NLLB,48.950_-124.500__c938,99803,1.2180118642561033,0.25935092131499055,0.5551845600645777,0.18152760939049928,FLAT-mixed
NLLB,49.000_-123.600__c191,136388,1.0950897827661454,0.21790773381822448,0.4009235093354748,0.14641317417954658,NATURAL-like
NLLB,49.000_-123.600__c266,270282,0.9205729141960336,0.12252388246350109,0.27878376912227404,0.07056333755115028,NATURAL-like
NLLB,49.000_-123.900__c303,44534,0.877547464412962,0.2746665469079804,0.848227929215754,0.17076840167063367,FLAT-mixed
NLLB,49.000_-124.400__c918,29281,1.518733493607991,0.41709641064171304,1.0840947546531303,0.31037191352754345,BLAST
NLLB,49.050_-124.450__c1402,200974,0.8148240145321947,0.10764078935583707,0.3010065073968161,0.05550469214923323,FLAT-mixed
NLLB,49.100_-124.100__c1393,31360,1.6826186502651967,0.4537946428571429,1.141153406306159,0.3490752551020408,BLAST
NLLB,49.100_-124.350__c57,98970,1.7543261882870742,0.3613317166818228,0.6606933376481534,0.2926947559866626,FLAT-mixed
NLLB,49.100_-124.400__c1151,86488,0.9928776584823626,0.22050457866987327,0.4674850957012865,0.14215844972712977,NATURAL-like
NLLB,49.100_-124.550__c80,61462,0.9994529960086683,0.23718720510233965,0.6836009137415141,0.1481240441248251,NATURAL-like
NLLB,49.100_-125.300__c287,394903,1.020244335730371,0.12964196270983,0.23587165427771967,0.08233161054740025,NATURAL-like
NLLB,49.150_-124.600__c1156,44200,1.1806456247839128,0.2960180995475113,0.9406902252531515,0.19058823529411764,FLAT-mixed
NLLB,49.150_-124.950__c511,261808,0.9126441020908752,0.11478640836032512,0.25008437210821405,0.0657160972926725,NATURAL-like
NLLB,49.200_-124.100__c1070,144648,1.4761073678340564,0.267193462750954,0.40837431786027084,0.20453791272606603,FLAT-mixed
NLLB,49.200_-125.450__c30,350622,0.8670531772715269,0.09082430651813064,0.2542364519868775,0.046679900291481995,FLAT-mixed
NLLB,49.250_-124.950__c590,149073,1.3065903914403532,0.24048620474532612,0.42555671499300635,0.17347876543706775,FLAT-mixed
NLLB,49.300_-124.800__c458,132680,1.38857731098935,0.24904280976786253,0.3901889429797079,0.18772233946337052,FLAT-mixed
NLLB,49.300_-124.850__c257,286825,0.9477954021046215,0.12336790726052471,0.2512067957219463,0.07345245358668177,NATURAL-like
NLLB,49.300_-124.950__c187,381513,0.9146221631983283,0.08656585751992724,0.20566090451253322,0.0474610301614886,NATURAL-like
NLLB,49.400_-125.350__c471,327166,0.9057954901936359,0.10947042174309066,0.26039892809525694,0.060941540380112846,NATURAL-like
NLLB,49.500_-124.700__c527,44704,1.201537319288821,0.30800375805297064,0.9247404844290658,0.20555207587687901,FLAT-mixed
NLLB,49.550_-125.350__c97,350146,1.17897195797045,0.16197243435595438,0.2374396048959239,0.1156117733745352,FLAT-mixed
PGC,47.900_-122.800__c760,42980,1.3929681032621504,0.3391344811540251,0.8605177826959699,0.23071195905072125,FLAT-mixed
PGC,47.950_-122.800__c706,54967,1.2109155732095476,0.29266650899630686,0.8279527403485202,0.1886404570014736,FLAT-mixed
PGC,47.950_-123.250__c889,54847,1.2310421963584761,0.28513865844986963,0.8283834882621711,0.17895235837876275,FLAT-mixed
PGC,47.950_-123.550__c599,58980,1.304480335581437,0.2940149203119702,0.8286972477064221,0.19089521871820955,FLAT-mixed
PGC,48.050_-123.650__c1151,55787,1.2655636352226471,0.27416781687489916,0.8152689415847311,0.17444924444763116,FLAT-mixed
PGC,48.150_-122.850__c174,64843,1.2514895524931944,0.29566799808768873,0.8354238827050476,0.1930200638465216,FLAT-mixed
PGC,48.150_-123.600__c351,61864,1.2444382943027736,0.2880512091038407,0.8240627297231071,0.18640889693521273,FLAT-mixed
PGC,48.200_-123.150__c1230,49928,1.240330065591703,0.29418362441916357,0.8303404495847646,0.19045425412594136,FLAT-mixed
PGC,48.200_-123.600__c1290,68468,1.290600742654943,0.30428813460302623,0.8522483253741867,0.19980136706198517,FLAT-mixed
PGC,48.250_-123.400__c282,44198,1.278973099897339,0.2970270147970496,0.8431421076077811,0.19168288157835195,FLAT-mixed
PGC,48.300_-123.350__c1680,46171,1.3027245511212884,0.3042169327066774,0.841917873249466,0.2025297264516688,FLAT-mixed
PGC,48.300_-123.500__c274,79181,1.1769955618833805,0.277490812189793,0.817324722744489,0.1752314317828772,FLAT-mixed
PGC,48.300_-123.550__c4,19177,1.3891749599149887,0.3016634510090212,0.7818023128954833,0.196016060906294,FLAT-mixed
PGC,48.350_-122.800__c1562,53706,1.1943750796331167,0.2866160205563624,0.8159772326438993,0.18254943581722713,FLAT-mixed
PGC,48.350_-123.150__c1372,68920,1.2314219596408562,0.2827045850261172,0.8183124550935615,0.1789611143354614,FLAT-mixed
PGC,48.350_-123.800__c1009,70023,1.275273470472664,0.29538865801236736,0.8242618504592245,0.193607814575211,FLAT-mixed
PGC,48.400_-122.750__c1121,71836,1.2119163370089427,0.29343226237541065,0.8314701539759545,0.186132301353082,FLAT-mixed
PGC,48.400_-123.000__c675,49600,1.296091107802773,0.2898790322580645,0.8261573466351624,0.19235887096774193,FLAT-mixed
PGC,48.400_-123.350__c195,28202,1.3877252640507525,0.30997801574356426,0.799803803199517,0.20973689809233387,FLAT-mixed
PGC,48.400_-123.700__c1707,73184,1.189772299909346,0.283736882378662,0.8240883258347147,0.18189768255356362,FLAT-mixed
PGC,48.400_-123.750__c1668,47381,1.2535223940561369,0.2928600071758722,0.847526772055074,0.19176463139233027,FLAT-mixed
PGC,48.400_-123.900__c998,67495,1.2496755264326598,0.28911771242314244,0.8331183489197033,0.18786576783465442,FLAT-mixed
PGC,48.450_-123.100__c1068,60306,1.2849117862221169,0.2904188637946473,0.8316225463713308,0.18595164660232813,FLAT-mixed
PGC,48.500_-122.750__c142,66983,1.2246578670567165,0.2930295746681994,0.8494163042411955,0.1883910843049729,FLAT-mixed
PGC,48.500_-123.350__c724,63778,1.216231747925054,0.2764119288782966,0.8128151684260069,0.17347674746777886,FLAT-mixed
PGC,48.500_-124.200__c430,63670,1.2525166131529923,0.29090623527564,0.8288003802926895,0.186210146065651,FLAT-mixed
PGC,48.550_-123.250__c1672,53727,1.318773413315469,0.30736873452826324,0.8514199197970374,0.20542743871796304,FLAT-mixed
PGC,48.550_-124.150__c3,48460,1.208054049768047,0.2736483697895171,0.8074580759046779,0.17439125051588938,FLAT-mixed
PGC,48.600_-123.250__c739,37043,1.3207799576922252,0.29136409038144856,0.8120518158686097,0.18573009745430985,FLAT-mixed
PGC,48.600_-123.300__c71,52415,1.2969950901257112,0.3089764380425451,0.8614981842749768,0.2050939616521988,FLAT-mixed
PGC,48.600_-123.350__c266,59001,1.215071014699614,0.2738258673581804,0.8203224980803686,0.1721326757173607,FLAT-mixed
PGC,48.600_-123.450__c1311,54338,1.2857837316398666,0.28096359821855793,0.8206677265500795,0.18090470757112886,FLAT-mixed
PGC,48.600_-123.800__c1477,55362,1.2414845820113147,0.29594306564069217,0.8286755771567437,0.1931288609515552,FLAT-mixed
PGC,48.600_-123.900__c1296,62746,1.2816264968613746,0.3006088037484461,0.8471824593254661,0.1965065502183406,FLAT-mixed
PGC,48.650_-123.250__c1269,56366,1.212037274053179,0.2674484618386971,0.7985646836638338,0.16671397651066244,FLAT-mixed
PGC,48.650_-123.400__c1105,38620,1.414272699270365,0.32389953392024856,0.851952770208901,0.2173226307612636,FLAT-mixed
PGC,48.650_-123.950__c80,57581,1.2251998550763983,0.2722425800177142,0.8032720139171633,0.17007346173216858,FLAT-mixed
PGC,48.700_-123.400__c33,53816,1.3347922955580493,0.2944477478816709,0.8279773156899811,0.1941801694663297,FLAT-mixed
PGC,48.700_-123.400__c846,42936,1.305466337311205,0.30305571082541455,0.8363978057700122,0.2007406372275014,FLAT-mixed
PGC,48.700_-124.400__c263,56740,1.2460229168671069,0.28394430736693693,0.820747172398035,0.18366231935142757,FLAT-mixed
PGC,48.750_-123.500__c1103,60163,1.2307201347222665,0.2751192593454449,0.8109541264813694,0.17173345744061966,FLAT-mixed
PGC,48.750_-123.650__c966,61628,1.2650308607156497,0.29436295190497824,0.8311438080224207,0.187674433698968,FLAT-mixed
PGC,48.750_-124.300__c530,54615,1.2736264001363962,0.29034148127803716,0.8357566824682309,0.18379566053282065,FLAT-mixed
PGC,48.800_-123.500__c1056,57771,1.3226332142921597,0.29944089595125584,0.8373285089703,0.1961710893008603,FLAT-mixed
PGC,48.800_-123.600__c30,74780,1.1494472032241885,0.2730409200320941,0.7961700193203773,0.17213158598555764,FLAT-mixed
PGC,48.800_-123.700__c1310,59540,1.2612999752566778,0.30080618071884446,0.8532514156704541,0.19539805172992947,FLAT-mixed
PGC,48.800_-123.850__c1048,56142,1.3185936693182223,0.30846781375797083,0.8557495674060092,0.20337715079619537,FLAT-mixed
PGC,48.850_-123.750__c966,45480,1.2906279466130266,0.28247581354441514,0.8231434819815536,0.18214599824098504,FLAT-mixed
PGC,48.850_-123.950__c356,72465,1.2204939819508387,0.2784516663216725,0.8194804035353986,0.17503622438418548,FLAT-mixed
PGC,48.850_-124.300__c874,51443,1.2717348245333546,0.31238458099255484,0.846531273999488,0.20850261454425287,FLAT-mixed
PGC,48.900_-123.550__c811,50257,1.2775787525450382,0.2820900571064727,0.8281411805315844,0.18174582645203652,FLAT-mixed
PGC,48.900_-124.150__c947,58992,1.2553506881959904,0.2874966097097912,0.8160306737264926,0.18705926227285055,FLAT-mixed
PGC,48.950_-123.700__c1226,60656,1.2389823179771409,0.2769058295964126,0.8162376518075275,0.17304141387496702,FLAT-mixed
PGC,48.950_-124.150__c522,56031,1.2006233313592165,0.2861094751119916,0.8199714913125554,0.18359479573807358,FLAT-mixed
PGC,49.050_-124.200__c353,40890,1.3374393034341832,0.31508926387869896,0.8521992238033635,0.20975788701393983,FLAT-mixed
PGC,49.150_-124.500__c708,58068,1.274006447708707,0.2869222291106978,0.83573885731379,0.1812357925191155,FLAT-mixed
