tag,stem,cell,cell_lat,cell_lon,src_lat,src_lon,src_dep,n_fam,sta_lat,sta_lon,n_days,sigma_daily,site
ALSE,alse,43.50_-123.50,43.5,-123.5,43.6,-123.5,25.84,7,44.382,-123.59,2599,0.1282,0
ALSE,alse,44.00_-123.50,44.0,-123.5,43.95,-123.6,28.94,9,44.382,-123.59,2595,0.1422,0
ALSE,alse,44.50_-123.50,44.5,-123.5,44.6,-123.525,28.43,36,44.382,-123.59,2600,0.1494,0
ALSE,alse,44.50_-124.00,44.5,-124.0,44.575,-123.8,20.55,4,44.382,-123.59,2497,0.1736,0
ALSE,alse,45.00_-123.00,45.0,-123.0,45.0,-123.2,32.2,5,44.382,-123.59,2596,0.0986,0
ALSE,alse,45.00_-123.50,45.0,-123.5,44.95,-123.5,28.3,33,44.382,-123.59,2601,0.1128,0
ALSE,alse,45.00_-124.00,45.0,-124.0,45.0,-123.75,46.79,1,44.382,-123.59,2554,0.2305,0
ANGUS,angus,46.50_-123.00,46.5,-123.0,46.55,-123.15,45.28,1,47.101,-123.493,1405,0.4201,1
ANGUS,angus,47.00_-123.00,47.0,-123.0,47.05,-123.0,41.26,11,47.101,-123.493,1603,0.1363,1
ANGUS,angus,47.00_-123.50,47.0,-123.5,47.25,-123.3,40.95,1,47.101,-123.493,1119,0.2855,1
ANGUS,angus,47.50_-122.50,47.5,-122.5,47.5,-122.7,23.86,3,47.101,-123.493,1590,0.1421,1
ANGUS,angus,47.50_-123.00,47.5,-123.0,47.45,-122.975,31.63,24,47.101,-123.493,1607,0.1452,1
ANGUS,angus,47.50_-123.50,47.5,-123.5,47.575,-123.325,41.92,2,47.101,-123.493,1524,0.3541,1
ANGUS,angus,48.00_-123.00,48.0,-123.0,47.85,-123.125,42.95,14,47.101,-123.493,1609,0.1614,1
ANGUS,angus,48.00_-123.50,48.0,-123.5,47.85,-123.325,41.49,4,47.101,-123.493,1490,0.2774,1
AONC,aonc,40.00_-122.50,40.0,-122.5,40.175,-122.4,23.82,4,39.94,-122.061,2225,0.036,2
AONC,aonc,40.50_-122.50,40.5,-122.5,40.45,-122.6,20.72,24,39.94,-122.061,2225,0.0262,2
AONC,aonc,40.50_-123.00,40.5,-123.0,40.55,-122.85,23.21,15,39.94,-122.061,2225,0.032,2
AONC,aonc,41.00_-122.50,41.0,-122.5,40.8,-122.7,19.9,3,39.94,-122.061,2225,0.0547,2
AONC,aonc,41.00_-123.00,41.0,-123.0,40.8,-123.05,32.01,7,39.94,-122.061,2225,0.032,2
ARTIC,artic,46.00_-123.00,46.0,-123.0,46.025,-123.0,23.02,8,46.805,-123.759,1928,0.0519,3
ARTIC,artic,46.00_-123.50,46.0,-123.5,45.95,-123.35,41.73,1,46.805,-123.759,1902,0.0446,3
ARTIC,artic,46.50_-122.50,46.5,-122.5,46.6,-122.65,19.89,3,46.805,-123.759,1926,0.0481,3
ARTIC,artic,46.50_-123.00,46.5,-123.0,46.5,-123.0,44.6,9,46.805,-123.759,1926,0.057,3
ARTIC,artic,46.50_-123.50,46.5,-123.5,46.4,-123.4,31.98,1,46.805,-123.759,1847,0.0915,3
ARTIC,artic,47.00_-122.50,47.0,-122.5,47.05,-122.7,44.96,5,46.805,-123.759,1925,0.0414,3
ARTIC,artic,47.00_-123.00,47.0,-123.0,46.95,-122.8,40.19,34,46.805,-123.759,1927,0.0467,3
ARTIC,artic,47.50_-122.50,47.5,-122.5,47.45,-122.7,34.96,5,46.805,-123.759,1926,0.0368,3
ARTIC,artic,47.50_-123.00,47.5,-123.0,47.45,-122.9,32.74,34,46.805,-123.759,1928,0.048,3
ARTIC,artic,47.50_-123.50,47.5,-123.5,47.5,-123.3,43.19,3,46.805,-123.759,1926,0.0663,3
B001p90f40,b001,47.50_-123.00,47.5,-123.0,47.5,-123.05,24.78,1,48.0431,-123.1314,5948,0.1112,4
B001p90f40,b001,48.00_-123.00,48.0,-123.0,48.05,-123.1,40.37,64,48.0431,-123.1314,5948,0.0864,4
B001p90f40,b001,48.00_-123.50,48.0,-123.5,48.15,-123.5,39.57,9,48.0431,-123.1314,5948,0.0969,4
B001p90f40,b001,48.00_-124.00,48.0,-124.0,48.25,-123.85,35.4,1,48.0431,-123.1314,5948,0.155,4
B001p90f40,b001,48.50_-123.00,48.5,-123.0,48.3,-123.15,18.0,5,48.0431,-123.1314,5948,0.1017,4
B001p90f40,b001,48.50_-123.50,48.5,-123.5,48.35,-123.45,24.49,6,48.0431,-123.1314,5948,0.101,4
B001p90f40,b001,48.50_-124.00,48.5,-124.0,48.5,-123.8,31.17,11,48.0431,-123.1314,5948,0.0944,4
B001p90f40,b001,49.00_-123.50,49.0,-123.5,48.8,-123.55,34.29,1,48.0431,-123.1314,5948,0.1003,4
B003p90f40,b003,48.00_-123.50,48.0,-123.5,48.25,-123.5,35.68,19,48.0624,-124.1409,5476,0.0307,5
B003p90f40,b003,48.00_-124.00,48.0,-124.0,48.2,-123.825,31.34,2,48.0624,-124.1409,4585,0.1009,5
B003p90f40,b003,48.50_-123.50,48.5,-123.5,48.4,-123.65,23.87,25,48.0624,-124.1409,5482,0.0397,5
B003p90f40,b003,48.50_-124.00,48.5,-124.0,48.5,-123.875,31.17,34,48.0624,-124.1409,5481,0.0434,5
B003p90f40,b003,49.00_-124.00,49.0,-124.0,48.8,-124.25,21.55,1,48.0624,-124.1409,5355,0.0486,5
B003p90f40,b003,49.00_-124.50,49.0,-124.5,48.75,-124.325,20.65,2,48.0624,-124.1409,5418,0.0664,5
B004p90f40,b004,48.00_-123.00,48.0,-123.0,48.25,-123.25,41.01,1,48.2019,-124.427,2491,0.3729,6
B004p90f40,b004,48.00_-123.50,48.0,-123.5,48.2,-123.55,35.46,11,48.2019,-124.427,4385,0.1825,6
B004p90f40,b004,48.50_-123.50,48.5,-123.5,48.35,-123.575,20.59,4,48.2019,-124.427,4159,0.1944,6
B004p90f40,b004,48.50_-124.00,48.5,-124.0,48.55,-123.925,29.45,20,48.2019,-124.427,4255,0.2202,6
B004p90f40,b004,48.50_-124.50,48.5,-124.5,48.7,-124.3,36.81,5,48.2019,-124.427,3959,0.2143,6
B004p90f40,b004,49.00_-124.00,49.0,-124.0,48.75,-124.175,24.37,6,48.2019,-124.427,3901,0.1822,6
B004p90f40,b004,49.00_-124.50,49.0,-124.5,48.85,-124.35,28.36,13,48.2019,-124.427,4202,0.1787,6
B004p90f40,b004,49.00_-125.00,49.0,-125.0,48.925,-124.75,31.31,4,48.2019,-124.427,4029,0.2303,6
B005p90f40,b005,47.00_-123.00,47.0,-123.0,47.25,-123.1,38.21,1,48.0595,-123.5033,5871,0.0895,7
B005p90f40,b005,47.50_-123.00,47.5,-123.0,47.6,-123.1,36.43,11,48.0595,-123.5033,5879,0.0908,7
B005p90f40,b005,48.00_-122.50,48.0,-122.5,47.75,-122.7,29.8,1,48.0595,-123.5033,5767,0.0807,7
B005p90f40,b005,48.00_-123.00,48.0,-123.0,47.9,-123.1,41.69,9,48.0595,-123.5033,5879,0.0814,7
B005p90f40,b005,48.00_-123.50,48.0,-123.5,48.05,-123.5,39.7,15,48.0595,-123.5033,5879,0.0821,7
B005p90f40,b005,48.00_-124.00,48.0,-124.0,48.25,-123.8,34.34,1,48.0595,-123.5033,5716,0.1355,7
B005p90f40,b005,48.50_-123.50,48.5,-123.5,48.45,-123.6,23.37,11,48.0595,-123.5033,5879,0.0925,7
B005p90f40,b005,48.50_-124.00,48.5,-124.0,48.575,-123.9,29.4,24,48.0595,-123.5033,5879,0.0887,7
B005p90f40,b005,49.00_-123.50,49.0,-123.5,48.85,-123.625,25.81,2,48.0595,-123.5033,5851,0.0815,7
B005p90f40,b005,49.00_-124.00,49.0,-124.0,48.85,-124.0,23.5,9,48.0595,-123.5033,5879,0.1085,7
B005p90f40,b005,49.00_-124.50,49.0,-124.5,48.85,-124.45,30.26,13,48.0595,-123.5033,5879,0.0938,7
B009p90f40,b009,48.00_-123.00,48.0,-123.0,48.2,-123.0,22.43,1,48.649,-123.451,3845,0.2654,8
B009p90f40,b009,48.00_-123.50,48.0,-123.5,48.25,-123.4,41.26,5,48.649,-123.451,5971,0.0992,8
B009p90f40,b009,48.50_-123.50,48.5,-123.5,48.4,-123.45,19.12,1,48.649,-123.451,5836,0.2369,8
B009p90f40,b009,48.50_-124.00,48.5,-124.0,48.5,-123.9,35.62,2,48.649,-123.451,5553,0.2335,8
B009p90f40,b009,48.50_-124.50,48.5,-124.5,48.7,-124.55,38.41,1,48.649,-123.451,1085,0.4271,8
B010p90f40,b010,48.00_-123.00,48.0,-123.0,48.2,-123.15,31.3,1,48.65,-123.451,5805,0.2006,8
B010p90f40,b010,48.00_-123.50,48.0,-123.5,48.2,-123.5,36.83,19,48.65,-123.451,5807,0.1156,8
B010p90f40,b010,48.00_-124.00,48.0,-124.0,48.2,-123.8,33.01,3,48.65,-123.451,5807,0.1152,8
B010p90f40,b010,48.50_-123.50,48.5,-123.5,48.4,-123.65,22.22,11,48.65,-123.451,5807,0.1015,8
B010p90f40,b010,48.50_-124.00,48.5,-124.0,48.55,-123.9,31.17,23,48.65,-123.451,5807,0.1025,8
B010p90f40,b010,48.50_-124.50,48.5,-124.5,48.65,-124.35,35.74,3,48.65,-123.451,5805,0.1229,8
B010p90f40,b010,49.00_-124.00,49.0,-124.0,48.75,-124.075,26.28,2,48.65,-123.451,5806,0.1514,8
B010p90f40,b010,49.00_-124.50,49.0,-124.5,48.9,-124.5,34.6,21,48.65,-123.451,5807,0.1171,8
B010p90f40,b010,49.00_-125.00,49.0,-125.0,48.875,-124.775,27.87,2,48.65,-123.451,5805,0.1579,8
B011p90f40,b011,48.00_-123.00,48.0,-123.0,47.95,-123.1,43.63,8,48.6495,-123.4482,5907,0.0868,8
B011p90f40,b011,48.00_-123.50,48.0,-123.5,48.1,-123.55,39.68,11,48.6495,-123.4482,5908,0.0785,8
B011p90f40,b011,48.00_-124.00,48.0,-124.0,48.225,-123.775,31.36,2,48.6495,-123.4482,5906,0.0982,8
B011p90f40,b011,48.50_-123.00,48.5,-123.0,48.35,-122.85,29.67,5,48.6495,-123.4482,5908,0.0778,8
B011p90f40,b011,48.50_-123.50,48.5,-123.5,48.4,-123.65,26.04,7,48.6495,-123.4482,5907,0.0761,8
B011p90f40,b011,48.50_-124.00,48.5,-124.0,48.55,-124.0,34.0,15,48.6495,-123.4482,5908,0.0836,8
B011p90f40,b011,48.50_-124.50,48.5,-124.5,48.7,-124.475,36.21,6,48.6495,-123.4482,5907,0.0922,8
B011p90f40,b011,49.00_-123.50,49.0,-123.5,48.85,-123.7,33.88,2,48.6495,-123.4482,5903,0.0858,8
B011p90f40,b011,49.00_-124.00,49.0,-124.0,48.8,-124.1,21.41,5,48.6495,-123.4482,5906,0.0867,8
B011p90f40,b011,49.00_-124.50,49.0,-124.5,48.9,-124.5,35.57,45,48.6495,-123.4482,5907,0.0721,8
B011p90f40,b011,49.00_-125.00,49.0,-125.0,49.0,-124.75,29.65,13,48.6495,-123.4482,5908,0.0859,8
B012p90f40,b012,48.50_-124.50,48.5,-124.5,48.7,-124.7,23.5,1,48.925,-125.542,2392,0.2395,11
B012p90f40,b012,49.00_-124.00,49.0,-124.0,48.75,-124.2,20.89,1,48.925,-125.542,3430,0.3189,11
B012p90f40,b012,49.00_-124.50,49.0,-124.5,48.975,-124.65,37.2,20,48.925,-125.542,4190,0.1847,11
B012p90f40,b012,49.00_-125.00,49.0,-125.0,49.15,-124.85,29.59,53,48.925,-125.542,4266,0.2045,11
B012p90f40,b012,49.00_-125.50,49.0,-125.5,49.2,-125.3,24.45,1,48.925,-125.542,3203,0.2339,11
B012p90f40,b012,49.50_-125.00,49.5,-125.0,49.3,-125.1,38.16,10,48.925,-125.542,3840,0.1976,11
B012p90f40,b012,49.50_-125.50,49.5,-125.5,49.35,-125.3,41.83,1,48.925,-125.542,3134,0.4817,11
B013p90f40,b013,47.50_-123.00,47.5,-123.0,47.475,-122.975,40.67,8,47.813,-122.9108,5916,0.0863,12
B013p90f40,b013,47.50_-123.50,47.5,-123.5,47.65,-123.3,44.97,1,47.813,-122.9108,5749,0.1777,12
B013p90f40,b013,48.00_-123.00,48.0,-123.0,47.9,-123.1,44.72,15,47.813,-122.9108,5949,0.0706,12
B013p90f40,b013,48.00_-123.50,48.0,-123.5,48.2,-123.45,41.04,11,47.813,-122.9108,5935,0.0613,12
B013p90f40,b013,48.50_-123.00,48.5,-123.0,48.3,-123.075,39.4,2,47.813,-122.9108,5814,0.1251,12
B013p90f40,b013,48.50_-123.50,48.5,-123.5,48.3,-123.65,28.87,5,47.813,-122.9108,5889,0.0996,12
B017p90f40,b017,46.50_-123.00,46.5,-123.0,46.7,-123.0,46.39,2,46.996,-123.5575,5360,0.0604,13
B017p90f40,b017,47.00_-123.00,47.0,-123.0,47.0,-123.05,41.13,29,46.996,-123.5575,6003,0.0865,13
B017p90f40,b017,47.50_-122.50,47.5,-122.5,47.7,-122.7,21.99,1,46.996,-123.5575,4211,0.0957,13
B017p90f40,b017,47.50_-123.00,47.5,-123.0,47.575,-122.85,40.07,14,46.996,-123.5575,6001,0.1018,13
B017p90f40,b017,48.00_-123.00,48.0,-123.0,47.825,-123.125,41.75,4,46.996,-123.5575,5866,0.0999,13
B017p90f40,b017,48.00_-123.50,48.0,-123.5,47.85,-123.3,42.56,1,46.996,-123.5575,4492,0.0589,13
B018p90f40,b018,46.00_-123.00,46.0,-123.0,46.15,-123.15,18.68,1,46.9795,-123.0203,5998,0.0789,14
B018p90f40,b018,46.50_-123.00,46.5,-123.0,46.55,-123.1,47.81,5,46.9795,-123.0203,6000,0.0367,14
B018p90f40,b018,47.00_-122.50,47.0,-122.5,46.95,-122.65,44.36,3,46.9795,-123.0203,6001,0.0362,14
B018p90f40,b018,47.00_-123.00,47.0,-123.0,47.1,-123.0,41.72,15,46.9795,-123.0203,6001,0.0489,14
B018p90f40,b018,47.50_-122.50,47.5,-122.5,47.5,-122.7,26.73,6,46.9795,-123.0203,6001,0.0805,14
B018p90f40,b018,47.50_-123.00,47.5,-123.0,47.5,-123.0,41.7,33,46.9795,-123.0203,6001,0.0406,14
B018p90f40,b018,47.50_-123.50,47.5,-123.5,47.6,-123.4,40.11,2,46.9795,-123.0203,6000,0.0777,14
B018p90f40,b018,48.00_-123.00,48.0,-123.0,47.8,-123.15,42.32,10,46.9795,-123.0203,6001,0.0445,14
B018p90f40,b018,48.00_-123.50,48.0,-123.5,47.8,-123.3,41.17,3,46.9795,-123.0203,6001,0.0662,14
B022p90f40,b022,45.50_-123.50,45.5,-123.5,45.65,-123.35,35.46,1,45.9546,-123.931,5863,0.0888,15
B022p90f40,b022,46.00_-123.00,46.0,-123.0,45.9,-123.25,40.62,17,45.9546,-123.931,5903,0.0657,15
B022p90f40,b022,46.00_-123.50,46.0,-123.5,45.875,-123.3,38.84,6,45.9546,-123.931,5900,0.0664,15
B023p90f40,b023,45.00_-123.50,45.0,-123.5,45.25,-123.475,39.76,2,46.1112,-123.0787,5445,0.0976,16
B023p90f40,b023,45.50_-123.00,45.5,-123.0,45.35,-123.1,25.1,9,46.1112,-123.0787,5562,0.1148,16
B023p90f40,b023,45.50_-123.50,45.5,-123.5,45.55,-123.4,39.2,5,46.1112,-123.0787,5560,0.1007,16
B023p90f40,b023,46.00_-123.00,46.0,-123.0,45.8,-122.8,12.8,1,46.1112,-123.0787,5483,0.1075,16
B023p90f40,b023,46.00_-123.50,46.0,-123.5,45.75,-123.4,29.9,3,46.1112,-123.0787,5563,0.0803,16
B023p90f40,b023,46.50_-123.00,46.5,-123.0,46.575,-122.925,42.48,6,46.1112,-123.0787,5512,0.1118,16
B023p90f40,b023,46.50_-123.50,46.5,-123.5,46.6,-123.4,25.42,1,46.1112,-123.0787,5530,0.1183,16
B023p90f40,b023,47.00_-122.50,47.0,-122.5,46.95,-122.65,40.0,7,46.1112,-123.0787,5545,0.1036,16
B023p90f40,b023,47.00_-123.00,47.0,-123.0,46.95,-122.9,41.14,15,46.1112,-123.0787,5554,0.0942,16
B024p90f40,b024,45.00_-123.00,45.0,-123.0,45.225,-122.975,25.25,2,45.638,-123.856,4949,0.1369,17
B024p90f40,b024,45.00_-123.50,45.0,-123.5,45.15,-123.45,32.98,24,45.638,-123.856,4949,0.1108,17
B024p90f40,b024,45.50_-123.00,45.5,-123.0,45.45,-123.2,27.69,15,45.638,-123.856,4949,0.1121,17
B024p90f40,b024,45.50_-123.50,45.5,-123.5,45.5,-123.4,36.42,50,45.638,-123.856,4949,0.1014,17
B024p90f40,b024,46.00_-123.00,46.0,-123.0,45.8,-123.2,30.64,6,45.638,-123.856,4949,0.0887,17
B024p90f40,b024,46.00_-123.50,46.0,-123.5,45.9,-123.3,42.9,3,45.638,-123.856,4949,0.0991,17
B027p90f40,b027,45.00_-123.50,45.0,-123.5,45.05,-123.4,27.13,13,44.497,-122.962,5914,0.0636,18
B031p90f40,b031,43.00_-123.50,43.0,-123.5,43.0,-123.5,33.18,1,43.664,-123.397,1281,0.0933,19
B031p90f40,b031,43.00_-124.00,43.0,-124.0,43.1,-123.9,28.14,1,43.664,-123.397,1207,0.1211,19
B031p90f40,b031,43.50_-123.50,43.5,-123.5,43.6,-123.5,27.33,41,43.664,-123.397,3568,0.0824,19
B031p90f40,b031,43.50_-124.00,43.5,-124.0,43.425,-123.8,30.73,2,43.664,-123.397,2030,0.0866,19
B031p90f40,b031,44.00_-123.00,44.0,-123.0,43.9,-123.2,28.01,5,43.664,-123.397,1876,0.0895,19
B031p90f40,b031,44.00_-123.50,44.0,-123.5,43.9,-123.55,26.91,23,43.664,-123.397,2454,0.1071,19
B032p90f40,b032,43.00_-123.50,43.0,-123.5,43.15,-123.45,35.77,9,43.668,-123.3923,5806,0.1137,19
B032p90f40,b032,43.50_-123.00,43.5,-123.0,43.4,-123.25,44.05,1,43.668,-123.3923,5801,0.1022,19
B032p90f40,b032,43.50_-123.50,43.5,-123.5,43.55,-123.5,27.31,11,43.668,-123.3923,5807,0.0579,19
B032p90f40,b032,43.50_-124.00,43.5,-124.0,43.35,-123.75,30.38,1,43.668,-123.3923,5800,0.0889,19
B032p90f40,b032,44.00_-123.00,44.0,-123.0,44.0,-123.225,19.49,2,43.668,-123.3923,5536,0.165,19
B032p90f40,b032,44.00_-123.50,44.0,-123.5,44.0,-123.4,24.66,8,43.668,-123.3923,5806,0.0776,19
B032p90f40,b032,44.50_-123.50,44.5,-123.5,44.5,-123.55,28.57,13,43.668,-123.3923,5806,0.0904,19
B033p90f40,b033,42.50_-123.50,42.5,-123.5,42.6,-123.5,29.71,1,43.2917,-123.1245,5999,0.096,21
B033p90f40,b033,43.00_-123.50,43.0,-123.5,43.1,-123.5,33.18,31,43.2917,-123.1245,6000,0.0921,21
B033p90f40,b033,43.00_-124.00,43.0,-124.0,43.25,-123.8,29.62,7,43.2917,-123.1245,5999,0.0674,21
B033p90f40,b033,43.50_-123.50,43.5,-123.5,43.55,-123.6,28.91,13,43.2917,-123.1245,6000,0.0928,21
B033p90f40,b033,44.00_-123.50,44.0,-123.5,43.8,-123.5,24.63,2,43.2917,-123.1245,5998,0.0934,21
B033p90f40,b033,44.00_-124.00,44.0,-124.0,43.95,-123.8,33.67,1,43.2917,-123.1245,5994,0.1193,21
B035p90f40,b035,41.50_-123.00,41.5,-123.0,41.675,-123.025,24.03,2,42.504,-123.383,4744,0.1792,22
B035p90f40,b035,42.00_-123.00,42.0,-123.0,42.075,-123.15,30.75,10,42.504,-123.383,5841,0.0395,22
B035p90f40,b035,42.00_-123.50,42.0,-123.5,42.15,-123.4,39.26,17,42.504,-123.383,5844,0.068,22
B035p90f40,b035,42.00_-124.00,42.0,-124.0,42.05,-123.8,37.4,5,42.504,-123.383,5777,0.068,22
B035p90f40,b035,42.50_-123.00,42.5,-123.0,42.4,-123.2,29.46,13,42.504,-123.383,5863,0.0929,22
B035p90f40,b035,42.50_-123.50,42.5,-123.5,42.5,-123.5,33.41,34,42.504,-123.383,5862,0.0734,22
B035p90f40,b035,42.50_-124.00,42.5,-124.0,42.45,-123.8,35.96,7,42.504,-123.383,5863,0.0211,22
B035p90f40,b035,43.00_-123.00,43.0,-123.0,42.825,-123.25,34.75,2,42.504,-123.383,5596,0.0322,22
B035p90f40,b035,43.00_-123.50,43.0,-123.5,42.925,-123.475,33.27,22,42.504,-123.383,5863,0.0725,22
B035p90f40,b035,43.00_-124.00,43.0,-124.0,42.95,-123.75,27.64,1,42.504,-123.383,5377,0.021,22
B036p90f40,b036,42.00_-123.00,42.0,-123.0,42.15,-123.2,32.7,3,42.5058,-123.3817,5938,0.2327,22
B036p90f40,b036,42.00_-123.50,42.0,-123.5,42.1,-123.45,43.02,21,42.5058,-123.3817,5943,0.1235,22
B036p90f40,b036,42.00_-124.00,42.0,-124.0,42.225,-123.825,29.54,4,42.5058,-123.3817,5943,0.0219,22
B036p90f40,b036,42.50_-123.00,42.5,-123.0,42.45,-123.2,27.34,7,42.5058,-123.3817,5943,0.0993,22
B036p90f40,b036,42.50_-123.50,42.5,-123.5,42.5,-123.45,33.42,34,42.5058,-123.3817,5943,0.1094,22
B036p90f40,b036,42.50_-124.00,42.5,-124.0,42.5,-123.85,36.34,15,42.5058,-123.3817,5943,0.0257,22
B036p90f40,b036,43.00_-123.50,43.0,-123.5,42.85,-123.55,31.19,11,42.5058,-123.3817,5943,0.1811,22
B036p90f40,b036,43.00_-124.00,43.0,-124.0,42.75,-123.75,27.15,1,42.5058,-123.3817,5750,0.1206,22
B039p90f40,b039,41.00_-123.00,41.0,-123.0,41.25,-123.0,23.18,11,41.4667,-122.4847,5563,0.0359,24
B039p90f40,b039,41.50_-123.00,41.5,-123.0,41.55,-123.05,27.18,67,41.4667,-122.4847,5564,0.0329,24
B039p90f40,b039,41.50_-123.50,41.5,-123.5,41.6,-123.3,35.49,3,41.4667,-122.4847,5564,0.0487,24
B039p90f40,b039,42.00_-123.00,42.0,-123.0,42.25,-123.25,36.29,1,41.4667,-122.4847,5502,0.0828,24
B039p90f40,b039,42.00_-123.50,42.0,-123.5,42.15,-123.35,40.47,3,41.4667,-122.4847,5562,0.0611,24
B039p90f40,b039,42.50_-123.50,42.5,-123.5,42.35,-123.45,39.78,1,41.4667,-122.4847,5562,0.0459,24
B040p90f40,b040,41.00_-123.00,41.0,-123.0,41.1,-123.0,21.29,16,41.8308,-122.4205,5939,0.1515,25
B040p90f40,b040,41.00_-123.50,41.0,-123.5,41.25,-123.3,35.56,1,41.8308,-122.4205,4273,0.1722,25
B040p90f40,b040,41.50_-123.00,41.5,-123.0,41.45,-123.1,32.23,38,41.8308,-122.4205,5939,0.1419,25
B040p90f40,b040,41.50_-123.50,41.5,-123.5,41.55,-123.35,37.54,11,41.8308,-122.4205,5937,0.1629,25
B040p90f40,b040,42.00_-123.00,42.0,-123.0,41.8,-123.25,33.0,5,41.8308,-122.4205,5939,0.1758,25
B040p90f40,b040,42.00_-123.50,42.0,-123.5,41.9,-123.4,40.23,8,41.8308,-122.4205,5939,0.1744,25
B040p90f40,b040,42.50_-123.50,42.5,-123.5,42.5,-123.45,32.81,1,41.8308,-122.4205,5708,0.1994,25
B045p90f40,b045,41.00_-123.00,41.0,-123.0,41.1,-123.1,23.18,3,40.436,-123.9965,5691,0.0647,26
B045p90f40,b045,41.50_-123.00,41.5,-123.0,41.3,-123.1,34.96,1,40.436,-123.9965,5703,0.0625,26
B201p90f40,b201,45.50_-123.00,45.5,-123.0,45.6,-123.2,24.93,3,46.3033,-122.2648,4265,0.1473,27
B201p90f40,b201,45.50_-123.50,45.5,-123.5,45.575,-123.35,32.79,6,46.3033,-122.2648,4320,0.1398,27
B201p90f40,b201,46.00_-123.00,46.0,-123.0,45.85,-123.2,33.66,10,46.3033,-122.2648,4297,0.1337,27
B201p90f40,b201,46.00_-123.50,46.0,-123.5,45.825,-123.3,32.48,6,46.3033,-122.2648,4451,0.1608,27
B201p90f40,b201,46.50_-123.00,46.5,-123.0,46.4,-123.15,36.71,5,46.3033,-122.2648,4695,0.1291,27
B201p90f40,b201,46.50_-123.50,46.5,-123.5,46.3,-123.3,23.38,1,46.3033,-122.2648,4211,0.0475,27
B201p90f40,b201,47.00_-123.00,47.0,-123.0,46.9,-122.95,41.88,8,46.3033,-122.2648,4529,0.1287,27
B926p90f40,b926,48.00_-123.50,48.0,-123.5,48.2,-123.7,34.26,1,48.82,-124.131,4612,0.2429,28
B926p90f40,b926,48.50_-124.00,48.5,-124.0,48.5,-123.9,31.24,14,48.82,-124.131,5354,0.1037,28
B926p90f40,b926,48.50_-124.50,48.5,-124.5,48.675,-124.475,36.74,2,48.82,-124.131,5431,0.1473,28
B926p90f40,b926,49.00_-124.00,49.0,-124.0,48.9,-124.2,23.0,1,48.82,-124.131,4447,0.1763,28
B926p90f40,b926,49.00_-124.50,49.0,-124.5,48.95,-124.6,36.11,53,48.82,-124.131,5486,0.0932,28
B926p90f40,b926,49.00_-125.00,49.0,-125.0,48.95,-124.8,27.8,38,48.82,-124.131,5472,0.1116,28
B926p90f40,b926,49.50_-125.00,49.5,-125.0,49.3,-124.95,19.63,1,48.82,-124.131,5173,0.1178,28
B927p90f40,b927,49.00_-124.50,49.0,-124.5,49.05,-124.6,42.49,34,49.2188,-124.8113,5969,0.1248,29
B927p90f40,b927,49.00_-125.00,49.0,-125.0,49.175,-124.925,29.59,12,49.2188,-124.8113,5975,0.1765,29
B927p90f40,b927,49.50_-125.00,49.5,-125.0,49.3,-125.1,40.31,9,49.2188,-124.8113,5951,0.1547,29
B928p90f40,b928,48.50_-124.00,48.5,-124.0,48.625,-123.95,22.04,2,48.8337,-125.1345,5822,0.178,30
B928p90f40,b928,49.00_-124.00,49.0,-124.0,48.8,-124.2,20.89,3,48.8337,-125.1345,5822,0.1293,30
B928p90f40,b928,49.00_-124.50,49.0,-124.5,48.95,-124.65,35.61,54,48.8337,-125.1345,5823,0.1108,30
B928p90f40,b928,49.00_-125.00,49.0,-125.0,49.0,-124.75,29.59,47,48.8337,-125.1345,5823,0.1113,30
B935p90f40,b935,40.50_-122.50,40.5,-122.5,40.4,-122.7,30.09,9,40.4787,-123.5732,5921,0.1762,31
B935p90f40,b935,40.50_-123.00,40.5,-123.0,40.65,-122.9,24.46,27,40.4787,-123.5732,5925,0.1347,31
B935p90f40,b935,41.00_-122.50,41.0,-122.5,41.0,-122.55,16.87,1,40.4787,-123.5732,5829,0.2571,31
B935p90f40,b935,41.00_-123.00,41.0,-123.0,40.9,-123.025,27.87,60,40.4787,-123.5732,5924,0.1542,31
B935p90f40,b935,41.00_-123.50,41.0,-123.5,41.25,-123.4,40.71,1,40.4787,-123.5732,5844,0.2394,31
B941p90f40,b941,46.00_-123.00,46.0,-123.0,46.2,-123.15,23.3,1,46.9868,-122.219,5961,0.1273,32
B941p90f40,b941,46.50_-123.00,46.5,-123.0,46.45,-123.25,26.36,1,46.9868,-122.219,6015,0.1028,32
B941p90f40,b941,47.00_-123.00,47.0,-123.0,46.85,-122.95,39.19,15,46.9868,-122.219,6015,0.0634,32
B941p90f40,b941,47.50_-123.00,47.5,-123.0,47.475,-122.875,20.03,8,46.9868,-122.219,6015,0.0809,32
B941p90f40,b941,48.00_-123.00,48.0,-123.0,47.75,-123.15,44.6,1,46.9868,-122.219,6015,0.1819,32
B943p90f40,b943,47.00_-123.00,47.0,-123.0,47.1,-123.0,41.26,3,47.813,-122.911,5994,0.098,12
B943p90f40,b943,47.50_-123.00,47.5,-123.0,47.45,-122.95,41.19,27,47.813,-122.911,5996,0.0736,12
B943p90f40,b943,47.50_-123.50,47.5,-123.5,47.6,-123.35,39.55,5,47.813,-122.911,5915,0.0999,12
B943p90f40,b943,48.00_-123.00,48.0,-123.0,47.975,-123.1,41.76,38,47.813,-122.911,5997,0.0901,12
B943p90f40,b943,48.00_-123.50,48.0,-123.5,48.05,-123.4,39.57,15,47.813,-122.911,5996,0.0721,12
B943p90f40,b943,48.50_-123.00,48.5,-123.0,48.325,-122.925,30.49,4,47.813,-122.911,5991,0.1098,12
B943p90f40,b943,48.50_-123.50,48.5,-123.5,48.4,-123.6,23.37,9,47.813,-122.911,5993,0.0848,12
B943p90f40,b943,48.50_-124.00,48.5,-124.0,48.525,-123.825,20.76,8,47.813,-122.911,5992,0.086,12
BABR,babr,44.00_-123.00,44.0,-123.0,44.0,-123.2,20.18,1,44.621,-123.789,581,0.4517,34
BABR,babr,44.00_-123.50,44.0,-123.5,44.15,-123.35,27.49,2,44.621,-123.789,620,0.3336,34
BABR,babr,44.50_-123.50,44.5,-123.5,44.65,-123.5,29.42,15,44.621,-123.789,619,0.3153,34
BABR,babr,45.00_-123.00,45.0,-123.0,45.05,-123.225,28.79,4,44.621,-123.789,617,0.2331,34
BABR,babr,45.00_-123.50,45.0,-123.5,44.975,-123.45,29.65,36,44.621,-123.789,620,0.2915,34
BABR,babr,45.50_-123.00,45.5,-123.0,45.35,-123.1,22.5,1,44.621,-123.789,504,0.3373,34
BABR,babr,45.50_-123.50,45.5,-123.5,45.35,-123.5,32.19,2,44.621,-123.789,608,0.2894,34
BBO,bbo,42.00_-123.00,42.0,-123.0,42.2,-123.25,34.9,3,42.888,-122.68,2189,0.2371,35
BBO,bbo,42.00_-123.50,42.0,-123.5,42.15,-123.4,42.17,11,42.888,-122.68,2522,0.1993,35
BBO,bbo,42.50_-123.00,42.5,-123.0,42.375,-123.25,32.47,4,42.888,-122.68,2246,0.2112,35
BBO,bbo,42.50_-123.50,42.5,-123.5,42.5,-123.45,32.32,50,42.888,-122.68,2593,0.1819,35
BBO,bbo,42.50_-124.00,42.5,-124.0,42.5,-123.775,38.98,2,42.888,-122.68,2133,0.1648,35
BBO,bbo,43.00_-123.00,43.0,-123.0,42.925,-123.25,38.6,4,42.888,-122.68,2447,0.2476,35
BBO,bbo,43.00_-123.50,43.0,-123.5,42.925,-123.45,33.7,36,42.888,-122.68,2602,0.2079,35
BBO,bbo,43.00_-124.00,43.0,-124.0,43.25,-123.75,29.58,3,42.888,-122.68,2446,0.2333,35
BBO,bbo,43.50_-123.50,43.5,-123.5,43.375,-123.65,29.48,2,42.888,-122.68,2280,0.2346,35
BBO,bbo,43.50_-124.00,43.5,-124.0,43.35,-123.9,30.44,1,42.888,-122.68,930,0.373,35
BCCR,bccr,40.00_-122.50,40.0,-122.5,40.2,-122.375,23.6,8,39.819,-121.734,2085,0.0778,36
BCCR,bccr,40.00_-123.00,40.0,-123.0,40.175,-122.85,25.93,4,39.819,-121.734,2058,0.0594,36
BCCR,bccr,40.50_-122.50,40.5,-122.5,40.55,-122.65,21.16,80,39.819,-121.734,2088,0.0497,36
BCCR,bccr,40.50_-123.00,40.5,-123.0,40.5,-122.825,24.93,30,39.819,-121.734,2086,0.0563,36
BEER,beer,43.00_-123.50,43.0,-123.5,43.25,-123.65,29.82,1,44.108,-123.847,3384,0.1958,37
BEER,beer,43.50_-123.50,43.5,-123.5,43.45,-123.45,27.36,5,44.108,-123.847,3381,0.1735,37
BEER,beer,43.50_-124.00,43.5,-124.0,43.375,-123.825,30.51,2,44.108,-123.847,3399,0.1582,37
BEER,beer,44.00_-123.50,44.0,-123.5,44.225,-123.5,31.73,2,44.108,-123.847,3376,0.1773,37
BEER,beer,44.50_-123.50,44.5,-123.5,44.55,-123.55,29.35,72,44.108,-123.847,3401,0.109,37
BEER,beer,44.50_-124.00,44.5,-124.0,44.55,-123.75,22.64,7,44.108,-123.847,3398,0.1423,37
BEER,beer,45.00_-123.00,45.0,-123.0,44.8,-123.15,42.49,1,44.108,-123.847,3385,0.1282,37
BEER,beer,45.00_-123.50,45.0,-123.5,44.85,-123.5,29.13,16,44.108,-123.847,3401,0.1683,37
BERY,bery,47.50_-123.00,47.5,-123.0,47.675,-122.8,26.63,10,48.264,-122.096,1361,0.0845,38
BERY,bery,47.50_-123.50,47.5,-123.5,47.7,-123.3,43.91,1,48.264,-122.096,1017,0.1377,38
BERY,bery,48.00_-123.00,48.0,-123.0,47.75,-122.8,24.52,2,48.264,-122.096,1276,0.1756,38
BERY,bery,48.00_-123.50,48.0,-123.5,48.25,-123.4,41.26,4,48.264,-122.096,1364,0.0877,38
BERY,bery,48.50_-123.00,48.5,-123.0,48.425,-123.2,32.22,2,48.264,-122.096,1380,0.1195,38
BERY,bery,48.50_-123.50,48.5,-123.5,48.3,-123.45,20.67,1,48.264,-122.096,866,0.1272,38
BFSB,bfsb,48.50_-124.00,48.5,-124.0,48.7,-124.15,29.61,3,48.834,-125.136,2869,0.2058,30
BFSB,bfsb,49.00_-124.00,49.0,-124.0,48.8,-124.2,17.37,1,48.834,-125.136,2609,0.1685,30
BFSB,bfsb,49.00_-124.50,49.0,-124.5,49.1,-124.6,40.53,13,48.834,-125.136,2881,0.1954,30
BFSB,bfsb,49.00_-125.00,49.0,-125.0,49.2,-125.0,30.09,20,48.834,-125.136,2880,0.1451,30
BFSB,bfsb,49.50_-125.00,49.5,-125.0,49.3,-125.05,38.16,6,48.834,-125.136,2875,0.1871,30
BHAM,bham,48.00_-123.00,48.0,-123.0,48.025,-123.025,43.64,8,48.787,-122.418,1789,0.015,40
BHAM,bham,48.00_-123.50,48.0,-123.5,48.1,-123.425,39.27,4,48.787,-122.418,1789,0.0118,40
BHAM,bham,48.00_-124.00,48.0,-124.0,48.25,-123.75,31.38,1,48.787,-122.418,1704,0.0616,40
BHAM,bham,48.50_-123.00,48.5,-123.0,48.35,-123.075,30.74,8,48.787,-122.418,1789,0.0201,40
BHAM,bham,48.50_-123.50,48.5,-123.5,48.4,-123.45,24.6,9,48.787,-122.418,1789,0.0116,40
BHAM,bham,48.50_-124.00,48.5,-124.0,48.4,-123.75,19.6,1,48.787,-122.418,1789,0.0147,40
BHAM,bham,49.00_-123.50,49.0,-123.5,48.85,-123.675,32.86,2,48.787,-122.418,1703,0.0597,40
BHW,bhw,47.00_-122.50,47.0,-122.5,47.0,-122.7,45.29,1,47.836,-122.031,1363,0.0221,41
BHW,bhw,47.00_-123.00,47.0,-123.0,47.1,-122.75,41.13,3,47.836,-122.031,1363,0.0416,41
BHW,bhw,47.50_-123.00,47.5,-123.0,47.6,-123.0,43.83,5,47.836,-122.031,1363,0.0288,41
BHW,bhw,48.00_-123.00,48.0,-123.0,48.0,-122.95,47.72,5,47.836,-122.031,1363,0.0198,41
BHW,bhw,48.00_-123.50,48.0,-123.5,48.05,-123.3,45.04,1,47.836,-122.031,1363,0.0244,41
BHW,bhw,48.50_-123.00,48.5,-123.0,48.4,-123.15,38.52,4,47.836,-122.031,1363,0.0552,41
BHW,bhw,48.50_-123.50,48.5,-123.5,48.575,-123.325,43.26,2,47.836,-122.031,1363,0.0228,41
BOIS,bois,46.00_-123.00,46.0,-123.0,46.05,-123.2,21.24,1,46.551,-123.13,36,0.1298,42
BOIS,bois,46.00_-123.50,46.0,-123.5,45.9,-123.3,42.9,1,46.551,-123.13,61,0.2919,42
BOIS,bois,46.50_-123.50,46.5,-123.5,46.35,-123.3,20.11,1,46.551,-123.13,910,0.3243,42
BOIS,bois,47.00_-122.50,47.0,-122.5,47.25,-122.6,34.18,1,46.551,-123.13,1332,0.167,42
BOIS,bois,47.50_-122.50,47.5,-122.5,47.3,-122.65,24.05,1,46.551,-123.13,454,0.3603,42
BST09,bst09,47.00_-123.00,47.0,-123.0,47.1,-122.95,42.18,5,47.654,-122.309,1895,0.0049,43
BST09,bst09,47.50_-123.00,47.5,-123.0,47.45,-122.95,30.07,17,47.654,-122.309,1894,0.0061,43
BST09,bst09,47.50_-123.50,47.5,-123.5,47.7,-123.35,40.57,3,47.654,-122.309,1894,0.0125,43
BST09,bst09,48.00_-123.00,48.0,-123.0,48.05,-123.0,28.5,12,47.654,-122.309,1894,0.0089,43
BST09,bst09,48.00_-123.50,48.0,-123.5,48.2,-123.5,34.06,9,47.654,-122.309,1894,0.005,43
BST09,bst09,48.50_-123.00,48.5,-123.0,48.375,-122.825,30.98,8,47.654,-122.309,1895,0.0048,43
BST09,bst09,48.50_-123.50,48.5,-123.5,48.4,-123.475,20.58,8,47.654,-122.309,1895,0.0064,43
BTB,btb,48.50_-124.00,48.5,-124.0,48.7,-124.2,32.38,1,49.469,-125.523,2339,0.0789,44
BTB,btb,49.00_-124.00,49.0,-124.0,49.1,-124.2,39.99,1,49.469,-125.523,2147,0.1007,44
BTB,btb,49.00_-124.50,49.0,-124.5,49.05,-124.6,40.53,11,49.469,-125.523,2536,0.0819,44
BTB,btb,49.00_-125.00,49.0,-125.0,49.15,-124.8,30.54,7,49.469,-125.523,2534,0.0969,44
BTB,btb,49.50_-125.00,49.5,-125.0,49.35,-125.1,33.58,1,49.469,-125.523,2488,0.0823,44
BTB,btb,49.50_-125.50,49.5,-125.5,49.4,-125.525,39.07,2,49.469,-125.523,2426,0.1458,44
BTB,btb,49.50_-126.00,49.5,-126.0,49.7,-126.25,36.52,1,49.469,-125.523,1299,0.1171,44
BTB,btb,50.00_-126.00,50.0,-126.0,49.9,-126.05,35.76,3,49.469,-125.523,2117,0.1433,44
BTB,btb,50.00_-126.50,50.0,-126.5,49.9,-126.6,24.12,23,49.469,-125.523,2543,0.0832,44
BTB,btb,50.00_-127.00,50.0,-127.0,50.125,-126.825,24.55,18,49.469,-125.523,2543,0.0931,44
BUCK,buck,43.50_-123.00,43.5,-123.0,43.55,-123.2,39.69,1,44.197,-122.986,2778,0.08,45
BUCK,buck,43.50_-123.50,43.5,-123.5,43.6,-123.5,27.33,28,44.197,-122.986,2784,0.0451,45
BUCK,buck,43.50_-124.00,43.5,-124.0,43.375,-123.8,30.51,2,44.197,-122.986,2764,0.1299,45
BUCK,buck,44.00_-123.00,44.0,-123.0,44.0,-123.1,22.95,1,44.197,-122.986,2783,0.0676,45
BUCK,buck,44.00_-123.50,44.0,-123.5,43.9,-123.475,25.77,10,44.197,-122.986,2784,0.045,45
BUCK,buck,44.50_-123.50,44.5,-123.5,44.5,-123.55,28.52,26,44.197,-122.986,2784,0.0367,45
BUCK,buck,45.00_-123.50,45.0,-123.5,45.0,-123.45,29.77,19,44.197,-122.986,2784,0.0394,45
CARB,carb,46.00_-123.00,46.0,-123.0,46.25,-123.05,23.47,3,46.988,-122.005,2477,0.0569,46
CARB,carb,46.50_-123.00,46.5,-123.0,46.4,-123.2,25.01,7,46.988,-122.005,2440,0.0601,46
CARB,carb,46.50_-123.50,46.5,-123.5,46.325,-123.3,21.74,2,46.988,-122.005,2371,0.1387,46
CARB,carb,47.00_-122.50,47.0,-122.5,47.0,-122.7,44.96,7,46.988,-122.005,2476,0.0602,46
CARB,carb,47.00_-123.00,47.0,-123.0,47.05,-123.0,40.61,25,46.988,-122.005,2483,0.0736,46
CARB,carb,47.50_-122.50,47.5,-122.5,47.65,-122.65,34.96,7,46.988,-122.005,2485,0.0435,46
CARB,carb,47.50_-123.00,47.5,-123.0,47.6,-122.9,31.05,23,46.988,-122.005,2484,0.0433,46
CARB,carb,48.00_-122.50,48.0,-122.5,47.8,-122.625,19.02,2,46.988,-122.005,2439,0.0798,46
CARB,carb,48.00_-123.00,48.0,-123.0,47.8,-123.05,43.96,11,46.988,-122.005,2470,0.0613,46
CARB,carb,48.00_-123.50,48.0,-123.5,47.75,-123.3,42.39,1,46.988,-122.005,1949,0.0943,46
CAVE,cave,41.50_-123.00,41.5,-123.0,41.4,-123.1,34.97,2,42.121,-123.571,3134,0.1595,47
CAVE,cave,42.00_-123.00,42.0,-123.0,42.05,-123.2,32.66,1,42.121,-123.571,3088,0.1014,47
CAVE,cave,42.00_-123.50,42.0,-123.5,42.15,-123.3,37.49,1,42.121,-123.571,671,0.1588,47
CAVE,cave,42.50_-123.50,42.5,-123.5,42.55,-123.4,28.65,8,42.121,-123.571,3305,0.1448,47
CAVE,cave,43.00_-123.50,43.0,-123.5,42.8,-123.4,35.4,1,42.121,-123.571,2531,0.1759,47
CBB,cbb,49.00_-124.50,49.0,-124.5,49.15,-124.7,38.79,5,50.032,-125.365,3363,0.2041,48
CBB,cbb,49.00_-125.00,49.0,-125.0,49.225,-125.05,32.66,18,50.032,-125.365,3408,0.2138,48
CBB,cbb,49.50_-124.50,49.5,-124.5,49.35,-124.7,21.37,1,50.032,-125.365,3340,0.2977,48
CBB,cbb,49.50_-125.00,49.5,-125.0,49.35,-125.05,24.32,15,50.032,-125.365,3415,0.207,48
CBB,cbb,49.50_-125.50,49.5,-125.5,49.45,-125.4,40.88,12,50.032,-125.365,3396,0.22,48
CBB,cbb,49.50_-126.00,49.5,-126.0,49.6,-126.025,34.78,4,50.032,-125.365,3387,0.245,48
CBB,cbb,49.50_-126.50,49.5,-126.5,49.675,-126.45,33.42,2,50.032,-125.365,3346,0.2706,48
CBB,cbb,50.00_-126.00,50.0,-126.0,49.85,-126.25,36.42,3,50.032,-125.365,3383,0.24,48
CBB,cbb,50.00_-126.50,50.0,-126.5,49.95,-126.5,24.47,24,50.032,-125.365,3406,0.1633,48
CHIMA,chima,47.00_-122.50,47.0,-122.5,47.15,-122.7,46.52,1,48.011,-122.781,1882,0.0675,49
CHIMA,chima,47.00_-123.00,47.0,-123.0,47.1,-123.05,41.13,3,48.011,-122.781,1884,0.0615,49
CHIMA,chima,47.50_-122.50,47.5,-122.5,47.45,-122.55,31.32,3,48.011,-122.781,1882,0.0498,49
CHIMA,chima,47.50_-123.00,47.5,-123.0,47.525,-122.85,27.81,4,48.011,-122.781,1884,0.0464,49
CHIMA,chima,48.00_-123.00,48.0,-123.0,48.025,-122.95,40.95,18,48.011,-122.781,1884,0.0409,49
CHIMA,chima,48.00_-123.50,48.0,-123.5,48.0,-123.45,44.19,7,48.011,-122.781,1884,0.0425,49
CHIMA,chima,48.50_-123.00,48.5,-123.0,48.3,-123.05,22.8,7,48.011,-122.781,1884,0.0426,49
CHIMA,chima,48.50_-123.50,48.5,-123.5,48.375,-123.625,23.46,10,48.011,-122.781,1884,0.0414,49
CHIMA,chima,48.50_-124.00,48.5,-124.0,48.55,-123.9,24.48,12,48.011,-122.781,1884,0.0322,49
CHIMA,chima,49.00_-123.50,49.0,-123.5,48.8,-123.6,19.14,5,48.011,-122.781,1884,0.0382,49
CHIMA,chima,49.00_-124.00,49.0,-124.0,48.8,-123.825,21.86,2,48.011,-122.781,1884,0.0672,49
CINE,cine,46.00_-123.00,46.0,-123.0,45.85,-123.225,33.02,2,46.557,-122.567,2256,0.1246,50
CINE,cine,46.50_-123.00,46.5,-123.0,46.5,-123.2,40.39,1,46.557,-122.567,329,0.1806,50
CINE,cine,47.00_-122.50,47.0,-122.5,47.0,-122.55,49.11,1,46.557,-122.567,1407,0.1214,50
CINE,cine,47.00_-123.00,47.0,-123.0,46.95,-122.775,41.99,2,46.557,-122.567,2172,0.1745,50
CINE,cine,47.50_-123.00,47.5,-123.0,47.425,-122.85,26.86,6,46.557,-122.567,2298,0.0973,50
CLRS,clrs,48.50_-124.00,48.5,-124.0,48.65,-124.15,36.57,7,48.8203,-124.1309,4240,0.163,28
CLRS,clrs,49.00_-124.00,49.0,-124.0,48.775,-124.25,18.66,2,48.8203,-124.1309,4239,0.1877,28
CLRS,clrs,49.00_-124.50,49.0,-124.5,48.8,-124.45,35.13,7,48.8203,-124.1309,4240,0.0951,28
CLRSnew,clrsnew,48.00_-123.50,48.0,-123.5,48.2,-123.45,44.19,1,48.8203,-124.1309,4061,0.1936,28
CLRSnew,clrsnew,48.50_-123.50,48.5,-123.5,48.45,-123.65,24.48,1,48.8203,-124.1309,4170,0.2153,28
CLRSnew,clrsnew,48.50_-124.00,48.5,-124.0,48.6,-124.1,29.61,9,48.8203,-124.1309,4229,0.1205,28
CLRSnew,clrsnew,48.50_-124.50,48.5,-124.5,48.65,-124.375,37.66,2,48.8203,-124.1309,4221,0.1294,28
CLRSnew,clrsnew,49.00_-124.00,49.0,-124.0,48.75,-124.2,21.22,12,48.8203,-124.1309,4229,0.0857,28
CLRSnew,clrsnew,49.00_-124.50,49.0,-124.5,48.85,-124.45,30.22,17,48.8203,-124.1309,4229,0.1034,28
CLRSnew,clrsnew,49.00_-125.00,49.0,-125.0,48.9,-124.75,29.59,1,48.8203,-124.1309,3326,0.3771,28
CLRSnew,clrsnew,49.50_-125.00,49.5,-125.0,49.35,-125.15,18.06,3,48.8203,-124.1309,4229,0.1351,28
CORE,core,46.50_-123.00,46.5,-123.0,46.45,-123.1,42.74,1,46.926,-123.916,1600,0.2872,53
CORE,core,47.00_-123.00,47.0,-123.0,47.25,-123.05,37.67,7,46.926,-123.916,2075,0.0655,53
CORE,core,47.50_-123.00,47.5,-123.0,47.35,-123.0,44.24,6,46.926,-123.916,2063,0.0805,53
CORE,core,47.50_-123.50,47.5,-123.5,47.65,-123.35,40.18,3,46.926,-123.916,2066,0.0793,53
CORE,core,48.00_-123.00,48.0,-123.0,47.8,-123.025,45.65,2,46.926,-123.916,2041,0.0777,53
CORE,core,48.00_-123.50,48.0,-123.5,47.75,-123.35,42.04,1,46.926,-123.916,2051,0.118,53
COWS,cows,47.00_-122.50,47.0,-122.5,47.1,-122.7,41.96,8,47.666,-121.931,1775,0.0722,54
COWS,cows,47.00_-123.00,47.0,-123.0,47.1,-122.775,41.37,16,47.666,-121.931,1774,0.0631,54
COWS,cows,47.50_-122.50,47.5,-122.5,47.45,-122.65,23.51,11,47.666,-121.931,1775,0.079,54
COWS,cows,47.50_-123.00,47.5,-123.0,47.45,-122.95,27.47,25,47.666,-121.931,1775,0.0695,54
COWS,cows,48.00_-122.50,48.0,-122.5,47.75,-122.7,29.8,1,47.666,-121.931,656,0.2499,54
COWS,cows,48.00_-123.00,48.0,-123.0,48.05,-123.05,40.67,23,47.666,-121.931,1775,0.0661,54
COWS,cows,48.50_-123.00,48.5,-123.0,48.4,-122.85,38.29,9,47.666,-121.931,1775,0.0635,54
CRBN,crbn,46.00_-123.00,46.0,-123.0,46.15,-123.15,18.68,1,46.988,-121.961,537,0.1468,55
CRBN,crbn,47.00_-123.00,47.0,-123.0,46.95,-122.75,41.13,5,46.988,-121.961,1221,0.0715,55
CRBN,crbn,47.50_-123.00,47.5,-123.0,47.45,-122.9,12.65,3,46.988,-121.961,1510,0.0872,55
CRBN,crbn,48.00_-123.00,48.0,-123.0,47.85,-123.0,46.15,5,46.988,-121.961,1538,0.0675,55
DANT,dant,40.50_-122.50,40.5,-122.5,40.575,-122.7,19.93,6,40.295,-121.802,2689,0.1435,56
DANT,dant,40.50_-123.00,40.5,-123.0,40.65,-122.875,21.76,14,40.295,-121.802,2688,0.1323,56
DANT,dant,41.00_-122.50,41.0,-122.5,40.85,-122.65,23.89,5,40.295,-121.802,2679,0.1726,56
DANT,dant,41.00_-123.00,41.0,-123.0,40.95,-122.95,21.17,75,40.295,-121.802,2688,0.1103,56
DBO,dbo,42.00_-123.50,42.0,-123.5,42.25,-123.35,41.08,1,43.119,-123.244,284,0.418,57
DBO,dbo,42.50_-123.50,42.5,-123.5,42.5,-123.45,33.6,87,43.119,-123.244,2883,0.1508,57
DBO,dbo,42.50_-124.00,42.5,-124.0,42.375,-123.8,33.1,2,43.119,-123.244,2666,0.1991,57
DBO,dbo,43.00_-123.50,43.0,-123.5,42.9,-123.475,34.33,12,43.119,-123.244,2573,0.1743,57
DBO,dbo,43.50_-123.50,43.5,-123.5,43.475,-123.575,28.0,2,43.119,-123.244,2483,0.2492,57
DING,ding,42.00_-123.50,42.0,-123.5,42.2,-123.5,47.67,1,42.862,-124.054,2706,0.2366,58
DING,ding,42.50_-123.00,42.5,-123.0,42.3,-123.2,34.41,1,42.862,-124.054,2618,0.1684,58
DING,ding,42.50_-123.50,42.5,-123.5,42.45,-123.4,34.18,12,42.862,-124.054,2666,0.148,58
DING,ding,43.00_-123.50,43.0,-123.5,42.825,-123.525,32.0,10,42.862,-124.054,2710,0.1711,58
DING,ding,43.00_-124.00,43.0,-124.0,43.25,-123.75,29.65,1,42.862,-124.054,28,0.1344,58
DING,ding,43.50_-124.00,43.5,-124.0,43.45,-123.8,30.84,1,42.862,-124.054,2611,0.1962,58
DLIK,dlik,40.00_-122.50,40.0,-122.5,40.225,-122.475,24.61,2,40.455,-122.894,1106,0.2505,59
DLIK,dlik,40.00_-123.00,40.0,-123.0,40.25,-122.8,13.09,3,40.455,-122.894,1345,0.254,59
DLIK,dlik,40.50_-122.50,40.5,-122.5,40.5,-122.6,20.15,39,40.455,-122.894,1512,0.1978,59
DLIK,dlik,40.50_-123.00,40.5,-123.0,40.4,-122.75,24.93,9,40.455,-122.894,1616,0.2223,59
DLIK,dlik,41.00_-122.50,41.0,-122.5,40.875,-122.7,16.01,2,40.455,-122.894,1325,0.2409,59
DLIK,dlik,41.00_-123.00,41.0,-123.0,41.05,-123.0,21.17,43,40.455,-122.894,1600,0.203,59
DLIK,dlik,41.50_-123.00,41.5,-123.0,41.3,-123.05,30.48,3,40.455,-122.894,732,0.2713,59
DLIK,dlik,41.50_-123.50,41.5,-123.5,41.3,-123.3,29.07,1,40.455,-122.894,135,0.1644,59
DMOR,dmor,40.00_-123.00,40.0,-123.0,40.225,-122.8,14.74,2,40.71,-123.703,1526,0.2488,60
DMOR,dmor,40.50_-122.50,40.5,-122.5,40.6,-122.65,21.65,23,40.71,-123.703,1531,0.1724,60
DMOR,dmor,40.50_-123.00,40.5,-123.0,40.6,-122.95,25.59,27,40.71,-123.703,1531,0.1982,60
DMOR,dmor,41.00_-122.50,41.0,-122.5,40.9,-122.7,17.97,5,40.71,-123.703,1526,0.2294,60
DMOR,dmor,41.00_-123.00,41.0,-123.0,40.95,-123.0,23.61,73,40.71,-123.703,1532,0.1854,60
DMOR,dmor,41.00_-123.50,41.0,-123.5,40.85,-123.3,30.28,1,40.71,-123.703,1493,0.2119,60
DMOR,dmor,41.50_-123.00,41.5,-123.0,41.4,-123.1,34.43,12,40.71,-123.703,1530,0.1808,60
DONK,donk,47.50_-122.50,47.5,-122.5,47.65,-122.6,19.45,1,48.424,-122.157,1954,0.0897,61
DONK,donk,47.50_-123.00,47.5,-123.0,47.65,-122.85,31.05,5,48.424,-122.157,2331,0.0851,61
DONK,donk,48.00_-123.00,48.0,-123.0,48.025,-123.05,44.88,16,48.424,-122.157,2306,0.0504,61
DONK,donk,48.00_-123.50,48.0,-123.5,47.9,-123.35,43.57,3,48.424,-122.157,2331,0.0979,61
DONK,donk,48.50_-123.00,48.5,-123.0,48.375,-123.125,32.58,10,48.424,-122.157,2357,0.0756,61
DONK,donk,48.50_-123.50,48.5,-123.5,48.575,-123.35,20.82,6,48.424,-122.157,2328,0.1031,61
DOORS,doors,46.00_-123.00,46.0,-123.0,46.2,-123.15,23.3,1,47.055,-123.257,1731,0.0359,62
DOORS,doors,46.00_-123.50,46.0,-123.5,46.225,-123.3,26.29,2,47.055,-123.257,1731,0.06,62
DOORS,doors,46.50_-122.50,46.5,-122.5,46.6,-122.7,34.94,1,47.055,-123.257,1729,0.0798,62
DOORS,doors,46.50_-123.00,46.5,-123.0,46.5,-123.15,30.99,11,47.055,-123.257,1731,0.0371,62
DOORS,doors,46.50_-123.50,46.5,-123.5,46.45,-123.35,22.09,3,47.055,-123.257,1731,0.0385,62
DOORS,doors,47.00_-122.50,47.0,-122.5,47.025,-122.65,44.81,14,47.055,-123.257,1731,0.0327,62
DOORS,doors,47.00_-123.00,47.0,-123.0,47.05,-122.95,39.7,28,47.055,-123.257,1731,0.0362,62
DOORS,doors,47.00_-123.50,47.0,-123.5,47.25,-123.3,40.95,1,47.055,-123.257,1731,0.0769,62
DOORS,doors,47.50_-122.00,47.5,-122.0,47.5,-122.25,39.57,1,47.055,-123.257,1731,0.0631,62
DOORS,doors,47.50_-122.50,47.5,-122.5,47.4,-122.6,22.08,9,47.055,-123.257,1731,0.0523,62
DOORS,doors,47.50_-123.00,47.5,-123.0,47.5,-122.95,37.72,45,47.055,-123.257,1731,0.0369,62
DOORS,doors,47.50_-123.50,47.5,-123.5,47.6,-123.375,39.65,6,47.055,-123.257,1731,0.0391,62
DOORS,doors,48.00_-122.50,48.0,-122.5,47.75,-122.7,29.8,1,47.055,-123.257,1731,0.0759,62
DOORS,doors,48.00_-123.00,48.0,-123.0,47.85,-123.05,41.83,17,47.055,-123.257,1731,0.0324,62
DOORS,doors,48.00_-123.50,48.0,-123.5,47.8,-123.3,42.39,5,47.055,-123.257,1731,0.0374,62
DOTY,doty,46.00_-123.00,46.0,-123.0,45.95,-123.075,24.68,6,46.705,-123.369,1883,0.0264,63
DOTY,doty,46.00_-123.50,46.0,-123.5,46.1,-123.4,38.51,1,46.705,-123.369,1601,0.0382,63
DOTY,doty,46.50_-123.00,46.5,-123.0,46.4,-123.05,34.51,2,46.705,-123.369,1540,0.0319,63
DOTY,doty,47.00_-122.50,47.0,-122.5,47.05,-122.65,49.0,3,46.705,-123.369,1883,0.0232,63
DOTY,doty,47.00_-123.00,47.0,-123.0,47.2,-122.75,43.26,7,46.705,-123.369,1883,0.0207,63
DOTY,doty,47.50_-122.50,47.5,-122.5,47.35,-122.7,24.71,5,46.705,-123.369,1883,0.0447,63
DOTY,doty,47.50_-123.00,47.5,-123.0,47.5,-122.925,20.11,20,46.705,-123.369,1883,0.0196,63
DOTY,doty,47.50_-123.50,47.5,-123.5,47.55,-123.325,44.62,2,46.705,-123.369,1883,0.0407,63
DRAN,dran,43.00_-123.00,43.0,-123.0,42.95,-123.2,39.27,1,43.697,-123.349,1851,0.1131,64
DRAN,dran,43.00_-123.50,43.0,-123.5,43.05,-123.5,33.18,29,43.697,-123.349,2317,0.1083,64
DRAN,dran,43.00_-124.00,43.0,-124.0,42.95,-123.75,27.52,7,43.697,-123.349,2314,0.1305,64
DRAN,dran,43.50_-123.50,43.5,-123.5,43.6,-123.55,28.85,9,43.697,-123.349,2325,0.1403,64
DRAN,dran,43.50_-124.00,43.5,-124.0,43.5,-123.85,31.07,1,43.697,-123.349,2288,0.1707,64
DRAN,dran,44.00_-123.00,44.0,-123.0,43.95,-123.2,24.79,1,43.697,-123.349,2285,0.1653,64
DRAN,dran,44.00_-123.50,44.0,-123.5,44.0,-123.45,26.63,23,43.697,-123.349,2318,0.1018,64
DRAN,dran,44.00_-124.00,44.0,-124.0,44.0,-123.75,33.62,2,43.697,-123.349,2303,0.1922,64
DRAN,dran,44.50_-123.50,44.5,-123.5,44.5,-123.55,28.57,21,43.697,-123.349,2319,0.113,64
DRAN,dran,44.50_-124.00,44.5,-124.0,44.45,-123.75,24.53,3,43.697,-123.349,2314,0.1642,64
EAGLE,eagle,46.50_-123.00,46.5,-123.0,46.6,-122.975,45.78,4,47.258,-122.999,1691,0.0795,65
EAGLE,eagle,46.50_-123.50,46.5,-123.5,46.65,-123.3,19.97,1,47.258,-122.999,1692,0.1445,65
EAGLE,eagle,47.00_-123.00,47.0,-123.0,47.025,-123.025,37.76,12,47.258,-122.999,1692,0.0513,65
EAGLE,eagle,47.50_-122.50,47.5,-122.5,47.5,-122.625,34.43,2,47.258,-122.999,1692,0.0913,65
EAGLE,eagle,47.50_-123.00,47.5,-123.0,47.375,-122.95,40.5,6,47.258,-122.999,1692,0.0597,65
EAGLE,eagle,48.00_-123.00,48.0,-123.0,48.0,-123.0,49.47,3,47.258,-122.999,1688,0.1814,65
EAGLE,eagle,48.00_-123.50,48.0,-123.5,48.05,-123.475,42.38,2,47.258,-122.999,1691,0.1365,65
FISH,fish,45.00_-123.00,45.0,-123.0,45.1,-123.1,27.68,1,45.931,-123.559,1154,0.0934,66
FISH,fish,45.00_-123.50,45.0,-123.5,45.125,-123.45,31.82,2,45.931,-123.559,1135,0.0814,66
FISH,fish,45.50_-123.00,45.5,-123.0,45.3,-123.0,19.01,1,45.931,-123.559,1010,0.0585,66
FISH,fish,45.50_-123.50,45.5,-123.5,45.325,-123.55,46.86,2,45.931,-123.559,1147,0.1409,66
FISH,fish,46.00_-123.00,46.0,-123.0,45.85,-123.175,24.79,2,45.931,-123.559,1111,0.1115,66
FISH,fish,46.50_-123.00,46.5,-123.0,46.65,-123.15,36.89,1,45.931,-123.559,1089,0.1095,66
GDR,gdr,49.00_-124.50,49.0,-124.5,49.15,-124.7,38.79,1,49.781,-126.056,688,0.4189,67
GDR,gdr,49.00_-125.00,49.0,-125.0,49.075,-124.85,29.65,8,49.781,-126.056,1709,0.3338,67
GDR,gdr,49.50_-125.50,49.5,-125.5,49.5,-125.65,34.16,8,49.781,-126.056,1860,0.3613,67
GDR,gdr,49.50_-126.00,49.5,-126.0,49.575,-126.125,39.56,4,49.781,-126.056,1628,0.2564,67
GDR,gdr,50.00_-126.50,50.0,-126.5,50.0,-126.45,25.23,5,49.781,-126.056,985,0.3326,67
GDR,gdr,50.00_-127.00,50.0,-127.0,50.1,-126.8,26.13,2,49.781,-126.056,1308,0.4946,67
GHNB,ghnb,48.50_-123.00,48.5,-123.0,48.5,-123.15,31.57,1,49.306,-124.236,1229,0.1394,68
GHNB,ghnb,48.50_-123.50,48.5,-123.5,48.5,-123.475,22.75,2,49.306,-124.236,1729,0.2755,68
GHNB,ghnb,48.50_-124.00,48.5,-124.0,48.6,-123.95,28.17,17,49.306,-124.236,1734,0.186,68
GHNB,ghnb,48.50_-124.50,48.5,-124.5,48.65,-124.3,36.81,1,49.306,-124.236,1701,0.1478,68
GHNB,ghnb,49.00_-123.50,49.0,-123.5,48.85,-123.6,27.31,2,49.306,-124.236,1733,0.2542,68
GHNB,ghnb,49.00_-124.00,49.0,-124.0,48.8,-123.975,28.19,6,49.306,-124.236,1734,0.1141,68
GHNB,ghnb,49.00_-124.50,49.0,-124.5,48.95,-124.45,32.34,8,49.306,-124.236,1732,0.1163,68
GHNB,ghnb,49.00_-125.00,49.0,-125.0,49.1,-124.925,33.74,16,49.306,-124.236,1734,0.14,68
GHNB,ghnb,49.50_-125.00,49.5,-125.0,49.4,-125.2,14.28,1,49.306,-124.236,825,0.4136,68
GROV,grov,44.50_-123.50,44.5,-123.5,44.65,-123.45,18.57,1,45.538,-123.157,2099,0.1071,69
GROV,grov,45.00_-123.00,45.0,-123.0,45.15,-123.2,21.11,1,45.538,-123.157,1946,0.1754,69
GROV,grov,45.00_-123.50,45.0,-123.5,45.05,-123.525,34.14,2,45.538,-123.157,2069,0.0991,69
GROV,grov,45.50_-123.00,45.5,-123.0,45.325,-123.125,26.74,2,45.538,-123.157,1914,0.3473,69
GROV,grov,45.50_-123.50,45.5,-123.5,45.55,-123.45,31.01,5,45.538,-123.157,2031,0.1942,69
GROV,grov,46.00_-123.00,46.0,-123.0,45.9,-123.2,28.86,4,45.538,-123.157,2092,0.1266,69
GROV,grov,46.00_-123.50,46.0,-123.5,45.9,-123.35,37.88,5,45.538,-123.157,2117,0.1005,69
GROV,grov,46.50_-123.00,46.5,-123.0,46.4,-123.225,21.47,2,45.538,-123.157,1448,0.1383,69
GRPK,grpk,40.50_-122.50,40.5,-122.5,40.625,-122.7,20.29,14,41.122,-121.994,843,0.1547,70
GRPK,grpk,40.50_-123.00,40.5,-123.0,40.65,-122.825,23.04,2,41.122,-121.994,543,0.1881,70
GRPK,grpk,41.00_-123.00,41.0,-123.0,41.075,-123.0,21.85,32,41.122,-121.994,852,0.1507,70
GRPK,grpk,41.50_-123.00,41.5,-123.0,41.425,-123.075,32.02,8,41.122,-121.994,808,0.1336,70
GRPK,grpk,41.50_-123.50,41.5,-123.5,41.35,-123.3,39.0,1,41.122,-121.994,198,1.0069,70
GTWY,gtwy,46.50_-123.00,46.5,-123.0,46.5,-123.15,48.58,1,46.74,-121.917,2077,0.0247,71
GTWY,gtwy,47.00_-122.50,47.0,-122.5,47.125,-122.55,45.27,4,46.74,-121.917,2077,0.0245,71
GTWY,gtwy,47.00_-123.00,47.0,-123.0,47.1,-122.95,43.26,7,46.74,-121.917,2077,0.0541,71
GTWY,gtwy,47.50_-122.50,47.5,-122.5,47.4,-122.65,29.95,5,46.74,-121.917,2077,0.0264,71
GTWY,gtwy,47.50_-123.00,47.5,-123.0,47.475,-122.95,20.18,6,46.74,-121.917,2077,0.0347,71
GUEM,guem,47.50_-123.00,47.5,-123.0,47.7,-122.875,39.36,2,48.547,-122.63,1459,0.0748,72
GUEM,guem,47.50_-123.50,47.5,-123.5,47.7,-123.4,38.07,1,48.547,-122.63,1242,0.0687,72
GUEM,guem,48.00_-122.50,48.0,-122.5,47.775,-122.675,20.37,2,48.547,-122.63,1628,0.1651,72
GUEM,guem,48.00_-123.00,48.0,-123.0,47.95,-123.1,40.42,12,48.547,-122.63,1904,0.0851,72
GUEM,guem,48.00_-123.50,48.0,-123.5,48.1,-123.45,42.56,9,48.547,-122.63,1644,0.0893,72
GUEM,guem,48.00_-124.00,48.0,-124.0,48.25,-123.85,35.4,1,48.547,-122.63,1647,0.0455,72
GUEM,guem,48.50_-123.00,48.5,-123.0,48.35,-123.075,44.72,8,48.547,-122.63,1650,0.082,72
GUEM,guem,48.50_-123.50,48.5,-123.5,48.45,-123.55,31.35,11,48.547,-122.63,1904,0.0743,72
GUEM,guem,48.50_-124.00,48.5,-124.0,48.45,-123.75,21.92,7,48.547,-122.63,1905,0.0915,72
GUEM,guem,49.00_-123.50,49.0,-123.5,48.85,-123.7,41.41,2,48.547,-122.63,1627,0.1428,72
GUEM,guem,49.00_-124.00,49.0,-124.0,48.925,-123.825,44.48,12,48.547,-122.63,1904,0.0522,72
GUMB,gumb,40.50_-122.50,40.5,-122.5,40.4,-122.5,16.68,2,41.213,-122.509,267,0.3212,73
GUMB,gumb,40.50_-123.00,40.5,-123.0,40.65,-122.95,16.55,4,41.213,-122.509,525,0.3446,73
GUMB,gumb,41.00_-122.50,41.0,-122.5,41.0,-122.7,16.16,1,41.213,-122.509,569,0.4409,73
GUMB,gumb,41.00_-123.00,41.0,-123.0,41.05,-123.0,23.06,23,41.213,-122.509,917,0.2666,73
GUMB,gumb,41.50_-123.00,41.5,-123.0,41.55,-123.1,31.06,11,41.213,-122.509,836,0.3315,73
GUMB,gumb,41.50_-123.50,41.5,-123.5,41.6,-123.4,37.43,9,41.213,-122.509,740,0.3056,73
GUMB,gumb,42.00_-123.50,42.0,-123.5,41.75,-123.4,39.26,1,41.213,-122.509,265,0.3316,73
HANS,hans,47.00_-123.00,47.0,-123.0,47.15,-122.9,41.78,1,47.907,-122.569,1873,0.1259,74
HANS,hans,47.50_-122.50,47.5,-122.5,47.6,-122.6,18.56,1,47.907,-122.569,1873,0.1541,74
HANS,hans,47.50_-123.00,47.5,-123.0,47.55,-123.05,44.44,10,47.907,-122.569,1873,0.125,74
HANS,hans,47.50_-123.50,47.5,-123.5,47.6,-123.4,39.55,1,47.907,-122.569,1873,0.126,74
HANS,hans,48.00_-123.00,48.0,-123.0,47.95,-123.0,41.34,30,47.907,-122.569,1873,0.0988,74
HANS,hans,48.00_-123.50,48.0,-123.5,47.95,-123.4,42.37,16,47.907,-122.569,1873,0.0951,74
HANS,hans,48.00_-124.00,48.0,-124.0,48.15,-123.8,33.51,1,47.907,-122.569,1868,0.1592,74
HANS,hans,48.50_-123.00,48.5,-123.0,48.4,-122.85,47.73,11,47.907,-122.569,1873,0.1042,74
HANS,hans,48.50_-123.50,48.5,-123.5,48.4,-123.6,20.35,7,47.907,-122.569,1873,0.1007,74
HANS,hans,48.50_-124.00,48.5,-124.0,48.5,-123.8,23.31,13,47.907,-122.569,1873,0.0709,74
HANS,hans,49.00_-123.50,49.0,-123.5,48.775,-123.6,18.36,2,47.907,-122.569,1873,0.1208,74
HANS,hans,49.00_-124.00,49.0,-124.0,48.75,-123.85,23.62,3,47.907,-122.569,1873,0.1218,74
HAYF,hayf,40.00_-122.50,40.0,-122.5,40.225,-122.55,21.36,6,40.523,-123.232,2347,0.1153,75
HAYF,hayf,40.50_-122.50,40.5,-122.5,40.55,-122.6,21.6,23,40.523,-123.232,2348,0.0598,75
HAYF,hayf,40.50_-123.00,40.5,-123.0,40.675,-122.775,19.39,6,40.523,-123.232,2347,0.0686,75
HAYF,hayf,41.00_-122.50,41.0,-122.5,40.85,-122.7,19.56,13,40.523,-123.232,2347,0.0566,75
HAYF,hayf,41.00_-123.00,41.0,-123.0,41.05,-122.95,21.32,64,40.523,-123.232,2347,0.0696,75
HAYF,hayf,41.00_-123.50,41.0,-123.5,40.95,-123.4,24.74,1,40.523,-123.232,2347,0.0981,75
HAYF,hayf,41.50_-123.00,41.5,-123.0,41.35,-123.05,30.48,13,40.523,-123.232,2348,0.0789,75
HAYF,hayf,41.50_-123.50,41.5,-123.5,41.35,-123.3,39.0,1,40.523,-123.232,2334,0.164,75
HBUG,hbug,42.00_-123.00,42.0,-123.0,42.075,-123.2,32.08,14,42.641,-124.379,2188,0.0992,76
HBUG,hbug,42.00_-123.50,42.0,-123.5,42.2,-123.4,41.45,14,42.641,-124.379,2188,0.107,76
HBUG,hbug,42.50_-123.00,42.5,-123.0,42.375,-123.25,30.16,4,42.641,-124.379,2188,0.1299,76
HBUG,hbug,42.50_-123.50,42.5,-123.5,42.45,-123.45,34.35,49,42.641,-124.379,2188,0.0995,76
HBUG,hbug,42.50_-124.00,42.5,-124.0,42.35,-123.8,30.24,1,42.641,-124.379,398,0.317,76
HBUG,hbug,43.00_-123.50,43.0,-123.5,42.9,-123.5,32.19,22,42.641,-124.379,2188,0.1037,76
HBUG,hbug,43.00_-124.00,43.0,-124.0,43.0,-123.75,27.81,1,42.641,-124.379,2188,0.1748,76
HBUG,hbug,43.50_-123.50,43.5,-123.5,43.4,-123.5,31.13,3,42.641,-124.379,2189,0.1392,76
HBUG,hbug,43.50_-124.00,43.5,-124.0,43.45,-123.775,30.91,2,42.641,-124.379,2188,0.1307,76
HEBO,hebo,44.50_-123.50,44.5,-123.5,44.45,-123.55,27.65,3,45.214,-123.755,225,0.4818,77
HEBO,hebo,45.00_-123.50,45.0,-123.5,44.95,-123.6,26.01,3,45.214,-123.755,229,0.6075,77
HEBO,hebo,45.50_-123.00,45.5,-123.0,45.55,-123.0,47.31,1,45.214,-123.755,13,1.1349,77
HEBO,hebo,45.50_-123.50,45.5,-123.5,45.525,-123.35,28.92,2,45.214,-123.755,60,0.4748,77
HEBO,hebo,46.00_-123.00,46.0,-123.0,45.85,-123.075,27.54,2,45.214,-123.755,180,0.3511,77
HILL,hill,47.50_-122.50,47.5,-122.5,47.7,-122.65,21.23,3,48.388,-122.447,2133,0.0465,78
HILL,hill,47.50_-123.00,47.5,-123.0,47.7,-122.8,21.59,3,48.388,-122.447,2133,0.1016,78
HILL,hill,47.50_-123.50,47.5,-123.5,47.7,-123.35,40.57,1,48.388,-122.447,2131,0.0536,78
HILL,hill,48.00_-123.00,48.0,-123.0,48.15,-122.95,44.71,11,48.388,-122.447,2133,0.0525,78
HILL,hill,48.00_-123.50,48.0,-123.5,48.225,-123.55,36.25,12,48.388,-122.447,2133,0.051,78
HILL,hill,48.50_-123.00,48.5,-123.0,48.35,-123.15,33.2,11,48.388,-122.447,2133,0.0514,78
HILL,hill,48.50_-123.50,48.5,-123.5,48.6,-123.6,28.87,17,48.388,-122.447,2133,0.0418,78
HILL,hill,48.50_-124.00,48.5,-124.0,48.6,-123.75,31.17,3,48.388,-122.447,2133,0.0712,78
HILL,hill,49.00_-123.50,49.0,-123.5,48.8,-123.65,19.14,7,48.388,-122.447,2133,0.0756,78
HILL,hill,49.00_-124.00,49.0,-124.0,48.9,-123.75,41.2,1,48.388,-122.447,1356,0.1135,78
HOQUI,hoqui,46.00_-123.00,46.0,-123.0,46.2,-123.1,18.31,1,47.081,-123.957,1392,0.5554,79
HOQUI,hoqui,46.50_-123.50,46.5,-123.5,46.425,-123.3,21.95,2,47.081,-123.957,1526,0.448,79
HOQUI,hoqui,47.00_-122.50,47.0,-122.5,46.95,-122.65,51.28,1,47.081,-123.957,1531,0.4021,79
HOQUI,hoqui,47.00_-123.00,47.0,-123.0,46.95,-123.0,32.82,5,47.081,-123.957,1576,0.3081,79
HOQUI,hoqui,47.50_-122.50,47.5,-122.5,47.6,-122.7,21.99,7,47.081,-123.957,1637,0.2409,79
HOQUI,hoqui,47.50_-123.00,47.5,-123.0,47.6,-122.95,32.56,32,47.081,-123.957,1655,0.1913,79
HOQUI,hoqui,47.50_-123.50,47.5,-123.5,47.575,-123.325,43.55,6,47.081,-123.957,1629,0.2972,79
HOQUI,hoqui,48.00_-122.50,48.0,-122.5,47.75,-122.7,29.8,1,47.081,-123.957,880,0.355,79
HOQUI,hoqui,48.00_-123.00,48.0,-123.0,47.9,-123.025,42.32,32,47.081,-123.957,1621,0.2006,79
HOQUI,hoqui,48.00_-123.50,48.0,-123.5,47.775,-123.325,41.61,4,47.081,-123.957,1603,0.2009,79
IRYS,irys,43.00_-123.00,43.0,-123.0,43.0,-123.25,41.68,1,43.886,-123.257,2276,0.1611,80
IRYS,irys,43.00_-123.50,43.0,-123.5,43.2,-123.5,34.37,18,43.886,-123.257,2299,0.0994,80
IRYS,irys,43.00_-124.00,43.0,-124.0,43.25,-123.85,29.58,2,43.886,-123.257,2301,0.1389,80
IRYS,irys,43.50_-123.50,43.5,-123.5,43.55,-123.525,28.1,20,43.886,-123.257,2303,0.1001,80
IRYS,irys,43.50_-124.00,43.5,-124.0,43.35,-123.9,30.44,1,43.886,-123.257,2202,0.1773,80
IRYS,irys,44.00_-123.50,44.0,-123.5,43.75,-123.6,28.92,5,43.886,-123.257,2301,0.1608,80
IRYS,irys,45.00_-123.50,45.0,-123.5,44.75,-123.475,35.24,2,43.886,-123.257,2302,0.145,80
JEDS,jeds,43.00_-123.00,43.0,-123.0,43.05,-123.2,42.72,5,43.752,-124.049,980,0.1158,81
JEDS,jeds,43.00_-123.50,43.0,-123.5,43.0,-123.5,32.74,36,43.752,-124.049,980,0.0863,81
JEDS,jeds,43.00_-124.00,43.0,-124.0,42.95,-123.8,27.64,9,43.752,-124.049,980,0.0918,81
JEDS,jeds,43.50_-123.00,43.5,-123.0,43.5,-123.2,41.46,2,43.752,-124.049,980,0.168,81
JEDS,jeds,43.50_-123.50,43.5,-123.5,43.5,-123.5,30.37,41,43.752,-124.049,980,0.0988,81
JEDS,jeds,43.50_-124.00,43.5,-124.0,43.425,-123.8,30.76,6,43.752,-124.049,980,0.1147,81
JEDS,jeds,44.00_-123.50,44.0,-123.5,43.9,-123.4,25.52,19,43.752,-124.049,980,0.1175,81
JEDS,jeds,44.50_-123.00,44.5,-123.0,44.55,-123.2,36.46,1,43.752,-124.049,980,0.1515,81
JEDS,jeds,44.50_-123.50,44.5,-123.5,44.55,-123.6,27.88,15,43.752,-124.049,980,0.0919,81
JEDS,jeds,44.50_-124.00,44.5,-124.0,44.45,-123.75,24.53,2,43.752,-124.049,980,0.1258,81
JRO,jro,46.00_-123.00,46.0,-123.0,46.1,-123.15,18.62,4,46.275,-122.218,1213,0.2314,82
JRO,jro,46.50_-122.50,46.5,-122.5,46.55,-122.7,23.67,1,46.275,-122.218,1100,0.1938,82
JRO,jro,46.50_-123.00,46.5,-123.0,46.3,-122.95,20.44,5,46.275,-122.218,1687,0.1131,82
JRO,jro,47.00_-122.50,47.0,-122.5,46.975,-122.65,33.12,4,46.275,-122.218,1414,0.2018,82
JRO,jro,47.00_-123.00,47.0,-123.0,46.925,-122.9,40.17,4,46.275,-122.218,1827,0.1639,82
KBO,kbo,42.50_-123.00,42.5,-123.0,42.35,-123.25,33.63,1,42.212,-124.226,757,0.8663,83
KBO,kbo,42.50_-123.50,42.5,-123.5,42.55,-123.425,29.71,10,42.212,-124.226,1411,0.5518,83
KCPB,kcpb,40.00_-122.50,40.0,-122.5,40.2,-122.5,22.61,3,39.686,-123.582,4676,0.2157,84
KCPB,kcpb,40.00_-123.00,40.0,-123.0,40.25,-122.75,13.09,3,39.686,-123.582,4651,0.2473,84
KCPB,kcpb,40.50_-122.50,40.5,-122.5,40.375,-122.575,19.97,6,39.686,-123.582,4692,0.1875,84
KEB,keb,42.00_-123.50,42.0,-123.5,42.225,-123.35,40.78,4,42.872,-124.334,1211,0.4552,85
KEB,keb,42.50_-123.00,42.5,-123.0,42.6,-123.25,27.0,8,42.872,-124.334,1953,0.3659,85
KEB,keb,42.50_-123.50,42.5,-123.5,42.45,-123.4,33.6,47,42.872,-124.334,1364,0.2614,85
KEB,keb,42.50_-124.00,42.5,-124.0,42.45,-123.75,40.96,1,42.872,-124.334,1087,0.4762,85
KEB,keb,43.00_-123.00,43.0,-123.0,42.975,-123.25,39.04,2,42.872,-124.334,1195,0.4634,85
KEB,keb,43.00_-123.50,43.0,-123.5,43.125,-123.5,32.3,22,42.872,-124.334,1398,0.2274,85
KEB,keb,43.00_-124.00,43.0,-124.0,43.2,-123.8,29.1,1,42.872,-124.334,1054,0.3885,85
KEB,keb,43.50_-123.50,43.5,-123.5,43.35,-123.5,34.96,3,42.872,-124.334,1072,0.3507,85
KEB,keb,43.50_-124.00,43.5,-124.0,43.425,-123.75,30.83,2,42.872,-124.334,1135,0.5344,85
KHBB,khbb,40.50_-122.50,40.5,-122.5,40.65,-122.65,21.74,1,40.66,-123.22,536,0.2678,86
KHBB,khbb,41.00_-122.50,41.0,-122.5,40.75,-122.6,13.02,3,40.66,-123.22,579,0.2154,86
KHBB,khbb,41.00_-123.00,41.0,-123.0,40.95,-122.825,18.76,16,40.66,-123.22,2538,0.3529,86
KHBB,khbb,41.50_-123.00,41.5,-123.0,41.4,-123.1,35.62,7,40.66,-123.22,1863,0.3897,86
KHMB,khmb,40.00_-122.50,40.0,-122.5,40.05,-122.5,17.31,1,40.875,-123.733,1720,0.0524,87
KHMB,khmb,40.00_-123.00,40.0,-123.0,40.25,-122.75,13.09,1,40.875,-123.733,1841,0.0728,87
KHMB,khmb,40.50_-122.50,40.5,-122.5,40.4,-122.7,30.09,1,40.875,-123.733,1517,0.0682,87
KHMB,khmb,40.50_-123.00,40.5,-123.0,40.475,-122.85,25.69,4,40.875,-123.733,1938,0.1024,87
KHMB,khmb,41.00_-122.50,41.0,-122.5,40.8,-122.7,23.47,1,40.875,-123.733,1379,0.0399,87
KHMB,khmb,41.00_-123.00,41.0,-123.0,41.2,-122.975,21.15,6,40.875,-123.733,2098,0.0603,87
KHMB,khmb,41.50_-122.50,41.5,-122.5,41.4,-122.7,18.52,1,40.875,-123.733,1186,0.2148,87
KHMB,khmb,41.50_-123.00,41.5,-123.0,41.65,-123.0,25.11,2,40.875,-123.733,1805,0.1298,87
KHMB,khmb,41.50_-123.50,41.5,-123.5,41.45,-123.4,37.55,1,40.875,-123.733,1765,0.0543,87
KMR,kmr,40.50_-122.50,40.5,-122.5,40.5,-122.625,19.01,2,40.202,-123.709,189,0.2139,88
KRMB,krmb,41.00_-123.00,41.0,-123.0,41.2,-123.15,32.04,15,41.523,-123.908,3362,0.2042,89
KRMB,krmb,41.50_-123.00,41.5,-123.0,41.4,-123.15,34.96,27,41.523,-123.908,3359,0.1896,89
KRMB,krmb,41.50_-123.50,41.5,-123.5,41.6,-123.3,37.32,19,41.523,-123.908,3355,0.1883,89
KRMB,krmb,42.00_-123.00,42.0,-123.0,41.8,-123.2,30.95,1,41.523,-123.908,3212,0.2727,89
KRMB,krmb,42.00_-123.50,42.0,-123.5,41.875,-123.375,38.62,12,41.523,-123.908,3342,0.1966,89
KRMB,krmb,42.50_-123.50,42.5,-123.5,42.3,-123.4,38.24,5,41.523,-123.908,3342,0.2254,89
KRP,krp,40.50_-122.50,40.5,-122.5,40.65,-122.7,19.28,2,41.158,-124.023,3818,0.3494,90
KRP,krp,40.50_-123.00,40.5,-123.0,40.6,-122.95,23.84,6,41.158,-124.023,4100,0.3158,90
KRP,krp,41.00_-122.50,41.0,-122.5,41.0,-122.7,16.16,1,41.158,-124.023,3101,0.561,90
KRP,krp,41.00_-123.00,41.0,-123.0,41.05,-122.975,22.73,10,41.158,-124.023,4537,0.4372,90
KRP,krp,41.50_-123.00,41.5,-123.0,41.4,-123.0,25.97,13,41.158,-124.023,4366,0.3766,90
KRP,krp,41.50_-123.50,41.5,-123.5,41.4,-123.3,35.95,1,41.158,-124.023,2807,0.5726,90
KRP,krp,42.00_-123.00,42.0,-123.0,42.05,-123.25,34.9,1,41.158,-124.023,2748,0.5775,90
KRP,krp,42.00_-123.50,42.0,-123.5,41.9,-123.4,40.0,4,41.158,-124.023,3931,0.4557,90
KSXB,ksxb,41.50_-123.00,41.5,-123.0,41.5,-123.15,33.44,6,41.83,-123.877,5529,0.1706,91
KSXB,ksxb,41.50_-123.50,41.5,-123.5,41.65,-123.4,39.48,7,41.83,-123.877,5324,0.1506,91
KSXB,ksxb,42.00_-123.00,42.0,-123.0,41.95,-123.25,34.23,2,41.83,-123.877,5212,0.121,91
KSXB,ksxb,42.00_-123.50,42.0,-123.5,42.15,-123.35,39.94,35,41.83,-123.877,5550,0.1108,91
KSXB,ksxb,42.50_-123.50,42.5,-123.5,42.4,-123.45,36.7,26,41.83,-123.877,5553,0.0942,91
KSXB,ksxb,42.50_-124.00,42.5,-124.0,42.375,-123.825,29.68,2,41.83,-123.877,5280,0.1071,91
KUHN,kuhn,46.00_-123.50,46.0,-123.5,45.95,-123.4,37.13,1,45.785,-122.896,1465,0.0725,92
LACKA,lacka,46.00_-123.00,46.0,-123.0,46.15,-123.15,22.47,9,46.852,-122.486,1687,0.042,93
LACKA,lacka,46.00_-123.50,46.0,-123.5,45.975,-123.325,47.63,4,46.852,-122.486,1687,0.0409,93
LACKA,lacka,46.50_-122.50,46.5,-122.5,46.55,-122.7,23.67,1,46.852,-122.486,1685,0.1438,93
LACKA,lacka,46.50_-123.00,46.5,-123.0,46.6,-123.15,36.71,15,46.852,-122.486,1687,0.0544,93
LACKA,lacka,46.50_-123.50,46.5,-123.5,46.4,-123.325,23.72,2,46.852,-122.486,1687,0.0845,93
LACKA,lacka,47.00_-122.50,47.0,-122.5,46.95,-122.65,41.59,12,46.852,-122.486,1687,0.051,93
LACKA,lacka,47.00_-123.00,47.0,-123.0,47.025,-122.95,41.44,28,46.852,-122.486,1687,0.0299,93
LACKA,lacka,47.50_-122.50,47.5,-122.5,47.475,-122.625,23.02,10,46.852,-122.486,1687,0.038,93
LACKA,lacka,47.50_-123.00,47.5,-123.0,47.525,-122.975,29.37,32,46.852,-122.486,1687,0.038,93
LACKA,lacka,47.50_-123.50,47.5,-123.5,47.7,-123.35,40.57,3,46.852,-122.486,1687,0.0422,93
LACKA,lacka,48.00_-123.00,48.0,-123.0,47.75,-122.8,24.52,2,46.852,-122.486,1687,0.0666,93
LAIR,lair,42.50_-123.50,42.5,-123.5,42.65,-123.4,29.68,3,43.161,-123.931,916,0.4323,94
LAIR,lair,43.00_-123.50,43.0,-123.5,42.9,-123.45,32.59,3,43.161,-123.931,894,0.4019,94
LAIR,lair,43.50_-123.50,43.5,-123.5,43.3,-123.55,33.26,1,43.161,-123.931,688,0.4629,94
LAIR,lair,44.00_-123.50,44.0,-123.5,43.8,-123.6,28.94,1,43.161,-123.931,658,0.5314,94
LBR,lbr,40.50_-122.50,40.5,-122.5,40.65,-122.6,21.65,7,41.409,-122.068,2432,0.1514,95
LBR,lbr,40.50_-123.00,40.5,-123.0,40.65,-122.85,19.43,7,41.409,-122.068,2443,0.1294,95
LBR,lbr,41.00_-122.50,41.0,-122.5,41.0,-122.7,16.57,6,41.409,-122.068,2434,0.1597,95
LBR,lbr,41.00_-123.00,41.0,-123.0,41.05,-122.95,21.35,48,41.409,-122.068,2456,0.1495,95
LBR,lbr,41.00_-123.50,41.0,-123.5,41.2,-123.3,32.29,3,41.409,-122.068,2403,0.1613,95
LBR,lbr,41.50_-122.50,41.5,-122.5,41.6,-122.7,17.22,1,41.409,-122.068,2160,0.2322,95
LBR,lbr,41.50_-123.00,41.5,-123.0,41.45,-123.1,31.06,29,41.409,-122.068,2453,0.1453,95
LBR,lbr,41.50_-123.50,41.5,-123.5,41.625,-123.325,35.43,8,41.409,-122.068,2410,0.2097,95
LBR,lbr,42.00_-123.00,42.0,-123.0,41.825,-123.175,29.87,4,41.409,-122.068,2423,0.1698,95
LBR,lbr,42.00_-123.50,42.0,-123.5,41.975,-123.35,38.5,4,41.409,-122.068,2452,0.2005,95
LBR,lbr,42.50_-123.00,42.5,-123.0,42.3,-123.25,35.95,1,41.409,-122.068,2136,0.2315,95
LBR,lbr,42.50_-123.50,42.5,-123.5,42.3,-123.35,39.02,1,41.409,-122.068,2283,0.1504,95
LCCR,lccr,44.50_-123.50,44.5,-123.5,44.65,-123.575,28.04,8,45.206,-122.478,4664,0.0638,96
LCCR,lccr,44.50_-124.00,44.5,-124.0,44.5,-123.75,20.14,2,45.206,-122.478,4664,0.0645,96
LCCR,lccr,45.00_-123.00,45.0,-123.0,45.025,-123.175,30.18,10,45.206,-122.478,4665,0.0694,96
LCCR,lccr,45.00_-123.50,45.0,-123.5,45.0,-123.45,29.33,26,45.206,-122.478,4664,0.0683,96
LCCR,lccr,45.00_-124.00,45.0,-124.0,44.9,-123.75,27.72,1,45.206,-122.478,4663,0.115,96
LCCR,lccr,45.50_-123.00,45.5,-123.0,45.35,-123.075,21.7,10,45.206,-122.478,4662,0.0647,96
LCCR,lccr,45.50_-123.50,45.5,-123.5,45.425,-123.325,20.26,12,45.206,-122.478,4661,0.0936,96
LCCR,lccr,46.00_-123.00,46.0,-123.0,45.8,-123.2,33.33,3,45.206,-122.478,4658,0.0719,96
LCCR,lccr,46.00_-123.50,46.0,-123.5,45.8,-123.3,26.65,3,45.206,-122.478,4663,0.0887,96
LCM,lcm,40.50_-122.50,40.5,-122.5,40.625,-122.625,20.33,22,40.147,-121.523,375,0.1563,97
LCM,lcm,40.50_-123.00,40.5,-123.0,40.55,-122.8,27.62,6,40.147,-121.523,372,0.1675,97
LCM,lcm,41.00_-122.50,41.0,-122.5,40.85,-122.675,19.56,4,40.147,-121.523,347,0.2272,97
LCM,lcm,41.00_-123.00,41.0,-123.0,40.9,-122.8,16.67,11,40.147,-121.523,372,0.2398,97
LCOW,lcow,40.50_-122.50,40.5,-122.5,40.6,-122.65,21.74,3,40.643,-122.185,2223,0.0828,98
LCOW,lcow,40.50_-123.00,40.5,-123.0,40.65,-122.9,20.31,7,40.643,-122.185,2225,0.0449,98
LCOW,lcow,41.00_-122.50,41.0,-122.5,40.9,-122.7,16.16,7,40.643,-122.185,2224,0.0857,98
LCOW,lcow,41.00_-123.00,41.0,-123.0,40.95,-123.0,22.79,78,40.643,-122.185,2225,0.0656,98
LCOW,lcow,41.50_-123.00,41.5,-123.0,41.35,-123.1,31.85,12,40.643,-122.185,2225,0.0749,98
LCOW,lcow,41.50_-123.50,41.5,-123.5,41.425,-123.35,36.75,2,40.643,-122.185,2222,0.0715,98
LDH,ldh,40.00_-122.00,40.0,-122.0,40.15,-122.2,24.41,3,40.512,-121.582,5753,0.1773,99
LDH,ldh,40.00_-122.50,40.0,-122.5,40.1,-122.5,19.95,15,40.512,-121.582,5755,0.1117,99
LDH,ldh,40.00_-123.00,40.0,-123.0,40.025,-122.8,12.16,4,40.512,-121.582,5748,0.1581,99
LDH,ldh,40.50_-122.50,40.5,-122.5,40.5,-122.6,20.15,47,40.512,-121.582,5754,0.1186,99
LDH,ldh,40.50_-123.00,40.5,-123.0,40.55,-122.8,20.31,21,40.512,-121.582,5755,0.134,99
LDH,ldh,41.00_-122.50,41.0,-122.5,40.85,-122.7,21.07,13,40.512,-121.582,5752,0.1271,99
LDH,ldh,41.00_-123.00,41.0,-123.0,40.975,-122.825,18.66,32,40.512,-121.582,5756,0.1395,99
LDH,ldh,41.50_-123.00,41.5,-123.0,41.3,-122.9,20.52,1,40.512,-121.582,5735,0.1022,99
LDL,ldl,40.50_-122.50,40.5,-122.5,40.625,-122.575,20.17,4,41.381,-122.294,3168,0.0851,100
LDL,ldl,40.50_-123.00,40.5,-123.0,40.7,-122.875,17.05,2,41.381,-122.294,3110,0.0782,100
LDL,ldl,41.00_-122.50,41.0,-122.5,40.8,-122.65,23.47,3,41.381,-122.294,3168,0.0579,100
LDL,ldl,41.00_-123.00,41.0,-123.0,41.1,-122.95,21.43,46,41.381,-122.294,3169,0.0513,100
LDL,ldl,41.50_-123.00,41.5,-123.0,41.35,-123.05,31.48,30,41.381,-122.294,3169,0.0538,100
LDL,ldl,41.50_-123.50,41.5,-123.5,41.6,-123.35,37.51,2,41.381,-122.294,3168,0.0586,100
LDL,ldl,42.00_-123.00,42.0,-123.0,42.05,-123.1,28.19,3,41.381,-122.294,3144,0.0638,100
LDL,ldl,42.00_-123.50,42.0,-123.5,42.15,-123.4,40.47,7,41.381,-122.294,3169,0.0593,100
LEBA,leba,46.00_-123.00,46.0,-123.0,46.2,-123.1,20.66,13,46.546,-123.563,2537,0.1901,101
LEBA,leba,46.00_-123.50,46.0,-123.5,45.9,-123.325,40.39,2,46.546,-123.563,2373,0.1916,101
LEBA,leba,46.50_-122.50,46.5,-122.5,46.6,-122.7,34.94,2,46.546,-123.563,1581,0.2925,101
LEBA,leba,46.50_-123.00,46.5,-123.0,46.5,-123.1,40.39,9,46.546,-123.563,2763,0.2033,101
LEBA,leba,47.00_-122.50,47.0,-122.5,46.925,-122.7,47.56,8,46.546,-123.563,2727,0.1511,101
LEBA,leba,47.00_-123.00,47.0,-123.0,46.95,-122.8,36.68,30,46.546,-123.563,2789,0.0942,101
LEBA,leba,47.50_-123.00,47.5,-123.0,47.35,-122.9,40.0,23,46.546,-123.563,2783,0.1107,101
LEID,leid,46.00_-123.00,46.0,-123.0,45.95,-123.25,42.72,1,46.829,-123.465,725,0.0476,102
LEID,leid,47.00_-123.00,47.0,-123.0,46.75,-122.85,21.52,1,46.829,-123.465,143,0.2012,102
LEID,leid,47.50_-122.50,47.5,-122.5,47.7,-122.65,20.86,1,46.829,-123.465,960,0.0427,102
LEID,leid,47.50_-123.00,47.5,-123.0,47.6,-122.95,18.52,3,46.829,-123.465,957,0.0696,102
LGY,lgy,40.50_-122.50,40.5,-122.5,40.65,-122.625,20.48,12,41.345,-122.196,2886,0.1828,103
LGY,lgy,40.50_-123.00,40.5,-123.0,40.625,-122.875,21.54,6,41.345,-122.196,2858,0.1594,103
LGY,lgy,41.00_-122.50,41.0,-122.5,40.85,-122.65,22.25,6,41.345,-122.196,2972,0.1287,103
LGY,lgy,41.00_-123.00,41.0,-123.0,40.95,-122.95,21.45,39,41.345,-122.196,2987,0.1171,103
LGY,lgy,41.50_-123.00,41.5,-123.0,41.35,-123.1,33.46,20,41.345,-122.196,2951,0.1087,103
LGY,lgy,41.50_-123.50,41.5,-123.5,41.625,-123.35,37.43,4,41.345,-122.196,2893,0.1119,103
LGY,lgy,42.00_-123.00,42.0,-123.0,41.975,-123.25,34.04,2,41.345,-122.196,2869,0.137,103
LGY,lgy,42.00_-123.50,42.0,-123.5,42.05,-123.35,39.36,7,41.345,-122.196,2961,0.1033,103
LMC,lmc,41.00_-123.00,41.0,-123.0,41.025,-122.8,18.72,2,41.274,-122.122,3639,0.145,104
LMC,lmc,41.50_-123.00,41.5,-123.0,41.4,-123.05,31.98,3,41.274,-122.122,3630,0.1233,104
LOKI,loki,44.00_-123.50,44.0,-123.5,44.25,-123.65,33.8,1,45.062,-123.108,2277,0.0776,105
LOKI,loki,44.50_-123.50,44.5,-123.5,44.55,-123.6,28.76,15,45.062,-123.108,2277,0.0478,105
LOKI,loki,45.00_-123.00,45.0,-123.0,45.075,-123.25,26.8,4,45.062,-123.108,2277,0.0562,105
LOKI,loki,45.00_-123.50,45.0,-123.5,45.075,-123.45,27.71,22,45.062,-123.108,2277,0.0489,105
LOKI,loki,45.50_-123.00,45.5,-123.0,45.35,-123.2,20.59,8,45.062,-123.108,2277,0.0597,105
LOKI,loki,45.50_-123.50,45.5,-123.5,45.5,-123.4,27.4,17,45.062,-123.108,2277,0.0592,105
LOKI,loki,46.00_-123.00,46.0,-123.0,45.85,-123.2,33.77,1,45.062,-123.108,2277,0.1401,105
LOPEZ,lopez,47.50_-123.00,47.5,-123.0,47.65,-123.0,46.71,1,48.437,-122.887,1660,0.1506,106
LOPEZ,lopez,48.00_-123.00,48.0,-123.0,47.825,-123.175,42.32,8,48.437,-122.887,1660,0.1463,106
LOPEZ,lopez,48.00_-123.50,48.0,-123.5,48.0,-123.4,42.04,5,48.437,-122.887,1660,0.1972,106
LOPEZ,lopez,48.00_-124.00,48.0,-124.0,48.25,-123.775,32.86,2,48.437,-122.887,1660,0.1516,106
LOPEZ,lopez,48.50_-123.50,48.5,-123.5,48.4,-123.7,23.93,10,48.437,-122.887,1660,0.1672,106
LOPEZ,lopez,48.50_-124.00,48.5,-124.0,48.525,-123.9,31.28,58,48.437,-122.887,1660,0.1529,106
LOPEZ,lopez,49.00_-124.00,49.0,-124.0,48.75,-124.2,23.62,7,48.437,-122.887,1660,0.1405,106
LTC,ltc,40.00_-122.00,40.0,-122.0,40.025,-122.25,29.83,2,40.209,-122.126,3645,0.031,107
LTC,ltc,40.00_-122.50,40.0,-122.5,40.15,-122.45,20.74,24,40.209,-122.126,3616,0.0287,107
LTC,ltc,40.00_-123.00,40.0,-123.0,39.95,-122.9,12.19,11,40.209,-122.126,3644,0.033,107
LTC,ltc,40.50_-122.00,40.5,-122.0,40.45,-122.1,18.97,2,40.209,-122.126,3533,0.0274,107
LTC,ltc,40.50_-122.50,40.5,-122.5,40.45,-122.55,21.74,29,40.209,-122.126,3682,0.0291,107
LTC,ltc,40.50_-123.00,40.5,-123.0,40.475,-122.85,29.94,30,40.209,-122.126,3712,0.0256,107
LTC,ltc,41.00_-122.00,41.0,-122.0,40.9,-122.0,18.1,1,40.209,-122.126,3562,0.0475,107
LTC,ltc,41.00_-122.50,41.0,-122.5,40.8,-122.6,21.03,5,40.209,-122.126,3549,0.029,107
LTC,ltc,41.00_-123.00,41.0,-123.0,40.9,-123.0,23.13,35,40.209,-122.126,3672,0.0223,107
MARQ,marq,44.00_-123.50,44.0,-123.5,44.225,-123.5,29.26,2,45.066,-122.669,2194,0.0459,108
MARQ,marq,44.50_-123.00,44.5,-123.0,44.7,-123.25,39.82,1,45.066,-122.669,2193,0.0391,108
MARQ,marq,44.50_-123.50,44.5,-123.5,44.55,-123.5,29.48,26,45.066,-122.669,2194,0.0504,108
MARQ,marq,44.50_-124.00,44.5,-124.0,44.5,-123.75,22.16,3,45.066,-122.669,2194,0.0473,108
MARQ,marq,45.00_-123.00,45.0,-123.0,45.075,-123.175,30.33,16,45.066,-122.669,2194,0.0311,108
MARQ,marq,45.00_-123.50,45.0,-123.5,45.025,-123.5,30.65,40,45.066,-122.669,2194,0.045,108
MARQ,marq,45.00_-124.00,45.0,-124.0,44.9,-123.8,23.42,1,45.066,-122.669,2194,0.1179,108
MARQ,marq,45.50_-123.00,45.5,-123.0,45.45,-123.15,24.52,11,45.066,-122.669,2194,0.0421,108
MARQ,marq,45.50_-123.50,45.5,-123.5,45.5,-123.425,30.34,24,45.066,-122.669,2194,0.0499,108
MARQ,marq,46.00_-123.00,46.0,-123.0,45.85,-123.175,26.32,8,45.066,-122.669,2194,0.0551,108
MARQ,marq,46.00_-123.50,46.0,-123.5,45.85,-123.4,29.9,9,45.066,-122.669,2194,0.0445,108
MGRB,mgrb,48.00_-123.50,48.0,-123.5,48.25,-123.65,34.06,25,49.0,-124.697,2353,0.1435,109
MGRB,mgrb,48.00_-124.00,48.0,-124.0,48.25,-123.75,31.38,4,49.0,-124.697,2293,0.1723,109
MGRB,mgrb,48.50_-123.50,48.5,-123.5,48.35,-123.575,22.84,24,49.0,-124.697,2380,0.1356,109
MGRB,mgrb,48.50_-124.00,48.5,-124.0,48.55,-123.9,28.17,51,49.0,-124.697,2407,0.1426,109
MGRB,mgrb,49.00_-123.50,49.0,-123.5,48.75,-123.7,18.64,1,49.0,-124.697,1430,0.303,109
MGRB,mgrb,49.00_-124.00,49.0,-124.0,48.75,-124.0,28.64,3,49.0,-124.697,2291,0.1614,109
MGRB,mgrb,49.00_-124.50,49.0,-124.5,49.2,-124.65,36.91,1,49.0,-124.697,1973,0.2293,109
MGRB,mgrb,49.00_-125.00,49.0,-125.0,49.15,-124.9,35.22,3,49.0,-124.697,2068,0.2048,109
MGRB,mgrb,49.50_-125.00,49.5,-125.0,49.35,-125.25,13.52,1,49.0,-124.697,1322,0.2246,109
MGRB,mgrb,49.50_-125.50,49.5,-125.5,49.45,-125.3,36.63,4,49.0,-124.697,2154,0.1529,109
MILL,mill,41.00_-123.00,41.0,-123.0,41.15,-123.05,29.7,3,41.705,-124.041,1470,0.2169,110
MILL,mill,41.00_-123.50,41.0,-123.5,41.25,-123.35,39.06,1,41.705,-124.041,1620,0.1995,110
MILL,mill,41.50_-123.00,41.5,-123.0,41.45,-123.15,34.04,16,41.705,-124.041,1749,0.1837,110
MILL,mill,41.50_-123.50,41.5,-123.5,41.6,-123.375,38.24,20,41.705,-124.041,1762,0.1724,110
MILL,mill,42.00_-123.00,42.0,-123.0,41.85,-123.2,31.06,3,41.705,-124.041,1721,0.2074,110
MILL,mill,42.00_-123.50,42.0,-123.5,42.05,-123.375,39.65,28,41.705,-124.041,1767,0.1826,110
MILL,mill,42.50_-123.00,42.5,-123.0,42.35,-123.25,33.63,1,41.705,-124.041,1694,0.2709,110
MILL,mill,42.50_-123.50,42.5,-123.5,42.45,-123.4,35.56,24,41.705,-124.041,1765,0.2243,110
MINN,minn,44.50_-123.50,44.5,-123.5,44.55,-123.55,29.85,10,45.212,-123.264,3540,0.0891,111
MINN,minn,45.00_-123.00,45.0,-123.0,45.125,-123.15,26.39,2,45.212,-123.264,3304,0.1622,111
MINN,minn,45.00_-123.50,45.0,-123.5,45.1,-123.45,31.54,33,45.212,-123.264,3544,0.0727,111
MINN,minn,45.50_-123.00,45.5,-123.0,45.4,-123.2,24.46,8,45.212,-123.264,3543,0.0673,111
MINN,minn,45.50_-123.50,45.5,-123.5,45.35,-123.45,23.39,8,45.212,-123.264,3541,0.0695,111
MINN,minn,46.00_-123.00,46.0,-123.0,45.9,-123.2,33.55,1,45.212,-123.264,3541,0.1267,111
MOGU,mogu,41.00_-123.00,41.0,-123.0,41.075,-122.95,20.75,2,41.831,-122.421,1093,0.3292,25
MOGU,mogu,42.00_-123.50,42.0,-123.5,42.225,-123.375,41.98,2,41.831,-122.421,898,0.2394,25
MOGU,mogu,42.50_-123.00,42.5,-123.0,42.3,-123.25,35.95,1,41.831,-122.421,1580,0.2302,25
MOGU,mogu,42.50_-123.50,42.5,-123.5,42.45,-123.425,34.76,16,41.831,-122.421,1941,0.3037,25
MONKS,monks,45.00_-123.50,45.0,-123.5,45.15,-123.5,37.41,1,45.994,-123.004,2328,0.0808,113
MONKS,monks,45.50_-123.00,45.5,-123.0,45.4,-122.95,23.95,1,45.994,-123.004,2327,0.0467,113
MONKS,monks,45.50_-123.50,45.5,-123.5,45.4,-123.325,20.57,6,45.994,-123.004,2212,0.0744,113
MONKS,monks,46.00_-123.00,46.0,-123.0,45.975,-123.2,27.64,10,45.994,-123.004,2329,0.0771,113
MONKS,monks,46.00_-123.50,46.0,-123.5,45.9,-123.3,34.78,6,45.994,-123.004,2329,0.0835,113
MONTE,monte,46.00_-123.50,46.0,-123.5,46.2,-123.45,14.82,1,47.024,-123.575,1449,0.087,114
MONTE,monte,47.00_-122.50,47.0,-122.5,47.2,-122.7,49.99,1,47.024,-123.575,1822,0.0509,114
MONTE,monte,47.00_-123.00,47.0,-123.0,46.85,-122.975,41.04,10,47.024,-123.575,1823,0.0388,114
MONTE,monte,47.50_-122.50,47.5,-122.5,47.55,-122.7,30.77,1,47.024,-123.575,1043,0.2445,114
MONTE,monte,47.50_-123.00,47.5,-123.0,47.375,-122.875,33.42,6,47.024,-123.575,1812,0.0733,114
MONTE,monte,48.00_-123.00,48.0,-123.0,47.85,-123.0,30.01,3,47.024,-123.575,1563,0.0582,114
MULN,muln,47.50_-122.50,47.5,-122.5,47.7,-122.675,21.43,2,48.535,-122.064,1790,0.0329,115
MULN,muln,47.50_-123.00,47.5,-123.0,47.7,-122.9,30.85,9,48.535,-122.064,1790,0.0176,115
MULN,muln,48.00_-122.50,48.0,-122.5,47.775,-122.625,21.87,2,48.535,-122.064,1788,0.0395,115
MULN,muln,48.00_-123.00,48.0,-123.0,48.0,-122.95,30.58,34,48.535,-122.064,1790,0.0187,115
MULN,muln,48.00_-123.50,48.0,-123.5,47.875,-123.35,42.15,2,48.535,-122.064,1790,0.0376,115
MULN,muln,48.50_-123.00,48.5,-123.0,48.35,-122.9,32.24,11,48.535,-122.064,1790,0.0153,115
MULN,muln,48.50_-123.50,48.5,-123.5,48.45,-123.375,37.22,2,48.535,-122.064,1787,0.0392,115
NATEM,natem,47.50_-123.00,47.5,-123.0,47.6,-122.8,23.71,4,48.106,-122.819,1931,0.0826,116
NATEM,natem,47.50_-123.50,47.5,-123.5,47.7,-123.35,40.57,1,48.106,-122.819,1924,0.0755,116
NATEM,natem,48.00_-122.50,48.0,-122.5,47.85,-122.6,18.87,1,48.106,-122.819,1915,0.093,116
NATEM,natem,48.00_-123.00,48.0,-123.0,48.0,-123.025,42.29,10,48.106,-122.819,1931,0.0607,116
NATEM,natem,48.00_-123.50,48.0,-123.5,48.075,-123.525,43.96,4,48.106,-122.819,1922,0.0661,116
NATEM,natem,48.00_-124.00,48.0,-124.0,48.25,-123.75,31.38,1,48.106,-122.819,1929,0.0725,116
NATEM,natem,48.50_-123.00,48.5,-123.0,48.375,-122.85,42.85,4,48.106,-122.819,1930,0.064,116
NATEM,natem,48.50_-123.50,48.5,-123.5,48.3,-123.65,26.33,3,48.106,-122.819,1931,0.1025,116
NATEM,natem,48.50_-124.00,48.5,-124.0,48.5,-123.925,24.57,2,48.106,-122.819,1930,0.0929,116
NATEM,natem,49.00_-123.50,49.0,-123.5,48.825,-123.55,39.56,2,48.106,-122.819,1932,0.099,116
NATEM,natem,49.00_-124.00,49.0,-124.0,48.95,-123.9,46.33,5,48.106,-122.819,1927,0.096,116
NBFR,nbfr,45.00_-123.00,45.0,-123.0,45.2,-123.25,31.46,1,45.726,-123.853,2301,0.0789,117
NBFR,nbfr,45.00_-123.50,45.0,-123.5,45.125,-123.475,33.61,8,45.726,-123.853,2229,0.1105,117
NBFR,nbfr,45.50_-123.00,45.5,-123.0,45.5,-123.25,37.87,2,45.726,-123.853,1619,0.2079,117
NBFR,nbfr,45.50_-123.50,45.5,-123.5,45.525,-123.5,38.75,4,45.726,-123.853,2304,0.1548,117
NBFR,nbfr,46.00_-123.00,46.0,-123.0,45.85,-123.175,33.31,6,45.726,-123.853,2304,0.1294,117
NBFR,nbfr,46.00_-123.50,46.0,-123.5,45.9,-123.35,34.78,3,45.726,-123.853,2304,0.2509,117
NBFR,nbfr,46.50_-123.00,46.5,-123.0,46.4,-123.2,25.01,1,45.726,-123.853,2300,0.1314,117
NCSB,ncsb,49.50_-125.50,49.5,-125.5,49.5,-125.5,42.59,1,50.403,-126.056,2225,0.1834,118
NCSB,ncsb,49.50_-126.00,49.5,-126.0,49.675,-125.85,33.15,2,50.403,-126.056,2196,0.1492,118
NCSB,ncsb,49.50_-127.00,49.5,-127.0,49.7,-126.8,25.2,1,50.403,-126.056,2247,0.1707,118
NCSB,ncsb,50.00_-127.00,50.0,-127.0,50.125,-126.975,27.82,8,50.403,-126.056,2276,0.1477,118
NEMA,nema,45.50_-123.00,45.5,-123.0,45.625,-123.1,29.38,2,46.497,-123.75,1755,0.3034,119
NEMA,nema,45.50_-123.50,45.5,-123.5,45.65,-123.4,34.84,1,46.497,-123.75,360,0.7243,119
NEMA,nema,46.00_-123.00,46.0,-123.0,46.05,-123.15,24.41,2,46.497,-123.75,1032,0.4616,119
NEMA,nema,46.00_-123.50,46.0,-123.5,45.75,-123.3,20.88,1,46.497,-123.75,1498,0.3872,119
NEMA,nema,46.50_-123.00,46.5,-123.0,46.575,-123.175,32.31,4,46.497,-123.75,1742,0.387,119
NEMA,nema,47.00_-122.50,47.0,-122.5,47.0,-122.6,38.26,8,46.497,-123.75,1772,0.2347,119
NEMA,nema,47.00_-123.00,47.0,-123.0,47.15,-123.05,41.14,21,46.497,-123.75,1832,0.4114,119
NEMA,nema,47.50_-122.50,47.5,-122.5,47.3,-122.6,47.99,1,46.497,-123.75,1515,0.1609,119
NEMA,nema,47.50_-123.00,47.5,-123.0,47.3,-123.1,43.42,6,46.497,-123.75,1792,0.3039,119
NLWA,nlwa,47.00_-122.50,47.0,-122.5,46.95,-122.7,49.99,3,47.392,-123.869,5901,0.0657,120
NLWA,nlwa,47.00_-123.00,47.0,-123.0,46.95,-123.0,41.13,23,47.392,-123.869,5926,0.0505,120
NLWA,nlwa,47.50_-122.50,47.5,-122.5,47.525,-122.7,23.02,4,47.392,-123.869,5662,0.1124,120
NLWA,nlwa,47.50_-123.00,47.5,-123.0,47.5,-122.95,30.85,27,47.392,-123.869,5926,0.0566,120
NLWA,nlwa,48.00_-123.00,48.0,-123.0,47.95,-123.0,46.81,16,47.392,-123.869,5922,0.0799,120
NLWA,nlwa,48.00_-123.50,48.0,-123.5,48.1,-123.5,37.15,17,47.392,-123.869,5925,0.0653,120
OLGA,olga,48.00_-123.00,48.0,-123.0,47.975,-123.05,41.74,24,48.605,-122.803,1720,0.0782,121
OLGA,olga,48.00_-123.50,48.0,-123.5,48.15,-123.525,36.31,14,48.605,-122.803,1720,0.0962,121
OLGA,olga,48.00_-124.00,48.0,-124.0,48.25,-123.85,35.4,1,48.605,-122.803,1720,0.0886,121
OLGA,olga,48.50_-123.00,48.5,-123.0,48.35,-122.85,33.2,11,48.605,-122.803,1720,0.0753,121
OLGA,olga,48.50_-123.50,48.5,-123.5,48.45,-123.6,24.48,24,48.605,-122.803,1720,0.086,121
OLGA,olga,48.50_-124.00,48.5,-124.0,48.5,-123.9,29.29,37,48.605,-122.803,1720,0.0815,121
OLGA,olga,49.00_-123.50,49.0,-123.5,48.85,-123.7,34.93,3,48.605,-122.803,1720,0.0657,121
OLGA,olga,49.00_-124.00,49.0,-124.0,48.9,-123.875,40.89,6,48.605,-122.803,1720,0.0889,121
OLQN,olqn,46.50_-123.00,46.5,-123.0,46.7,-123.15,36.89,3,47.513,-123.813,2363,0.0881,122
OLQN,olqn,47.00_-122.50,47.0,-122.5,47.025,-122.7,44.76,2,47.513,-123.813,2362,0.1291,122
OLQN,olqn,47.00_-123.00,47.0,-123.0,47.0,-123.0,36.74,11,47.513,-123.813,2363,0.0842,122
OLQN,olqn,47.50_-122.50,47.5,-122.5,47.55,-122.7,23.86,3,47.513,-123.813,2363,0.0797,122
OLQN,olqn,47.50_-123.00,47.5,-123.0,47.45,-122.925,25.44,16,47.513,-123.813,2363,0.0951,122
OLQN,olqn,47.50_-123.50,47.5,-123.5,47.675,-123.375,39.18,2,47.513,-123.813,2363,0.1049,122
OLQN,olqn,48.00_-122.50,48.0,-122.5,47.75,-122.7,29.8,3,47.513,-123.813,2363,0.0937,122
OLQN,olqn,48.00_-123.00,48.0,-123.0,47.925,-123.025,42.94,30,47.513,-123.813,2363,0.0726,122
OLQN,olqn,48.00_-123.50,48.0,-123.5,48.2,-123.575,35.77,14,47.513,-123.813,2363,0.0762,122
OLQN,olqn,48.00_-124.00,48.0,-124.0,48.2,-123.8,33.51,3,47.513,-123.813,2362,0.0982,122
OLQN,olqn,48.50_-123.00,48.5,-123.0,48.375,-122.85,50.85,4,47.513,-123.813,2363,0.0771,122
OLQN,olqn,48.50_-123.50,48.5,-123.5,48.35,-123.55,28.26,5,47.513,-123.813,2363,0.0879,122
OLQN,olqn,48.50_-124.00,48.5,-124.0,48.35,-123.85,36.43,6,47.513,-123.813,2363,0.1083,122
OSQM,osqm,47.00_-123.00,47.0,-123.0,47.2,-122.85,31.79,1,48.043,-123.131,1953,0.1126,4
OSQM,osqm,47.50_-123.00,47.5,-123.0,47.55,-123.15,43.63,5,48.043,-123.131,1953,0.1063,4
OSQM,osqm,48.00_-123.00,48.0,-123.0,47.9,-123.1,45.13,12,48.043,-123.131,1953,0.0827,4
OSQM,osqm,48.00_-123.50,48.0,-123.5,47.9,-123.4,43.57,4,48.043,-123.131,1953,0.1173,4
OSQM,osqm,48.50_-123.50,48.5,-123.5,48.4,-123.7,26.04,5,48.043,-123.131,1953,0.1124,4
OSQM,osqm,48.50_-124.00,48.5,-124.0,48.5,-123.85,31.17,11,48.043,-123.131,1953,0.096,4
OTR,otr,47.00_-123.00,47.0,-123.0,47.25,-123.1,40.4,3,48.086,-124.345,2036,0.1286,124
OTR,otr,47.50_-123.00,47.5,-123.0,47.45,-123.05,41.68,11,48.086,-124.345,2044,0.1412,124
OTR,otr,48.00_-123.00,48.0,-123.0,48.0,-123.15,42.95,27,48.086,-124.345,2044,0.1259,124
OTR,otr,48.00_-123.50,48.0,-123.5,48.1,-123.45,39.21,25,48.086,-124.345,2040,0.1185,124
OTR,otr,48.50_-123.00,48.5,-123.0,48.3,-123.15,33.2,5,48.086,-124.345,2045,0.1627,124
OTR,otr,48.50_-123.50,48.5,-123.5,48.425,-123.55,24.54,26,48.086,-124.345,2043,0.1351,124
OTR,otr,48.50_-124.00,48.5,-124.0,48.55,-123.95,28.17,41,48.086,-124.345,2043,0.1311,124
OTR,otr,48.50_-124.50,48.5,-124.5,48.65,-124.35,36.81,3,48.086,-124.345,2043,0.1645,124
OTR,otr,49.00_-123.50,49.0,-123.5,48.75,-123.55,15.5,1,48.086,-124.345,2039,0.1703,124
OTR,otr,49.00_-124.00,49.0,-124.0,48.8,-124.15,20.89,9,48.086,-124.345,2042,0.1475,124
OTR,otr,49.00_-124.50,49.0,-124.5,48.75,-124.35,28.36,3,48.086,-124.345,2039,0.1409,124
OTR,otr,49.00_-125.00,49.0,-125.0,48.9,-124.9,40.81,1,48.086,-124.345,1935,0.1588,124
OZB,ozb,48.50_-124.00,48.5,-124.0,48.65,-124.15,36.57,3,48.961,-125.498,2820,0.1693,125
OZB,ozb,49.00_-124.00,49.0,-124.0,48.75,-124.25,15.76,2,48.961,-125.498,3048,0.1853,125
OZB,ozb,49.00_-124.50,49.0,-124.5,49.2,-124.65,35.64,7,48.961,-125.498,3245,0.2493,125
OZB,ozb,49.00_-125.00,49.0,-125.0,49.225,-124.9,32.27,2,48.961,-125.498,1579,0.3145,125
OZB,ozb,49.50_-124.50,49.5,-124.5,49.5,-124.55,28.92,2,48.961,-125.498,3050,0.3357,125
OZB,ozb,49.50_-125.00,49.5,-125.0,49.3,-125.1,40.31,1,48.961,-125.498,2770,0.1578,125
OZB,ozb,49.50_-126.00,49.5,-126.0,49.6,-125.9,33.39,16,48.961,-125.498,3174,0.1698,125
OZB,ozb,49.50_-126.50,49.5,-126.5,49.675,-126.325,38.24,2,48.961,-125.498,2616,0.1556,125
OZB,ozb,50.00_-126.00,50.0,-126.0,49.8,-126.2,36.65,10,48.961,-125.498,3189,0.1777,125
OZB,ozb,50.00_-126.50,50.0,-126.5,49.8,-126.3,38.75,12,48.961,-125.498,3110,0.1644,125
PABB,pabb,48.50_-124.00,48.5,-124.0,48.65,-124.15,29.61,11,49.219,-124.811,2516,0.1795,29
PABB,pabb,48.50_-124.50,48.5,-124.5,48.7,-124.3,29.89,1,49.219,-124.811,1744,0.1446,29
PABB,pabb,49.00_-124.00,49.0,-124.0,48.825,-124.1,20.08,2,49.219,-124.811,2219,0.1313,29
PABB,pabb,49.00_-124.50,49.0,-124.5,48.85,-124.35,32.79,15,49.219,-124.811,2462,0.17,29
PABB,pabb,49.00_-125.00,49.0,-125.0,49.15,-125.075,34.93,2,49.219,-124.811,2113,0.2043,29
PAN4H,pan4h,47.50_-122.50,47.5,-122.5,47.65,-122.7,34.96,1,47.176,-123.27,1871,0.0535,127
PAN4H,pan4h,47.50_-123.00,47.5,-123.0,47.6,-123.1,44.72,5,47.176,-123.27,1871,0.1693,127
PAN4H,pan4h,48.00_-123.00,48.0,-123.0,47.85,-123.0,46.03,16,47.176,-123.27,1870,0.1072,127
PAN4H,pan4h,48.00_-123.50,48.0,-123.5,47.975,-123.4,39.44,2,47.176,-123.27,720,0.5014,127
PETY,pety,40.00_-123.00,40.0,-123.0,40.25,-122.75,13.09,3,40.177,-122.788,584,0.4347,128
PETY,pety,40.50_-122.50,40.5,-122.5,40.6,-122.65,20.33,49,40.177,-122.788,2116,0.1909,128
PETY,pety,40.50_-123.00,40.5,-123.0,40.55,-122.85,21.49,16,40.177,-122.788,1988,0.2404,128
PETY,pety,41.00_-122.50,41.0,-122.5,40.75,-122.65,19.9,3,40.177,-122.788,1555,0.3074,128
PETY,pety,41.00_-123.00,41.0,-123.0,40.85,-123.0,30.94,16,40.177,-122.788,2227,0.1685,128
PGCbhz,pgcbhz,48.00_-123.00,48.0,-123.0,47.95,-123.1,42.68,8,48.6498,-123.4521,2695,0.1121,8
PGCbhz,pgcbhz,48.00_-123.50,48.0,-123.5,48.1,-123.55,37.15,23,48.6498,-123.4521,2697,0.0805,8
PGCbhz,pgcbhz,48.00_-124.00,48.0,-124.0,48.2,-123.8,31.34,1,48.6498,-123.4521,2694,0.0956,8
PGCbhz,pgcbhz,48.50_-123.00,48.5,-123.0,48.375,-122.85,35.75,10,48.6498,-123.4521,2697,0.104,8
PGCbhz,pgcbhz,48.50_-123.50,48.5,-123.5,48.4,-123.65,22.0,13,48.6498,-123.4521,2696,0.0763,8
PGCbhz,pgcbhz,48.50_-124.00,48.5,-124.0,48.5,-123.925,31.97,22,48.6498,-123.4521,2696,0.0855,8
PGCbhz,pgcbhz,48.50_-124.50,48.5,-124.5,48.7,-124.4,36.57,7,48.6498,-123.4521,2696,0.0889,8
PGCbhz,pgcbhz,49.00_-123.50,49.0,-123.5,48.9,-123.7,49.12,3,48.6498,-123.4521,2691,0.124,8
PGCbhz,pgcbhz,49.00_-124.00,49.0,-124.0,48.8,-124.15,21.41,7,48.6498,-123.4521,2694,0.0877,8
PGCbhz,pgcbhz,49.00_-124.50,49.0,-124.5,48.9,-124.5,35.34,48,48.6498,-123.4521,2695,0.0937,8
PGCbhz,pgcbhz,49.00_-125.00,49.0,-125.0,49.0,-124.775,28.75,16,48.6498,-123.4521,2696,0.1091,8
PGChhz,pgchhz,48.00_-123.00,48.0,-123.0,47.95,-123.1,43.63,10,48.6498,-123.4521,3020,0.0963,8
PGChhz,pgchhz,48.00_-123.50,48.0,-123.5,48.15,-123.5,38.98,26,48.6498,-123.4521,3020,0.0831,8
PGChhz,pgchhz,48.00_-124.00,48.0,-124.0,48.225,-123.775,32.19,4,48.6498,-123.4521,3020,0.1093,8
PGChhz,pgchhz,48.50_-123.00,48.5,-123.0,48.375,-122.85,35.75,10,48.6498,-123.4521,3020,0.0979,8
PGChhz,pgchhz,48.50_-123.50,48.5,-123.5,48.4,-123.65,22.22,15,48.6498,-123.4521,3020,0.0712,8
PGChhz,pgchhz,48.50_-124.00,48.5,-124.0,48.525,-123.925,31.37,28,48.6498,-123.4521,3020,0.0786,8
PGChhz,pgchhz,48.50_-124.50,48.5,-124.5,48.7,-124.45,35.74,9,48.6498,-123.4521,3020,0.0843,8
PGChhz,pgchhz,48.50_-125.00,48.5,-125.0,48.7,-124.75,34.2,1,48.6498,-123.4521,2986,0.1818,8
PGChhz,pgchhz,49.00_-123.50,49.0,-123.5,48.9,-123.7,49.12,3,48.6498,-123.4521,3020,0.1095,8
PGChhz,pgchhz,49.00_-124.00,49.0,-124.0,48.775,-124.125,22.2,8,48.6498,-123.4521,3020,0.0977,8
PGChhz,pgchhz,49.00_-124.50,49.0,-124.5,48.9,-124.5,35.57,65,48.6498,-123.4521,3020,0.0878,8
PGChhz,pgchhz,49.00_-125.00,49.0,-125.0,49.0,-124.75,29.65,22,48.6498,-123.4521,3020,0.1052,8
PIT6,pit6,40.50_-122.50,40.5,-122.5,40.6,-122.65,18.99,2,40.931,-121.948,361,0.0569,131
PIT6,pit6,40.50_-123.00,40.5,-123.0,40.45,-122.825,21.68,2,40.931,-121.948,361,0.032,131
PIT6,pit6,41.00_-122.50,41.0,-122.5,41.05,-122.5,16.9,1,40.931,-121.948,361,0.0908,131
PIT6,pit6,41.00_-123.00,41.0,-123.0,41.05,-122.95,20.82,14,40.931,-121.948,361,0.0509,131
PIT6,pit6,41.50_-123.00,41.5,-123.0,41.55,-123.1,31.06,5,40.931,-121.948,361,0.0451,131
PIT6,pit6,41.50_-123.50,41.5,-123.5,41.5,-123.3,35.7,1,40.931,-121.948,361,0.0456,131
PIT6,pit6,42.00_-123.50,42.0,-123.5,41.75,-123.3,35.16,1,40.931,-121.948,361,0.0936,131
PR02,pr02,46.00_-123.00,46.0,-123.0,46.1,-123.2,21.3,1,46.918,-122.049,1319,0.0438,132
PR02,pr02,46.50_-122.50,46.5,-122.5,46.55,-122.7,30.66,4,46.918,-122.049,1320,0.0448,132
PR02,pr02,46.50_-123.00,46.5,-123.0,46.65,-123.0,41.5,11,46.918,-122.049,1320,0.0398,132
PR02,pr02,46.50_-123.50,46.5,-123.5,46.6,-123.3,22.6,1,46.918,-122.049,1320,0.0315,132
PR02,pr02,47.00_-122.50,47.0,-122.5,46.975,-122.65,35.15,8,46.918,-122.049,1320,0.0406,132
PR02,pr02,47.00_-123.00,47.0,-123.0,47.0,-122.95,40.16,35,46.918,-122.049,1320,0.0395,132
PR02,pr02,47.00_-123.50,47.0,-123.5,47.1,-123.3,41.1,1,46.918,-122.049,1320,0.044,132
PR02,pr02,47.50_-122.50,47.5,-122.5,47.45,-122.7,24.29,4,46.918,-122.049,1320,0.0326,132
PR02,pr02,47.50_-123.00,47.5,-123.0,47.5,-122.95,35.49,48,46.918,-122.049,1320,0.0405,132
PR02,pr02,47.50_-123.50,47.5,-123.5,47.475,-123.325,39.33,6,46.918,-122.049,1320,0.0351,132
PR02,pr02,48.00_-122.50,48.0,-122.5,47.775,-122.6,20.87,2,46.918,-122.049,1319,0.0552,132
PR02,pr02,48.00_-123.00,48.0,-123.0,47.775,-123.1,43.57,8,46.918,-122.049,1320,0.0402,132
PR02,pr02,48.00_-123.50,48.0,-123.5,47.775,-123.3,41.78,2,46.918,-122.049,1320,0.0421,132
PR04,pr04,47.50_-122.50,47.5,-122.5,47.55,-122.7,21.41,2,46.93,-121.989,3038,0.0976,133
PR04,pr04,47.50_-123.00,47.5,-123.0,47.6,-122.95,40.99,13,46.93,-121.989,3074,0.0784,133
PR04,pr04,47.50_-123.50,47.5,-123.5,47.6,-123.3,45.29,2,46.93,-121.989,3079,0.0789,133
PR04,pr04,48.00_-123.00,48.0,-123.0,47.8,-122.925,30.84,6,46.93,-121.989,3080,0.0805,133
PR04,pr04,48.00_-123.50,48.0,-123.5,47.8,-123.3,41.17,1,46.93,-121.989,3066,0.0838,133
PR05,pr05,47.50_-123.00,47.5,-123.0,47.6,-123.0,37.72,9,46.842,-121.949,2657,0.2359,134
PRIN,prin,47.50_-123.00,47.5,-123.0,47.575,-122.95,25.88,8,48.212,-122.631,2090,0.0422,135
PRIN,prin,48.00_-123.00,48.0,-123.0,48.2,-123.05,26.67,7,48.212,-122.631,2090,0.0415,135
PRIN,prin,48.00_-123.50,48.0,-123.5,48.15,-123.525,36.17,4,48.212,-122.631,2090,0.0414,135
PRIN,prin,48.50_-123.00,48.5,-123.0,48.35,-123.05,27.6,4,48.212,-122.631,2089,0.04,135
PRIN,prin,48.50_-123.50,48.5,-123.5,48.5,-123.55,23.87,5,48.212,-122.631,2090,0.0481,135
PRIN,prin,48.50_-124.00,48.5,-124.0,48.525,-123.85,31.28,4,48.212,-122.631,2088,0.0658,135
PRIN,prin,49.00_-123.50,49.0,-123.5,48.75,-123.7,18.64,3,48.212,-122.631,2089,0.1016,135
PRIN,prin,49.00_-124.00,49.0,-124.0,48.9,-123.8,41.2,3,48.212,-122.631,2088,0.0482,135
PTRF,ptrf,48.00_-123.50,48.0,-123.5,47.9,-123.4,43.57,1,48.544,-124.413,2791,0.21,136
PTRF,ptrf,48.50_-123.50,48.5,-123.5,48.6,-123.625,32.8,2,48.544,-124.413,3066,0.2779,136
PTRF,ptrf,48.50_-124.00,48.5,-124.0,48.6,-123.95,31.32,1,48.544,-124.413,1351,0.3104,136
PTRF,ptrf,48.50_-124.50,48.5,-124.5,48.7,-124.35,37.48,2,48.544,-124.413,3050,0.2434,136
PTRF,ptrf,49.00_-124.00,49.0,-124.0,48.9,-123.85,30.64,7,48.544,-124.413,3065,0.2017,136
PTRF,ptrf,49.00_-124.50,49.0,-124.5,49.0,-124.5,36.11,9,48.544,-124.413,3065,0.2255,136
PTRF,ptrf,49.00_-125.00,49.0,-125.0,49.1,-125.05,33.61,2,48.544,-124.413,3066,0.2589,136
QEPB,qepb,48.50_-123.00,48.5,-123.0,48.4,-122.85,45.79,3,49.242,-123.114,1832,0.1147,137
QEPB,qepb,48.50_-123.50,48.5,-123.5,48.525,-123.625,20.57,2,49.242,-123.114,1813,0.0742,137
QEPB,qepb,48.50_-124.00,48.5,-124.0,48.6,-124.1,28.17,14,49.242,-123.114,1829,0.0443,137
QEPB,qepb,48.50_-124.50,48.5,-124.5,48.625,-124.35,37.33,2,49.242,-123.114,1823,0.0868,137
QEPB,qepb,49.00_-123.50,49.0,-123.5,48.9,-123.7,41.41,3,49.242,-123.114,1834,0.0752,137
QEPB,qepb,49.00_-124.00,49.0,-124.0,48.9,-123.925,29.86,16,49.242,-123.114,1841,0.0338,137
QEPB,qepb,49.00_-124.50,49.0,-124.5,48.8,-124.35,27.7,4,49.242,-123.114,1752,0.1106,137
RADR,radr,45.50_-123.00,45.5,-123.0,45.6,-123.15,34.19,1,46.422,-123.799,1278,0.4694,138
RADR,radr,45.50_-123.50,45.5,-123.5,45.7,-123.35,29.82,3,46.422,-123.799,2322,0.2406,138
RADR,radr,46.00_-123.00,46.0,-123.0,46.25,-123.1,17.3,3,46.422,-123.799,2204,0.2958,138
RADR,radr,46.50_-122.50,46.5,-122.5,46.6,-122.7,34.94,1,46.422,-123.799,2345,0.2647,138
RADR,radr,46.50_-123.00,46.5,-123.0,46.5,-123.1,37.37,35,46.422,-123.799,2467,0.26,138
RADR,radr,46.50_-123.50,46.5,-123.5,46.4,-123.35,26.6,2,46.422,-123.799,2374,0.3582,138
RADR,radr,47.00_-122.50,47.0,-122.5,46.9,-122.65,38.81,17,46.422,-123.799,2448,0.2803,138
RADR,radr,47.00_-123.00,47.0,-123.0,46.95,-123.0,39.55,52,46.422,-123.799,2443,0.2251,138
RADR,radr,47.50_-122.50,47.5,-122.5,47.3,-122.575,39.65,2,46.422,-123.799,1802,0.4253,138
RADR,radr,47.50_-123.00,47.5,-123.0,47.3,-123.0,41.7,3,46.422,-123.799,2358,0.2255,138
RAIN,rain,45.00_-123.00,45.0,-123.0,45.2,-123.175,23.93,4,46.082,-123.011,3551,0.1519,139
RAIN,rain,45.00_-123.50,45.0,-123.5,45.2,-123.45,35.97,7,46.082,-123.011,3551,0.0887,139
RAIN,rain,45.50_-123.00,45.5,-123.0,45.4,-123.15,22.04,12,46.082,-123.011,3551,0.1222,139
RAIN,rain,45.50_-123.50,45.5,-123.5,45.5,-123.4,34.12,11,46.082,-123.011,3551,0.0767,139
RAIN,rain,46.00_-123.00,46.0,-123.0,46.075,-123.1,19.25,10,46.082,-123.011,3551,0.095,139
RAIN,rain,46.00_-123.50,46.0,-123.5,46.075,-123.375,26.82,4,46.082,-123.011,3550,0.0456,139
RAIN,rain,46.50_-122.50,46.5,-122.5,46.7,-122.675,39.21,2,46.082,-123.011,3474,0.1837,139
RAIN,rain,46.50_-123.00,46.5,-123.0,46.55,-123.075,39.41,20,46.082,-123.011,3551,0.1111,139
RAIN,rain,46.50_-123.50,46.5,-123.5,46.4,-123.3,23.53,7,46.082,-123.011,3550,0.1203,139
RAIN,rain,47.00_-122.50,47.0,-122.5,46.85,-122.7,26.65,5,46.082,-123.011,3551,0.1096,139
RAIN,rain,47.00_-123.00,47.0,-123.0,46.85,-123.0,36.99,11,46.082,-123.011,3551,0.1482,139
RAIN,rain,47.00_-123.50,47.0,-123.5,46.9,-123.3,37.81,1,46.082,-123.011,3535,0.263,139
RATT,ratt,48.00_-123.00,48.0,-123.0,47.95,-123.0,43.28,4,47.425,-121.803,1881,0.1123,140
RATT,ratt,48.50_-123.00,48.5,-123.0,48.3,-122.85,26.23,2,47.425,-121.803,1825,0.1543,140
RER,rer,47.00_-122.50,47.0,-122.5,46.975,-122.7,46.43,2,46.819,-121.843,1281,0.1834,141
RER,rer,47.00_-123.00,47.0,-123.0,47.05,-122.8,51.35,7,46.819,-121.843,1313,0.2513,141
RER,rer,47.50_-122.50,47.5,-122.5,47.525,-122.65,25.91,2,46.819,-121.843,1385,0.1212,141
RER,rer,47.50_-123.00,47.5,-123.0,47.6,-122.85,30.8,12,46.819,-121.843,1390,0.1452,141
RNWY,rnwy,47.50_-123.00,47.5,-123.0,47.7,-122.95,46.94,1,48.612,-123.126,1905,0.0214,142
RNWY,rnwy,47.50_-123.50,47.5,-123.5,47.7,-123.4,38.07,1,48.612,-123.126,1905,0.0217,142
RNWY,rnwy,48.00_-122.50,48.0,-122.5,47.8,-122.65,16.3,1,48.612,-123.126,1905,0.0277,142
RNWY,rnwy,48.00_-123.00,48.0,-123.0,47.925,-123.0,42.83,32,48.612,-123.126,1905,0.0122,142
RNWY,rnwy,48.00_-123.50,48.0,-123.5,48.0,-123.525,40.89,6,48.612,-123.126,1905,0.014,142
RNWY,rnwy,48.00_-124.00,48.0,-124.0,48.25,-123.775,32.86,2,48.612,-123.126,1905,0.0144,142
RNWY,rnwy,48.50_-123.00,48.5,-123.0,48.375,-123.025,34.05,8,48.612,-123.126,1905,0.0147,142
RNWY,rnwy,48.50_-123.50,48.5,-123.5,48.45,-123.55,21.8,21,48.612,-123.126,1905,0.013,142
RNWY,rnwy,48.50_-124.00,48.5,-124.0,48.55,-124.0,28.17,13,48.612,-123.126,1905,0.0103,142
RNWY,rnwy,48.50_-124.50,48.5,-124.5,48.65,-124.35,36.81,3,48.612,-123.126,1905,0.0223,142
RNWY,rnwy,49.00_-123.50,49.0,-123.5,48.8,-123.6,24.48,6,48.612,-123.126,1905,0.0161,142
RNWY,rnwy,49.00_-124.00,49.0,-124.0,48.875,-123.925,26.28,22,48.612,-123.126,1905,0.0139,142
RNWY,rnwy,49.00_-124.50,49.0,-124.5,48.9,-124.4,27.04,7,48.612,-123.126,1905,0.0164,142
ROGE,roge,42.00_-123.50,42.0,-123.5,42.2,-123.3,38.69,5,42.695,-123.665,2874,0.1779,143
ROGE,roge,42.50_-123.00,42.5,-123.0,42.6,-123.25,25.23,3,42.695,-123.665,2152,0.2286,143
ROGE,roge,42.50_-123.50,42.5,-123.5,42.5,-123.4,32.03,21,42.695,-123.665,2890,0.1279,143
ROGE,roge,43.00_-123.00,43.0,-123.0,42.85,-123.25,35.81,3,42.695,-123.665,2679,0.2371,143
ROGE,roge,43.00_-123.50,43.0,-123.5,43.15,-123.5,34.07,3,42.695,-123.665,2675,0.206,143
ROGE,roge,43.50_-123.50,43.5,-123.5,43.55,-123.7,31.58,1,42.695,-123.665,2833,0.2805,143
ROGE,roge,43.50_-124.00,43.5,-124.0,43.4,-123.75,30.64,3,42.695,-123.665,2813,0.2228,143
RUSH,rush,46.50_-123.00,46.5,-123.0,46.4,-123.225,21.47,2,46.903,-121.944,2257,0.1189,144
RUSH,rush,47.00_-122.50,47.0,-122.5,47.075,-122.675,50.64,2,46.903,-121.944,2135,0.1304,144
RUSH,rush,47.00_-123.00,47.0,-123.0,46.95,-122.85,33.98,11,46.903,-121.944,2261,0.0842,144
RUSH,rush,47.50_-122.50,47.5,-122.5,47.7,-122.7,21.99,1,46.903,-121.944,2058,0.0607,144
RUSH,rush,47.50_-123.00,47.5,-123.0,47.45,-122.95,35.22,15,46.903,-121.944,2299,0.0778,144
RVIT,rvit,40.50_-122.50,40.5,-122.5,40.35,-122.65,21.51,3,39.906,-123.379,502,0.2637,145
RVIT,rvit,40.50_-123.00,40.5,-123.0,40.4,-122.85,21.74,1,39.906,-123.379,230,0.1352,145
SAGE,sage,40.50_-123.00,40.5,-123.0,40.6,-122.8,24.02,1,40.795,-122.039,171,0.7709,146
SAGE,sage,41.00_-122.50,41.0,-122.5,40.8,-122.7,23.47,1,40.795,-122.039,781,0.2004,146
SAGE,sage,41.00_-123.00,41.0,-123.0,41.1,-123.1,24.65,31,40.795,-122.039,1981,0.2233,146
SAGE,sage,41.50_-123.00,41.5,-123.0,41.45,-123.05,31.48,29,40.795,-122.039,2042,0.1853,146
SALO,salo,47.00_-123.00,47.0,-123.0,47.25,-123.1,38.21,1,47.951,-122.373,2139,0.106,147
SALO,salo,47.50_-122.50,47.5,-122.5,47.55,-122.575,26.74,2,47.951,-122.373,2139,0.1395,147
SALO,salo,47.50_-123.00,47.5,-123.0,47.6,-122.95,31.05,25,47.951,-122.373,2139,0.1122,147
SALO,salo,47.50_-123.50,47.5,-123.5,47.7,-123.325,42.24,2,47.951,-122.373,2139,0.1396,147
SALO,salo,48.00_-123.00,48.0,-123.0,48.05,-123.05,43.28,23,47.951,-122.373,2139,0.1093,147
SALO,salo,48.00_-123.50,48.0,-123.5,47.975,-123.4,42.73,14,47.951,-122.373,2139,0.1009,147
SALO,salo,48.50_-123.00,48.5,-123.0,48.35,-122.925,33.14,6,47.951,-122.373,2139,0.1534,147
SALO,salo,48.50_-123.50,48.5,-123.5,48.55,-123.5,28.56,12,47.951,-122.373,2139,0.117,147
SALO,salo,49.00_-123.50,49.0,-123.5,48.75,-123.65,20.64,6,47.951,-122.373,2139,0.1514,147
SALT,salt,41.50_-123.00,41.5,-123.0,41.65,-122.9,22.84,2,42.493,-122.588,2162,0.2084,148
SALT,salt,41.50_-123.50,41.5,-123.5,41.6,-123.3,35.49,1,42.493,-122.588,2169,0.233,148
SALT,salt,42.00_-123.00,42.0,-123.0,42.1,-123.2,33.3,9,42.493,-122.588,2177,0.1169,148
SALT,salt,42.00_-123.50,42.0,-123.5,42.15,-123.45,42.88,25,42.493,-122.588,2178,0.11,148
SALT,salt,42.00_-124.00,42.0,-124.0,42.25,-123.8,27.97,2,42.493,-122.588,2175,0.1435,148
SALT,salt,42.50_-123.00,42.5,-123.0,42.45,-123.2,28.99,9,42.493,-122.588,2176,0.1046,148
SALT,salt,42.50_-123.50,42.5,-123.5,42.55,-123.5,31.41,35,42.493,-122.588,2177,0.1109,148
SALT,salt,42.50_-124.00,42.5,-124.0,42.45,-123.75,36.29,3,42.493,-122.588,2166,0.124,148
SALT,salt,43.00_-123.00,43.0,-123.0,42.825,-123.25,34.36,6,42.493,-122.588,2176,0.1198,148
SALT,salt,43.00_-123.50,43.0,-123.5,42.9,-123.45,33.59,20,42.493,-122.588,2177,0.1197,148
SALT,salt,43.00_-124.00,43.0,-124.0,42.9,-123.8,27.0,2,42.493,-122.588,2174,0.1243,148
SANG,sang,41.00_-123.00,41.0,-123.0,41.175,-123.0,22.38,16,41.91,-123.649,1410,0.2334,149
SANG,sang,41.00_-123.50,41.0,-123.5,41.25,-123.4,40.71,1,41.91,-123.649,967,0.2391,149
SANG,sang,41.50_-123.00,41.5,-123.0,41.5,-123.15,32.48,25,41.91,-123.649,1372,0.1966,149
SANG,sang,41.50_-123.50,41.5,-123.5,41.5,-123.35,37.37,12,41.91,-123.649,1495,0.2402,149
SANG,sang,42.00_-123.00,42.0,-123.0,41.9,-123.1,26.85,9,41.91,-123.649,1343,0.2158,149
SANG,sang,42.00_-123.50,42.0,-123.5,42.125,-123.375,41.33,12,41.91,-123.649,1388,0.2423,149
SANG,sang,42.50_-123.00,42.5,-123.0,42.4,-123.2,31.31,3,41.91,-123.649,1321,0.2706,149
SANG,sang,42.50_-123.50,42.5,-123.5,42.5,-123.5,34.35,29,41.91,-123.649,1393,0.2171,149
SANG,sang,42.50_-124.00,42.5,-124.0,42.3,-123.75,31.36,1,41.91,-123.649,1243,0.3713,149
SANG,sang,43.00_-123.50,43.0,-123.5,42.75,-123.7,27.86,1,41.91,-123.649,461,0.5408,149
SAXON,saxon,48.00_-123.00,48.0,-123.0,48.05,-123.05,41.49,58,48.683,-122.161,1712,0.042,150
SAXON,saxon,48.00_-123.50,48.0,-123.5,48.2,-123.45,40.26,17,48.683,-122.161,1712,0.0653,150
SAXON,saxon,48.50_-123.00,48.5,-123.0,48.375,-122.925,32.39,26,48.683,-122.161,1711,0.0493,150
SAXON,saxon,48.50_-123.50,48.5,-123.5,48.5,-123.425,23.5,14,48.683,-122.161,1711,0.0648,150
SBAR,sbar,41.00_-123.00,41.0,-123.0,41.0,-123.0,23.06,7,41.663,-123.071,504,0.2687,151
SBAR,sbar,42.00_-123.00,42.0,-123.0,42.2,-123.225,34.5,2,41.663,-123.071,489,0.1887,151
SBAR,sbar,42.00_-123.50,42.0,-123.5,42.2,-123.35,40.78,10,41.663,-123.071,849,0.316,151
SBAR,sbar,42.50_-123.00,42.5,-123.0,42.35,-123.25,33.63,1,41.663,-123.071,106,0.3081,151
SBAR,sbar,42.50_-123.50,42.5,-123.5,42.45,-123.4,35.16,17,41.663,-123.071,757,0.2934,151
SCOT,scot,40.50_-122.50,40.5,-122.5,40.65,-122.65,20.33,9,41.392,-122.854,2494,0.1987,152
SCOT,scot,41.00_-123.00,41.0,-123.0,40.925,-122.925,21.03,30,41.392,-122.854,2490,0.2167,152
SCOT,scot,41.50_-123.00,41.5,-123.0,41.3,-122.9,20.52,1,41.392,-122.854,1057,0.4933,152
SCOT,scot,42.00_-123.00,42.0,-123.0,42.15,-123.25,35.47,3,41.392,-122.854,2567,0.3231,152
SCOT,scot,42.00_-123.50,42.0,-123.5,42.05,-123.4,41.6,15,41.392,-122.854,2614,0.2182,152
SEAS2,seas2,45.00_-123.00,45.0,-123.0,45.2,-123.125,24.26,10,46.036,-123.896,370,0.5279,153
SEAS2,seas2,45.00_-123.50,45.0,-123.5,45.2,-123.475,39.61,14,46.036,-123.896,370,0.4667,153
SEAS2,seas2,45.00_-124.00,45.0,-124.0,45.2,-123.8,38.89,1,46.036,-123.896,94,0.5906,153
SEAS2,seas2,45.50_-123.00,45.5,-123.0,45.425,-123.1,22.94,18,46.036,-123.896,370,0.5518,153
SEAS2,seas2,45.50_-123.50,45.5,-123.5,45.425,-123.45,32.99,26,46.036,-123.896,370,0.4838,153
SEAS2,seas2,45.50_-124.00,45.5,-124.0,45.45,-124.05,25.33,1,46.036,-123.896,370,0.5195,153
SEAS2,seas2,46.00_-123.00,46.0,-123.0,45.95,-123.15,22.9,27,46.036,-123.896,370,0.5323,153
SEAS2,seas2,46.00_-123.50,46.0,-123.5,46.025,-123.35,30.81,8,46.036,-123.896,370,0.4258,153
SEAS2,seas2,46.50_-123.00,46.5,-123.0,46.55,-123.1,41.74,34,46.036,-123.896,370,0.4533,153
SEAS2,seas2,46.50_-123.50,46.5,-123.5,46.4,-123.35,26.11,5,46.036,-123.896,370,0.6874,153
SEAS2,seas2,47.00_-122.50,47.0,-122.5,46.925,-122.625,51.28,2,46.036,-123.896,369,0.5954,153
SEAS2,seas2,47.00_-123.00,47.0,-123.0,46.8,-122.9,33.66,22,46.036,-123.896,370,0.5221,153
SEAS2,seas2,47.00_-123.50,47.0,-123.5,46.8,-123.325,19.69,4,46.036,-123.896,370,0.494,153
SHB,shb,48.50_-124.00,48.5,-124.0,48.7,-124.15,33.22,1,49.599,-123.877,2627,0.2359,154
SHB,shb,49.00_-124.00,49.0,-124.0,48.85,-124.15,18.14,3,49.599,-123.877,3027,0.2017,154
SHB,shb,49.00_-124.50,49.0,-124.5,49.025,-124.6,37.88,32,49.599,-123.877,3208,0.1551,154
SHB,shb,49.00_-125.00,49.0,-125.0,48.975,-124.8,28.73,12,49.599,-123.877,3199,0.1659,154
SHB,shb,49.50_-125.00,49.5,-125.0,49.35,-125.075,32.38,8,49.599,-123.877,3206,0.1532,154
SHBhhz,shbhhz,49.00_-124.00,49.0,-124.0,48.825,-124.175,17.75,4,49.599,-123.877,1203,0.137,154
SHBhhz,shbhhz,49.00_-124.50,49.0,-124.5,49.0,-124.6,37.2,35,49.599,-123.877,1257,0.104,154
SHBhhz,shbhhz,49.00_-125.00,49.0,-125.0,48.95,-124.8,27.8,10,49.599,-123.877,1255,0.1146,154
SHBhhz,shbhhz,49.50_-125.00,49.5,-125.0,49.35,-125.075,32.38,8,49.599,-123.877,1256,0.1018,154
SHW,shw,45.50_-123.00,45.5,-123.0,45.475,-123.0,22.05,8,46.194,-122.235,1848,0.0557,156
SHW,shw,45.50_-123.50,45.5,-123.5,45.6,-123.45,33.25,10,46.194,-122.235,1848,0.0671,156
SHW,shw,46.00_-123.00,46.0,-123.0,45.95,-123.075,22.74,12,46.194,-122.235,1848,0.0638,156
SHW,shw,46.00_-123.50,46.0,-123.5,45.9,-123.4,23.44,3,46.194,-122.235,1847,0.0901,156
SHW,shw,46.50_-122.50,46.5,-122.5,46.575,-122.65,21.74,2,46.194,-122.235,1848,0.0689,156
SHW,shw,46.50_-123.00,46.5,-123.0,46.45,-123.15,34.66,11,46.194,-122.235,1848,0.0668,156
SHW,shw,46.50_-123.50,46.5,-123.5,46.45,-123.3,25.62,3,46.194,-122.235,1848,0.0695,156
SHW,shw,47.00_-122.50,47.0,-122.5,47.0,-122.65,48.42,2,46.194,-122.235,1848,0.0998,156
SHW,shw,47.00_-123.00,47.0,-123.0,46.95,-122.95,39.32,9,46.194,-122.235,1847,0.0618,156
SIFT,sift,46.00_-123.00,46.0,-123.0,46.25,-123.15,18.91,1,46.867,-121.953,71,0.3506,157
SIFT,sift,46.50_-122.50,46.5,-122.5,46.6,-122.7,34.94,1,46.867,-121.953,2311,0.4462,157
SIFT,sift,46.50_-123.00,46.5,-123.0,46.55,-123.05,51.19,6,46.867,-121.953,2462,0.2547,157
SIFT,sift,47.00_-122.50,47.0,-122.5,46.875,-122.65,42.63,6,46.867,-121.953,2463,0.1485,157
SIFT,sift,47.00_-123.00,47.0,-123.0,47.05,-123.025,36.32,10,46.867,-121.953,2451,0.1538,157
SIFT,sift,47.50_-123.00,47.5,-123.0,47.5,-122.95,28.68,5,46.867,-121.953,2465,0.2273,157
SIGP,sigp,41.00_-123.00,41.0,-123.0,41.2,-122.95,22.41,3,41.873,-124.068,2397,0.1416,158
SIGP,sigp,41.50_-123.00,41.5,-123.0,41.55,-123.1,31.48,5,41.873,-124.068,2404,0.1433,158
SIGP,sigp,41.50_-123.50,41.5,-123.5,41.675,-123.375,37.37,8,41.873,-124.068,2409,0.1404,158
SIGP,sigp,42.00_-123.00,42.0,-123.0,42.15,-123.2,33.11,7,41.873,-124.068,2399,0.1061,158
SIGP,sigp,42.00_-123.50,42.0,-123.5,42.15,-123.4,42.32,40,41.873,-124.068,2404,0.1575,158
SIGP,sigp,42.00_-124.00,42.0,-124.0,42.15,-123.825,34.69,2,41.873,-124.068,2399,0.1868,158
SIGP,sigp,42.50_-123.50,42.5,-123.5,42.45,-123.4,35.92,49,41.873,-124.068,2409,0.1468,158
SIGP,sigp,42.50_-124.00,42.5,-124.0,42.45,-123.8,36.67,8,41.873,-124.068,2409,0.131,158
SIGP,sigp,43.00_-123.50,43.0,-123.5,42.75,-123.35,33.14,1,41.873,-124.068,2399,0.2192,158
SISQ,sisq,41.50_-123.50,41.5,-123.5,41.6,-123.3,35.49,1,42.275,-123.632,1342,0.4145,159
SISQ,sisq,42.00_-123.00,42.0,-123.0,42.05,-123.25,34.9,5,42.275,-123.632,2070,0.3503,159
SISQ,sisq,42.00_-123.50,42.0,-123.5,42.0,-123.3,36.56,5,42.275,-123.632,2351,0.239,159
SISQ,sisq,42.50_-123.00,42.5,-123.0,42.3,-123.25,35.95,3,42.275,-123.632,1684,0.4482,159
SISQ,sisq,42.50_-123.50,42.5,-123.5,42.6,-123.45,29.68,9,42.275,-123.632,2249,0.237,159
SISQ,sisq,43.00_-123.50,43.0,-123.5,42.8,-123.5,32.3,3,42.275,-123.632,2341,0.1899,159
SKAMO,skamo,45.50_-123.00,45.5,-123.0,45.625,-123.075,33.24,4,46.308,-123.338,1630,0.1297,160
SKAMO,skamo,45.50_-123.50,45.5,-123.5,45.6,-123.4,38.81,10,46.308,-123.338,1642,0.1296,160
SKAMO,skamo,46.00_-123.00,46.0,-123.0,45.85,-123.25,34.88,2,46.308,-123.338,1519,0.1139,160
SKAMO,skamo,46.00_-123.50,46.0,-123.5,45.9,-123.4,23.44,5,46.308,-123.338,1659,0.1438,160
SKAMO,skamo,46.50_-122.50,46.5,-122.5,46.625,-122.6,31.85,2,46.308,-123.338,1622,0.1711,160
SKAMO,skamo,46.50_-123.00,46.5,-123.0,46.55,-123.025,26.07,2,46.308,-123.338,1421,0.2971,160
SKAMO,skamo,47.00_-123.00,47.0,-123.0,46.9,-122.9,36.74,11,46.308,-123.338,1637,0.1172,160
SKAMO,skamo,47.00_-123.50,47.0,-123.5,47.15,-123.45,44.23,1,46.308,-123.338,1552,0.1457,160
SLDQ,sldq,47.00_-123.00,47.0,-123.0,47.2,-123.0,39.55,1,48.062,-124.141,2304,0.1868,5
SLDQ,sldq,47.50_-123.00,47.5,-123.0,47.45,-122.95,17.3,1,48.062,-124.141,2346,0.0398,5
SLDQ,sldq,48.00_-123.00,48.0,-123.0,48.2,-123.15,31.3,15,48.062,-124.141,2485,0.0979,5
SLDQ,sldq,48.00_-123.50,48.0,-123.5,48.15,-123.5,39.68,25,48.062,-124.141,2485,0.0909,5
SLDQ,sldq,48.00_-124.00,48.0,-124.0,48.25,-123.8,31.38,3,48.062,-124.141,2479,0.1607,5
SLDQ,sldq,48.50_-123.50,48.5,-123.5,48.35,-123.6,28.26,7,48.062,-124.141,2477,0.105,5
SLDQ,sldq,48.50_-124.00,48.5,-124.0,48.4,-123.8,29.01,19,48.062,-124.141,2485,0.0867,5
SLDQ,sldq,49.00_-124.00,49.0,-124.0,48.8,-124.25,21.55,1,48.062,-124.141,2428,0.1531,5
SLDQ,sldq,49.00_-124.50,49.0,-124.5,48.8,-124.3,21.13,1,48.062,-124.141,2463,0.1749,5
SNB,snb,48.00_-123.00,48.0,-123.0,48.25,-123.15,30.14,5,48.775,-123.172,3422,0.1922,162
SNB,snb,48.00_-123.50,48.0,-123.5,48.2,-123.475,37.07,20,48.775,-123.172,3426,0.1603,162
SNB,snb,48.00_-124.00,48.0,-124.0,48.25,-123.75,31.38,1,48.775,-123.172,3416,0.2316,162
SNB,snb,48.50_-123.00,48.5,-123.0,48.35,-123.0,36.4,2,48.775,-123.172,3422,0.13,162
SNB,snb,48.50_-123.50,48.5,-123.5,48.35,-123.65,26.13,12,48.775,-123.172,3422,0.175,162
SNB,snb,48.50_-124.00,48.5,-124.0,48.55,-123.9,29.29,45,48.775,-123.172,3426,0.1441,162
SNB,snb,48.50_-124.50,48.5,-124.5,48.675,-124.325,32.13,2,48.775,-123.172,3421,0.2275,162
SNB,snb,49.00_-123.50,49.0,-123.5,48.85,-123.7,41.41,3,48.775,-123.172,3414,0.2237,162
SNB,snb,49.00_-124.00,49.0,-124.0,48.8,-123.975,24.58,12,48.775,-123.172,3427,0.1509,162
SNB,snb,49.00_-124.50,49.0,-124.5,48.85,-124.35,28.36,13,48.775,-123.172,3445,0.1771,162
SP2,sp2,46.50_-122.50,46.5,-122.5,46.675,-122.675,36.85,2,47.556,-122.249,2978,0.0181,163
SP2,sp2,47.00_-122.50,47.0,-122.5,46.9,-122.65,33.62,6,47.556,-122.249,2979,0.0137,163
SP2,sp2,47.00_-123.00,47.0,-123.0,47.0,-122.9,40.13,9,47.556,-122.249,2979,0.0134,163
SP2,sp2,47.50_-122.50,47.5,-122.5,47.425,-122.65,30.63,6,47.556,-122.249,2979,0.0177,163
SP2,sp2,47.50_-123.00,47.5,-123.0,47.5,-122.85,25.37,21,47.556,-122.249,2979,0.0146,163
SP2,sp2,47.50_-123.50,47.5,-123.5,47.45,-123.3,40.82,2,47.556,-122.249,2979,0.0228,163
SP2,sp2,48.00_-122.50,48.0,-122.5,47.9,-122.7,24.96,1,47.556,-122.249,2978,0.0259,163
SP2,sp2,48.00_-123.00,48.0,-123.0,48.0,-123.0,40.08,29,47.556,-122.249,2979,0.0111,163
SP2,sp2,48.00_-123.50,48.0,-123.5,48.0,-123.4,40.2,9,47.556,-122.249,2979,0.0135,163
SP2,sp2,48.50_-123.00,48.5,-123.0,48.35,-123.05,30.9,11,47.556,-122.249,2978,0.0115,163
SP2,sp2,48.50_-123.50,48.5,-123.5,48.4,-123.4,27.0,3,47.556,-122.249,2979,0.0136,163
SSO2,sso2,44.00_-123.50,44.0,-123.5,44.15,-123.45,26.89,3,44.841,-122.483,2205,0.1439,164
SSO2,sso2,44.50_-123.50,44.5,-123.5,44.55,-123.6,27.88,11,44.841,-122.483,2204,0.0953,164
SSO2,sso2,44.50_-124.00,44.5,-124.0,44.5,-123.75,20.14,1,44.841,-122.483,2109,0.1437,164
SSO2,sso2,45.00_-123.00,45.0,-123.0,45.125,-123.2,30.0,2,44.841,-122.483,2171,0.1813,164
SSO2,sso2,45.00_-123.50,45.0,-123.5,45.05,-123.45,25.0,20,44.841,-122.483,2278,0.0854,164
SSO2,sso2,45.50_-123.00,45.5,-123.0,45.425,-123.15,28.95,8,44.841,-122.483,2230,0.1142,164
SSO2,sso2,45.50_-123.50,45.5,-123.5,45.575,-123.375,34.84,10,44.841,-122.483,2249,0.0973,164
STOR,stor,46.50_-123.00,46.5,-123.0,46.575,-123.075,36.24,8,47.188,-121.989,4495,0.0539,165
STOR,stor,47.00_-122.50,47.0,-122.5,47.1,-122.6,35.64,5,47.188,-121.989,4495,0.0943,165
STOR,stor,47.00_-123.00,47.0,-123.0,47.0,-123.0,41.13,34,47.188,-121.989,4497,0.0336,165
STOR,stor,47.00_-123.50,47.0,-123.5,47.25,-123.3,40.95,1,47.188,-121.989,4495,0.1117,165
STOR,stor,47.50_-122.50,47.5,-122.5,47.65,-122.7,21.88,5,47.188,-121.989,4496,0.0415,165
STOR,stor,47.50_-123.00,47.5,-123.0,47.475,-122.9,36.29,22,47.188,-121.989,4498,0.0359,165
STOR,stor,47.50_-123.50,47.5,-123.5,47.6,-123.3,45.42,1,47.188,-121.989,4495,0.0948,165
STOR,stor,48.00_-123.00,48.0,-123.0,47.95,-123.05,42.31,16,47.188,-121.989,4499,0.044,165
STOR,stor,48.00_-123.50,48.0,-123.5,47.975,-123.3,44.29,2,47.188,-121.989,4495,0.0615,165
SWF2,swf2,45.50_-123.00,45.5,-123.0,45.6,-123.15,30.52,12,46.178,-122.217,4141,0.1129,166
SWF2,swf2,45.50_-123.50,45.5,-123.5,45.6,-123.35,32.37,21,46.178,-122.217,4150,0.0755,166
SWF2,swf2,46.00_-123.00,46.0,-123.0,45.9,-123.2,32.63,17,46.178,-122.217,4143,0.1191,166
SWF2,swf2,46.00_-123.50,46.0,-123.5,45.85,-123.3,34.03,11,46.178,-122.217,4130,0.1221,166
SWF2,swf2,46.50_-122.50,46.5,-122.5,46.7,-122.65,47.33,1,46.178,-122.217,4129,0.1708,166
SWF2,swf2,46.50_-123.00,46.5,-123.0,46.5,-123.1,39.97,5,46.178,-122.217,4122,0.1143,166
SWF2,swf2,47.00_-123.00,47.0,-123.0,46.95,-122.925,41.2,12,46.178,-122.217,4136,0.0945,166
TOFB,tofb,49.00_-124.50,49.0,-124.5,49.05,-124.6,40.04,16,49.154,-125.908,943,0.1247,167
TOFB,tofb,49.00_-125.00,49.0,-125.0,49.2,-124.95,33.03,35,49.154,-125.908,943,0.1164,167
TOFB,tofb,49.50_-124.50,49.5,-124.5,49.4,-124.7,21.2,1,49.154,-125.908,853,0.4088,167
TOFB,tofb,49.50_-125.00,49.5,-125.0,49.35,-125.1,25.82,27,49.154,-125.908,943,0.118,167
TOFB,tofb,49.50_-125.50,49.5,-125.5,49.425,-125.5,41.11,8,49.154,-125.908,943,0.1219,167
TOFB,tofb,50.00_-126.50,50.0,-126.5,49.875,-126.425,34.0,2,49.154,-125.908,921,0.1931,167
TOLE,tole,45.50_-123.00,45.5,-123.0,45.675,-123.225,25.94,2,46.453,-122.845,2468,0.0221,168
TOLE,tole,45.50_-123.50,45.5,-123.5,45.7,-123.4,31.01,3,46.453,-122.845,2468,0.0201,168
TOLE,tole,46.00_-123.00,46.0,-123.0,45.975,-123.15,25.19,22,46.453,-122.845,2468,0.0217,168
TOLE,tole,46.00_-123.50,46.0,-123.5,45.9,-123.4,20.88,9,46.453,-122.845,2468,0.0193,168
TOLE,tole,46.50_-122.50,46.5,-122.5,46.55,-122.7,23.67,3,46.453,-122.845,2464,0.0313,168
TOLE,tole,46.50_-123.00,46.5,-123.0,46.5,-123.1,42.12,16,46.453,-122.845,2468,0.0219,168
TOLE,tole,46.50_-123.50,46.5,-123.5,46.425,-123.325,25.62,2,46.453,-122.845,2468,0.0239,168
TOLE,tole,47.00_-122.50,47.0,-122.5,47.1,-122.6,43.94,13,46.453,-122.845,2468,0.0196,168
TOLE,tole,47.00_-123.00,47.0,-123.0,47.0,-122.9,41.13,35,46.453,-122.845,2468,0.0216,168
TOLE,tole,47.50_-122.50,47.5,-122.5,47.3,-122.575,35.57,6,46.453,-122.845,2468,0.0198,168
TOLE,tole,47.50_-123.00,47.5,-123.0,47.325,-122.825,33.65,6,46.453,-122.845,2468,0.0235,168
TRIN,trin,40.00_-123.00,40.0,-123.0,40.25,-122.9,18.32,1,40.974,-122.705,2781,0.3577,169
TRIN,trin,40.50_-122.50,40.5,-122.5,40.375,-122.625,26.76,10,40.974,-122.705,2614,0.2575,169
TRIN,trin,40.50_-123.00,40.5,-123.0,40.3,-122.75,30.3,1,40.974,-122.705,1951,0.4962,169
TRIN,trin,41.00_-123.00,41.0,-123.0,41.25,-123.05,29.7,1,40.974,-122.705,1366,0.2985,169
TRIN,trin,41.50_-123.00,41.5,-123.0,41.625,-123.2,32.3,10,40.974,-122.705,2723,0.2379,169
TRIN,trin,41.50_-123.50,41.5,-123.5,41.6,-123.375,37.87,4,40.974,-122.705,2261,0.3583,169
TRIN,trin,42.00_-123.50,42.0,-123.5,41.8,-123.35,37.1,5,40.974,-122.705,2693,0.2893,169
TRIPT,tript,45.00_-123.00,45.0,-123.0,45.25,-123.075,21.55,4,45.63,-123.644,1578,0.1383,170
TRIPT,tript,45.50_-123.00,45.5,-123.0,45.375,-123.2,26.69,6,45.63,-123.644,1573,0.1099,170
TRIPT,tript,46.00_-123.00,46.0,-123.0,46.0,-123.2,25.24,7,45.63,-123.644,1584,0.1176,170
TXDB,txdb,49.00_-123.50,49.0,-123.5,48.9,-123.7,50.48,3,49.698,-124.438,1888,0.1074,171
TXDB,txdb,49.00_-124.00,49.0,-124.0,48.9,-123.9,30.64,16,49.698,-124.438,1888,0.1689,171
TXDB,txdb,49.00_-124.50,49.0,-124.5,48.95,-124.55,36.91,51,49.698,-124.438,1888,0.1579,171
TXDB,txdb,49.00_-125.00,49.0,-125.0,49.15,-124.95,32.18,19,49.698,-124.438,1888,0.1513,171
TXDB,txdb,49.50_-125.00,49.5,-125.0,49.35,-125.1,23.68,20,49.698,-124.438,1888,0.1799,171
TXDB,txdb,49.50_-125.50,49.5,-125.5,49.4,-125.55,41.11,17,49.698,-124.438,1888,0.149,171
TXDB,txdb,49.50_-126.00,49.5,-126.0,49.65,-125.75,37.25,1,49.698,-124.438,1882,0.1726,171
UCHR,uchr,44.00_-123.50,44.0,-123.5,44.15,-123.4,30.65,1,44.835,-123.871,528,0.3206,172
UCHR,uchr,44.50_-123.50,44.5,-123.5,44.55,-123.6,29.85,5,44.835,-123.871,1085,0.2871,172
UCHR,uchr,44.50_-124.00,44.5,-124.0,44.65,-124.0,19.52,1,44.835,-123.871,248,0.603,172
UCHR,uchr,45.00_-123.00,45.0,-123.0,45.2,-123.15,25.78,1,44.835,-123.871,488,0.1477,172
UCHR,uchr,45.00_-123.50,45.0,-123.5,45.15,-123.45,36.27,1,44.835,-123.871,1217,0.1429,172
UCHR,uchr,45.50_-123.00,45.5,-123.0,45.4,-123.2,24.52,3,44.835,-123.871,1202,0.2026,172
UCHR,uchr,45.50_-123.50,45.5,-123.5,45.35,-123.3,19.64,1,44.835,-123.871,1113,0.1633,172
VERN,vern,45.00_-123.00,45.0,-123.0,45.2,-123.2,20.59,5,45.853,-123.248,2568,0.1579,173
VERN,vern,45.00_-123.50,45.0,-123.5,45.1,-123.4,26.23,12,45.853,-123.248,2685,0.1215,173
VERN,vern,45.50_-123.00,45.5,-123.0,45.45,-123.15,24.93,7,45.853,-123.248,2712,0.1092,173
VERN,vern,45.50_-123.50,45.5,-123.5,45.55,-123.4,32.49,27,45.853,-123.248,2759,0.1011,173
VERN,vern,46.00_-123.00,46.0,-123.0,45.8,-123.25,33.99,3,45.853,-123.248,2681,0.1419,173
VERN,vern,46.00_-123.50,46.0,-123.5,45.775,-123.375,25.42,4,45.853,-123.248,2750,0.1006,173
VERN,vern,46.50_-123.00,46.5,-123.0,46.5,-123.15,48.58,1,45.853,-123.248,2308,0.1518,173
VGZ,vgz,48.00_-123.00,48.0,-123.0,48.1,-123.05,34.75,2,48.413,-123.325,5389,0.2474,174
VGZ,vgz,48.50_-124.00,48.5,-124.0,48.575,-124.025,36.1,2,48.413,-123.325,5509,0.1376,174
VGZ,vgz,49.00_-124.00,49.0,-124.0,48.875,-124.25,24.4,2,48.413,-123.325,4563,0.1627,174
VGZ,vgz,49.00_-124.50,49.0,-124.5,48.8,-124.4,32.79,14,48.413,-123.325,5632,0.1443,174
VINO,vino,42.50_-123.50,42.5,-123.5,42.6,-123.45,29.88,12,43.428,-123.422,2180,0.1269,175
VINO,vino,43.00_-123.00,43.0,-123.0,42.85,-123.25,35.81,3,43.428,-123.422,2180,0.0766,175
VINO,vino,43.00_-123.50,43.0,-123.5,43.15,-123.45,34.29,49,43.428,-123.422,2180,0.1063,175
VINO,vino,43.50_-123.50,43.5,-123.5,43.6,-123.55,28.8,20,43.428,-123.422,2180,0.1006,175
VINO,vino,43.50_-124.00,43.5,-124.0,43.4,-123.9,30.66,1,43.428,-123.422,2180,0.1387,175
VINO,vino,44.00_-123.50,44.0,-123.5,44.1,-123.575,29.11,8,43.428,-123.422,2180,0.1413,175
VINO,vino,44.00_-124.00,44.0,-124.0,44.025,-123.875,32.15,2,43.428,-123.422,1934,0.3169,175
VINO,vino,44.50_-123.50,44.5,-123.5,44.3,-123.55,32.75,1,43.428,-123.422,2179,0.1627,175
VITI,viti,43.50_-123.50,43.5,-123.5,43.575,-123.525,28.09,16,44.282,-123.318,2253,0.05,176
VITI,viti,43.50_-124.00,43.5,-124.0,43.55,-123.75,31.5,2,44.282,-123.318,2253,0.0814,176
VITI,viti,44.00_-123.00,44.0,-123.0,43.9,-123.2,28.01,3,44.282,-123.318,2253,0.0717,176
VITI,viti,44.00_-123.50,44.0,-123.5,44.0,-123.5,27.85,23,44.282,-123.318,2253,0.058,176
VITI,viti,44.00_-124.00,44.0,-124.0,43.75,-123.85,32.54,1,44.282,-123.318,2090,0.1123,176
VITI,viti,44.50_-123.00,44.5,-123.0,44.55,-123.25,40.0,1,44.282,-123.318,2250,0.0975,176
VITI,viti,44.50_-123.50,44.5,-123.5,44.5,-123.55,30.85,31,44.282,-123.318,2253,0.0566,176
VITI,viti,44.50_-124.00,44.5,-124.0,44.45,-123.85,27.63,9,44.282,-123.318,2253,0.0726,176
VITI,viti,45.00_-123.00,45.0,-123.0,44.875,-123.25,38.54,4,44.282,-123.318,2253,0.0627,176
VITI,viti,45.00_-123.50,45.0,-123.5,44.9,-123.5,29.65,23,44.282,-123.318,2253,0.0611,176
VOIT,voit,46.00_-123.00,46.0,-123.0,46.25,-123.15,18.91,2,46.966,-121.983,2128,0.0964,177
VOIT,voit,46.50_-123.00,46.5,-123.0,46.4,-123.2,25.01,9,46.966,-121.983,2128,0.0629,177
VOIT,voit,46.50_-123.50,46.5,-123.5,46.5,-123.3,25.62,1,46.966,-121.983,2128,0.0994,177
VOIT,voit,47.00_-122.50,47.0,-122.5,47.075,-122.7,36.68,2,46.966,-121.983,2128,0.0931,177
VOIT,voit,47.00_-123.00,47.0,-123.0,47.05,-123.0,40.78,30,46.966,-121.983,2128,0.0612,177
VOIT,voit,47.50_-122.50,47.5,-122.5,47.475,-122.625,27.34,2,46.966,-121.983,2128,0.0966,177
VOIT,voit,47.50_-123.00,47.5,-123.0,47.4,-123.025,42.34,12,46.966,-121.983,2128,0.0547,177
VOIT,voit,48.00_-123.00,48.0,-123.0,47.85,-123.15,41.83,9,46.966,-121.983,2128,0.0804,177
VOIT,voit,48.00_-123.50,48.0,-123.5,47.775,-123.3,41.78,2,46.966,-121.983,2120,0.051,177
WHGC,whgc,46.00_-123.00,46.0,-123.0,45.9,-123.2,26.44,7,46.656,-123.73,1614,0.0796,178
WHGC,whgc,46.00_-123.50,46.0,-123.5,45.9,-123.4,23.44,1,46.656,-123.73,1348,0.1299,178
WHGC,whgc,46.50_-123.00,46.5,-123.0,46.525,-123.15,33.06,8,46.656,-123.73,1625,0.0834,178
WHGC,whgc,46.50_-123.50,46.5,-123.5,46.425,-123.325,20.35,2,46.656,-123.73,1516,0.2029,178
WHGC,whgc,47.00_-122.50,47.0,-122.5,46.85,-122.7,25.62,3,46.656,-123.73,1624,0.0662,178
WHGC,whgc,47.00_-123.00,47.0,-123.0,47.15,-123.0,40.4,7,46.656,-123.73,1612,0.0764,178
WHGC,whgc,47.50_-122.50,47.5,-122.5,47.35,-122.6,31.98,9,46.656,-123.73,1617,0.071,178
WHGC,whgc,47.50_-123.00,47.5,-123.0,47.45,-122.85,27.47,13,46.656,-123.73,1625,0.0739,178
WHGC,whgc,47.50_-123.50,47.5,-123.5,47.3,-123.3,37.35,1,46.656,-123.73,1611,0.0721,178
WIKI,wiki,45.00_-123.00,45.0,-123.0,45.25,-123.1,27.59,1,46.106,-123.585,2064,0.2165,179
WIKI,wiki,45.00_-123.50,45.0,-123.5,45.25,-123.375,30.64,2,46.106,-123.585,2063,0.2104,179
WIKI,wiki,45.50_-123.00,45.5,-123.0,45.4,-123.2,33.27,3,46.106,-123.585,2061,0.1215,179
WIKI,wiki,45.50_-123.50,45.5,-123.5,45.525,-123.4,34.84,10,46.106,-123.585,2063,0.1385,179
WIKI,wiki,46.00_-123.50,46.0,-123.5,45.75,-123.3,20.88,1,46.106,-123.585,2053,0.1669,179
WIKI,wiki,46.50_-123.00,46.5,-123.0,46.575,-123.125,42.26,2,46.106,-123.585,2063,0.0781,179
WIKI,wiki,46.50_-123.50,46.5,-123.5,46.45,-123.3,22.09,4,46.106,-123.585,2062,0.1393,179
WIKI,wiki,47.00_-123.00,47.0,-123.0,46.8,-123.15,29.39,5,46.106,-123.585,2064,0.1188,179
WIKI,wiki,47.00_-123.50,47.0,-123.5,46.75,-123.3,17.02,3,46.106,-123.585,2063,0.1693,179
WINDI,windi,47.50_-122.50,47.5,-122.5,47.7,-122.7,21.99,1,47.314,-123.332,1008,0.2527,180
WINDI,windi,47.50_-123.00,47.5,-123.0,47.675,-122.9,38.95,8,47.314,-123.332,1664,0.1097,180
WINDI,windi,47.50_-123.50,47.5,-123.5,47.7,-123.3,43.91,1,47.314,-123.332,1452,0.2254,180
WINDI,windi,48.00_-123.00,48.0,-123.0,47.9,-123.15,41.69,37,47.314,-123.332,1672,0.0863,180
WINDI,windi,48.00_-123.50,48.0,-123.5,47.95,-123.35,42.56,11,47.314,-123.332,1667,0.1049,180
WISH,wish,46.00_-123.00,46.0,-123.0,46.25,-123.1,17.3,1,47.116,-123.771,3578,0.174,181
WISH,wish,46.50_-122.50,46.5,-122.5,46.7,-122.7,31.08,1,47.116,-123.771,2830,0.1426,181
WISH,wish,46.50_-123.00,46.5,-123.0,46.625,-123.05,40.15,2,47.116,-123.771,3398,0.1536,181
WISH,wish,46.50_-123.50,46.5,-123.5,46.4,-123.3,21.82,1,47.116,-123.771,3563,0.1878,181
WISH,wish,47.00_-122.50,47.0,-122.5,46.975,-122.65,46.78,6,47.116,-123.771,3523,0.1133,181
WISH,wish,47.00_-123.00,47.0,-123.0,47.05,-123.0,40.89,42,47.116,-123.771,3653,0.1336,181
WISH,wish,47.00_-123.50,47.0,-123.5,47.2,-123.3,41.31,1,47.116,-123.771,3463,0.1809,181
WISH,wish,47.50_-122.50,47.5,-122.5,47.4,-122.65,24.71,7,47.116,-123.771,3618,0.1366,181
WISH,wish,47.50_-123.00,47.5,-123.0,47.5,-123.0,34.03,52,47.116,-123.771,3661,0.1215,181
WISH,wish,47.50_-123.50,47.5,-123.5,47.55,-123.35,41.01,5,47.116,-123.771,3602,0.1168,181
WISH,wish,48.00_-123.00,48.0,-123.0,47.85,-123.1,44.03,22,47.116,-123.771,3656,0.1452,181
WISH,wish,48.00_-123.50,48.0,-123.5,47.9,-123.35,42.56,13,47.116,-123.771,3651,0.1429,181
WLOO,wloo,43.50_-123.50,43.5,-123.5,43.65,-123.5,25.84,1,44.523,-122.738,804,0.5749,182
WLOO,wloo,44.00_-123.50,44.0,-123.5,43.75,-123.5,25.52,1,44.523,-122.738,2170,0.0918,182
WLOO,wloo,44.50_-123.50,44.5,-123.5,44.6,-123.55,28.76,5,44.523,-122.738,2583,0.2001,182
WLOO,wloo,45.00_-123.00,45.0,-123.0,45.075,-123.175,30.64,2,44.523,-122.738,2651,0.2877,182
WLOO,wloo,45.00_-123.50,45.0,-123.5,45.05,-123.45,29.42,15,44.523,-122.738,3142,0.1481,182
WLOO,wloo,45.50_-123.00,45.5,-123.0,45.3,-123.2,24.52,1,44.523,-122.738,636,0.3231,182
WLOO,wloo,45.50_-123.50,45.5,-123.5,45.35,-123.35,20.89,2,44.523,-122.738,734,0.3249,182
WOOD,wood,41.50_-123.00,41.5,-123.0,41.55,-123.1,31.17,18,42.218,-122.305,3444,0.0856,183
WOOD,wood,41.50_-123.50,41.5,-123.5,41.6,-123.35,37.54,4,42.218,-122.305,3407,0.1104,183
WOOD,wood,42.00_-123.00,42.0,-123.0,42.0,-123.25,34.32,7,42.218,-122.305,3444,0.0801,183
WOOD,wood,42.00_-123.50,42.0,-123.5,42.1,-123.4,41.54,19,42.218,-122.305,3443,0.0829,183
WOOD,wood,42.50_-123.00,42.5,-123.0,42.35,-123.25,32.1,9,42.218,-122.305,3442,0.0841,183
WOOD,wood,42.50_-123.50,42.5,-123.5,42.5,-123.45,32.64,38,42.218,-122.305,3446,0.0874,183
WOOD,wood,43.00_-123.50,43.0,-123.5,42.8,-123.475,32.33,6,42.218,-122.305,3438,0.0964,183
WYLD,wyld,42.50_-123.00,42.5,-123.0,42.4,-123.25,31.31,1,43.144,-123.429,1578,0.0275,184
WYLD,wyld,42.50_-123.50,42.5,-123.5,42.5,-123.5,34.35,9,43.144,-123.429,2524,0.031,184
WYLD,wyld,43.00_-123.50,43.0,-123.5,42.9,-123.45,35.03,4,43.144,-123.429,2524,0.01,184
WYLD,wyld,44.00_-123.50,44.0,-123.5,43.95,-123.65,28.93,1,43.144,-123.429,2524,0.0213,184
WYNO,wyno,46.50_-123.00,46.5,-123.0,46.7,-123.0,46.39,1,47.434,-123.613,1614,0.0783,185
WYNO,wyno,47.00_-122.50,47.0,-122.5,47.0,-122.7,45.29,1,47.434,-123.613,278,0.4729,185
WYNO,wyno,47.00_-123.00,47.0,-123.0,47.05,-123.1,40.16,25,47.434,-123.613,1869,0.0464,185
WYNO,wyno,47.50_-122.50,47.5,-122.5,47.35,-122.7,24.71,1,47.434,-123.613,1724,0.0309,185
WYNO,wyno,47.50_-123.00,47.5,-123.0,47.35,-123.0,42.43,10,47.434,-123.613,1815,0.0516,185
WYNO,wyno,48.00_-122.50,48.0,-122.5,47.75,-122.6,18.38,1,47.434,-123.613,1694,0.0266,185
WYNO,wyno,48.00_-123.00,48.0,-123.0,48.05,-122.95,33.53,2,47.434,-123.613,1613,0.0501,185
WYNO,wyno,48.00_-123.50,48.0,-123.5,48.25,-123.65,34.06,3,47.434,-123.613,1462,0.1081,185
WYNO,wyno,48.50_-123.50,48.5,-123.5,48.3,-123.7,34.56,1,47.434,-123.613,1401,0.0311,185
YACT,yact,45.00_-123.00,45.0,-123.0,45.175,-123.15,25.38,6,45.932,-122.419,3716,0.1054,186
YACT,yact,45.00_-123.50,45.0,-123.5,45.15,-123.4,28.7,13,45.932,-122.419,3729,0.0807,186
YACT,yact,45.50_-123.00,45.5,-123.0,45.35,-123.075,21.97,6,45.932,-122.419,3728,0.0916,186
YACT,yact,45.50_-123.50,45.5,-123.5,45.55,-123.4,34.12,16,45.932,-122.419,3773,0.076,186
YACT,yact,46.00_-123.00,46.0,-123.0,45.9,-123.15,32.63,5,45.932,-122.419,3727,0.0964,186
YACT,yact,46.00_-123.50,46.0,-123.5,45.85,-123.3,34.03,5,45.932,-122.419,3712,0.0863,186
YACT,yact,46.50_-123.00,46.5,-123.0,46.525,-123.175,26.78,6,45.932,-122.419,3716,0.0698,186
YACT,yact,47.00_-123.00,47.0,-123.0,46.75,-122.8,19.11,1,45.932,-122.419,3693,0.1374,186
YBH,ybh,41.00_-122.50,41.0,-122.5,41.0,-122.7,14.32,3,41.732,-122.71,3935,0.1921,187
YBH,ybh,41.00_-123.00,41.0,-123.0,41.0,-122.85,18.92,51,41.732,-122.71,6259,0.1739,187
YBH,ybh,41.00_-123.50,41.0,-123.5,41.25,-123.3,35.56,1,41.732,-122.71,5229,0.3493,187
YBH,ybh,41.50_-123.00,41.5,-123.0,41.4,-123.05,31.48,15,41.732,-122.71,6284,0.1296,187
YBH,ybh,41.50_-123.50,41.5,-123.5,41.675,-123.35,37.37,2,41.732,-122.71,4921,0.1944,187
YBH,ybh,42.00_-123.50,42.0,-123.5,42.15,-123.35,40.47,1,41.732,-122.71,5046,0.1316,187
YBH,ybh,42.50_-123.50,42.5,-123.5,42.5,-123.45,33.22,27,41.732,-122.71,6252,0.1238,187
YELM,yelm,46.00_-123.00,46.0,-123.0,46.25,-122.95,19.93,3,46.94,-122.591,1703,0.0575,188
YELM,yelm,46.00_-123.50,46.0,-123.5,46.25,-123.3,26.68,1,46.94,-122.591,1703,0.0802,188
YELM,yelm,46.50_-122.50,46.5,-122.5,46.65,-122.65,33.01,4,46.94,-122.591,1703,0.0438,188
YELM,yelm,46.50_-123.00,46.5,-123.0,46.5,-123.1,36.43,17,46.94,-122.591,1703,0.039,188
YELM,yelm,46.50_-123.50,46.5,-123.5,46.375,-123.3,21.95,4,46.94,-122.591,1703,0.0441,188
YELM,yelm,47.00_-122.50,47.0,-122.5,47.05,-122.6,44.36,17,46.94,-122.591,1703,0.0396,188
YELM,yelm,47.00_-123.00,47.0,-123.0,47.0,-122.925,40.89,36,46.94,-122.591,1703,0.0404,188
YELM,yelm,47.50_-122.50,47.5,-122.5,47.45,-122.65,22.39,14,46.94,-122.591,1703,0.0397,188
YELM,yelm,47.50_-123.00,47.5,-123.0,47.45,-122.95,33.1,42,46.94,-122.591,1703,0.0364,188
YELM,yelm,47.50_-123.50,47.5,-123.5,47.65,-123.35,40.18,3,46.94,-122.591,1703,0.0453,188
YELM,yelm,48.00_-122.50,48.0,-122.5,47.75,-122.65,24.09,2,46.94,-122.591,1703,0.051,188
YELM,yelm,48.00_-123.00,48.0,-123.0,47.8,-123.025,44.75,10,46.94,-122.591,1703,0.0457,188
YELM,yelm,48.00_-123.50,48.0,-123.5,47.8,-123.55,36.29,1,46.94,-122.591,1703,0.0723,188
