tag,stem,cell,cell_lat,cell_lon,sta_lat,sta_lon,n_days,sigma_daily,site
ALSE,alse,43.50_-123.50,43.5,-123.5,44.382,-123.59,2518,0.1464,0
ALSE,alse,43.60_-123.50,43.6,-123.5,44.382,-123.59,2587,0.2367,0
ALSE,alse,43.60_-123.60,43.6,-123.6,44.382,-123.59,2595,0.1295,0
ALSE,alse,43.70_-123.40,43.7,-123.4,44.382,-123.59,2139,0.1345,0
ALSE,alse,43.70_-123.70,43.7,-123.7,44.382,-123.59,2570,0.244,0
ALSE,alse,43.80_-123.60,43.8,-123.6,44.382,-123.59,2575,0.2528,0
ALSE,alse,43.80_-123.70,43.8,-123.7,44.382,-123.59,2571,0.1342,0
ALSE,alse,44.00_-123.60,44.0,-123.6,44.382,-123.59,2575,0.2762,0
ALSE,alse,44.10_-123.50,44.1,-123.5,44.382,-123.59,2587,0.2299,0
ALSE,alse,44.20_-123.40,44.2,-123.4,44.382,-123.59,251,0.6139,0
ALSE,alse,44.30_-123.40,44.3,-123.4,44.382,-123.59,60,0.2572,0
ALSE,alse,44.40_-123.60,44.4,-123.6,44.382,-123.59,2593,0.1951,0
ALSE,alse,44.40_-123.80,44.4,-123.8,44.382,-123.59,2347,0.2314,0
ALSE,alse,44.50_-123.40,44.5,-123.4,44.382,-123.59,2575,0.2525,0
ALSE,alse,44.50_-123.50,44.5,-123.5,44.382,-123.59,216,0.8336,0
ALSE,alse,44.50_-123.60,44.5,-123.6,44.382,-123.59,2590,0.2146,0
ALSE,alse,44.50_-123.80,44.5,-123.8,44.382,-123.59,2297,0.2207,0
ALSE,alse,44.60_-123.30,44.6,-123.3,44.382,-123.59,2370,0.2821,0
ALSE,alse,44.60_-123.40,44.6,-123.4,44.382,-123.59,2590,0.1529,0
ALSE,alse,44.60_-123.50,44.6,-123.5,44.382,-123.59,2592,0.1618,0
ALSE,alse,44.60_-123.60,44.6,-123.6,44.382,-123.59,2325,0.1538,0
ALSE,alse,44.60_-123.70,44.6,-123.7,44.382,-123.59,2250,0.2443,0
ALSE,alse,44.60_-123.80,44.6,-123.8,44.382,-123.59,1883,0.3628,0
ALSE,alse,44.60_-123.90,44.6,-123.9,44.382,-123.59,1982,0.1343,0
ALSE,alse,44.70_-123.30,44.7,-123.3,44.382,-123.59,2571,0.2856,0
ALSE,alse,44.70_-123.40,44.7,-123.4,44.382,-123.59,2082,0.3187,0
ALSE,alse,44.70_-123.50,44.7,-123.5,44.382,-123.59,2506,0.1886,0
ALSE,alse,44.70_-123.60,44.7,-123.6,44.382,-123.59,2347,0.2641,0
ALSE,alse,44.80_-123.00,44.8,-123.0,44.382,-123.59,2583,0.1789,0
ALSE,alse,44.80_-123.20,44.8,-123.2,44.382,-123.59,2553,0.1435,0
ALSE,alse,44.80_-123.40,44.8,-123.4,44.382,-123.59,2340,0.208,0
ALSE,alse,44.80_-123.50,44.8,-123.5,44.382,-123.59,2426,0.1962,0
ALSE,alse,44.80_-123.60,44.8,-123.6,44.382,-123.59,2596,0.1844,0
ALSE,alse,44.90_-123.40,44.9,-123.4,44.382,-123.59,2415,0.2165,0
ALSE,alse,44.90_-123.50,44.9,-123.5,44.382,-123.59,2389,0.2945,0
ALSE,alse,44.90_-123.60,44.9,-123.6,44.382,-123.59,2594,0.2717,0
ALSE,alse,45.00_-123.20,45.0,-123.2,44.382,-123.59,2593,0.1618,0
ALSE,alse,45.00_-123.30,45.0,-123.3,44.382,-123.59,2582,0.1683,0
ALSE,alse,45.00_-123.40,45.0,-123.4,44.382,-123.59,2587,0.0984,0
ALSE,alse,45.00_-123.50,45.0,-123.5,44.382,-123.59,2557,0.1443,0
ALSE,alse,45.00_-123.60,45.0,-123.6,44.382,-123.59,2589,0.2108,0
ALSE,alse,45.00_-123.80,45.0,-123.8,44.382,-123.59,2554,0.2305,0
ALSE,alse,45.10_-123.40,45.1,-123.4,44.382,-123.59,2531,0.2094,0
ALSE,alse,45.10_-123.50,45.1,-123.5,44.382,-123.59,2578,0.1129,0
ALSE,alse,45.20_-123.10,45.2,-123.1,44.382,-123.59,2454,0.2054,0
ALSE,alse,45.20_-123.30,45.2,-123.3,44.382,-123.59,2511,0.1355,0
ALSE,alse,45.20_-123.50,45.2,-123.5,44.382,-123.59,2592,0.1612,0
ANGUS,angus,46.50_-123.20,46.5,-123.2,47.101,-123.493,1405,0.4201,1
ANGUS,angus,46.80_-122.80,46.8,-122.8,47.101,-123.493,1565,0.1668,1
ANGUS,angus,47.00_-122.80,47.0,-122.8,47.101,-123.493,1600,0.168,1
ANGUS,angus,47.00_-123.00,47.0,-123.0,47.101,-123.493,1534,0.1815,1
ANGUS,angus,47.00_-123.20,47.0,-123.2,47.101,-123.493,1457,0.2535,1
ANGUS,angus,47.10_-123.20,47.1,-123.2,47.101,-123.493,1081,0.2072,1
ANGUS,angus,47.20_-122.90,47.2,-122.9,47.101,-123.493,485,0.3878,1
ANGUS,angus,47.20_-123.20,47.2,-123.2,47.101,-123.493,1401,0.1191,1
ANGUS,angus,47.20_-123.30,47.2,-123.3,47.101,-123.493,1119,0.2855,1
ANGUS,angus,47.30_-123.10,47.3,-123.1,47.101,-123.493,1577,0.2599,1
ANGUS,angus,47.40_-122.80,47.4,-122.8,47.101,-123.493,1588,0.156,1
ANGUS,angus,47.40_-122.90,47.4,-122.9,47.101,-123.493,1213,0.2371,1
ANGUS,angus,47.40_-123.00,47.4,-123.0,47.101,-123.493,1539,0.1448,1
ANGUS,angus,47.40_-123.10,47.4,-123.1,47.101,-123.493,1597,0.241,1
ANGUS,angus,47.40_-123.20,47.4,-123.2,47.101,-123.493,1449,0.2248,1
ANGUS,angus,47.50_-122.70,47.5,-122.7,47.101,-123.493,1590,0.1421,1
ANGUS,angus,47.50_-122.80,47.5,-122.8,47.101,-123.493,1598,0.1529,1
ANGUS,angus,47.50_-123.20,47.5,-123.2,47.101,-123.493,1555,0.1563,1
ANGUS,angus,47.50_-123.30,47.5,-123.3,47.101,-123.493,193,0.2498,1
ANGUS,angus,47.60_-123.10,47.6,-123.1,47.101,-123.493,1604,0.2266,1
ANGUS,angus,47.60_-123.20,47.6,-123.2,47.101,-123.493,1316,0.164,1
ANGUS,angus,47.60_-123.30,47.6,-123.3,47.101,-123.493,1524,0.3324,1
ANGUS,angus,47.70_-123.10,47.7,-123.1,47.101,-123.493,1407,0.261,1
ANGUS,angus,47.80_-122.80,47.8,-122.8,47.101,-123.493,1584,0.1822,1
ANGUS,angus,47.80_-123.00,47.8,-123.0,47.101,-123.493,1565,0.1984,1
ANGUS,angus,47.80_-123.10,47.8,-123.1,47.101,-123.493,1450,0.3115,1
ANGUS,angus,47.80_-123.20,47.8,-123.2,47.101,-123.493,1588,0.2081,1
ANGUS,angus,47.80_-123.30,47.8,-123.3,47.101,-123.493,1485,0.222,1
ANGUS,angus,47.80_-123.50,47.8,-123.5,47.101,-123.493,528,0.3036,1
ANGUS,angus,47.90_-123.20,47.9,-123.2,47.101,-123.493,1608,0.1483,1
ANGUS,angus,48.00_-123.30,48.0,-123.3,47.101,-123.493,706,0.3859,1
AONC,aonc,40.10_-122.30,40.1,-122.3,39.94,-122.061,2225,0.0312,2
AONC,aonc,40.10_-122.40,40.1,-122.4,39.94,-122.061,1970,0.0636,2
AONC,aonc,40.20_-122.30,40.2,-122.3,39.94,-122.061,2225,0.0281,2
AONC,aonc,40.20_-122.50,40.2,-122.5,39.94,-122.061,2222,0.0235,2
AONC,aonc,40.30_-122.30,40.3,-122.3,39.94,-122.061,2224,0.027,2
AONC,aonc,40.30_-122.40,40.3,-122.4,39.94,-122.061,2225,0.0328,2
AONC,aonc,40.40_-122.40,40.4,-122.4,39.94,-122.061,2225,0.032,2
AONC,aonc,40.40_-122.50,40.4,-122.5,39.94,-122.061,2225,0.0284,2
AONC,aonc,40.40_-122.60,40.4,-122.6,39.94,-122.061,2225,0.0204,2
AONC,aonc,40.40_-122.70,40.4,-122.7,39.94,-122.061,2225,0.0306,2
AONC,aonc,40.40_-122.80,40.4,-122.8,39.94,-122.061,2224,0.07,2
AONC,aonc,40.40_-122.90,40.4,-122.9,39.94,-122.061,2015,0.0277,2
AONC,aonc,40.50_-122.40,40.5,-122.4,39.94,-122.061,2212,0.0811,2
AONC,aonc,40.50_-122.60,40.5,-122.6,39.94,-122.061,2225,0.0297,2
AONC,aonc,40.50_-122.80,40.5,-122.8,39.94,-122.061,2224,0.027,2
AONC,aonc,40.50_-123.00,40.5,-123.0,39.94,-122.061,2225,0.0315,2
AONC,aonc,40.60_-122.40,40.6,-122.4,39.94,-122.061,2225,0.027,2
AONC,aonc,40.60_-122.60,40.6,-122.6,39.94,-122.061,2225,0.0297,2
AONC,aonc,40.60_-122.70,40.6,-122.7,39.94,-122.061,865,0.0807,2
AONC,aonc,40.60_-122.80,40.6,-122.8,39.94,-122.061,2220,0.0251,2
AONC,aonc,40.60_-122.90,40.6,-122.9,39.94,-122.061,2220,0.0265,2
AONC,aonc,40.70_-122.60,40.7,-122.6,39.94,-122.061,2225,0.0301,2
AONC,aonc,40.70_-122.70,40.7,-122.7,39.94,-122.061,2225,0.0237,2
AONC,aonc,40.70_-122.80,40.7,-122.8,39.94,-122.061,2225,0.0252,2
AONC,aonc,40.70_-123.00,40.7,-123.0,39.94,-122.061,2225,0.0318,2
AONC,aonc,40.80_-122.70,40.8,-122.7,39.94,-122.061,2225,0.0547,2
AONC,aonc,40.80_-123.00,40.8,-123.0,39.94,-122.061,2225,0.0342,2
AONC,aonc,40.80_-123.10,40.8,-123.1,39.94,-122.061,2225,0.0289,2
ARTIC,artic,46.00_-122.80,46.0,-122.8,46.805,-123.759,1853,0.0705,3
ARTIC,artic,46.00_-123.00,46.0,-123.0,46.805,-123.759,1927,0.0661,3
ARTIC,artic,46.00_-123.20,46.0,-123.2,46.805,-123.759,1925,0.0497,3
ARTIC,artic,46.00_-123.30,46.0,-123.3,46.805,-123.759,1902,0.0446,3
ARTIC,artic,46.10_-123.00,46.1,-123.0,46.805,-123.759,1928,0.0868,3
ARTIC,artic,46.20_-122.90,46.2,-122.9,46.805,-123.759,1926,0.0763,3
ARTIC,artic,46.20_-123.10,46.2,-123.1,46.805,-123.759,1696,0.0843,3
ARTIC,artic,46.30_-123.00,46.3,-123.0,46.805,-123.759,1359,0.2476,3
ARTIC,artic,46.40_-123.20,46.4,-123.2,46.805,-123.759,1925,0.0551,3
ARTIC,artic,46.40_-123.40,46.4,-123.4,46.805,-123.759,1847,0.0915,3
ARTIC,artic,46.50_-122.70,46.5,-122.7,46.805,-123.759,1751,0.0765,3
ARTIC,artic,46.50_-122.80,46.5,-122.8,46.805,-123.759,1924,0.0634,3
ARTIC,artic,46.50_-122.90,46.5,-122.9,46.805,-123.759,1919,0.0708,3
ARTIC,artic,46.50_-123.00,46.5,-123.0,46.805,-123.759,1926,0.0894,3
ARTIC,artic,46.50_-123.10,46.5,-123.1,46.805,-123.759,1921,0.0519,3
ARTIC,artic,46.60_-122.60,46.6,-122.6,46.805,-123.759,1926,0.053,3
ARTIC,artic,46.60_-123.00,46.6,-123.0,46.805,-123.759,1922,0.0814,3
ARTIC,artic,46.70_-123.00,46.7,-123.0,46.805,-123.759,1894,0.0533,3
ARTIC,artic,46.80_-122.70,46.8,-122.7,46.805,-123.759,1921,0.0656,3
ARTIC,artic,46.80_-122.80,46.8,-122.8,46.805,-123.759,1925,0.0464,3
ARTIC,artic,46.80_-122.90,46.8,-122.9,46.805,-123.759,1919,0.0567,3
ARTIC,artic,46.80_-123.20,46.8,-123.2,46.805,-123.759,1920,0.0728,3
ARTIC,artic,46.90_-122.70,46.9,-122.7,46.805,-123.759,1924,0.0617,3
ARTIC,artic,46.90_-122.80,46.9,-122.8,46.805,-123.759,1927,0.0717,3
ARTIC,artic,46.90_-122.90,46.9,-122.9,46.805,-123.759,1916,0.0612,3
ARTIC,artic,46.90_-123.20,46.9,-123.2,46.805,-123.759,1897,0.0625,3
ARTIC,artic,47.00_-122.70,47.0,-122.7,46.805,-123.759,1922,0.0576,3
ARTIC,artic,47.00_-122.80,47.0,-122.8,46.805,-123.759,1926,0.0538,3
ARTIC,artic,47.00_-123.00,47.0,-123.0,46.805,-123.759,1927,0.0491,3
ARTIC,artic,47.10_-122.70,47.1,-122.7,46.805,-123.759,1918,0.0718,3
ARTIC,artic,47.10_-122.80,47.1,-122.8,46.805,-123.759,1927,0.057,3
ARTIC,artic,47.10_-123.00,47.1,-123.0,46.805,-123.759,1926,0.0725,3
ARTIC,artic,47.10_-123.10,47.1,-123.1,46.805,-123.759,1925,0.0592,3
ARTIC,artic,47.20_-122.70,47.2,-122.7,46.805,-123.759,1920,0.0636,3
ARTIC,artic,47.20_-122.80,47.2,-122.8,46.805,-123.759,1909,0.0458,3
ARTIC,artic,47.20_-123.10,47.2,-123.1,46.805,-123.759,1924,0.0541,3
ARTIC,artic,47.20_-123.20,47.2,-123.2,46.805,-123.759,1924,0.0874,3
ARTIC,artic,47.30_-122.70,47.3,-122.7,46.805,-123.759,1926,0.048,3
ARTIC,artic,47.30_-122.80,47.3,-122.8,46.805,-123.759,1926,0.0557,3
ARTIC,artic,47.30_-122.90,47.3,-122.9,46.805,-123.759,1884,0.0824,3
ARTIC,artic,47.30_-123.00,47.3,-123.0,46.805,-123.759,1924,0.0677,3
ARTIC,artic,47.40_-122.50,47.4,-122.5,46.805,-123.759,1926,0.0939,3
ARTIC,artic,47.40_-122.70,47.4,-122.7,46.805,-123.759,1923,0.0783,3
ARTIC,artic,47.40_-122.80,47.4,-122.8,46.805,-123.759,1927,0.0418,3
ARTIC,artic,47.40_-122.90,47.4,-122.9,46.805,-123.759,1925,0.0446,3
ARTIC,artic,47.40_-123.00,47.4,-123.0,46.805,-123.759,1928,0.0567,3
ARTIC,artic,47.40_-123.10,47.4,-123.1,46.805,-123.759,1926,0.0846,3
ARTIC,artic,47.40_-123.30,47.4,-123.3,46.805,-123.759,1926,0.0667,3
ARTIC,artic,47.50_-122.80,47.5,-122.8,46.805,-123.759,1924,0.0927,3
ARTIC,artic,47.50_-122.90,47.5,-122.9,46.805,-123.759,1926,0.072,3
ARTIC,artic,47.50_-123.00,47.5,-123.0,46.805,-123.759,1928,0.0815,3
ARTIC,artic,47.50_-123.10,47.5,-123.1,46.805,-123.759,1927,0.0908,3
ARTIC,artic,47.50_-123.20,47.5,-123.2,46.805,-123.759,1924,0.0627,3
ARTIC,artic,47.50_-123.30,47.5,-123.3,46.805,-123.759,1925,0.0648,3
ARTIC,artic,47.60_-122.70,47.6,-122.7,46.805,-123.759,1926,0.0473,3
ARTIC,artic,47.60_-122.80,47.6,-122.8,46.805,-123.759,1925,0.0577,3
ARTIC,artic,47.60_-122.90,47.6,-122.9,46.805,-123.759,1923,0.062,3
ARTIC,artic,47.60_-123.00,47.6,-123.0,46.805,-123.759,1924,0.0791,3
ARTIC,artic,47.60_-123.10,47.6,-123.1,46.805,-123.759,1919,0.0491,3
ARTIC,artic,47.70_-122.80,47.7,-122.8,46.805,-123.759,1923,0.0544,3
ARTIC,artic,47.70_-122.90,47.7,-122.9,46.805,-123.759,1926,0.072,3
B001p90f40,b001,47.50_-123.00,47.5,-123.0,48.0431,-123.1314,5948,0.1112,4
B001p90f40,b001,47.80_-123.00,47.8,-123.0,48.0431,-123.1314,5948,0.0882,4
B001p90f40,b001,47.80_-123.20,47.8,-123.2,48.0431,-123.1314,5948,0.0647,4
B001p90f40,b001,47.90_-123.00,47.9,-123.0,48.0431,-123.1314,5948,0.0998,4
B001p90f40,b001,47.90_-123.20,47.9,-123.2,48.0431,-123.1314,5948,0.07,4
B001p90f40,b001,48.00_-122.80,48.0,-122.8,48.0431,-123.1314,5948,0.096,4
B001p90f40,b001,48.00_-122.90,48.0,-122.9,48.0431,-123.1314,5948,0.1062,4
B001p90f40,b001,48.00_-123.00,48.0,-123.0,48.0431,-123.1314,5948,0.0908,4
B001p90f40,b001,48.00_-123.10,48.0,-123.1,48.0431,-123.1314,5948,0.0988,4
B001p90f40,b001,48.00_-123.20,48.0,-123.2,48.0431,-123.1314,5948,0.0946,4
B001p90f40,b001,48.00_-123.60,48.0,-123.6,48.0431,-123.1314,5948,0.1207,4
B001p90f40,b001,48.10_-123.00,48.1,-123.0,48.0431,-123.1314,5948,0.1282,4
B001p90f40,b001,48.10_-123.10,48.1,-123.1,48.0431,-123.1314,5948,0.0951,4
B001p90f40,b001,48.10_-123.20,48.1,-123.2,48.0431,-123.1314,5948,0.1104,4
B001p90f40,b001,48.10_-123.30,48.1,-123.3,48.0431,-123.1314,5948,0.1475,4
B001p90f40,b001,48.10_-123.40,48.1,-123.4,48.0431,-123.1314,5948,0.0991,4
B001p90f40,b001,48.10_-123.60,48.1,-123.6,48.0431,-123.1314,5532,0.1332,4
B001p90f40,b001,48.20_-123.00,48.2,-123.0,48.0431,-123.1314,5948,0.1068,4
B001p90f40,b001,48.20_-123.10,48.2,-123.1,48.0431,-123.1314,5948,0.1053,4
B001p90f40,b001,48.20_-123.20,48.2,-123.2,48.0431,-123.1314,5948,0.0851,4
B001p90f40,b001,48.20_-123.50,48.2,-123.5,48.0431,-123.1314,5948,0.0976,4
B001p90f40,b001,48.20_-123.60,48.2,-123.6,48.0431,-123.1314,5948,0.1089,4
B001p90f40,b001,48.20_-123.80,48.2,-123.8,48.0431,-123.1314,5948,0.155,4
B001p90f40,b001,48.30_-123.20,48.3,-123.2,48.0431,-123.1314,5948,0.0958,4
B001p90f40,b001,48.30_-123.40,48.3,-123.4,48.0431,-123.1314,5948,0.1191,4
B001p90f40,b001,48.30_-123.60,48.3,-123.6,48.0431,-123.1314,5948,0.1021,4
B001p90f40,b001,48.40_-122.80,48.4,-122.8,48.0431,-123.1314,5948,0.1001,4
B001p90f40,b001,48.40_-123.20,48.4,-123.2,48.0431,-123.1314,5948,0.1278,4
B001p90f40,b001,48.40_-123.40,48.4,-123.4,48.0431,-123.1314,5948,0.0787,4
B001p90f40,b001,48.40_-123.50,48.4,-123.5,48.0431,-123.1314,5948,0.0973,4
B001p90f40,b001,48.40_-123.80,48.4,-123.8,48.0431,-123.1314,5948,0.0963,4
B001p90f40,b001,48.40_-124.00,48.4,-124.0,48.0431,-123.1314,5948,0.1175,4
B001p90f40,b001,48.50_-123.30,48.5,-123.3,48.0431,-123.1314,5948,0.1229,4
B001p90f40,b001,48.50_-123.80,48.5,-123.8,48.0431,-123.1314,5948,0.1189,4
B001p90f40,b001,48.50_-123.90,48.5,-123.9,48.0431,-123.1314,5948,0.0815,4
B001p90f40,b001,48.60_-123.80,48.6,-123.8,48.0431,-123.1314,5948,0.0922,4
B001p90f40,b001,48.80_-123.60,48.8,-123.6,48.0431,-123.1314,5948,0.1003,4
B003p90f40,b003,48.00_-123.50,48.0,-123.5,48.0624,-124.1409,5408,0.0268,5
B003p90f40,b003,48.10_-123.60,48.1,-123.6,48.0624,-124.1409,5463,0.0849,5
B003p90f40,b003,48.10_-123.70,48.1,-123.7,48.0624,-124.1409,5436,0.0627,5
B003p90f40,b003,48.20_-123.40,48.2,-123.4,48.0624,-124.1409,5456,0.0338,5
B003p90f40,b003,48.20_-123.50,48.2,-123.5,48.0624,-124.1409,5428,0.0338,5
B003p90f40,b003,48.20_-123.60,48.2,-123.6,48.0624,-124.1409,5461,0.045,5
B003p90f40,b003,48.20_-123.70,48.2,-123.7,48.0624,-124.1409,5418,0.0452,5
B003p90f40,b003,48.20_-123.80,48.2,-123.8,48.0624,-124.1409,4585,0.1009,5
B003p90f40,b003,48.30_-123.30,48.3,-123.3,48.0624,-124.1409,5441,0.0672,5
B003p90f40,b003,48.30_-123.40,48.3,-123.4,48.0624,-124.1409,5389,0.0616,5
B003p90f40,b003,48.30_-123.50,48.3,-123.5,48.0624,-124.1409,5478,0.049,5
B003p90f40,b003,48.30_-123.60,48.3,-123.6,48.0624,-124.1409,5405,0.0399,5
B003p90f40,b003,48.30_-123.80,48.3,-123.8,48.0624,-124.1409,5475,0.0443,5
B003p90f40,b003,48.40_-123.40,48.4,-123.4,48.0624,-124.1409,5450,0.1007,5
B003p90f40,b003,48.40_-123.50,48.4,-123.5,48.0624,-124.1409,5314,0.0723,5
B003p90f40,b003,48.40_-123.60,48.4,-123.6,48.0624,-124.1409,5428,0.0617,5
B003p90f40,b003,48.40_-123.70,48.4,-123.7,48.0624,-124.1409,5405,0.0769,5
B003p90f40,b003,48.40_-123.80,48.4,-123.8,48.0624,-124.1409,5449,0.0451,5
B003p90f40,b003,48.40_-123.90,48.4,-123.9,48.0624,-124.1409,5470,0.1177,5
B003p90f40,b003,48.50_-123.60,48.5,-123.6,48.0624,-124.1409,5471,0.0454,5
B003p90f40,b003,48.50_-123.70,48.5,-123.7,48.0624,-124.1409,5444,0.0347,5
B003p90f40,b003,48.50_-123.80,48.5,-123.8,48.0624,-124.1409,5452,0.0622,5
B003p90f40,b003,48.50_-123.90,48.5,-123.9,48.0624,-124.1409,5443,0.0438,5
B003p90f40,b003,48.50_-124.00,48.5,-124.0,48.0624,-124.1409,5449,0.0432,5
B003p90f40,b003,48.60_-123.90,48.6,-123.9,48.0624,-124.1409,5450,0.0925,5
B003p90f40,b003,48.60_-124.00,48.6,-124.0,48.0624,-124.1409,5379,0.0572,5
B003p90f40,b003,48.70_-124.00,48.7,-124.0,48.0624,-124.1409,5347,0.0887,5
B003p90f40,b003,48.80_-124.20,48.8,-124.2,48.0624,-124.1409,5355,0.0486,5
B003p90f40,b003,48.80_-124.30,48.8,-124.3,48.0624,-124.1409,5418,0.0664,5
B004p90f40,b004,48.10_-123.40,48.1,-123.4,48.2019,-124.427,3631,0.2601,6
B004p90f40,b004,48.10_-123.60,48.1,-123.6,48.2019,-124.427,3931,0.2161,6
B004p90f40,b004,48.20_-123.20,48.2,-123.2,48.2019,-124.427,2491,0.3729,6
B004p90f40,b004,48.20_-123.30,48.2,-123.3,48.2019,-124.427,2434,0.4119,6
B004p90f40,b004,48.20_-123.40,48.2,-123.4,48.2019,-124.427,3038,0.4073,6
B004p90f40,b004,48.20_-123.60,48.2,-123.6,48.2019,-124.427,4355,0.1846,6
B004p90f40,b004,48.20_-123.70,48.2,-123.7,48.2019,-124.427,3538,0.2609,6
B004p90f40,b004,48.30_-123.60,48.3,-123.6,48.2019,-124.427,2269,0.2759,6
B004p90f40,b004,48.30_-123.80,48.3,-123.8,48.2019,-124.427,3238,0.3379,6
B004p90f40,b004,48.40_-123.40,48.4,-123.4,48.2019,-124.427,4105,0.2423,6
B004p90f40,b004,48.40_-123.60,48.4,-123.6,48.2019,-124.427,3957,0.1648,6
B004p90f40,b004,48.40_-123.80,48.4,-123.8,48.2019,-124.427,2840,0.3853,6
B004p90f40,b004,48.40_-123.90,48.4,-123.9,48.2019,-124.427,1113,0.207,6
B004p90f40,b004,48.40_-124.00,48.4,-124.0,48.2019,-124.427,3263,0.2986,6
B004p90f40,b004,48.50_-123.80,48.5,-123.8,48.2019,-124.427,4050,0.3247,6
B004p90f40,b004,48.50_-124.00,48.5,-124.0,48.2019,-124.427,1938,0.2719,6
B004p90f40,b004,48.50_-124.10,48.5,-124.1,48.2019,-124.427,2997,0.3601,6
B004p90f40,b004,48.60_-123.90,48.6,-123.9,48.2019,-124.427,1677,0.3521,6
B004p90f40,b004,48.60_-124.00,48.6,-124.0,48.2019,-124.427,3027,0.2859,6
B004p90f40,b004,48.60_-124.10,48.6,-124.1,48.2019,-124.427,2628,0.2301,6
B004p90f40,b004,48.60_-124.20,48.6,-124.2,48.2019,-124.427,3997,0.2539,6
B004p90f40,b004,48.60_-124.30,48.6,-124.3,48.2019,-124.427,3892,0.2645,6
B004p90f40,b004,48.70_-124.00,48.7,-124.0,48.2019,-124.427,3852,0.2869,6
B004p90f40,b004,48.70_-124.20,48.7,-124.2,48.2019,-124.427,3875,0.2744,6
B004p90f40,b004,48.70_-124.30,48.7,-124.3,48.2019,-124.427,3828,0.2201,6
B004p90f40,b004,48.70_-124.40,48.7,-124.4,48.2019,-124.427,2550,0.231,6
B004p90f40,b004,48.80_-124.10,48.8,-124.1,48.2019,-124.427,3751,0.2604,6
B004p90f40,b004,48.80_-124.20,48.8,-124.2,48.2019,-124.427,3829,0.1732,6
B004p90f40,b004,48.80_-124.30,48.8,-124.3,48.2019,-124.427,3938,0.1971,6
B004p90f40,b004,48.80_-124.40,48.8,-124.4,48.2019,-124.427,3235,0.3308,6
B004p90f40,b004,48.80_-124.60,48.8,-124.6,48.2019,-124.427,2413,0.4643,6
B004p90f40,b004,48.90_-124.20,48.9,-124.2,48.2019,-124.427,2877,0.2293,6
B004p90f40,b004,48.90_-124.30,48.9,-124.3,48.2019,-124.427,2518,0.303,6
B004p90f40,b004,48.90_-124.80,48.9,-124.8,48.2019,-124.427,4026,0.2457,6
B004p90f40,b004,49.00_-124.50,49.0,-124.5,48.2019,-124.427,3557,0.2651,6
B004p90f40,b004,49.00_-124.60,49.0,-124.6,48.2019,-124.427,3819,0.2864,6
B004p90f40,b004,49.00_-124.80,49.0,-124.8,48.2019,-124.427,3374,0.2736,6
B004p90f40,b004,49.10_-124.70,49.1,-124.7,48.2019,-124.427,4151,0.2569,6
B005p90f40,b005,47.20_-123.10,47.2,-123.1,48.0595,-123.5033,5871,0.0895,7
B005p90f40,b005,47.40_-122.80,47.4,-122.8,48.0595,-123.5033,5810,0.0629,7
B005p90f40,b005,47.40_-123.20,47.4,-123.2,48.0595,-123.5033,5875,0.1169,7
B005p90f40,b005,47.50_-123.00,47.5,-123.0,48.0595,-123.5033,5871,0.1055,7
B005p90f40,b005,47.50_-123.20,47.5,-123.2,48.0595,-123.5033,5850,0.1154,7
B005p90f40,b005,47.60_-122.80,47.6,-122.8,48.0595,-123.5033,5553,0.1009,7
B005p90f40,b005,47.60_-123.00,47.6,-123.0,48.0595,-123.5033,5879,0.1549,7
B005p90f40,b005,47.60_-123.10,47.6,-123.1,48.0595,-123.5033,5872,0.0744,7
B005p90f40,b005,47.60_-123.20,47.6,-123.2,48.0595,-123.5033,5879,0.0948,7
B005p90f40,b005,47.80_-122.70,47.8,-122.7,48.0595,-123.5033,5767,0.0807,7
B005p90f40,b005,47.80_-123.10,47.8,-123.1,48.0595,-123.5033,5879,0.1064,7
B005p90f40,b005,47.80_-123.20,47.8,-123.2,48.0595,-123.5033,5874,0.0798,7
B005p90f40,b005,47.80_-123.30,47.8,-123.3,48.0595,-123.5033,5778,0.0946,7
B005p90f40,b005,47.80_-123.40,47.8,-123.4,48.0595,-123.5033,5869,0.1325,7
B005p90f40,b005,47.90_-122.80,47.9,-122.8,48.0595,-123.5033,5784,0.1143,7
B005p90f40,b005,47.90_-123.10,47.9,-123.1,48.0595,-123.5033,5833,0.064,7
B005p90f40,b005,47.90_-123.20,47.9,-123.2,48.0595,-123.5033,5866,0.0564,7
B005p90f40,b005,48.00_-122.90,48.0,-122.9,48.0595,-123.5033,5827,0.0898,7
B005p90f40,b005,48.00_-123.30,48.0,-123.3,48.0595,-123.5033,5204,0.1138,7
B005p90f40,b005,48.00_-123.40,48.0,-123.4,48.0595,-123.5033,5836,0.1046,7
B005p90f40,b005,48.00_-123.50,48.0,-123.5,48.0595,-123.5033,5879,0.121,7
B005p90f40,b005,48.00_-123.60,48.0,-123.6,48.0595,-123.5033,5860,0.0826,7
B005p90f40,b005,48.10_-122.90,48.1,-122.9,48.0595,-123.5033,5645,0.128,7
B005p90f40,b005,48.10_-123.00,48.1,-123.0,48.0595,-123.5033,5859,0.0913,7
B005p90f40,b005,48.10_-123.20,48.1,-123.2,48.0595,-123.5033,3449,0.1238,7
B005p90f40,b005,48.10_-123.30,48.1,-123.3,48.0595,-123.5033,5873,0.0763,7
B005p90f40,b005,48.10_-123.50,48.1,-123.5,48.0595,-123.5033,5856,0.1041,7
B005p90f40,b005,48.10_-123.60,48.1,-123.6,48.0595,-123.5033,5802,0.0537,7
B005p90f40,b005,48.10_-123.70,48.1,-123.7,48.0595,-123.5033,5879,0.0691,7
B005p90f40,b005,48.20_-123.30,48.2,-123.3,48.0595,-123.5033,5863,0.099,7
B005p90f40,b005,48.20_-123.50,48.2,-123.5,48.0595,-123.5033,5867,0.0916,7
B005p90f40,b005,48.20_-123.80,48.2,-123.8,48.0595,-123.5033,5716,0.1355,7
B005p90f40,b005,48.30_-123.40,48.3,-123.4,48.0595,-123.5033,5875,0.0715,7
B005p90f40,b005,48.30_-123.50,48.3,-123.5,48.0595,-123.5033,5863,0.1227,7
B005p90f40,b005,48.30_-123.90,48.3,-123.9,48.0595,-123.5033,1361,0.2667,7
B005p90f40,b005,48.40_-123.60,48.4,-123.6,48.0595,-123.5033,5878,0.0998,7
B005p90f40,b005,48.40_-123.70,48.4,-123.7,48.0595,-123.5033,342,0.3235,7
B005p90f40,b005,48.40_-123.80,48.4,-123.8,48.0595,-123.5033,5879,0.0949,7
B005p90f40,b005,48.40_-124.00,48.4,-124.0,48.0595,-123.5033,5833,0.0959,7
B005p90f40,b005,48.50_-123.60,48.5,-123.6,48.0595,-123.5033,5859,0.072,7
B005p90f40,b005,48.50_-123.70,48.5,-123.7,48.0595,-123.5033,5876,0.1557,7
B005p90f40,b005,48.50_-123.80,48.5,-123.8,48.0595,-123.5033,5879,0.0902,7
B005p90f40,b005,48.50_-123.90,48.5,-123.9,48.0595,-123.5033,5841,0.1425,7
B005p90f40,b005,48.50_-124.00,48.5,-124.0,48.0595,-123.5033,5879,0.103,7
B005p90f40,b005,48.60_-123.40,48.6,-123.4,48.0595,-123.5033,5856,0.1506,7
B005p90f40,b005,48.60_-123.60,48.6,-123.6,48.0595,-123.5033,5857,0.0649,7
B005p90f40,b005,48.60_-123.70,48.6,-123.7,48.0595,-123.5033,5879,0.1044,7
B005p90f40,b005,48.60_-123.80,48.6,-123.8,48.0595,-123.5033,5871,0.0822,7
B005p90f40,b005,48.60_-123.90,48.6,-123.9,48.0595,-123.5033,5811,0.1182,7
B005p90f40,b005,48.60_-124.10,48.6,-124.1,48.0595,-123.5033,5879,0.1052,7
B005p90f40,b005,48.60_-124.20,48.6,-124.2,48.0595,-123.5033,5879,0.1276,7
B005p90f40,b005,48.70_-123.80,48.7,-123.8,48.0595,-123.5033,5879,0.1139,7
B005p90f40,b005,48.70_-124.20,48.7,-124.2,48.0595,-123.5033,5876,0.0986,7
B005p90f40,b005,48.80_-123.60,48.8,-123.6,48.0595,-123.5033,5851,0.0815,7
B005p90f40,b005,48.80_-123.90,48.8,-123.9,48.0595,-123.5033,5879,0.1782,7
B005p90f40,b005,48.80_-124.00,48.8,-124.0,48.0595,-123.5033,5879,0.1159,7
B005p90f40,b005,48.80_-124.20,48.8,-124.2,48.0595,-123.5033,5879,0.1191,7
B005p90f40,b005,48.80_-124.30,48.8,-124.3,48.0595,-123.5033,5873,0.1242,7
B005p90f40,b005,48.80_-124.40,48.8,-124.4,48.0595,-123.5033,5876,0.1399,7
B005p90f40,b005,48.80_-124.50,48.8,-124.5,48.0595,-123.5033,5785,0.0832,7
B005p90f40,b005,48.80_-124.60,48.8,-124.6,48.0595,-123.5033,5876,0.0975,7
B005p90f40,b005,48.80_-124.70,48.8,-124.7,48.0595,-123.5033,5871,0.1365,7
B005p90f40,b005,48.90_-124.00,48.9,-124.0,48.0595,-123.5033,5879,0.1042,7
B005p90f40,b005,48.90_-124.40,48.9,-124.4,48.0595,-123.5033,5876,0.1116,7
B005p90f40,b005,48.90_-124.70,48.9,-124.7,48.0595,-123.5033,5872,0.0899,7
B005p90f40,b005,49.00_-124.40,49.0,-124.4,48.0595,-123.5033,5879,0.0935,7
B005p90f40,b005,49.00_-124.50,49.0,-124.5,48.0595,-123.5033,4821,0.0999,7
B005p90f40,b005,49.00_-124.70,49.0,-124.7,48.0595,-123.5033,5878,0.1437,7
B009p90f40,b009,48.00_-123.60,48.0,-123.6,48.649,-123.451,5967,0.0809,8
B009p90f40,b009,48.20_-123.00,48.2,-123.0,48.649,-123.451,3845,0.2654,8
B009p90f40,b009,48.20_-123.40,48.2,-123.4,48.649,-123.451,5959,0.1125,8
B009p90f40,b009,48.20_-123.50,48.2,-123.5,48.649,-123.451,19,0.1307,8
B009p90f40,b009,48.40_-123.40,48.4,-123.4,48.649,-123.451,5836,0.2369,8
B009p90f40,b009,48.50_-123.90,48.5,-123.9,48.649,-123.451,5553,0.2335,8
B009p90f40,b009,48.70_-124.60,48.7,-124.6,48.649,-123.451,1085,0.4271,8
B010p90f40,b010,48.10_-123.40,48.1,-123.4,48.65,-123.451,5807,0.1493,8
B010p90f40,b010,48.10_-123.60,48.1,-123.6,48.65,-123.451,5806,0.1537,8
B010p90f40,b010,48.10_-123.70,48.1,-123.7,48.65,-123.451,5804,0.1341,8
B010p90f40,b010,48.20_-123.20,48.2,-123.2,48.65,-123.451,5805,0.2006,8
B010p90f40,b010,48.20_-123.30,48.2,-123.3,48.65,-123.451,5806,0.1488,8
B010p90f40,b010,48.20_-123.40,48.2,-123.4,48.65,-123.451,5806,0.1668,8
B010p90f40,b010,48.20_-123.50,48.2,-123.5,48.65,-123.451,5805,0.1202,8
B010p90f40,b010,48.20_-123.60,48.2,-123.6,48.65,-123.451,5806,0.1456,8
B010p90f40,b010,48.20_-123.70,48.2,-123.7,48.65,-123.451,5804,0.1471,8
B010p90f40,b010,48.20_-123.80,48.2,-123.8,48.65,-123.451,5807,0.1152,8
B010p90f40,b010,48.30_-123.30,48.3,-123.3,48.65,-123.451,4892,0.1929,8
B010p90f40,b010,48.30_-123.60,48.3,-123.6,48.65,-123.451,5804,0.1291,8
B010p90f40,b010,48.30_-123.80,48.3,-123.8,48.65,-123.451,5806,0.1342,8
B010p90f40,b010,48.40_-123.40,48.4,-123.4,48.65,-123.451,5805,0.1497,8
B010p90f40,b010,48.40_-123.60,48.4,-123.6,48.65,-123.451,5807,0.1047,8
B010p90f40,b010,48.40_-123.70,48.4,-123.7,48.65,-123.451,5804,0.1071,8
B010p90f40,b010,48.40_-123.80,48.4,-123.8,48.65,-123.451,5805,0.1251,8
B010p90f40,b010,48.40_-123.90,48.4,-123.9,48.65,-123.451,5807,0.1505,8
B010p90f40,b010,48.40_-124.10,48.4,-124.1,48.65,-123.451,5806,0.174,8
B010p90f40,b010,48.50_-123.70,48.5,-123.7,48.65,-123.451,5804,0.1193,8
B010p90f40,b010,48.50_-123.80,48.5,-123.8,48.65,-123.451,5804,0.1074,8
B010p90f40,b010,48.50_-124.00,48.5,-124.0,48.65,-123.451,5805,0.081,8
B010p90f40,b010,48.50_-124.10,48.5,-124.1,48.65,-123.451,5806,0.1645,8
B010p90f40,b010,48.60_-123.70,48.6,-123.7,48.65,-123.451,5806,0.1368,8
B010p90f40,b010,48.60_-123.80,48.6,-123.8,48.65,-123.451,5783,0.1896,8
B010p90f40,b010,48.60_-124.10,48.6,-124.1,48.65,-123.451,5807,0.164,8
B010p90f40,b010,48.60_-124.20,48.6,-124.2,48.65,-123.451,5805,0.0998,8
B010p90f40,b010,48.60_-124.30,48.6,-124.3,48.65,-123.451,5804,0.1352,8
B010p90f40,b010,48.70_-124.20,48.7,-124.2,48.65,-123.451,5806,0.1954,8
B010p90f40,b010,48.70_-124.50,48.7,-124.5,48.65,-123.451,5805,0.157,8
B010p90f40,b010,48.80_-124.00,48.8,-124.0,48.65,-123.451,5806,0.198,8
B010p90f40,b010,48.80_-124.20,48.8,-124.2,48.65,-123.451,4984,0.1865,8
B010p90f40,b010,48.80_-124.30,48.8,-124.3,48.65,-123.451,5806,0.0963,8
B010p90f40,b010,48.80_-124.40,48.8,-124.4,48.65,-123.451,5806,0.1104,8
B010p90f40,b010,48.80_-124.50,48.8,-124.5,48.65,-123.451,5806,0.1867,8
B010p90f40,b010,48.80_-124.60,48.8,-124.6,48.65,-123.451,5806,0.1312,8
B010p90f40,b010,48.80_-124.80,48.8,-124.8,48.65,-123.451,5801,0.191,8
B010p90f40,b010,48.90_-124.40,48.9,-124.4,48.65,-123.451,5805,0.136,8
B010p90f40,b010,48.90_-124.50,48.9,-124.5,48.65,-123.451,5805,0.1558,8
B010p90f40,b010,48.90_-124.60,48.9,-124.6,48.65,-123.451,5806,0.1358,8
B010p90f40,b010,48.90_-124.70,48.9,-124.7,48.65,-123.451,5804,0.1366,8
B010p90f40,b010,49.00_-124.30,49.0,-124.3,48.65,-123.451,5806,0.1389,8
B010p90f40,b010,49.00_-124.50,49.0,-124.5,48.65,-123.451,5806,0.182,8
B010p90f40,b010,49.00_-124.70,49.0,-124.7,48.65,-123.451,5802,0.1569,8
B010p90f40,b010,49.00_-124.80,49.0,-124.8,48.65,-123.451,5805,0.1498,8
B011p90f40,b011,47.80_-123.10,47.8,-123.1,48.6495,-123.4482,5904,0.152,8
B011p90f40,b011,47.80_-123.20,47.8,-123.2,48.6495,-123.4482,5885,0.1405,8
B011p90f40,b011,47.80_-123.40,47.8,-123.4,48.6495,-123.4482,5906,0.1347,8
B011p90f40,b011,47.90_-123.00,47.9,-123.0,48.6495,-123.4482,5906,0.0962,8
B011p90f40,b011,47.90_-123.10,47.9,-123.1,48.6495,-123.4482,5897,0.0994,8
B011p90f40,b011,47.90_-123.60,47.9,-123.6,48.6495,-123.4482,5903,0.1196,8
B011p90f40,b011,48.00_-123.00,48.0,-123.0,48.6495,-123.4482,5905,0.1205,8
B011p90f40,b011,48.00_-123.40,48.0,-123.4,48.6495,-123.4482,5903,0.1295,8
B011p90f40,b011,48.00_-123.60,48.0,-123.6,48.6495,-123.4482,5906,0.0945,8
B011p90f40,b011,48.10_-123.00,48.1,-123.0,48.6495,-123.4482,4313,0.1618,8
B011p90f40,b011,48.10_-123.20,48.1,-123.2,48.6495,-123.4482,5904,0.0895,8
B011p90f40,b011,48.10_-123.60,48.1,-123.6,48.6495,-123.4482,5905,0.1065,8
B011p90f40,b011,48.20_-123.10,48.2,-123.1,48.6495,-123.4482,5907,0.125,8
B011p90f40,b011,48.20_-123.50,48.2,-123.5,48.6495,-123.4482,5904,0.0865,8
B011p90f40,b011,48.20_-123.60,48.2,-123.6,48.6495,-123.4482,5834,0.124,8
B011p90f40,b011,48.20_-123.70,48.2,-123.7,48.6495,-123.4482,5906,0.1223,8
B011p90f40,b011,48.20_-123.80,48.2,-123.8,48.6495,-123.4482,5906,0.0982,8
B011p90f40,b011,48.30_-122.80,48.3,-122.8,48.6495,-123.4482,5906,0.1217,8
B011p90f40,b011,48.30_-123.00,48.3,-123.0,48.6495,-123.4482,5902,0.0925,8
B011p90f40,b011,48.30_-123.70,48.3,-123.7,48.6495,-123.4482,5477,0.1162,8
B011p90f40,b011,48.40_-122.80,48.4,-122.8,48.6495,-123.4482,5907,0.0969,8
B011p90f40,b011,48.40_-122.90,48.4,-122.9,48.6495,-123.4482,5905,0.1607,8
B011p90f40,b011,48.40_-123.50,48.4,-123.5,48.6495,-123.4482,5902,0.0978,8
B011p90f40,b011,48.40_-123.60,48.4,-123.6,48.6495,-123.4482,5907,0.0891,8
B011p90f40,b011,48.40_-123.70,48.4,-123.7,48.6495,-123.4482,5903,0.1337,8
B011p90f40,b011,48.40_-123.80,48.4,-123.8,48.6495,-123.4482,5907,0.1457,8
B011p90f40,b011,48.40_-123.90,48.4,-123.9,48.6495,-123.4482,5905,0.1159,8
B011p90f40,b011,48.40_-124.00,48.4,-124.0,48.6495,-123.4482,5900,0.1182,8
B011p90f40,b011,48.50_-123.70,48.5,-123.7,48.6495,-123.4482,5873,0.1268,8
B011p90f40,b011,48.50_-123.80,48.5,-123.8,48.6495,-123.4482,5314,0.1408,8
B011p90f40,b011,48.50_-124.00,48.5,-124.0,48.6495,-123.4482,5907,0.1069,8
B011p90f40,b011,48.50_-124.10,48.5,-124.1,48.6495,-123.4482,5905,0.1241,8
B011p90f40,b011,48.60_-123.80,48.6,-123.8,48.6495,-123.4482,5904,0.1137,8
B011p90f40,b011,48.60_-124.20,48.6,-124.2,48.6495,-123.4482,5908,0.1041,8
B011p90f40,b011,48.60_-124.30,48.6,-124.3,48.6495,-123.4482,5904,0.1123,8
B011p90f40,b011,48.60_-124.40,48.6,-124.4,48.6495,-123.4482,5906,0.1235,8
B011p90f40,b011,48.70_-124.40,48.7,-124.4,48.6495,-123.4482,5907,0.1217,8
B011p90f40,b011,48.70_-124.50,48.7,-124.5,48.6495,-123.4482,5905,0.1157,8
B011p90f40,b011,48.70_-124.60,48.7,-124.6,48.6495,-123.4482,5904,0.0845,8
B011p90f40,b011,48.80_-123.70,48.8,-123.7,48.6495,-123.4482,5896,0.1131,8
B011p90f40,b011,48.80_-124.00,48.8,-124.0,48.6495,-123.4482,5905,0.1514,8
B011p90f40,b011,48.80_-124.10,48.8,-124.1,48.6495,-123.4482,5896,0.1277,8
B011p90f40,b011,48.80_-124.20,48.8,-124.2,48.6495,-123.4482,5905,0.1199,8
B011p90f40,b011,48.80_-124.30,48.8,-124.3,48.6495,-123.4482,5907,0.0805,8
B011p90f40,b011,48.80_-124.40,48.8,-124.4,48.6495,-123.4482,5907,0.1058,8
B011p90f40,b011,48.80_-124.50,48.8,-124.5,48.6495,-123.4482,5905,0.1035,8
B011p90f40,b011,48.80_-124.60,48.8,-124.6,48.6495,-123.4482,5904,0.1163,8
B011p90f40,b011,48.80_-124.70,48.8,-124.7,48.6495,-123.4482,5904,0.1207,8
B011p90f40,b011,48.80_-124.80,48.8,-124.8,48.6495,-123.4482,5904,0.0975,8
B011p90f40,b011,48.90_-124.10,48.9,-124.1,48.6495,-123.4482,5906,0.1082,8
B011p90f40,b011,48.90_-124.30,48.9,-124.3,48.6495,-123.4482,5905,0.1098,8
B011p90f40,b011,48.90_-124.40,48.9,-124.4,48.6495,-123.4482,5466,0.1355,8
B011p90f40,b011,48.90_-124.50,48.9,-124.5,48.6495,-123.4482,5904,0.1018,8
B011p90f40,b011,48.90_-124.60,48.9,-124.6,48.6495,-123.4482,5907,0.0848,8
B011p90f40,b011,48.90_-124.70,48.9,-124.7,48.6495,-123.4482,5905,0.1136,8
B011p90f40,b011,48.90_-124.80,48.9,-124.8,48.6495,-123.4482,5904,0.1442,8
B011p90f40,b011,49.00_-123.70,49.0,-123.7,48.6495,-123.4482,5903,0.0928,8
B011p90f40,b011,49.00_-124.30,49.0,-124.3,48.6495,-123.4482,5905,0.1328,8
B011p90f40,b011,49.00_-124.40,49.0,-124.4,48.6495,-123.4482,5906,0.1299,8
B011p90f40,b011,49.00_-124.50,49.0,-124.5,48.6495,-123.4482,5903,0.1141,8
B011p90f40,b011,49.00_-124.60,49.0,-124.6,48.6495,-123.4482,5903,0.1035,8
B011p90f40,b011,49.00_-124.70,49.0,-124.7,48.6495,-123.4482,5905,0.1091,8
B011p90f40,b011,49.00_-124.80,49.0,-124.8,48.6495,-123.4482,5908,0.087,8
B011p90f40,b011,49.10_-124.30,49.1,-124.3,48.6495,-123.4482,5902,0.1044,8
B011p90f40,b011,49.10_-124.60,49.1,-124.6,48.6495,-123.4482,5905,0.0738,8
B011p90f40,b011,49.10_-124.70,49.1,-124.7,48.6495,-123.4482,5905,0.1031,8
B011p90f40,b011,49.10_-124.80,49.1,-124.8,48.6495,-123.4482,5904,0.1346,8
B011p90f40,b011,49.20_-124.70,49.2,-124.7,48.6495,-123.4482,5857,0.1508,8
B012p90f40,b012,48.70_-124.70,48.7,-124.7,48.925,-125.542,2392,0.2395,11
B012p90f40,b012,48.80_-124.20,48.8,-124.2,48.925,-125.542,3430,0.3189,11
B012p90f40,b012,48.90_-124.30,48.9,-124.3,48.925,-125.542,3021,0.2411,11
B012p90f40,b012,48.90_-124.40,48.9,-124.4,48.925,-125.542,3245,0.3197,11
B012p90f40,b012,48.90_-124.70,48.9,-124.7,48.925,-125.542,3860,0.2533,11
B012p90f40,b012,48.90_-124.80,48.9,-124.8,48.925,-125.542,3457,0.1933,11
B012p90f40,b012,49.00_-124.50,49.0,-124.5,48.925,-125.542,3391,0.2335,11
B012p90f40,b012,49.00_-124.60,49.0,-124.6,48.925,-125.542,3728,0.1862,11
B012p90f40,b012,49.00_-124.70,49.0,-124.7,48.925,-125.542,3629,0.1916,11
B012p90f40,b012,49.00_-124.80,49.0,-124.8,48.925,-125.542,4063,0.2335,11
B012p90f40,b012,49.00_-124.90,49.0,-124.9,48.925,-125.542,3281,0.3366,11
B012p90f40,b012,49.10_-124.60,49.1,-124.6,48.925,-125.542,3673,0.1954,11
B012p90f40,b012,49.10_-124.70,49.1,-124.7,48.925,-125.542,3184,0.2334,11
B012p90f40,b012,49.10_-124.80,49.1,-124.8,48.925,-125.542,3925,0.2056,11
B012p90f40,b012,49.10_-125.00,49.1,-125.0,48.925,-125.542,3704,0.227,11
B012p90f40,b012,49.10_-125.10,49.1,-125.1,48.925,-125.542,3080,0.2541,11
B012p90f40,b012,49.20_-124.80,49.2,-124.8,48.925,-125.542,3357,0.1902,11
B012p90f40,b012,49.20_-124.90,49.2,-124.9,48.925,-125.542,2485,0.3132,11
B012p90f40,b012,49.20_-125.00,49.2,-125.0,48.925,-125.542,3362,0.236,11
B012p90f40,b012,49.20_-125.10,49.2,-125.1,48.925,-125.542,3731,0.2131,11
B012p90f40,b012,49.20_-125.20,49.2,-125.2,48.925,-125.542,4011,0.2385,11
B012p90f40,b012,49.20_-125.30,49.2,-125.3,48.925,-125.542,3203,0.2339,11
B012p90f40,b012,49.30_-125.00,49.3,-125.0,48.925,-125.542,3499,0.1914,11
B012p90f40,b012,49.30_-125.10,49.3,-125.1,48.925,-125.542,3760,0.2401,11
B012p90f40,b012,49.30_-125.20,49.3,-125.2,48.925,-125.542,3086,0.1948,11
B012p90f40,b012,49.40_-125.20,49.4,-125.2,48.925,-125.542,3041,0.2455,11
B012p90f40,b012,49.40_-125.30,49.4,-125.3,48.925,-125.542,3134,0.4817,11
B013p90f40,b013,47.40_-122.80,47.4,-122.8,47.813,-122.9108,5667,0.1081,12
B013p90f40,b013,47.40_-122.90,47.4,-122.9,47.813,-122.9108,5603,0.1229,12
B013p90f40,b013,47.40_-123.10,47.4,-123.1,47.813,-122.9108,5886,0.1084,12
B013p90f40,b013,47.50_-123.00,47.5,-123.0,47.813,-122.9108,2544,0.2843,12
B013p90f40,b013,47.60_-123.00,47.6,-123.0,47.813,-122.9108,5865,0.1072,12
B013p90f40,b013,47.60_-123.20,47.6,-123.2,47.813,-122.9108,5785,0.2154,12
B013p90f40,b013,47.60_-123.30,47.6,-123.3,47.813,-122.9108,5749,0.1777,12
B013p90f40,b013,47.70_-123.10,47.7,-123.1,47.813,-122.9108,5629,0.1415,12
B013p90f40,b013,47.80_-122.80,47.8,-122.8,47.813,-122.9108,5562,0.0643,12
B013p90f40,b013,47.80_-123.00,47.8,-123.0,47.813,-122.9108,5548,0.1409,12
B013p90f40,b013,47.90_-123.00,47.9,-123.0,47.813,-122.9108,5509,0.1215,12
B013p90f40,b013,47.90_-123.10,47.9,-123.1,47.813,-122.9108,5860,0.1315,12
B013p90f40,b013,47.90_-123.20,47.9,-123.2,47.813,-122.9108,5941,0.0968,12
B013p90f40,b013,47.90_-123.30,47.9,-123.3,47.813,-122.9108,5908,0.1218,12
B013p90f40,b013,48.00_-122.90,48.0,-122.9,47.813,-122.9108,3988,0.1779,12
B013p90f40,b013,48.00_-123.00,48.0,-123.0,47.813,-122.9108,5926,0.0883,12
B013p90f40,b013,48.00_-123.30,48.0,-123.3,47.813,-122.9108,5870,0.0814,12
B013p90f40,b013,48.00_-123.40,48.0,-123.4,47.813,-122.9108,5643,0.1458,12
B013p90f40,b013,48.10_-123.20,48.1,-123.2,47.813,-122.9108,5516,0.1496,12
B013p90f40,b013,48.20_-123.20,48.2,-123.2,47.813,-122.9108,5306,0.0993,12
B013p90f40,b013,48.20_-123.40,48.2,-123.4,47.813,-122.9108,5906,0.0805,12
B013p90f40,b013,48.20_-123.50,48.2,-123.5,47.813,-122.9108,5835,0.133,12
B013p90f40,b013,48.20_-123.60,48.2,-123.6,47.813,-122.9108,5061,0.0919,12
B013p90f40,b013,48.20_-123.70,48.2,-123.7,47.813,-122.9108,5819,0.1036,12
B013p90f40,b013,48.30_-123.00,48.3,-123.0,47.813,-122.9108,5777,0.12,12
B013p90f40,b013,48.30_-123.10,48.3,-123.1,47.813,-122.9108,5700,0.1669,12
B013p90f40,b013,48.30_-123.40,48.3,-123.4,47.813,-122.9108,5527,0.1065,12
B013p90f40,b013,48.30_-123.60,48.3,-123.6,47.813,-122.9108,5635,0.1445,12
B013p90f40,b013,48.30_-123.70,48.3,-123.7,47.813,-122.9108,5869,0.0912,12
B017p90f40,b017,46.70_-123.00,46.7,-123.0,46.996,-123.5575,5360,0.0604,13
B017p90f40,b017,46.80_-122.80,46.8,-122.8,46.996,-123.5575,5473,0.0508,13
B017p90f40,b017,46.80_-122.90,46.8,-122.9,46.996,-123.5575,4016,0.0986,13
B017p90f40,b017,46.80_-123.00,46.8,-123.0,46.996,-123.5575,4907,0.0384,13
B017p90f40,b017,46.90_-122.80,46.9,-122.8,46.996,-123.5575,5002,0.0664,13
B017p90f40,b017,46.90_-123.00,46.9,-123.0,46.996,-123.5575,4758,0.0872,13
B017p90f40,b017,46.90_-123.20,46.9,-123.2,46.996,-123.5575,4143,0.079,13
B017p90f40,b017,47.00_-122.80,47.0,-122.8,46.996,-123.5575,5272,0.0554,13
B017p90f40,b017,47.00_-123.00,47.0,-123.0,46.996,-123.5575,5995,0.0529,13
B017p90f40,b017,47.00_-123.10,47.0,-123.1,46.996,-123.5575,5489,0.0564,13
B017p90f40,b017,47.00_-123.20,47.0,-123.2,46.996,-123.5575,4196,0.121,13
B017p90f40,b017,47.10_-122.90,47.1,-122.9,46.996,-123.5575,4024,0.1052,13
B017p90f40,b017,47.10_-123.00,47.1,-123.0,46.996,-123.5575,5910,0.0811,13
B017p90f40,b017,47.10_-123.10,47.1,-123.1,46.996,-123.5575,3963,0.1171,13
B017p90f40,b017,47.20_-123.00,47.2,-123.0,46.996,-123.5575,5928,0.0815,13
B017p90f40,b017,47.20_-123.10,47.2,-123.1,46.996,-123.5575,5945,0.0991,13
B017p90f40,b017,47.40_-122.80,47.4,-122.8,46.996,-123.5575,5930,0.082,13
B017p90f40,b017,47.40_-122.90,47.4,-122.9,46.996,-123.5575,4912,0.0714,13
B017p90f40,b017,47.40_-123.00,47.4,-123.0,46.996,-123.5575,4156,0.1339,13
B017p90f40,b017,47.50_-122.80,47.5,-122.8,46.996,-123.5575,4070,0.0686,13
B017p90f40,b017,47.60_-122.80,47.6,-122.8,46.996,-123.5575,5770,0.096,13
B017p90f40,b017,47.60_-123.00,47.6,-123.0,46.996,-123.5575,4037,0.0924,13
B017p90f40,b017,47.60_-123.20,47.6,-123.2,46.996,-123.5575,3943,0.1037,13
B017p90f40,b017,47.70_-122.70,47.7,-122.7,46.996,-123.5575,4211,0.0957,13
B017p90f40,b017,47.70_-122.80,47.7,-122.8,46.996,-123.5575,3989,0.1059,13
B017p90f40,b017,47.70_-123.20,47.7,-123.2,46.996,-123.5575,5605,0.0717,13
B017p90f40,b017,47.80_-123.00,47.8,-123.0,46.996,-123.5575,3949,0.0961,13
B017p90f40,b017,47.80_-123.20,47.8,-123.2,46.996,-123.5575,5859,0.1017,13
B017p90f40,b017,47.80_-123.30,47.8,-123.3,46.996,-123.5575,4492,0.0589,13
B017p90f40,b017,47.90_-123.10,47.9,-123.1,46.996,-123.5575,4630,0.0848,13
B018p90f40,b018,46.10_-123.20,46.1,-123.2,46.9795,-123.0203,5998,0.0789,14
B018p90f40,b018,46.40_-123.00,46.4,-123.0,46.9795,-123.0203,5997,0.0671,14
B018p90f40,b018,46.50_-123.10,46.5,-123.1,46.9795,-123.0203,5898,0.0465,14
B018p90f40,b018,46.60_-123.00,46.6,-123.0,46.9795,-123.0203,5838,0.0654,14
B018p90f40,b018,46.60_-123.10,46.6,-123.1,46.9795,-123.0203,5999,0.0334,14
B018p90f40,b018,46.80_-122.80,46.8,-122.8,46.9795,-123.0203,5998,0.0869,14
B018p90f40,b018,46.80_-123.00,46.8,-123.0,46.9795,-123.0203,5988,0.0964,14
B018p90f40,b018,46.80_-123.20,46.8,-123.2,46.9795,-123.0203,5982,0.0674,14
B018p90f40,b018,46.90_-122.70,46.9,-122.7,46.9795,-123.0203,5999,0.0476,14
B018p90f40,b018,46.90_-123.20,46.9,-123.2,46.9795,-123.0203,5997,0.0471,14
B018p90f40,b018,47.00_-122.60,47.0,-122.6,46.9795,-123.0203,6001,0.0416,14
B018p90f40,b018,47.00_-122.90,47.0,-122.9,46.9795,-123.0203,5737,0.062,14
B018p90f40,b018,47.00_-123.10,47.0,-123.1,46.9795,-123.0203,6001,0.0682,14
B018p90f40,b018,47.00_-123.20,47.0,-123.2,46.9795,-123.0203,6001,0.0615,14
B018p90f40,b018,47.10_-122.80,47.1,-122.8,46.9795,-123.0203,6000,0.0634,14
B018p90f40,b018,47.10_-122.90,47.1,-122.9,46.9795,-123.0203,5865,0.0576,14
B018p90f40,b018,47.10_-123.00,47.1,-123.0,46.9795,-123.0203,5997,0.093,14
B018p90f40,b018,47.10_-123.20,47.1,-123.2,46.9795,-123.0203,5961,0.0769,14
B018p90f40,b018,47.20_-122.80,47.2,-122.8,46.9795,-123.0203,5950,0.0671,14
B018p90f40,b018,47.20_-123.00,47.2,-123.0,46.9795,-123.0203,4118,0.0948,14
B018p90f40,b018,47.30_-122.70,47.3,-122.7,46.9795,-123.0203,6001,0.0508,14
B018p90f40,b018,47.30_-122.80,47.3,-122.8,46.9795,-123.0203,6000,0.1434,14
B018p90f40,b018,47.30_-123.00,47.3,-123.0,46.9795,-123.0203,6000,0.0548,14
B018p90f40,b018,47.30_-123.20,47.3,-123.2,46.9795,-123.0203,5992,0.0485,14
B018p90f40,b018,47.40_-122.60,47.4,-122.6,46.9795,-123.0203,6001,0.0834,14
B018p90f40,b018,47.40_-122.70,47.4,-122.7,46.9795,-123.0203,2339,0.057,14
B018p90f40,b018,47.40_-122.80,47.4,-122.8,46.9795,-123.0203,5998,0.0594,14
B018p90f40,b018,47.40_-122.90,47.4,-122.9,46.9795,-123.0203,5993,0.051,14
B018p90f40,b018,47.40_-123.00,47.4,-123.0,46.9795,-123.0203,5979,0.0812,14
B018p90f40,b018,47.40_-123.10,47.4,-123.1,46.9795,-123.0203,5998,0.0713,14
B018p90f40,b018,47.50_-122.70,47.5,-122.7,46.9795,-123.0203,5920,0.1109,14
B018p90f40,b018,47.50_-122.80,47.5,-122.8,46.9795,-123.0203,5909,0.0918,14
B018p90f40,b018,47.50_-123.00,47.5,-123.0,46.9795,-123.0203,5478,0.0301,14
B018p90f40,b018,47.50_-123.10,47.5,-123.1,46.9795,-123.0203,5972,0.0563,14
B018p90f40,b018,47.50_-123.20,47.5,-123.2,46.9795,-123.0203,5874,0.0896,14
B018p90f40,b018,47.50_-123.30,47.5,-123.3,46.9795,-123.0203,6000,0.0989,14
B018p90f40,b018,47.60_-122.80,47.6,-122.8,46.9795,-123.0203,5862,0.0537,14
B018p90f40,b018,47.60_-122.90,47.6,-122.9,46.9795,-123.0203,5999,0.0547,14
B018p90f40,b018,47.60_-123.00,47.6,-123.0,46.9795,-123.0203,5991,0.0439,14
B018p90f40,b018,47.60_-123.20,47.6,-123.2,46.9795,-123.0203,5998,0.0564,14
B018p90f40,b018,47.60_-123.40,47.6,-123.4,46.9795,-123.0203,5997,0.0715,14
B018p90f40,b018,47.70_-122.60,47.7,-122.6,46.9795,-123.0203,6000,0.0668,14
B018p90f40,b018,47.70_-122.70,47.7,-122.7,46.9795,-123.0203,6001,0.1389,14
B018p90f40,b018,47.70_-122.90,47.7,-122.9,46.9795,-123.0203,5933,0.0831,14
B018p90f40,b018,47.70_-123.00,47.7,-123.0,46.9795,-123.0203,5830,0.0802,14
B018p90f40,b018,47.70_-123.20,47.7,-123.2,46.9795,-123.0203,5869,0.0501,14
B018p90f40,b018,47.80_-122.80,47.8,-122.8,46.9795,-123.0203,5894,0.0529,14
B018p90f40,b018,47.80_-123.00,47.8,-123.0,46.9795,-123.0203,6001,0.0431,14
B018p90f40,b018,47.80_-123.10,47.8,-123.1,46.9795,-123.0203,5949,0.0605,14
B018p90f40,b018,47.80_-123.20,47.8,-123.2,46.9795,-123.0203,6000,0.0504,14
B018p90f40,b018,47.80_-123.30,47.8,-123.3,46.9795,-123.0203,6001,0.0771,14
B018p90f40,b018,47.80_-123.50,47.8,-123.5,46.9795,-123.0203,5955,0.0674,14
B022p90f40,b022,45.60_-123.30,45.6,-123.3,45.9546,-123.931,5863,0.0888,15
B022p90f40,b022,45.80_-123.20,45.8,-123.2,45.9546,-123.931,5900,0.0832,15
B022p90f40,b022,45.80_-123.30,45.8,-123.3,45.9546,-123.931,5898,0.0666,15
B022p90f40,b022,45.90_-123.20,45.9,-123.2,45.9546,-123.931,5900,0.0607,15
B022p90f40,b022,45.90_-123.30,45.9,-123.3,45.9546,-123.931,5900,0.0806,15
B022p90f40,b022,46.00_-123.20,46.0,-123.2,45.9546,-123.931,5899,0.0907,15
B023p90f40,b023,45.20_-123.40,45.2,-123.4,46.1112,-123.0787,5250,0.1111,16
B023p90f40,b023,45.20_-123.50,45.2,-123.5,46.1112,-123.0787,5423,0.094,16
B023p90f40,b023,45.30_-122.90,45.3,-122.9,46.1112,-123.0787,5417,0.1098,16
B023p90f40,b023,45.30_-123.10,45.3,-123.1,46.1112,-123.0787,5503,0.1129,16
B023p90f40,b023,45.30_-123.20,45.3,-123.2,46.1112,-123.0787,5359,0.1212,16
B023p90f40,b023,45.30_-123.60,45.3,-123.6,46.1112,-123.0787,5558,0.113,16
B023p90f40,b023,45.40_-122.90,45.4,-122.9,46.1112,-123.0787,5361,0.1164,16
B023p90f40,b023,45.40_-123.00,45.4,-123.0,46.1112,-123.0787,5550,0.0949,16
B023p90f40,b023,45.40_-123.20,45.4,-123.2,46.1112,-123.0787,5537,0.1085,16
B023p90f40,b023,45.50_-123.30,45.5,-123.3,46.1112,-123.0787,5465,0.105,16
B023p90f40,b023,45.60_-123.00,45.6,-123.0,46.1112,-123.0787,5370,0.1196,16
B023p90f40,b023,45.60_-123.20,45.6,-123.2,46.1112,-123.0787,5500,0.1108,16
B023p90f40,b023,45.60_-123.40,45.6,-123.4,46.1112,-123.0787,5550,0.1011,16
B023p90f40,b023,45.70_-123.20,45.7,-123.2,46.1112,-123.0787,5463,0.1059,16
B023p90f40,b023,45.80_-122.80,45.8,-122.8,46.1112,-123.0787,5483,0.1075,16
B023p90f40,b023,45.80_-123.30,45.8,-123.3,46.1112,-123.0787,5411,0.1179,16
B023p90f40,b023,45.80_-123.40,45.8,-123.4,46.1112,-123.0787,5514,0.1124,16
B023p90f40,b023,45.80_-123.50,45.8,-123.5,46.1112,-123.0787,5561,0.0512,16
B023p90f40,b023,46.40_-123.00,46.4,-123.0,46.1112,-123.0787,5504,0.0781,16
B023p90f40,b023,46.40_-123.20,46.4,-123.2,46.1112,-123.0787,5472,0.113,16
B023p90f40,b023,46.50_-122.80,46.5,-122.8,46.1112,-123.0787,3940,0.1545,16
B023p90f40,b023,46.60_-122.80,46.6,-122.8,46.1112,-123.0787,5459,0.1141,16
B023p90f40,b023,46.60_-123.00,46.6,-123.0,46.1112,-123.0787,5436,0.1079,16
B023p90f40,b023,46.60_-123.40,46.6,-123.4,46.1112,-123.0787,5530,0.1183,16
B023p90f40,b023,46.80_-122.60,46.8,-122.6,46.1112,-123.0787,5421,0.1596,16
B023p90f40,b023,46.80_-122.70,46.8,-122.7,46.1112,-123.0787,4742,0.121,16
B023p90f40,b023,46.80_-122.80,46.8,-122.8,46.1112,-123.0787,5500,0.1034,16
B023p90f40,b023,46.80_-122.90,46.8,-122.9,46.1112,-123.0787,5501,0.1092,16
B023p90f40,b023,46.80_-123.10,46.8,-123.1,46.1112,-123.0787,5440,0.1079,16
B023p90f40,b023,46.90_-122.80,46.9,-122.8,46.1112,-123.0787,5552,0.0789,16
B023p90f40,b023,47.00_-122.40,47.0,-122.4,46.1112,-123.0787,5440,0.1135,16
B023p90f40,b023,47.00_-122.60,47.0,-122.6,46.1112,-123.0787,5435,0.1022,16
B023p90f40,b023,47.00_-122.70,47.0,-122.7,46.1112,-123.0787,5545,0.086,16
B023p90f40,b023,47.00_-122.80,47.0,-122.8,46.1112,-123.0787,5531,0.0883,16
B023p90f40,b023,47.00_-122.90,47.0,-122.9,46.1112,-123.0787,5505,0.1106,16
B023p90f40,b023,47.00_-123.00,47.0,-123.0,46.1112,-123.0787,5515,0.1289,16
B023p90f40,b023,47.00_-123.20,47.0,-123.2,46.1112,-123.0787,5545,0.0949,16
B024p90f40,b024,45.00_-123.40,45.0,-123.4,45.638,-123.856,4948,0.1212,17
B024p90f40,b024,45.00_-123.60,45.0,-123.6,45.638,-123.856,4948,0.1056,17
B024p90f40,b024,45.10_-123.30,45.1,-123.3,45.638,-123.856,4949,0.1258,17
B024p90f40,b024,45.10_-123.40,45.1,-123.4,45.638,-123.856,4949,0.103,17
B024p90f40,b024,45.10_-123.50,45.1,-123.5,45.638,-123.856,4949,0.1222,17
B024p90f40,b024,45.10_-123.60,45.1,-123.6,45.638,-123.856,4949,0.1397,17
B024p90f40,b024,45.20_-123.00,45.2,-123.0,45.638,-123.856,4949,0.1369,17
B024p90f40,b024,45.20_-123.30,45.2,-123.3,45.638,-123.856,4949,0.1383,17
B024p90f40,b024,45.20_-123.40,45.2,-123.4,45.638,-123.856,4949,0.0964,17
B024p90f40,b024,45.20_-123.50,45.2,-123.5,45.638,-123.856,4949,0.1518,17
B024p90f40,b024,45.20_-123.60,45.2,-123.6,45.638,-123.856,4949,0.2044,17
B024p90f40,b024,45.30_-123.20,45.3,-123.2,45.638,-123.856,4949,0.1804,17
B024p90f40,b024,45.30_-123.40,45.3,-123.4,45.638,-123.856,4949,0.1398,17
B024p90f40,b024,45.30_-123.50,45.3,-123.5,45.638,-123.856,4947,0.2025,17
B024p90f40,b024,45.30_-123.70,45.3,-123.7,45.638,-123.856,4949,0.1082,17
B024p90f40,b024,45.40_-122.90,45.4,-122.9,45.638,-123.856,4949,0.1351,17
B024p90f40,b024,45.40_-123.10,45.4,-123.1,45.638,-123.856,4906,0.1626,17
B024p90f40,b024,45.40_-123.20,45.4,-123.2,45.638,-123.856,4949,0.0847,17
B024p90f40,b024,45.40_-123.30,45.4,-123.3,45.638,-123.856,4949,0.0966,17
B024p90f40,b024,45.40_-123.40,45.4,-123.4,45.638,-123.856,4947,0.1586,17
B024p90f40,b024,45.40_-123.50,45.4,-123.5,45.638,-123.856,4949,0.1498,17
B024p90f40,b024,45.40_-123.60,45.4,-123.6,45.638,-123.856,4949,0.1649,17
B024p90f40,b024,45.40_-123.70,45.4,-123.7,45.638,-123.856,4949,0.1919,17
B024p90f40,b024,45.50_-123.10,45.5,-123.1,45.638,-123.856,4949,0.2006,17
B024p90f40,b024,45.50_-123.30,45.5,-123.3,45.638,-123.856,4949,0.1151,17
B024p90f40,b024,45.50_-123.40,45.5,-123.4,45.638,-123.856,4949,0.159,17
B024p90f40,b024,45.50_-123.50,45.5,-123.5,45.638,-123.856,4949,0.1697,17
B024p90f40,b024,45.50_-123.60,45.5,-123.6,45.638,-123.856,4949,0.1109,17
B024p90f40,b024,45.60_-123.20,45.6,-123.2,45.638,-123.856,4949,0.1185,17
B024p90f40,b024,45.60_-123.30,45.6,-123.3,45.638,-123.856,4949,0.0797,17
B024p90f40,b024,45.60_-123.40,45.6,-123.4,45.638,-123.856,4949,0.086,17
B024p90f40,b024,45.70_-123.10,45.7,-123.1,45.638,-123.856,4949,0.2107,17
B024p90f40,b024,45.70_-123.20,45.7,-123.2,45.638,-123.856,4912,0.1036,17
B024p90f40,b024,45.70_-123.40,45.7,-123.4,45.638,-123.856,4933,0.199,17
B024p90f40,b024,45.80_-123.00,45.8,-123.0,45.638,-123.856,4948,0.0963,17
B024p90f40,b024,45.80_-123.10,45.8,-123.1,45.638,-123.856,4948,0.1025,17
B024p90f40,b024,45.80_-123.20,45.8,-123.2,45.638,-123.856,4948,0.1221,17
B024p90f40,b024,45.80_-123.30,45.8,-123.3,45.638,-123.856,4935,0.0576,17
B024p90f40,b024,45.90_-123.30,45.9,-123.3,45.638,-123.856,4949,0.1272,17
B024p90f40,b024,46.00_-123.20,46.0,-123.2,45.638,-123.856,4949,0.1417,17
B027p90f40,b027,44.80_-123.40,44.8,-123.4,44.497,-122.962,2852,0.1686,18
B027p90f40,b027,44.80_-123.50,44.8,-123.5,44.497,-122.962,5082,0.0775,18
B027p90f40,b027,45.00_-123.40,45.0,-123.4,44.497,-122.962,5864,0.1018,18
B027p90f40,b027,45.10_-123.40,45.1,-123.4,44.497,-122.962,5903,0.0431,18
B027p90f40,b027,45.10_-123.50,45.1,-123.5,44.497,-122.962,5585,0.0791,18
B031p90f40,b031,43.00_-123.50,43.0,-123.5,43.664,-123.397,1281,0.0933,19
B031p90f40,b031,43.10_-123.90,43.1,-123.9,43.664,-123.397,1207,0.1211,19
B031p90f40,b031,43.40_-123.60,43.4,-123.6,43.664,-123.397,2110,0.0737,19
B031p90f40,b031,43.40_-123.80,43.4,-123.8,43.664,-123.397,2030,0.0866,19
B031p90f40,b031,43.50_-123.40,43.5,-123.4,43.664,-123.397,2006,0.0942,19
B031p90f40,b031,43.50_-123.50,43.5,-123.5,43.664,-123.397,1416,0.0909,19
B031p90f40,b031,43.50_-123.60,43.5,-123.6,43.664,-123.397,1807,0.076,19
B031p90f40,b031,43.60_-123.40,43.6,-123.4,43.664,-123.397,2204,0.0902,19
B031p90f40,b031,43.60_-123.50,43.6,-123.5,43.664,-123.397,2557,0.0809,19
B031p90f40,b031,43.60_-123.60,43.6,-123.6,43.664,-123.397,2721,0.0786,19
B031p90f40,b031,43.60_-123.70,43.6,-123.7,43.664,-123.397,2396,0.0946,19
B031p90f40,b031,43.70_-123.40,43.7,-123.4,43.664,-123.397,1248,0.0728,19
B031p90f40,b031,43.80_-123.20,43.8,-123.2,43.664,-123.397,1325,0.1065,19
B031p90f40,b031,43.80_-123.40,43.8,-123.4,43.664,-123.397,1718,0.0646,19
B031p90f40,b031,43.80_-123.50,43.8,-123.5,43.664,-123.397,1409,0.074,19
B031p90f40,b031,43.80_-123.60,43.8,-123.6,43.664,-123.397,1525,0.1041,19
B031p90f40,b031,43.80_-123.70,43.8,-123.7,43.664,-123.397,1733,0.0825,19
B031p90f40,b031,43.90_-123.20,43.9,-123.2,43.664,-123.397,1861,0.0738,19
B031p90f40,b031,43.90_-123.30,43.9,-123.3,43.664,-123.397,2004,0.0985,19
B031p90f40,b031,43.90_-123.60,43.9,-123.6,43.664,-123.397,1561,0.0882,19
B031p90f40,b031,43.90_-123.70,43.9,-123.7,43.664,-123.397,1669,0.0827,19
B031p90f40,b031,44.00_-123.10,44.0,-123.1,43.664,-123.397,1203,0.0784,19
B031p90f40,b031,44.00_-123.30,44.0,-123.3,43.664,-123.397,1876,0.1074,19
B031p90f40,b031,44.00_-123.40,44.0,-123.4,43.664,-123.397,1851,0.0765,19
B031p90f40,b031,44.00_-123.50,44.0,-123.5,43.664,-123.397,1105,0.1011,19
B031p90f40,b031,44.00_-123.60,44.0,-123.6,43.664,-123.397,1831,0.0613,19
B032p90f40,b032,42.80_-123.50,42.8,-123.5,43.668,-123.3923,5803,0.1534,19
B032p90f40,b032,43.00_-123.50,43.0,-123.5,43.668,-123.3923,5739,0.3708,19
B032p90f40,b032,43.10_-123.40,43.1,-123.4,43.668,-123.3923,5806,0.1396,19
B032p90f40,b032,43.20_-123.40,43.2,-123.4,43.668,-123.3923,5806,0.0558,19
B032p90f40,b032,43.20_-123.50,43.2,-123.5,43.668,-123.3923,5801,0.1506,19
B032p90f40,b032,43.40_-123.20,43.4,-123.2,43.668,-123.3923,5801,0.1022,19
B032p90f40,b032,43.40_-123.80,43.4,-123.8,43.668,-123.3923,5800,0.0889,19
B032p90f40,b032,43.50_-123.30,43.5,-123.3,43.668,-123.3923,5804,0.103,19
B032p90f40,b032,43.50_-123.40,43.5,-123.4,43.668,-123.3923,5807,0.0857,19
B032p90f40,b032,43.50_-123.50,43.5,-123.5,43.668,-123.3923,5793,0.1619,19
B032p90f40,b032,43.50_-123.60,43.5,-123.6,43.668,-123.3923,5796,0.081,19
B032p90f40,b032,43.60_-123.50,43.6,-123.5,43.668,-123.3923,5805,0.081,19
B032p90f40,b032,43.60_-123.60,43.6,-123.6,43.668,-123.3923,5803,0.1164,19
B032p90f40,b032,43.70_-123.50,43.7,-123.5,43.668,-123.3923,5753,0.1974,19
B032p90f40,b032,43.80_-123.50,43.8,-123.5,43.668,-123.3923,5801,0.1167,19
B032p90f40,b032,43.90_-123.30,43.9,-123.3,43.668,-123.3923,5784,0.1402,19
B032p90f40,b032,44.00_-123.20,44.0,-123.2,43.668,-123.3923,5536,0.165,19
B032p90f40,b032,44.00_-123.30,44.0,-123.3,43.668,-123.3923,5799,0.114,19
B032p90f40,b032,44.00_-123.60,44.0,-123.6,43.668,-123.3923,5805,0.103,19
B032p90f40,b032,44.10_-123.60,44.1,-123.6,43.668,-123.3923,5796,0.1238,19
B032p90f40,b032,44.20_-123.60,44.2,-123.6,43.668,-123.3923,5806,0.1218,19
B032p90f40,b032,44.40_-123.60,44.4,-123.6,43.668,-123.3923,5806,0.1045,19
B032p90f40,b032,44.40_-123.70,44.4,-123.7,43.668,-123.3923,4631,0.1888,19
B032p90f40,b032,44.50_-123.30,44.5,-123.3,43.668,-123.3923,4383,0.1835,19
B032p90f40,b032,44.50_-123.60,44.5,-123.6,43.668,-123.3923,5806,0.0931,19
B032p90f40,b032,44.50_-123.70,44.5,-123.7,43.668,-123.3923,5793,0.1148,19
B033p90f40,b033,42.60_-123.50,42.6,-123.5,43.2917,-123.1245,5999,0.096,21
B033p90f40,b033,42.80_-123.50,42.8,-123.5,43.2917,-123.1245,5992,0.1017,21
B033p90f40,b033,42.90_-123.50,42.9,-123.5,43.2917,-123.1245,5994,0.1063,21
B033p90f40,b033,42.90_-123.70,42.9,-123.7,43.2917,-123.1245,5985,0.1049,21
B033p90f40,b033,43.00_-123.50,43.0,-123.5,43.2917,-123.1245,5999,0.1098,21
B033p90f40,b033,43.00_-123.60,43.0,-123.6,43.2917,-123.1245,5987,0.1196,21
B033p90f40,b033,43.00_-123.70,43.0,-123.7,43.2917,-123.1245,5997,0.1056,21
B033p90f40,b033,43.10_-123.40,43.1,-123.4,43.2917,-123.1245,5994,0.106,21
B033p90f40,b033,43.10_-123.50,43.1,-123.5,43.2917,-123.1245,5998,0.09,21
B033p90f40,b033,43.10_-123.60,43.1,-123.6,43.2917,-123.1245,5997,0.0815,21
B033p90f40,b033,43.10_-123.80,43.1,-123.8,43.2917,-123.1245,5996,0.1189,21
B033p90f40,b033,43.20_-123.40,43.2,-123.4,43.2917,-123.1245,6000,0.0761,21
B033p90f40,b033,43.20_-123.50,43.2,-123.5,43.2917,-123.1245,5998,0.0794,21
B033p90f40,b033,43.20_-123.60,43.2,-123.6,43.2917,-123.1245,5998,0.122,21
B033p90f40,b033,43.20_-123.80,43.2,-123.8,43.2917,-123.1245,5999,0.0727,21
B033p90f40,b033,43.30_-123.70,43.3,-123.7,43.2917,-123.1245,5975,0.1064,21
B033p90f40,b033,43.40_-123.30,43.4,-123.3,43.2917,-123.1245,5998,0.1093,21
B033p90f40,b033,43.40_-123.60,43.4,-123.6,43.2917,-123.1245,5976,0.1168,21
B033p90f40,b033,43.50_-123.40,43.5,-123.4,43.2917,-123.1245,5987,0.1255,21
B033p90f40,b033,43.50_-123.50,43.5,-123.5,43.2917,-123.1245,5998,0.1315,21
B033p90f40,b033,43.50_-123.60,43.5,-123.6,43.2917,-123.1245,5998,0.0743,21
B033p90f40,b033,43.50_-123.70,43.5,-123.7,43.2917,-123.1245,5998,0.1137,21
B033p90f40,b033,43.60_-123.60,43.6,-123.6,43.2917,-123.1245,6000,0.1011,21
B033p90f40,b033,43.70_-123.60,43.7,-123.6,43.2917,-123.1245,5998,0.1487,21
B033p90f40,b033,43.80_-123.50,43.8,-123.5,43.2917,-123.1245,5998,0.0934,21
B033p90f40,b033,44.00_-123.80,44.0,-123.8,43.2917,-123.1245,5994,0.1193,21
B035p90f40,b035,41.60_-123.20,41.6,-123.2,42.504,-123.383,4708,0.0172,22
B035p90f40,b035,41.70_-122.80,41.7,-122.8,42.504,-123.383,3082,0.1822,22
B035p90f40,b035,41.80_-123.40,41.8,-123.4,42.504,-123.383,934,0.412,22
B035p90f40,b035,41.90_-123.30,41.9,-123.3,42.504,-123.383,4457,0.1684,22
B035p90f40,b035,42.00_-123.10,42.0,-123.1,42.504,-123.383,255,0.5239,22
B035p90f40,b035,42.00_-123.20,42.0,-123.2,42.504,-123.383,5841,0.0338,22
B035p90f40,b035,42.00_-123.30,42.0,-123.3,42.504,-123.383,5762,0.0903,22
B035p90f40,b035,42.00_-123.40,42.0,-123.4,42.504,-123.383,5673,0.0272,22
B035p90f40,b035,42.00_-123.50,42.0,-123.5,42.504,-123.383,4916,0.0234,22
B035p90f40,b035,42.00_-123.80,42.0,-123.8,42.504,-123.383,5771,0.1031,22
B035p90f40,b035,42.10_-123.20,42.1,-123.2,42.504,-123.383,5198,0.0184,22
B035p90f40,b035,42.10_-123.30,42.1,-123.3,42.504,-123.383,5184,0.0323,22
B035p90f40,b035,42.10_-123.40,42.1,-123.4,42.504,-123.383,5000,0.0135,22
B035p90f40,b035,42.10_-123.70,42.1,-123.7,42.504,-123.383,5116,0.019,22
B035p90f40,b035,42.10_-123.80,42.1,-123.8,42.504,-123.383,3886,0.0707,22
B035p90f40,b035,42.20_-123.10,42.2,-123.1,42.504,-123.383,3954,0.0324,22
B035p90f40,b035,42.20_-123.20,42.2,-123.2,42.504,-123.383,5520,0.021,22
B035p90f40,b035,42.20_-123.30,42.2,-123.3,42.504,-123.383,5756,0.0229,22
B035p90f40,b035,42.20_-123.50,42.2,-123.5,42.504,-123.383,3632,0.0416,22
B035p90f40,b035,42.20_-123.60,42.2,-123.6,42.504,-123.383,1272,0.3332,22
B035p90f40,b035,42.20_-123.70,42.2,-123.7,42.504,-123.383,5225,0.0389,22
B035p90f40,b035,42.20_-123.80,42.2,-123.8,42.504,-123.383,5220,0.0216,22
B035p90f40,b035,42.30_-123.10,42.3,-123.1,42.504,-123.383,5098,0.0176,22
B035p90f40,b035,42.30_-123.20,42.3,-123.2,42.504,-123.383,5470,0.0314,22
B035p90f40,b035,42.30_-123.60,42.3,-123.6,42.504,-123.383,5191,0.1009,22
B035p90f40,b035,42.40_-123.00,42.4,-123.0,42.504,-123.383,4926,0.082,22
B035p90f40,b035,42.40_-123.20,42.4,-123.2,42.504,-123.383,5820,0.0437,22
B035p90f40,b035,42.40_-123.30,42.4,-123.3,42.504,-123.383,5058,0.0808,22
B035p90f40,b035,42.40_-123.40,42.4,-123.4,42.504,-123.383,5855,0.0563,22
B035p90f40,b035,42.40_-123.50,42.4,-123.5,42.504,-123.383,5218,0.0193,22
B035p90f40,b035,42.40_-123.60,42.4,-123.6,42.504,-123.383,5729,0.0238,22
B035p90f40,b035,42.40_-123.70,42.4,-123.7,42.504,-123.383,1813,0.3945,22
B035p90f40,b035,42.40_-123.80,42.4,-123.8,42.504,-123.383,5863,0.0212,22
B035p90f40,b035,42.50_-123.20,42.5,-123.2,42.504,-123.383,5650,0.1909,22
B035p90f40,b035,42.50_-123.30,42.5,-123.3,42.504,-123.383,4971,0.0625,22
B035p90f40,b035,42.50_-123.40,42.5,-123.4,42.504,-123.383,5052,0.1896,22
B035p90f40,b035,42.50_-123.50,42.5,-123.5,42.504,-123.383,5258,0.0167,22
B035p90f40,b035,42.50_-123.60,42.5,-123.6,42.504,-123.383,5669,0.2041,22
B035p90f40,b035,42.50_-123.80,42.5,-123.8,42.504,-123.383,5451,0.0153,22
B035p90f40,b035,42.60_-123.30,42.6,-123.3,42.504,-123.383,5275,0.0118,22
B035p90f40,b035,42.60_-123.40,42.6,-123.4,42.504,-123.383,2797,0.0488,22
B035p90f40,b035,42.60_-123.50,42.6,-123.5,42.504,-123.383,5304,0.0081,22
B035p90f40,b035,42.60_-123.60,42.6,-123.6,42.504,-123.383,5462,0.028,22
B035p90f40,b035,42.60_-123.80,42.6,-123.8,42.504,-123.383,4891,0.0204,22
B035p90f40,b035,42.70_-123.20,42.7,-123.2,42.504,-123.383,4472,0.0124,22
B035p90f40,b035,42.70_-123.40,42.7,-123.4,42.504,-123.383,5684,0.0191,22
B035p90f40,b035,42.70_-123.50,42.7,-123.5,42.504,-123.383,4476,0.0825,22
B035p90f40,b035,42.80_-123.20,42.8,-123.2,42.504,-123.383,5596,0.0322,22
B035p90f40,b035,42.80_-123.30,42.8,-123.3,42.504,-123.383,5286,0.0235,22
B035p90f40,b035,42.80_-123.40,42.8,-123.4,42.504,-123.383,5580,0.0215,22
B035p90f40,b035,42.80_-123.50,42.8,-123.5,42.504,-123.383,5480,0.0215,22
B035p90f40,b035,42.80_-123.60,42.8,-123.6,42.504,-123.383,5834,0.02,22
B035p90f40,b035,42.90_-123.40,42.9,-123.4,42.504,-123.383,5333,0.0235,22
B035p90f40,b035,43.00_-123.30,43.0,-123.3,42.504,-123.383,5485,0.229,22
B035p90f40,b035,43.00_-123.40,43.0,-123.4,42.504,-123.383,5232,0.0208,22
B035p90f40,b035,43.00_-123.60,43.0,-123.6,42.504,-123.383,5204,0.0387,22
B035p90f40,b035,43.00_-123.70,43.0,-123.7,42.504,-123.383,5134,0.0264,22
B035p90f40,b035,43.00_-123.80,43.0,-123.8,42.504,-123.383,5377,0.021,22
B035p90f40,b035,43.10_-123.50,43.1,-123.5,42.504,-123.383,2752,0.2731,22
B035p90f40,b035,43.10_-123.60,43.1,-123.6,42.504,-123.383,5200,0.0229,22
B035p90f40,b035,43.20_-123.40,43.2,-123.4,42.504,-123.383,521,0.4639,22
B036p90f40,b036,41.80_-123.40,41.8,-123.4,42.5058,-123.3817,5915,1.6496,22
B036p90f40,b036,42.00_-123.20,42.0,-123.2,42.5058,-123.3817,4246,0.0932,22
B036p90f40,b036,42.00_-123.30,42.0,-123.3,42.5058,-123.3817,5940,0.0055,22
B036p90f40,b036,42.00_-123.40,42.0,-123.4,42.5058,-123.3817,5595,0.0172,22
B036p90f40,b036,42.00_-123.50,42.0,-123.5,42.5058,-123.3817,5549,0.1391,22
B036p90f40,b036,42.00_-123.60,42.0,-123.6,42.5058,-123.3817,5907,0.3387,22
B036p90f40,b036,42.10_-123.20,42.1,-123.2,42.5058,-123.3817,3086,0.3019,22
B036p90f40,b036,42.10_-123.30,42.1,-123.3,42.5058,-123.3817,5943,0.2684,22
B036p90f40,b036,42.10_-123.50,42.1,-123.5,42.5058,-123.3817,2101,0.6062,22
B036p90f40,b036,42.10_-123.60,42.1,-123.6,42.5058,-123.3817,5942,0.084,22
B036p90f40,b036,42.10_-123.70,42.1,-123.7,42.5058,-123.3817,5774,0.0003,22
B036p90f40,b036,42.10_-123.80,42.1,-123.8,42.5058,-123.3817,5938,0.0102,22
B036p90f40,b036,42.20_-123.20,42.2,-123.2,42.5058,-123.3817,5938,0.0185,22
B036p90f40,b036,42.20_-123.30,42.2,-123.3,42.5058,-123.3817,5943,0.0096,22
B036p90f40,b036,42.20_-123.40,42.2,-123.4,42.5058,-123.3817,3731,0.0408,22
B036p90f40,b036,42.20_-123.50,42.2,-123.5,42.5058,-123.3817,2804,0.2415,22
B036p90f40,b036,42.20_-123.60,42.2,-123.6,42.5058,-123.3817,5935,1.6238,22
B036p90f40,b036,42.20_-123.80,42.2,-123.8,42.5058,-123.3817,5943,0.0175,22
B036p90f40,b036,42.20_-124.00,42.2,-124.0,42.5058,-123.3817,5099,0.0221,22
B036p90f40,b036,42.30_-123.30,42.3,-123.3,42.5058,-123.3817,5942,0.0285,22
B036p90f40,b036,42.30_-123.60,42.3,-123.6,42.5058,-123.3817,5942,0.0066,22
B036p90f40,b036,42.30_-123.80,42.3,-123.8,42.5058,-123.3817,5879,0.092,22
B036p90f40,b036,42.40_-123.10,42.4,-123.1,42.5058,-123.3817,5666,0.3235,22
B036p90f40,b036,42.40_-123.20,42.4,-123.2,42.5058,-123.3817,5943,0.011,22
B036p90f40,b036,42.40_-123.30,42.4,-123.3,42.5058,-123.3817,5942,0.0852,22
B036p90f40,b036,42.40_-123.40,42.4,-123.4,42.5058,-123.3817,5942,0.3545,22
B036p90f40,b036,42.40_-123.50,42.4,-123.5,42.5058,-123.3817,5943,0.2179,22
B036p90f40,b036,42.40_-123.80,42.4,-123.8,42.5058,-123.3817,5943,0.0322,22
B036p90f40,b036,42.40_-124.00,42.4,-124.0,42.5058,-123.3817,5943,0.0115,22
B036p90f40,b036,42.50_-123.20,42.5,-123.2,42.5058,-123.3817,5896,0.077,22
B036p90f40,b036,42.50_-123.40,42.5,-123.4,42.5058,-123.3817,5943,0.0252,22
B036p90f40,b036,42.50_-123.50,42.5,-123.5,42.5058,-123.3817,5929,0.0777,22
B036p90f40,b036,42.50_-123.60,42.5,-123.6,42.5058,-123.3817,5942,0.2435,22
B036p90f40,b036,42.50_-123.70,42.5,-123.7,42.5058,-123.3817,5310,0.0033,22
B036p90f40,b036,42.50_-123.80,42.5,-123.8,42.5058,-123.3817,5943,0.0251,22
B036p90f40,b036,42.50_-123.90,42.5,-123.9,42.5058,-123.3817,5943,0.0182,22
B036p90f40,b036,42.50_-124.00,42.5,-124.0,42.5058,-123.3817,5364,1.6522,22
B036p90f40,b036,42.60_-123.20,42.6,-123.2,42.5058,-123.3817,5561,0.1215,22
B036p90f40,b036,42.60_-123.30,42.6,-123.3,42.5058,-123.3817,1524,0.3421,22
B036p90f40,b036,42.60_-123.40,42.6,-123.4,42.5058,-123.3817,5943,0.0421,22
B036p90f40,b036,42.60_-123.60,42.6,-123.6,42.5058,-123.3817,5850,0.0082,22
B036p90f40,b036,42.60_-123.70,42.6,-123.7,42.5058,-123.3817,5727,0.1006,22
B036p90f40,b036,42.70_-123.30,42.7,-123.3,42.5058,-123.3817,5928,0.04,22
B036p90f40,b036,42.70_-123.40,42.7,-123.4,42.5058,-123.3817,3046,0.4087,22
B036p90f40,b036,42.70_-123.50,42.7,-123.5,42.5058,-123.3817,5340,1.6937,22
B036p90f40,b036,42.70_-123.60,42.7,-123.6,42.5058,-123.3817,5942,1.6492,22
B036p90f40,b036,42.80_-123.30,42.8,-123.3,42.5058,-123.3817,3020,0.3017,22
B036p90f40,b036,42.80_-123.40,42.8,-123.4,42.5058,-123.3817,2535,0.4133,22
B036p90f40,b036,42.80_-123.50,42.8,-123.5,42.5058,-123.3817,348,0.8553,22
B036p90f40,b036,42.80_-123.60,42.8,-123.6,42.5058,-123.3817,5943,0.0446,22
B036p90f40,b036,42.80_-123.70,42.8,-123.7,42.5058,-123.3817,5941,1.6397,22
B036p90f40,b036,42.80_-123.80,42.8,-123.8,42.5058,-123.3817,5750,0.1206,22
B036p90f40,b036,43.00_-123.60,43.0,-123.6,42.5058,-123.3817,5943,0.1272,22
B039p90f40,b039,41.10_-122.90,41.1,-122.9,41.4667,-122.4847,5562,0.0584,24
B039p90f40,b039,41.10_-123.10,41.1,-123.1,41.4667,-122.4847,5562,0.0807,24
B039p90f40,b039,41.10_-123.20,41.1,-123.2,41.4667,-122.4847,5562,0.0535,24
B039p90f40,b039,41.20_-122.80,41.2,-122.8,41.4667,-122.4847,5557,0.0589,24
B039p90f40,b039,41.20_-122.90,41.2,-122.9,41.4667,-122.4847,5562,0.0389,24
B039p90f40,b039,41.20_-123.00,41.2,-123.0,41.4667,-122.4847,5563,0.0374,24
B039p90f40,b039,41.20_-123.10,41.2,-123.1,41.4667,-122.4847,5562,0.0522,24
B039p90f40,b039,41.30_-122.90,41.3,-122.9,41.4667,-122.4847,5562,0.0357,24
B039p90f40,b039,41.30_-123.00,41.3,-123.0,41.4667,-122.4847,5562,0.0394,24
B039p90f40,b039,41.30_-123.10,41.3,-123.1,41.4667,-122.4847,5562,0.0502,24
B039p90f40,b039,41.30_-123.20,41.3,-123.2,41.4667,-122.4847,5562,0.0357,24
B039p90f40,b039,41.30_-123.30,41.3,-123.3,41.4667,-122.4847,5561,0.0593,24
B039p90f40,b039,41.40_-122.90,41.4,-122.9,41.4667,-122.4847,5563,0.0524,24
B039p90f40,b039,41.40_-123.00,41.4,-123.0,41.4667,-122.4847,5562,0.0436,24
B039p90f40,b039,41.40_-123.10,41.4,-123.1,41.4667,-122.4847,5562,0.038,24
B039p90f40,b039,41.40_-123.20,41.4,-123.2,41.4667,-122.4847,5563,0.0483,24
B039p90f40,b039,41.50_-123.00,41.5,-123.0,41.4667,-122.4847,5562,0.0521,24
B039p90f40,b039,41.50_-123.10,41.5,-123.1,41.4667,-122.4847,5562,0.0557,24
B039p90f40,b039,41.50_-123.20,41.5,-123.2,41.4667,-122.4847,5562,0.0457,24
B039p90f40,b039,41.60_-122.80,41.6,-122.8,41.4667,-122.4847,5562,0.0243,24
B039p90f40,b039,41.60_-122.90,41.6,-122.9,41.4667,-122.4847,5562,0.0428,24
B039p90f40,b039,41.60_-123.00,41.6,-123.0,41.4667,-122.4847,5562,0.0512,24
B039p90f40,b039,41.60_-123.10,41.6,-123.1,41.4667,-122.4847,5563,0.0418,24
B039p90f40,b039,41.60_-123.20,41.6,-123.2,41.4667,-122.4847,5562,0.0519,24
B039p90f40,b039,41.60_-123.30,41.6,-123.3,41.4667,-122.4847,5564,0.0537,24
B039p90f40,b039,41.70_-122.80,41.7,-122.8,41.4667,-122.4847,5562,0.0341,24
B039p90f40,b039,41.70_-123.00,41.7,-123.0,41.4667,-122.4847,5564,0.0308,24
B039p90f40,b039,41.70_-123.10,41.7,-123.1,41.4667,-122.4847,5562,0.0441,24
B039p90f40,b039,41.70_-123.20,41.7,-123.2,41.4667,-122.4847,5562,0.0659,24
B039p90f40,b039,41.80_-123.40,41.8,-123.4,41.4667,-122.4847,5562,0.0686,24
B039p90f40,b039,42.10_-123.30,42.1,-123.3,41.4667,-122.4847,5562,0.0628,24
B039p90f40,b039,42.20_-123.20,42.2,-123.2,41.4667,-122.4847,5502,0.0828,24
B039p90f40,b039,42.20_-123.30,42.2,-123.3,41.4667,-122.4847,5562,0.097,24
B039p90f40,b039,42.40_-123.40,42.4,-123.4,41.4667,-122.4847,5562,0.0459,24
B040p90f40,b040,41.00_-122.80,41.0,-122.8,41.8308,-122.4205,4116,0.1984,25
B040p90f40,b040,41.00_-122.90,41.0,-122.9,41.8308,-122.4205,5931,0.1583,25
B040p90f40,b040,41.00_-123.10,41.0,-123.1,41.8308,-122.4205,4306,0.2512,25
B040p90f40,b040,41.00_-123.20,41.0,-123.2,41.8308,-122.4205,5938,0.2406,25
B040p90f40,b040,41.10_-122.80,41.1,-122.8,41.8308,-122.4205,5937,0.1983,25
B040p90f40,b040,41.10_-123.00,41.1,-123.0,41.8308,-122.4205,5754,0.1926,25
B040p90f40,b040,41.10_-123.10,41.1,-123.1,41.8308,-122.4205,5645,0.1954,25
B040p90f40,b040,41.10_-123.20,41.1,-123.2,41.8308,-122.4205,5932,0.1633,25
B040p90f40,b040,41.20_-122.90,41.2,-122.9,41.8308,-122.4205,5938,0.1186,25
B040p90f40,b040,41.20_-123.00,41.2,-123.0,41.8308,-122.4205,5938,0.2813,25
B040p90f40,b040,41.20_-123.20,41.2,-123.2,41.8308,-122.4205,5926,0.1837,25
B040p90f40,b040,41.20_-123.30,41.2,-123.3,41.8308,-122.4205,4273,0.1722,25
B040p90f40,b040,41.30_-123.00,41.3,-123.0,41.8308,-122.4205,5921,0.1512,25
B040p90f40,b040,41.30_-123.10,41.3,-123.1,41.8308,-122.4205,5927,0.2076,25
B040p90f40,b040,41.40_-122.80,41.4,-122.8,41.8308,-122.4205,2190,0.3857,25
B040p90f40,b040,41.40_-123.00,41.4,-123.0,41.8308,-122.4205,5938,0.1789,25
B040p90f40,b040,41.40_-123.10,41.4,-123.1,41.8308,-122.4205,5937,0.1609,25
B040p90f40,b040,41.40_-123.20,41.4,-123.2,41.8308,-122.4205,5938,0.1288,25
B040p90f40,b040,41.40_-123.30,41.4,-123.3,41.8308,-122.4205,5929,0.1705,25
B040p90f40,b040,41.40_-123.40,41.4,-123.4,41.8308,-122.4205,5924,0.1843,25
B040p90f40,b040,41.50_-122.90,41.5,-122.9,41.8308,-122.4205,5932,0.1946,25
B040p90f40,b040,41.50_-123.00,41.5,-123.0,41.8308,-122.4205,5937,0.2011,25
B040p90f40,b040,41.50_-123.10,41.5,-123.1,41.8308,-122.4205,5939,0.1661,25
B040p90f40,b040,41.50_-123.20,41.5,-123.2,41.8308,-122.4205,5939,0.1959,25
B040p90f40,b040,41.50_-123.30,41.5,-123.3,41.8308,-122.4205,5926,0.1774,25
B040p90f40,b040,41.50_-123.40,41.5,-123.4,41.8308,-122.4205,5937,0.2296,25
B040p90f40,b040,41.60_-122.80,41.6,-122.8,41.8308,-122.4205,5836,0.2241,25
B040p90f40,b040,41.60_-123.00,41.6,-123.0,41.8308,-122.4205,5936,0.2139,25
B040p90f40,b040,41.60_-123.20,41.6,-123.2,41.8308,-122.4205,5937,0.153,25
B040p90f40,b040,41.60_-123.30,41.6,-123.3,41.8308,-122.4205,5935,0.1663,25
B040p90f40,b040,41.60_-123.40,41.6,-123.4,41.8308,-122.4205,5919,0.2015,25
B040p90f40,b040,41.70_-123.10,41.7,-123.1,41.8308,-122.4205,5925,0.1659,25
B040p90f40,b040,41.70_-123.20,41.7,-123.2,41.8308,-122.4205,5932,0.1494,25
B040p90f40,b040,41.70_-123.30,41.7,-123.3,41.8308,-122.4205,5923,0.1645,25
B040p90f40,b040,41.80_-123.20,41.8,-123.2,41.8308,-122.4205,5939,0.1985,25
B040p90f40,b040,41.80_-123.30,41.8,-123.3,41.8308,-122.4205,5917,0.183,25
B040p90f40,b040,41.80_-123.40,41.8,-123.4,41.8308,-122.4205,5938,0.222,25
B040p90f40,b040,41.80_-123.50,41.8,-123.5,41.8308,-122.4205,5931,0.1567,25
B040p90f40,b040,42.00_-123.20,42.0,-123.2,41.8308,-122.4205,5878,0.1601,25
B040p90f40,b040,42.00_-123.30,42.0,-123.3,41.8308,-122.4205,5794,0.1745,25
B040p90f40,b040,42.00_-123.40,42.0,-123.4,41.8308,-122.4205,5933,0.2001,25
B040p90f40,b040,42.10_-123.40,42.1,-123.4,41.8308,-122.4205,5574,0.1837,25
B040p90f40,b040,42.20_-123.20,42.2,-123.2,41.8308,-122.4205,4743,0.2511,25
B040p90f40,b040,42.20_-123.30,42.2,-123.3,41.8308,-122.4205,5932,0.18,25
B040p90f40,b040,42.50_-123.40,42.5,-123.4,41.8308,-122.4205,5708,0.1994,25
B045p90f40,b045,41.00_-122.90,41.0,-122.9,40.436,-123.9965,5690,0.0961,26
B045p90f40,b045,41.10_-123.20,41.1,-123.2,40.436,-123.9965,5681,0.1302,26
B045p90f40,b045,41.20_-123.10,41.2,-123.1,40.436,-123.9965,5661,0.0561,26
B045p90f40,b045,41.30_-123.10,41.3,-123.1,40.436,-123.9965,5703,0.0625,26
B201p90f40,b201,45.50_-123.30,45.5,-123.3,46.3033,-122.2648,4154,0.1461,27
B201p90f40,b201,45.60_-123.20,45.6,-123.2,46.3033,-122.2648,4265,0.1473,27
B201p90f40,b201,45.60_-123.30,45.6,-123.3,46.3033,-122.2648,4285,0.1917,27
B201p90f40,b201,45.60_-123.40,45.6,-123.4,46.3033,-122.2648,4178,0.0967,27
B201p90f40,b201,45.80_-123.10,45.8,-123.1,46.3033,-122.2648,3134,0.1903,27
B201p90f40,b201,45.80_-123.20,45.8,-123.2,46.3033,-122.2648,4188,0.1463,27
B201p90f40,b201,45.80_-123.30,45.8,-123.3,46.3033,-122.2648,4444,0.1264,27
B201p90f40,b201,45.80_-123.40,45.8,-123.4,46.3033,-122.2648,4028,0.111,27
B201p90f40,b201,45.90_-123.10,45.9,-123.1,46.3033,-122.2648,3828,0.1438,27
B201p90f40,b201,45.90_-123.20,45.9,-123.2,46.3033,-122.2648,4229,0.1115,27
B201p90f40,b201,45.90_-123.30,45.9,-123.3,46.3033,-122.2648,4017,0.186,27
B201p90f40,b201,46.00_-123.20,46.0,-123.2,46.3033,-122.2648,3855,0.1391,27
B201p90f40,b201,46.10_-123.20,46.1,-123.2,46.3033,-122.2648,4092,0.1435,27
B201p90f40,b201,46.30_-123.30,46.3,-123.3,46.3033,-122.2648,4211,0.0475,27
B201p90f40,b201,46.40_-123.00,46.4,-123.0,46.3033,-122.2648,4071,0.1593,27
B201p90f40,b201,46.40_-123.20,46.4,-123.2,46.3033,-122.2648,4605,0.1043,27
B201p90f40,b201,46.70_-123.00,46.7,-123.0,46.3033,-122.2648,4165,0.1379,27
B201p90f40,b201,46.80_-122.80,46.8,-122.8,46.3033,-122.2648,3409,0.2922,27
B201p90f40,b201,46.90_-122.80,46.9,-122.8,46.3033,-122.2648,3873,0.1348,27
B201p90f40,b201,46.90_-122.90,46.9,-122.9,46.3033,-122.2648,4280,0.0587,27
B201p90f40,b201,46.90_-123.00,46.9,-123.0,46.3033,-122.2648,3315,0.1776,27
B201p90f40,b201,47.00_-123.00,47.0,-123.0,46.3033,-122.2648,2037,0.2033,27
B201p90f40,b201,47.10_-123.00,47.1,-123.0,46.3033,-122.2648,3548,0.114,27
B201p90f40,b201,47.10_-123.20,47.1,-123.2,46.3033,-122.2648,2852,0.0949,27
B926p90f40,b926,48.20_-123.70,48.2,-123.7,48.82,-124.131,4612,0.2429,28
B926p90f40,b926,48.30_-123.80,48.3,-123.8,48.82,-124.131,5169,0.1955,28
B926p90f40,b926,48.40_-123.80,48.4,-123.8,48.82,-124.131,5308,0.1254,28
B926p90f40,b926,48.50_-123.90,48.5,-123.9,48.82,-124.131,5235,0.1144,28
B926p90f40,b926,48.60_-124.00,48.6,-124.0,48.82,-124.131,5268,0.137,28
B926p90f40,b926,48.60_-124.20,48.6,-124.2,48.82,-124.131,5170,0.1516,28
B926p90f40,b926,48.60_-124.30,48.6,-124.3,48.82,-124.131,5430,0.1572,28
B926p90f40,b926,48.70_-124.10,48.7,-124.1,48.82,-124.131,4878,0.1867,28
B926p90f40,b926,48.70_-124.20,48.7,-124.2,48.82,-124.131,5046,0.1514,28
B926p90f40,b926,48.70_-124.60,48.7,-124.6,48.82,-124.131,5298,0.1618,28
B926p90f40,b926,48.80_-124.30,48.8,-124.3,48.82,-124.131,5135,0.1632,28
B926p90f40,b926,48.80_-124.40,48.8,-124.4,48.82,-124.131,5380,0.1129,28
B926p90f40,b926,48.80_-124.60,48.8,-124.6,48.82,-124.131,5071,0.2994,28
B926p90f40,b926,48.80_-124.70,48.8,-124.7,48.82,-124.131,4888,0.0898,28
B926p90f40,b926,48.80_-124.80,48.8,-124.8,48.82,-124.131,5053,0.1536,28
B926p90f40,b926,48.90_-124.20,48.9,-124.2,48.82,-124.131,4447,0.1763,28
B926p90f40,b926,48.90_-124.30,48.9,-124.3,48.82,-124.131,4687,0.1529,28
B926p90f40,b926,48.90_-124.40,48.9,-124.4,48.82,-124.131,5437,0.1227,28
B926p90f40,b926,48.90_-124.60,48.9,-124.6,48.82,-124.131,5451,0.1057,28
B926p90f40,b926,48.90_-124.70,48.9,-124.7,48.82,-124.131,4865,0.1447,28
B926p90f40,b926,48.90_-124.80,48.9,-124.8,48.82,-124.131,5307,0.1794,28
B926p90f40,b926,49.00_-124.30,49.0,-124.3,48.82,-124.131,5217,0.1613,28
B926p90f40,b926,49.00_-124.50,49.0,-124.5,48.82,-124.131,5420,0.137,28
B926p90f40,b926,49.00_-124.60,49.0,-124.6,48.82,-124.131,5338,0.1106,28
B926p90f40,b926,49.00_-124.70,49.0,-124.7,48.82,-124.131,5441,0.1172,28
B926p90f40,b926,49.00_-124.80,49.0,-124.8,48.82,-124.131,5464,0.1136,28
B926p90f40,b926,49.00_-124.90,49.0,-124.9,48.82,-124.131,4871,0.2518,28
B926p90f40,b926,49.10_-124.60,49.1,-124.6,48.82,-124.131,5376,0.1025,28
B926p90f40,b926,49.10_-124.70,49.1,-124.7,48.82,-124.131,5230,0.1099,28
B926p90f40,b926,49.20_-125.00,49.2,-125.0,48.82,-124.131,4309,0.1641,28
B926p90f40,b926,49.30_-125.00,49.3,-125.0,48.82,-124.131,5173,0.1178,28
B927p90f40,b927,48.90_-124.30,48.9,-124.3,49.2188,-124.8113,4638,0.1334,29
B927p90f40,b927,48.90_-124.40,48.9,-124.4,49.2188,-124.8113,3941,0.146,29
B927p90f40,b927,48.90_-124.80,48.9,-124.8,49.2188,-124.8113,4844,0.1894,29
B927p90f40,b927,49.00_-124.40,49.0,-124.4,49.2188,-124.8113,5836,0.1482,29
B927p90f40,b927,49.00_-124.50,49.0,-124.5,49.2188,-124.8113,5918,0.1337,29
B927p90f40,b927,49.00_-124.60,49.0,-124.6,49.2188,-124.8113,5886,0.1574,29
B927p90f40,b927,49.00_-124.70,49.0,-124.7,49.2188,-124.8113,5712,0.2683,29
B927p90f40,b927,49.00_-124.80,49.0,-124.8,49.2188,-124.8113,4634,0.1819,29
B927p90f40,b927,49.10_-124.60,49.1,-124.6,49.2188,-124.8113,5954,0.1309,29
B927p90f40,b927,49.10_-124.80,49.1,-124.8,49.2188,-124.8113,4834,0.1302,29
B927p90f40,b927,49.10_-125.00,49.1,-125.0,49.2188,-124.8113,4671,0.1607,29
B927p90f40,b927,49.20_-124.90,49.2,-124.9,49.2188,-124.8113,5579,0.1568,29
B927p90f40,b927,49.20_-125.00,49.2,-125.0,49.2188,-124.8113,5906,0.1846,29
B927p90f40,b927,49.20_-125.20,49.2,-125.2,49.2188,-124.8113,5834,0.1223,29
B927p90f40,b927,49.30_-125.00,49.3,-125.0,49.2188,-124.8113,5935,0.1571,29
B927p90f40,b927,49.30_-125.10,49.3,-125.1,49.2188,-124.8113,5857,0.1483,29
B927p90f40,b927,49.40_-125.20,49.4,-125.2,49.2188,-124.8113,4250,0.2426,29
B928p90f40,b928,48.50_-123.80,48.5,-123.8,48.8337,-125.1345,5818,0.2475,30
B928p90f40,b928,48.70_-124.10,48.7,-124.1,48.8337,-125.1345,5822,0.1287,30
B928p90f40,b928,48.80_-124.20,48.8,-124.2,48.8337,-125.1345,5822,0.1293,30
B928p90f40,b928,48.80_-124.40,48.8,-124.4,48.8337,-125.1345,5820,0.1251,30
B928p90f40,b928,48.80_-124.60,48.8,-124.6,48.8337,-125.1345,5822,0.1046,30
B928p90f40,b928,48.80_-124.70,48.8,-124.7,48.8337,-125.1345,5821,0.1577,30
B928p90f40,b928,48.90_-124.40,48.9,-124.4,48.8337,-125.1345,5820,0.1706,30
B928p90f40,b928,48.90_-124.60,48.9,-124.6,48.8337,-125.1345,5822,0.1113,30
B928p90f40,b928,48.90_-124.70,48.9,-124.7,48.8337,-125.1345,5821,0.1101,30
B928p90f40,b928,48.90_-124.80,48.9,-124.8,48.8337,-125.1345,5822,0.0998,30
B928p90f40,b928,49.00_-124.40,49.0,-124.4,48.8337,-125.1345,5820,0.1284,30
B928p90f40,b928,49.00_-124.50,49.0,-124.5,48.8337,-125.1345,5775,0.1455,30
B928p90f40,b928,49.00_-124.60,49.0,-124.6,48.8337,-125.1345,5823,0.1114,30
B928p90f40,b928,49.00_-124.70,49.0,-124.7,48.8337,-125.1345,5823,0.1129,30
B928p90f40,b928,49.00_-124.80,49.0,-124.8,48.8337,-125.1345,5823,0.1194,30
B928p90f40,b928,49.10_-124.60,49.1,-124.6,48.8337,-125.1345,5811,0.1399,30
B928p90f40,b928,49.10_-124.70,49.1,-124.7,48.8337,-125.1345,5823,0.1313,30
B928p90f40,b928,49.10_-124.80,49.1,-124.8,48.8337,-125.1345,5822,0.1564,30
B928p90f40,b928,49.10_-125.00,49.1,-125.0,48.8337,-125.1345,5823,0.1394,30
B928p90f40,b928,49.20_-124.80,49.2,-124.8,48.8337,-125.1345,5822,0.1421,30
B928p90f40,b928,49.20_-124.90,49.2,-124.9,48.8337,-125.1345,5823,0.1112,30
B928p90f40,b928,49.20_-125.00,49.2,-125.0,48.8337,-125.1345,5823,0.1171,30
B935p90f40,b935,40.30_-122.60,40.3,-122.6,40.4787,-123.5732,5739,0.209,31
B935p90f40,b935,40.30_-122.70,40.3,-122.7,40.4787,-123.5732,5857,0.1749,31
B935p90f40,b935,40.30_-122.80,40.3,-122.8,40.4787,-123.5732,5813,0.2225,31
B935p90f40,b935,40.40_-122.50,40.4,-122.5,40.4787,-123.5732,5878,0.2611,31
B935p90f40,b935,40.40_-122.60,40.4,-122.6,40.4787,-123.5732,5694,0.2373,31
B935p90f40,b935,40.40_-122.70,40.4,-122.7,40.4787,-123.5732,5914,0.1719,31
B935p90f40,b935,40.40_-122.80,40.4,-122.8,40.4787,-123.5732,5902,0.1755,31
B935p90f40,b935,40.40_-122.90,40.4,-122.9,40.4787,-123.5732,1054,0.3306,31
B935p90f40,b935,40.40_-123.00,40.4,-123.0,40.4787,-123.5732,5889,0.2016,31
B935p90f40,b935,40.50_-122.80,40.5,-122.8,40.4787,-123.5732,5872,0.1984,31
B935p90f40,b935,40.50_-122.90,40.5,-122.9,40.4787,-123.5732,1514,0.1339,31
B935p90f40,b935,40.50_-123.00,40.5,-123.0,40.4787,-123.5732,5783,0.221,31
B935p90f40,b935,40.60_-122.60,40.6,-122.6,40.4787,-123.5732,5868,0.1669,31
B935p90f40,b935,40.60_-122.80,40.6,-122.8,40.4787,-123.5732,5907,0.1654,31
B935p90f40,b935,40.60_-122.90,40.6,-122.9,40.4787,-123.5732,5767,0.2639,31
B935p90f40,b935,40.60_-123.00,40.6,-123.0,40.4787,-123.5732,5721,0.2212,31
B935p90f40,b935,40.60_-123.20,40.6,-123.2,40.4787,-123.5732,5684,0.2408,31
B935p90f40,b935,40.70_-122.70,40.7,-122.7,40.4787,-123.5732,4752,0.2298,31
B935p90f40,b935,40.70_-122.80,40.7,-122.8,40.4787,-123.5732,5924,0.1938,31
B935p90f40,b935,40.70_-122.90,40.7,-122.9,40.4787,-123.5732,5922,0.2032,31
B935p90f40,b935,40.70_-123.00,40.7,-123.0,40.4787,-123.5732,5924,0.1447,31
B935p90f40,b935,40.70_-123.10,40.7,-123.1,40.4787,-123.5732,5906,0.1758,31
B935p90f40,b935,40.80_-122.80,40.8,-122.8,40.4787,-123.5732,5844,0.2081,31
B935p90f40,b935,40.80_-122.90,40.8,-122.9,40.4787,-123.5732,5918,0.1618,31
B935p90f40,b935,40.80_-123.00,40.8,-123.0,40.4787,-123.5732,5920,0.1521,31
B935p90f40,b935,40.80_-123.10,40.8,-123.1,40.4787,-123.5732,5922,0.204,31
B935p90f40,b935,40.90_-122.80,40.9,-122.8,40.4787,-123.5732,5864,0.2033,31
B935p90f40,b935,40.90_-123.00,40.9,-123.0,40.4787,-123.5732,5923,0.2067,31
B935p90f40,b935,40.90_-123.10,40.9,-123.1,40.4787,-123.5732,5846,0.1345,31
B935p90f40,b935,40.90_-123.20,40.9,-123.2,40.4787,-123.5732,5643,0.1405,31
B935p90f40,b935,41.00_-122.60,41.0,-122.6,40.4787,-123.5732,5829,0.2571,31
B935p90f40,b935,41.00_-122.80,41.0,-122.8,40.4787,-123.5732,5529,0.1788,31
B935p90f40,b935,41.00_-122.90,41.0,-122.9,40.4787,-123.5732,5834,0.2013,31
B935p90f40,b935,41.00_-123.00,41.0,-123.0,40.4787,-123.5732,5923,0.1799,31
B935p90f40,b935,41.00_-123.10,41.0,-123.1,40.4787,-123.5732,5922,0.1995,31
B935p90f40,b935,41.00_-123.20,41.0,-123.2,40.4787,-123.5732,5883,0.227,31
B935p90f40,b935,41.10_-122.90,41.1,-122.9,40.4787,-123.5732,5912,0.264,31
B935p90f40,b935,41.10_-123.00,41.1,-123.0,40.4787,-123.5732,5850,0.1907,31
B935p90f40,b935,41.10_-123.10,41.1,-123.1,40.4787,-123.5732,5924,0.216,31
B935p90f40,b935,41.20_-122.80,41.2,-122.8,40.4787,-123.5732,5901,0.1905,31
B935p90f40,b935,41.20_-123.00,41.2,-123.0,40.4787,-123.5732,5906,0.1436,31
B935p90f40,b935,41.20_-123.40,41.2,-123.4,40.4787,-123.5732,5844,0.2394,31
B941p90f40,b941,46.20_-123.20,46.2,-123.2,46.9868,-122.219,5961,0.1273,32
B941p90f40,b941,46.40_-123.20,46.4,-123.2,46.9868,-122.219,6015,0.1028,32
B941p90f40,b941,46.80_-122.80,46.8,-122.8,46.9868,-122.219,6015,0.1094,32
B941p90f40,b941,46.80_-122.90,46.8,-122.9,46.9868,-122.219,6013,0.0838,32
B941p90f40,b941,46.80_-123.00,46.8,-123.0,46.9868,-122.219,6015,0.0624,32
B941p90f40,b941,46.90_-122.80,46.9,-122.8,46.9868,-122.219,6015,0.0825,32
B941p90f40,b941,46.90_-122.90,46.9,-122.9,46.9868,-122.219,6009,0.0725,32
B941p90f40,b941,46.90_-123.00,46.9,-123.0,46.9868,-122.219,5997,0.1221,32
B941p90f40,b941,47.10_-122.80,47.1,-122.8,46.9868,-122.219,6014,0.0836,32
B941p90f40,b941,47.10_-123.10,47.1,-123.1,46.9868,-122.219,6015,0.1294,32
B941p90f40,b941,47.30_-123.10,47.3,-123.1,46.9868,-122.219,6013,0.1074,32
B941p90f40,b941,47.40_-122.80,47.4,-122.8,46.9868,-122.219,6015,0.0675,32
B941p90f40,b941,47.40_-123.00,47.4,-123.0,46.9868,-122.219,6014,0.1083,32
B941p90f40,b941,47.50_-122.80,47.5,-122.8,46.9868,-122.219,6015,0.1027,32
B941p90f40,b941,47.50_-122.90,47.5,-122.9,46.9868,-122.219,6015,0.183,32
B941p90f40,b941,47.60_-122.80,47.6,-122.8,46.9868,-122.219,6015,0.1122,32
B941p90f40,b941,47.60_-123.00,47.6,-123.0,46.9868,-122.219,6015,0.1192,32
B941p90f40,b941,47.80_-123.20,47.8,-123.2,46.9868,-122.219,6015,0.1819,32
B943p90f40,b943,47.00_-123.00,47.0,-123.0,47.813,-122.911,5974,0.1005,12
B943p90f40,b943,47.10_-122.80,47.1,-122.8,47.813,-122.911,5992,0.1192,12
B943p90f40,b943,47.20_-123.00,47.2,-123.0,47.813,-122.911,5925,0.1223,12
B943p90f40,b943,47.30_-122.80,47.3,-122.8,47.813,-122.911,2124,0.3807,12
B943p90f40,b943,47.30_-122.90,47.3,-122.9,47.813,-122.911,5614,0.1311,12
B943p90f40,b943,47.30_-123.00,47.3,-123.0,47.813,-122.911,5869,0.161,12
B943p90f40,b943,47.30_-123.10,47.3,-123.1,47.813,-122.911,5996,0.1066,12
B943p90f40,b943,47.40_-122.80,47.4,-122.8,47.813,-122.911,5892,0.1042,12
B943p90f40,b943,47.40_-123.00,47.4,-123.0,47.813,-122.911,5996,0.0941,12
B943p90f40,b943,47.40_-123.10,47.4,-123.1,47.813,-122.911,5840,0.1573,12
B943p90f40,b943,47.40_-123.20,47.4,-123.2,47.813,-122.911,2729,0.1819,12
B943p90f40,b943,47.40_-123.30,47.4,-123.3,47.813,-122.911,5770,0.1099,12
B943p90f40,b943,47.50_-122.90,47.5,-122.9,47.813,-122.911,5946,0.1219,12
B943p90f40,b943,47.60_-122.90,47.6,-122.9,47.813,-122.911,5482,0.1384,12
B943p90f40,b943,47.60_-123.00,47.6,-123.0,47.813,-122.911,5977,0.1355,12
B943p90f40,b943,47.60_-123.10,47.6,-123.1,47.813,-122.911,5922,0.1573,12
B943p90f40,b943,47.60_-123.20,47.6,-123.2,47.813,-122.911,5977,0.1095,12
B943p90f40,b943,47.60_-123.30,47.6,-123.3,47.813,-122.911,5907,0.1416,12
B943p90f40,b943,47.60_-123.40,47.6,-123.4,47.813,-122.911,5677,0.1356,12
B943p90f40,b943,47.70_-122.80,47.7,-122.8,47.813,-122.911,5976,0.0984,12
B943p90f40,b943,47.70_-122.90,47.7,-122.9,47.813,-122.911,5903,0.151,12
B943p90f40,b943,47.70_-123.20,47.7,-123.2,47.813,-122.911,5015,0.1986,12
B943p90f40,b943,47.80_-122.90,47.8,-122.9,47.813,-122.911,5899,0.1551,12
B943p90f40,b943,47.80_-123.00,47.8,-123.0,47.813,-122.911,5993,0.1007,12
B943p90f40,b943,47.80_-123.10,47.8,-123.1,47.813,-122.911,5967,0.1353,12
B943p90f40,b943,47.80_-123.20,47.8,-123.2,47.813,-122.911,5977,0.1148,12
B943p90f40,b943,47.80_-123.30,47.8,-123.3,47.813,-122.911,5989,0.1203,12
B943p90f40,b943,47.80_-123.40,47.8,-123.4,47.813,-122.911,5306,0.1223,12
B943p90f40,b943,47.90_-123.00,47.9,-123.0,47.813,-122.911,2873,0.2556,12
B943p90f40,b943,47.90_-123.10,47.9,-123.1,47.813,-122.911,5968,0.1875,12
B943p90f40,b943,47.90_-123.20,47.9,-123.2,47.813,-122.911,5931,0.124,12
B943p90f40,b943,47.90_-123.30,47.9,-123.3,47.813,-122.911,5980,0.0847,12
B943p90f40,b943,47.90_-123.60,47.9,-123.6,47.813,-122.911,5313,0.1433,12
B943p90f40,b943,48.00_-122.80,48.0,-122.8,47.813,-122.911,4427,0.1644,12
B943p90f40,b943,48.00_-123.00,48.0,-123.0,47.813,-122.911,5973,0.1008,12
B943p90f40,b943,48.00_-123.10,48.0,-123.1,47.813,-122.911,5748,0.1282,12
B943p90f40,b943,48.00_-123.20,48.0,-123.2,47.813,-122.911,5996,0.1397,12
B943p90f40,b943,48.00_-123.30,48.0,-123.3,47.813,-122.911,5992,0.0981,12
B943p90f40,b943,48.00_-123.50,48.0,-123.5,47.813,-122.911,5899,0.1685,12
B943p90f40,b943,48.10_-123.00,48.1,-123.0,47.813,-122.911,4805,0.3227,12
B943p90f40,b943,48.10_-123.10,48.1,-123.1,47.813,-122.911,5989,0.1244,12
B943p90f40,b943,48.10_-123.20,48.1,-123.2,47.813,-122.911,5952,0.152,12
B943p90f40,b943,48.10_-123.40,48.1,-123.4,47.813,-122.911,5964,0.1158,12
B943p90f40,b943,48.10_-123.50,48.1,-123.5,47.813,-122.911,5838,0.149,12
B943p90f40,b943,48.10_-123.70,48.1,-123.7,47.813,-122.911,5923,0.1253,12
B943p90f40,b943,48.20_-123.00,48.2,-123.0,47.813,-122.911,5922,0.1937,12
B943p90f40,b943,48.20_-123.10,48.2,-123.1,47.813,-122.911,5980,0.1329,12
B943p90f40,b943,48.20_-123.20,48.2,-123.2,47.813,-122.911,5956,0.1543,12
B943p90f40,b943,48.20_-123.40,48.2,-123.4,47.813,-122.911,5974,0.1292,12
B943p90f40,b943,48.20_-123.60,48.2,-123.6,47.813,-122.911,5992,0.1238,12
B943p90f40,b943,48.30_-122.80,48.3,-122.8,47.813,-122.911,5989,0.1015,12
B943p90f40,b943,48.30_-123.10,48.3,-123.1,47.813,-122.911,5972,0.1496,12
B943p90f40,b943,48.30_-123.30,48.3,-123.3,47.813,-122.911,5955,0.1452,12
B943p90f40,b943,48.30_-123.60,48.3,-123.6,47.813,-122.911,5535,0.1083,12
B943p90f40,b943,48.40_-122.80,48.4,-122.8,47.813,-122.911,5099,0.2724,12
B943p90f40,b943,48.40_-123.00,48.4,-123.0,47.813,-122.911,5594,0.1532,12
B943p90f40,b943,48.40_-123.30,48.4,-123.3,47.813,-122.911,5986,0.0773,12
B943p90f40,b943,48.40_-123.40,48.4,-123.4,47.813,-122.911,2363,0.2945,12
B943p90f40,b943,48.40_-123.60,48.4,-123.6,47.813,-122.911,5989,0.1135,12
B943p90f40,b943,48.40_-123.70,48.4,-123.7,47.813,-122.911,22,0.4964,12
B943p90f40,b943,48.40_-123.80,48.4,-123.8,47.813,-122.911,5982,0.1012,12
B943p90f40,b943,48.50_-123.50,48.5,-123.5,47.813,-122.911,5990,0.1177,12
B943p90f40,b943,48.50_-123.80,48.5,-123.8,47.813,-122.911,5991,0.1051,12
B943p90f40,b943,48.50_-124.00,48.5,-124.0,47.813,-122.911,5984,0.1445,12
B943p90f40,b943,48.60_-123.70,48.6,-123.7,47.813,-122.911,3709,0.1922,12
B943p90f40,b943,48.60_-124.00,48.6,-124.0,47.813,-122.911,3037,0.3084,12
B943p90f40,b943,48.60_-124.10,48.6,-124.1,47.813,-122.911,187,0.3267,12
BABR,babr,44.00_-123.20,44.0,-123.2,44.621,-123.789,581,0.4517,34
BABR,babr,44.10_-123.40,44.1,-123.4,44.621,-123.789,616,0.2598,34
BABR,babr,44.20_-123.30,44.2,-123.3,44.621,-123.789,383,0.3641,34
BABR,babr,44.40_-123.50,44.4,-123.5,44.621,-123.789,611,0.3598,34
BABR,babr,44.40_-123.60,44.4,-123.6,44.621,-123.789,580,0.3289,34
BABR,babr,44.50_-123.60,44.5,-123.6,44.621,-123.789,609,0.2595,34
BABR,babr,44.60_-123.50,44.6,-123.5,44.621,-123.789,594,0.3648,34
BABR,babr,44.60_-123.60,44.6,-123.6,44.621,-123.789,604,0.3188,34
BABR,babr,44.60_-123.70,44.6,-123.7,44.621,-123.789,557,0.3233,34
BABR,babr,44.70_-123.30,44.7,-123.3,44.621,-123.789,593,0.299,34
BABR,babr,44.70_-123.40,44.7,-123.4,44.621,-123.789,614,0.393,34
BABR,babr,44.70_-123.50,44.7,-123.5,44.621,-123.789,601,0.5191,34
BABR,babr,44.70_-123.60,44.7,-123.6,44.621,-123.789,585,0.3295,34
BABR,babr,44.80_-123.30,44.8,-123.3,44.621,-123.789,611,0.2763,34
BABR,babr,44.80_-123.40,44.8,-123.4,44.621,-123.789,608,0.4191,34
BABR,babr,44.80_-123.50,44.8,-123.5,44.621,-123.789,500,0.3497,34
BABR,babr,44.80_-123.60,44.8,-123.6,44.621,-123.789,606,0.348,34
BABR,babr,44.90_-123.20,44.9,-123.2,44.621,-123.789,616,0.3029,34
BABR,babr,44.90_-123.30,44.9,-123.3,44.621,-123.789,605,0.2705,34
BABR,babr,44.90_-123.40,44.9,-123.4,44.621,-123.789,525,0.3107,34
BABR,babr,44.90_-123.50,44.9,-123.5,44.621,-123.789,609,0.2877,34
BABR,babr,44.90_-123.60,44.9,-123.6,44.621,-123.789,587,0.2418,34
BABR,babr,44.90_-123.70,44.9,-123.7,44.621,-123.789,563,0.26,34
BABR,babr,45.00_-123.20,45.0,-123.2,44.621,-123.789,596,0.2061,34
BABR,babr,45.00_-123.40,45.0,-123.4,44.621,-123.789,617,0.324,34
BABR,babr,45.00_-123.50,45.0,-123.5,44.621,-123.789,570,0.3053,34
BABR,babr,45.00_-123.60,45.0,-123.6,44.621,-123.789,608,0.336,34
BABR,babr,45.00_-123.70,45.0,-123.7,44.621,-123.789,507,0.4617,34
BABR,babr,45.10_-123.20,45.1,-123.2,44.621,-123.789,525,0.2754,34
BABR,babr,45.10_-123.30,45.1,-123.3,44.621,-123.789,566,0.3709,34
BABR,babr,45.10_-123.40,45.1,-123.4,44.621,-123.789,616,0.351,34
BABR,babr,45.10_-123.60,45.1,-123.6,44.621,-123.789,617,0.2597,34
BABR,babr,45.20_-123.20,45.2,-123.2,44.621,-123.789,588,0.267,34
BABR,babr,45.20_-123.30,45.2,-123.3,44.621,-123.789,604,0.2611,34
BABR,babr,45.20_-123.40,45.2,-123.4,44.621,-123.789,505,0.1502,34
BABR,babr,45.20_-123.50,45.2,-123.5,44.621,-123.789,592,0.3013,34
BABR,babr,45.40_-123.10,45.4,-123.1,44.621,-123.789,504,0.3373,34
BABR,babr,45.40_-123.40,45.4,-123.4,44.621,-123.789,598,0.4071,34
BABR,babr,45.40_-123.60,45.4,-123.6,44.621,-123.789,575,0.2631,34
BBO,bbo,42.00_-123.20,42.0,-123.2,42.888,-122.68,2139,0.25,35
BBO,bbo,42.10_-123.30,42.1,-123.3,42.888,-122.68,1099,0.1974,35
BBO,bbo,42.10_-123.40,42.1,-123.4,42.888,-122.68,2491,0.2075,35
BBO,bbo,42.10_-123.60,42.1,-123.6,42.888,-122.68,1975,0.3865,35
BBO,bbo,42.20_-123.20,42.2,-123.2,42.888,-122.68,1794,0.2314,35
BBO,bbo,42.20_-123.30,42.2,-123.3,42.888,-122.68,2258,0.2262,35
BBO,bbo,42.20_-123.40,42.2,-123.4,42.888,-122.68,2312,0.2518,35
BBO,bbo,42.30_-123.20,42.3,-123.2,42.888,-122.68,2066,0.2569,35
BBO,bbo,42.30_-123.30,42.3,-123.3,42.888,-122.68,1779,0.2795,35
BBO,bbo,42.30_-123.40,42.3,-123.4,42.888,-122.68,1223,0.3708,35
BBO,bbo,42.40_-123.20,42.4,-123.2,42.888,-122.68,1226,0.2844,35
BBO,bbo,42.40_-123.30,42.4,-123.3,42.888,-122.68,2243,0.2614,35
BBO,bbo,42.40_-123.40,42.4,-123.4,42.888,-122.68,2430,0.203,35
BBO,bbo,42.40_-123.50,42.4,-123.5,42.888,-122.68,2385,0.2884,35
BBO,bbo,42.40_-123.60,42.4,-123.6,42.888,-122.68,2221,0.2705,35
BBO,bbo,42.40_-123.80,42.4,-123.8,42.888,-122.68,1907,0.2176,35
BBO,bbo,42.50_-123.30,42.5,-123.3,42.888,-122.68,2293,0.25,35
BBO,bbo,42.50_-123.40,42.5,-123.4,42.888,-122.68,2425,0.2137,35
BBO,bbo,42.50_-123.50,42.5,-123.5,42.888,-122.68,2383,0.3043,35
BBO,bbo,42.50_-123.60,42.5,-123.6,42.888,-122.68,2450,0.2253,35
BBO,bbo,42.50_-123.70,42.5,-123.7,42.888,-122.68,979,0.5341,35
BBO,bbo,42.50_-123.80,42.5,-123.8,42.888,-122.68,1913,0.2917,35
BBO,bbo,42.60_-123.20,42.6,-123.2,42.888,-122.68,2098,0.1979,35
BBO,bbo,42.60_-123.30,42.6,-123.3,42.888,-122.68,2336,0.262,35
BBO,bbo,42.60_-123.40,42.6,-123.4,42.888,-122.68,2363,0.2101,35
BBO,bbo,42.60_-123.50,42.6,-123.5,42.888,-122.68,2204,0.2012,35
BBO,bbo,42.60_-123.60,42.6,-123.6,42.888,-122.68,2126,0.2786,35
BBO,bbo,42.70_-123.40,42.7,-123.4,42.888,-122.68,2326,0.2662,35
BBO,bbo,42.70_-123.60,42.7,-123.6,42.888,-122.68,2136,0.262,35
BBO,bbo,42.80_-123.20,42.8,-123.2,42.888,-122.68,1330,0.2105,35
BBO,bbo,42.80_-123.30,42.8,-123.3,42.888,-122.68,2385,0.2269,35
BBO,bbo,42.80_-123.40,42.8,-123.4,42.888,-122.68,2408,0.2699,35
BBO,bbo,42.80_-123.50,42.8,-123.5,42.888,-122.68,2103,0.2172,35
BBO,bbo,42.80_-123.60,42.8,-123.6,42.888,-122.68,2319,0.2496,35
BBO,bbo,42.90_-123.20,42.9,-123.2,42.888,-122.68,1670,0.3098,35
BBO,bbo,42.90_-123.40,42.9,-123.4,42.888,-122.68,2343,0.3249,35
BBO,bbo,42.90_-123.60,42.9,-123.6,42.888,-122.68,2487,0.4014,35
BBO,bbo,43.00_-123.20,43.0,-123.2,42.888,-122.68,2424,0.2697,35
BBO,bbo,43.00_-123.30,43.0,-123.3,42.888,-122.68,2299,0.4127,35
BBO,bbo,43.00_-123.40,43.0,-123.4,42.888,-122.68,1794,0.2219,35
BBO,bbo,43.00_-123.50,43.0,-123.5,42.888,-122.68,2237,0.2404,35
BBO,bbo,43.00_-123.60,43.0,-123.6,42.888,-122.68,2115,0.4669,35
BBO,bbo,43.00_-123.70,43.0,-123.7,42.888,-122.68,2120,0.2669,35
BBO,bbo,43.00_-123.80,43.0,-123.8,42.888,-122.68,2313,0.3629,35
BBO,bbo,43.10_-123.40,43.1,-123.4,42.888,-122.68,2334,0.2789,35
BBO,bbo,43.10_-123.60,43.1,-123.6,42.888,-122.68,1988,0.2874,35
BBO,bbo,43.20_-123.50,43.2,-123.5,42.888,-122.68,2298,0.275,35
BBO,bbo,43.20_-123.60,43.2,-123.6,42.888,-122.68,2400,0.2794,35
BBO,bbo,43.20_-123.70,43.2,-123.7,42.888,-122.68,1636,0.2516,35
BBO,bbo,43.20_-123.80,43.2,-123.8,42.888,-122.68,2366,0.2058,35
BBO,bbo,43.30_-123.70,43.3,-123.7,42.888,-122.68,1804,0.2736,35
BBO,bbo,43.40_-123.60,43.4,-123.6,42.888,-122.68,2272,0.2246,35
BBO,bbo,43.40_-123.90,43.4,-123.9,42.888,-122.68,930,0.373,35
BCCR,bccr,40.00_-122.30,40.0,-122.3,39.819,-121.734,2081,0.1443,36
BCCR,bccr,40.10_-122.30,40.1,-122.3,39.819,-121.734,1992,0.1555,36
BCCR,bccr,40.10_-122.40,40.1,-122.4,39.819,-121.734,2068,0.1253,36
BCCR,bccr,40.10_-122.80,40.1,-122.8,39.819,-121.734,2051,0.1203,36
BCCR,bccr,40.10_-122.90,40.1,-122.9,39.819,-121.734,2051,0.1203,36
BCCR,bccr,40.20_-122.30,40.2,-122.3,39.819,-121.734,2043,0.0672,36
BCCR,bccr,40.20_-122.40,40.2,-122.4,39.819,-121.734,2078,0.0833,36
BCCR,bccr,40.20_-122.60,40.2,-122.6,39.819,-121.734,2075,0.0716,36
BCCR,bccr,40.20_-122.80,40.2,-122.8,39.819,-121.734,2025,0.0766,36
BCCR,bccr,40.30_-122.50,40.3,-122.5,39.819,-121.734,2028,0.1225,36
BCCR,bccr,40.30_-122.60,40.3,-122.6,39.819,-121.734,2080,0.0994,36
BCCR,bccr,40.30_-122.70,40.3,-122.7,39.819,-121.734,2075,0.1147,36
BCCR,bccr,40.30_-122.80,40.3,-122.8,39.819,-121.734,2071,0.1652,36
BCCR,bccr,40.30_-122.90,40.3,-122.9,39.819,-121.734,2080,0.0966,36
BCCR,bccr,40.30_-123.00,40.3,-123.0,39.819,-121.734,2075,0.0654,36
BCCR,bccr,40.40_-122.40,40.4,-122.4,39.819,-121.734,2077,0.0907,36
BCCR,bccr,40.40_-122.50,40.4,-122.5,39.819,-121.734,2081,0.0587,36
BCCR,bccr,40.40_-122.60,40.4,-122.6,39.819,-121.734,2081,0.0615,36
BCCR,bccr,40.40_-122.80,40.4,-122.8,39.819,-121.734,2083,0.056,36
BCCR,bccr,40.40_-122.90,40.4,-122.9,39.819,-121.734,1108,0.2382,36
BCCR,bccr,40.50_-122.40,40.5,-122.4,39.819,-121.734,2018,0.0748,36
BCCR,bccr,40.50_-122.50,40.5,-122.5,39.819,-121.734,2079,0.1225,36
BCCR,bccr,40.50_-122.60,40.5,-122.6,39.819,-121.734,2082,0.0649,36
BCCR,bccr,40.50_-122.70,40.5,-122.7,39.819,-121.734,2053,0.0982,36
BCCR,bccr,40.50_-122.80,40.5,-122.8,39.819,-121.734,2081,0.0691,36
BCCR,bccr,40.50_-122.90,40.5,-122.9,39.819,-121.734,2084,0.0879,36
BCCR,bccr,40.50_-123.00,40.5,-123.0,39.819,-121.734,2078,0.1034,36
BCCR,bccr,40.60_-122.50,40.6,-122.5,39.819,-121.734,2063,0.0952,36
BCCR,bccr,40.60_-122.60,40.6,-122.6,39.819,-121.734,2085,0.0533,36
BCCR,bccr,40.60_-122.70,40.6,-122.7,39.819,-121.734,2083,0.0567,36
BCCR,bccr,40.60_-122.80,40.6,-122.8,39.819,-121.734,2083,0.0835,36
BCCR,bccr,40.60_-122.90,40.6,-122.9,39.819,-121.734,2034,0.0781,36
BCCR,bccr,40.60_-123.00,40.6,-123.0,39.819,-121.734,2058,0.1034,36
BCCR,bccr,40.70_-122.60,40.7,-122.6,39.819,-121.734,2078,0.0649,36
BCCR,bccr,40.70_-122.80,40.7,-122.8,39.819,-121.734,2040,0.0638,36
BCCR,bccr,40.70_-122.90,40.7,-122.9,39.819,-121.734,2080,0.107,36
BCCR,bccr,40.70_-123.00,40.7,-123.0,39.819,-121.734,2060,0.1408,36
BEER,beer,43.20_-123.60,43.2,-123.6,44.108,-123.847,3384,0.1958,37
BEER,beer,43.30_-123.80,43.3,-123.8,44.108,-123.847,3367,0.1575,37
BEER,beer,43.40_-123.40,43.4,-123.4,44.108,-123.847,3325,0.1624,37
BEER,beer,43.40_-123.60,43.4,-123.6,44.108,-123.847,3348,0.201,37
BEER,beer,43.40_-123.80,43.4,-123.8,44.108,-123.847,3395,0.1889,37
BEER,beer,43.60_-123.60,43.6,-123.6,44.108,-123.847,3251,0.2927,37
BEER,beer,43.70_-123.40,43.7,-123.4,44.108,-123.847,2356,0.221,37
BEER,beer,44.20_-123.40,44.2,-123.4,44.108,-123.847,3335,0.2502,37
BEER,beer,44.20_-123.60,44.2,-123.6,44.108,-123.847,2999,0.2101,37
BEER,beer,44.30_-123.40,44.3,-123.4,44.108,-123.847,3328,0.2346,37
BEER,beer,44.40_-123.40,44.4,-123.4,44.108,-123.847,3389,0.1314,37
BEER,beer,44.40_-123.50,44.4,-123.5,44.108,-123.847,3387,0.1886,37
BEER,beer,44.40_-123.60,44.4,-123.6,44.108,-123.847,3385,0.1548,37
BEER,beer,44.40_-123.70,44.4,-123.7,44.108,-123.847,3326,0.2151,37
BEER,beer,44.40_-123.80,44.4,-123.8,44.108,-123.847,3089,0.1739,37
BEER,beer,44.50_-123.30,44.5,-123.3,44.108,-123.847,3389,0.1537,37
BEER,beer,44.50_-123.40,44.5,-123.4,44.108,-123.847,3287,0.1982,37
BEER,beer,44.50_-123.50,44.5,-123.5,44.108,-123.847,3395,0.1603,37
BEER,beer,44.50_-123.60,44.5,-123.6,44.108,-123.847,3401,0.1129,37
BEER,beer,44.50_-123.70,44.5,-123.7,44.108,-123.847,3277,0.2719,37
BEER,beer,44.50_-123.80,44.5,-123.8,44.108,-123.847,3391,0.1675,37
BEER,beer,44.60_-123.30,44.6,-123.3,44.108,-123.847,3250,0.2701,37
BEER,beer,44.60_-123.40,44.6,-123.4,44.108,-123.847,2958,0.3499,37
BEER,beer,44.60_-123.50,44.6,-123.5,44.108,-123.847,3398,0.1173,37
BEER,beer,44.60_-123.60,44.6,-123.6,44.108,-123.847,3401,0.1302,37
BEER,beer,44.60_-123.70,44.6,-123.7,44.108,-123.847,1242,0.5545,37
BEER,beer,44.60_-123.80,44.6,-123.8,44.108,-123.847,3398,0.1776,37
BEER,beer,44.70_-123.40,44.7,-123.4,44.108,-123.847,3389,0.1722,37
BEER,beer,44.70_-123.50,44.7,-123.5,44.108,-123.847,3399,0.1524,37
BEER,beer,44.70_-123.60,44.7,-123.6,44.108,-123.847,3385,0.1198,37
BEER,beer,44.70_-123.70,44.7,-123.7,44.108,-123.847,3320,0.3115,37
BEER,beer,44.80_-123.20,44.8,-123.2,44.108,-123.847,3385,0.1282,37
BEER,beer,44.80_-123.30,44.8,-123.3,44.108,-123.847,461,0.1892,37
BEER,beer,44.80_-123.40,44.8,-123.4,44.108,-123.847,3401,0.1848,37
BEER,beer,44.80_-123.50,44.8,-123.5,44.108,-123.847,3401,0.1953,37
BEER,beer,44.80_-123.60,44.8,-123.6,44.108,-123.847,3400,0.1788,37
BEER,beer,44.80_-123.70,44.8,-123.7,44.108,-123.847,3288,0.2557,37
BEER,beer,44.90_-123.60,44.9,-123.6,44.108,-123.847,2788,0.1883,37
BEER,beer,45.00_-123.40,45.0,-123.4,44.108,-123.847,3354,0.3149,37
BEER,beer,45.00_-123.50,45.0,-123.5,44.108,-123.847,3176,0.2294,37
BEER,beer,45.00_-123.60,45.0,-123.6,44.108,-123.847,2617,0.1797,37
BERY,bery,47.50_-122.80,47.5,-122.8,48.264,-122.096,1117,0.1176,38
BERY,bery,47.50_-123.20,47.5,-123.2,48.264,-122.096,1317,0.1165,38
BERY,bery,47.60_-122.80,47.6,-122.8,48.264,-122.096,1359,0.0959,38
BERY,bery,47.60_-122.90,47.6,-122.9,48.264,-122.096,1253,0.2183,38
BERY,bery,47.70_-122.80,47.7,-122.8,48.264,-122.096,1258,0.1193,38
BERY,bery,47.70_-123.20,47.7,-123.2,48.264,-122.096,1023,0.1272,38
BERY,bery,47.70_-123.30,47.7,-123.3,48.264,-122.096,1017,0.1377,38
BERY,bery,47.80_-122.80,47.8,-122.8,48.264,-122.096,1276,0.1756,38
BERY,bery,48.10_-123.30,48.1,-123.3,48.264,-122.096,1364,0.0866,38
BERY,bery,48.20_-123.40,48.2,-123.4,48.264,-122.096,1246,0.1181,38
BERY,bery,48.30_-123.20,48.3,-123.2,48.264,-122.096,1380,0.0821,38
BERY,bery,48.30_-123.40,48.3,-123.4,48.264,-122.096,866,0.1272,38
BERY,bery,48.50_-123.20,48.5,-123.2,48.264,-122.096,1146,0.17,38
BFSB,bfsb,48.50_-124.00,48.5,-124.0,48.834,-125.136,1788,0.1307,30
BFSB,bfsb,48.70_-124.20,48.7,-124.2,48.834,-125.136,2866,0.2512,30
BFSB,bfsb,48.80_-124.20,48.8,-124.2,48.834,-125.136,2609,0.1685,30
BFSB,bfsb,48.80_-124.30,48.8,-124.3,48.834,-125.136,2860,0.1386,30
BFSB,bfsb,48.80_-124.40,48.8,-124.4,48.834,-125.136,2640,0.1083,30
BFSB,bfsb,48.80_-124.60,48.8,-124.6,48.834,-125.136,2645,0.2489,30
BFSB,bfsb,49.00_-124.60,49.0,-124.6,48.834,-125.136,2875,0.2527,30
BFSB,bfsb,49.00_-124.80,49.0,-124.8,48.834,-125.136,2871,0.1379,30
BFSB,bfsb,49.10_-124.60,49.1,-124.6,48.834,-125.136,2881,0.2205,30
BFSB,bfsb,49.10_-125.00,49.1,-125.0,48.834,-125.136,1581,0.2404,30
BFSB,bfsb,49.10_-125.20,49.1,-125.2,48.834,-125.136,2861,0.2216,30
BFSB,bfsb,49.20_-124.80,49.2,-124.8,48.834,-125.136,2879,0.1927,30
BFSB,bfsb,49.20_-124.90,49.2,-124.9,48.834,-125.136,2854,0.1311,30
BFSB,bfsb,49.20_-125.00,49.2,-125.0,48.834,-125.136,2878,0.1767,30
BFSB,bfsb,49.20_-125.10,49.2,-125.1,48.834,-125.136,2875,0.1733,30
BFSB,bfsb,49.30_-125.00,49.3,-125.0,48.834,-125.136,2875,0.2336,30
BFSB,bfsb,49.30_-125.10,49.3,-125.1,48.834,-125.136,2836,0.2185,30
BFSB,bfsb,49.40_-125.20,49.4,-125.2,48.834,-125.136,2818,0.1446,30
BHAM,bham,48.00_-122.90,48.0,-122.9,48.787,-122.418,1778,0.0411,40
BHAM,bham,48.00_-123.00,48.0,-123.0,48.787,-122.418,1789,0.0131,40
BHAM,bham,48.00_-123.20,48.0,-123.2,48.787,-122.418,1789,0.0157,40
BHAM,bham,48.00_-123.30,48.0,-123.3,48.787,-122.418,1786,0.0275,40
BHAM,bham,48.00_-123.40,48.0,-123.4,48.787,-122.418,1789,0.0141,40
BHAM,bham,48.10_-122.90,48.1,-122.9,48.787,-122.418,1787,0.027,40
BHAM,bham,48.10_-123.00,48.1,-123.0,48.787,-122.418,1136,0.0637,40
BHAM,bham,48.10_-123.40,48.1,-123.4,48.787,-122.418,1744,0.039,40
BHAM,bham,48.20_-123.00,48.2,-123.0,48.787,-122.418,1789,0.0097,40
BHAM,bham,48.20_-123.60,48.2,-123.6,48.787,-122.418,1789,0.0191,40
BHAM,bham,48.20_-123.80,48.2,-123.8,48.787,-122.418,1704,0.0616,40
BHAM,bham,48.30_-123.00,48.3,-123.0,48.787,-122.418,1785,0.0261,40
BHAM,bham,48.30_-123.20,48.3,-123.2,48.787,-122.418,1789,0.014,40
BHAM,bham,48.30_-123.50,48.3,-123.5,48.787,-122.418,1786,0.0196,40
BHAM,bham,48.30_-123.60,48.3,-123.6,48.787,-122.418,1763,0.0349,40
BHAM,bham,48.30_-123.70,48.3,-123.7,48.787,-122.418,1753,0.0524,40
BHAM,bham,48.40_-122.80,48.4,-122.8,48.787,-122.418,1165,0.0823,40
BHAM,bham,48.40_-123.00,48.4,-123.0,48.787,-122.418,1789,0.0181,40
BHAM,bham,48.40_-123.10,48.4,-123.1,48.787,-122.418,1354,0.0634,40
BHAM,bham,48.40_-123.20,48.4,-123.2,48.787,-122.418,1787,0.0277,40
BHAM,bham,48.40_-123.40,48.4,-123.4,48.787,-122.418,1766,0.0437,40
BHAM,bham,48.40_-123.60,48.4,-123.6,48.787,-122.418,1649,0.0479,40
BHAM,bham,48.40_-123.80,48.4,-123.8,48.787,-122.418,1789,0.0147,40
BHAM,bham,48.50_-123.20,48.5,-123.2,48.787,-122.418,1789,0.0145,40
BHAM,bham,48.50_-123.40,48.5,-123.4,48.787,-122.418,1789,0.0103,40
BHAM,bham,48.60_-123.30,48.6,-123.3,48.787,-122.418,1713,0.0402,40
BHAM,bham,48.60_-123.40,48.6,-123.4,48.787,-122.418,1789,0.0159,40
BHAM,bham,48.80_-123.60,48.8,-123.6,48.787,-122.418,1698,0.0608,40
BHAM,bham,48.80_-123.70,48.8,-123.7,48.787,-122.418,1098,0.0601,40
BHW,bhw,47.00_-122.70,47.0,-122.7,47.836,-122.031,1363,0.0221,41
BHW,bhw,47.00_-122.80,47.0,-122.8,47.836,-122.031,1363,0.023,41
BHW,bhw,47.10_-123.00,47.1,-123.0,47.836,-122.031,1363,0.0543,41
BHW,bhw,47.20_-122.80,47.2,-122.8,47.836,-122.031,1347,0.0656,41
BHW,bhw,47.40_-123.00,47.4,-123.0,47.836,-122.031,1362,0.0656,41
BHW,bhw,47.40_-123.20,47.4,-123.2,47.836,-122.031,1363,0.0806,41
BHW,bhw,47.60_-122.80,47.6,-122.8,47.836,-122.031,1363,0.0198,41
BHW,bhw,47.60_-123.00,47.6,-123.0,47.836,-122.031,1363,0.0395,41
BHW,bhw,47.80_-122.80,47.8,-122.8,47.836,-122.031,1361,0.0296,41
BHW,bhw,47.80_-123.00,47.8,-123.0,47.836,-122.031,1232,0.0764,41
BHW,bhw,48.00_-123.00,48.0,-123.0,47.836,-122.031,1363,0.0212,41
BHW,bhw,48.00_-123.30,48.0,-123.3,47.836,-122.031,1363,0.0244,41
BHW,bhw,48.10_-122.90,48.1,-122.9,47.836,-122.031,1363,0.0264,41
BHW,bhw,48.30_-123.20,48.3,-123.2,47.836,-122.031,1363,0.0334,41
BHW,bhw,48.40_-122.80,48.4,-122.8,47.836,-122.031,1363,0.0288,41
BHW,bhw,48.40_-123.10,48.4,-123.1,47.836,-122.031,1363,0.0642,41
BHW,bhw,48.50_-123.20,48.5,-123.2,47.836,-122.031,1363,0.121,41
BHW,bhw,48.50_-123.30,48.5,-123.3,47.836,-122.031,1363,0.0232,41
BHW,bhw,48.60_-123.30,48.6,-123.3,47.836,-122.031,1363,0.0278,41
BOIS,bois,45.90_-123.30,45.9,-123.3,46.551,-123.13,61,0.2919,42
BOIS,bois,46.00_-123.20,46.0,-123.2,46.551,-123.13,36,0.1298,42
BOIS,bois,46.40_-123.30,46.4,-123.3,46.551,-123.13,910,0.3243,42
BOIS,bois,47.20_-122.60,47.2,-122.6,46.551,-123.13,1332,0.167,42
BOIS,bois,47.30_-122.60,47.3,-122.6,46.551,-123.13,454,0.3603,42
BST09,bst09,46.80_-122.80,46.8,-122.8,47.654,-122.309,1893,0.0106,43
BST09,bst09,47.00_-123.20,47.0,-123.2,47.654,-122.309,1894,0.0104,43
BST09,bst09,47.10_-122.80,47.1,-122.8,47.654,-122.309,1894,0.0135,43
BST09,bst09,47.10_-123.00,47.1,-123.0,47.654,-122.309,1894,0.0115,43
BST09,bst09,47.20_-123.00,47.2,-123.0,47.654,-122.309,1895,0.0061,43
BST09,bst09,47.30_-122.80,47.3,-122.8,47.654,-122.309,1894,0.0185,43
BST09,bst09,47.30_-123.00,47.3,-123.0,47.654,-122.309,1894,0.0093,43
BST09,bst09,47.30_-123.20,47.3,-123.2,47.654,-122.309,1894,0.0089,43
BST09,bst09,47.40_-122.80,47.4,-122.8,47.654,-122.309,1894,0.009,43
BST09,bst09,47.40_-123.00,47.4,-123.0,47.654,-122.309,1894,0.0083,43
BST09,bst09,47.40_-123.20,47.4,-123.2,47.654,-122.309,1894,0.0064,43
BST09,bst09,47.50_-122.80,47.5,-122.8,47.654,-122.309,1894,0.0068,43
BST09,bst09,47.50_-122.90,47.5,-122.9,47.654,-122.309,1894,0.0106,43
BST09,bst09,47.50_-123.00,47.5,-123.0,47.654,-122.309,1894,0.0119,43
BST09,bst09,47.50_-123.30,47.5,-123.3,47.654,-122.309,1894,0.0192,43
BST09,bst09,47.60_-122.80,47.6,-122.8,47.654,-122.309,1894,0.0108,43
BST09,bst09,47.60_-123.00,47.6,-123.0,47.654,-122.309,1894,0.0207,43
BST09,bst09,47.70_-123.00,47.7,-123.0,47.654,-122.309,1894,0.0199,43
BST09,bst09,47.70_-123.30,47.7,-123.3,47.654,-122.309,1894,0.0155,43
BST09,bst09,47.70_-123.40,47.7,-123.4,47.654,-122.309,1894,0.025,43
BST09,bst09,47.80_-122.90,47.8,-122.9,47.654,-122.309,1894,0.0124,43
BST09,bst09,47.80_-123.10,47.8,-123.1,47.654,-122.309,1894,0.0077,43
BST09,bst09,47.80_-123.30,47.8,-123.3,47.654,-122.309,1894,0.0069,43
BST09,bst09,48.00_-123.00,48.0,-123.0,47.654,-122.309,1894,0.008,43
BST09,bst09,48.00_-123.20,48.0,-123.2,47.654,-122.309,1894,0.0081,43
BST09,bst09,48.00_-123.40,48.0,-123.4,47.654,-122.309,1894,0.0222,43
BST09,bst09,48.00_-123.60,48.0,-123.6,47.654,-122.309,1894,0.0055,43
BST09,bst09,48.10_-122.90,48.1,-122.9,47.654,-122.309,1894,0.0362,43
BST09,bst09,48.20_-122.90,48.2,-122.9,47.654,-122.309,1894,0.0158,43
BST09,bst09,48.20_-123.00,48.2,-123.0,47.654,-122.309,1894,0.015,43
BST09,bst09,48.20_-123.10,48.2,-123.1,47.654,-122.309,1894,0.0112,43
BST09,bst09,48.20_-123.20,48.2,-123.2,47.654,-122.309,1894,0.0151,43
BST09,bst09,48.20_-123.30,48.2,-123.3,47.654,-122.309,1894,0.0083,43
BST09,bst09,48.20_-123.40,48.2,-123.4,47.654,-122.309,1894,0.009,43
BST09,bst09,48.20_-123.50,48.2,-123.5,47.654,-122.309,1894,0.0057,43
BST09,bst09,48.20_-123.60,48.2,-123.6,47.654,-122.309,1894,0.0082,43
BST09,bst09,48.30_-122.80,48.3,-122.8,47.654,-122.309,1895,0.0049,43
BST09,bst09,48.30_-123.10,48.3,-123.1,47.654,-122.309,1894,0.0198,43
BST09,bst09,48.30_-123.40,48.3,-123.4,47.654,-122.309,1894,0.0132,43
BST09,bst09,48.40_-122.80,48.4,-122.8,47.654,-122.309,1895,0.0056,43
BST09,bst09,48.40_-122.90,48.4,-122.9,47.654,-122.309,1894,0.0046,43
BST09,bst09,48.40_-123.30,48.4,-123.3,47.654,-122.309,1895,0.0267,43
BST09,bst09,48.40_-123.40,48.4,-123.4,47.654,-122.309,1895,0.0159,43
BST09,bst09,48.40_-123.50,48.4,-123.5,47.654,-122.309,1894,0.0106,43
BST09,bst09,48.40_-123.60,48.4,-123.6,47.654,-122.309,1894,0.0051,43
BST09,bst09,48.50_-122.80,48.5,-122.8,47.654,-122.309,1894,0.0082,43
BST09,bst09,48.50_-123.50,48.5,-123.5,47.654,-122.309,1895,0.0067,43
BTB,btb,48.70_-124.20,48.7,-124.2,49.469,-125.523,2339,0.0789,44
BTB,btb,48.80_-124.60,48.8,-124.6,49.469,-125.523,2452,0.0758,44
BTB,btb,49.00_-124.30,49.0,-124.3,49.469,-125.523,2131,0.1423,44
BTB,btb,49.00_-124.40,49.0,-124.4,49.469,-125.523,2507,0.1401,44
BTB,btb,49.00_-124.60,49.0,-124.6,49.469,-125.523,2395,0.0724,44
BTB,btb,49.00_-124.70,49.0,-124.7,49.469,-125.523,2498,0.1276,44
BTB,btb,49.00_-124.80,49.0,-124.8,49.469,-125.523,2473,0.1028,44
BTB,btb,49.10_-124.20,49.1,-124.2,49.469,-125.523,2147,0.1007,44
BTB,btb,49.10_-124.60,49.1,-124.6,49.469,-125.523,2437,0.1028,44
BTB,btb,49.10_-124.70,49.1,-124.7,49.469,-125.523,2430,0.062,44
BTB,btb,49.10_-124.80,49.1,-124.8,49.469,-125.523,1785,0.0926,44
BTB,btb,49.20_-124.70,49.2,-124.7,49.469,-125.523,2419,0.0825,44
BTB,btb,49.20_-124.80,49.2,-124.8,49.469,-125.523,1305,0.202,44
BTB,btb,49.20_-125.00,49.2,-125.0,49.469,-125.523,2505,0.1068,44
BTB,btb,49.40_-125.10,49.4,-125.1,49.469,-125.523,2488,0.0823,44
BTB,btb,49.40_-125.50,49.4,-125.5,49.469,-125.523,2426,0.1232,44
BTB,btb,49.40_-125.60,49.4,-125.6,49.469,-125.523,838,0.1972,44
BTB,btb,49.70_-126.20,49.7,-126.2,49.469,-125.523,1299,0.1171,44
BTB,btb,49.80_-126.20,49.8,-126.2,49.469,-125.523,2117,0.1138,44
BTB,btb,49.80_-126.30,49.8,-126.3,49.469,-125.523,2319,0.0709,44
BTB,btb,49.80_-126.40,49.8,-126.4,49.469,-125.523,1775,0.1131,44
BTB,btb,49.80_-126.50,49.8,-126.5,49.469,-125.523,2424,0.1009,44
BTB,btb,49.80_-126.60,49.8,-126.6,49.469,-125.523,2376,0.1076,44
BTB,btb,49.90_-126.00,49.9,-126.0,49.469,-125.523,1045,0.1163,44
BTB,btb,49.90_-126.40,49.9,-126.4,49.469,-125.523,2505,0.1283,44
BTB,btb,49.90_-126.50,49.9,-126.5,49.469,-125.523,2167,0.097,44
BTB,btb,49.90_-126.60,49.9,-126.6,49.469,-125.523,2468,0.1057,44
BTB,btb,49.90_-126.70,49.9,-126.7,49.469,-125.523,2407,0.0386,44
BTB,btb,50.00_-126.50,50.0,-126.5,49.469,-125.523,2409,0.0864,44
BTB,btb,50.00_-126.60,50.0,-126.6,49.469,-125.523,2508,0.0976,44
BTB,btb,50.00_-126.70,50.0,-126.7,49.469,-125.523,2449,0.1102,44
BTB,btb,50.00_-126.80,50.0,-126.8,49.469,-125.523,2512,0.1057,44
BTB,btb,50.10_-126.60,50.1,-126.6,49.469,-125.523,2370,0.0879,44
BTB,btb,50.10_-126.70,50.1,-126.7,49.469,-125.523,2001,0.1079,44
BTB,btb,50.10_-126.80,50.1,-126.8,49.469,-125.523,2520,0.0999,44
BTB,btb,50.20_-126.80,50.2,-126.8,49.469,-125.523,2525,0.0943,44
BUCK,buck,43.40_-123.50,43.4,-123.5,44.197,-122.986,2783,0.0713,45
BUCK,buck,43.40_-123.60,43.4,-123.6,44.197,-122.986,2765,0.0768,45
BUCK,buck,43.40_-123.80,43.4,-123.8,44.197,-122.986,2764,0.1299,45
BUCK,buck,43.50_-123.20,43.5,-123.2,44.197,-122.986,2778,0.08,45
BUCK,buck,43.50_-123.30,43.5,-123.3,44.197,-122.986,2784,0.0449,45
BUCK,buck,43.50_-123.50,43.5,-123.5,44.197,-122.986,2598,0.0805,45
BUCK,buck,43.50_-123.60,43.5,-123.6,44.197,-122.986,2784,0.066,45
BUCK,buck,43.50_-123.70,43.5,-123.7,44.197,-122.986,2783,0.0542,45
BUCK,buck,43.60_-123.30,43.6,-123.3,44.197,-122.986,2783,0.0546,45
BUCK,buck,43.60_-123.40,43.6,-123.4,44.197,-122.986,2778,0.0735,45
BUCK,buck,43.60_-123.50,43.6,-123.5,44.197,-122.986,2781,0.049,45
BUCK,buck,43.60_-123.60,43.6,-123.6,44.197,-122.986,2762,0.0466,45
BUCK,buck,43.60_-123.70,43.6,-123.7,44.197,-122.986,2769,0.105,45
BUCK,buck,43.70_-123.40,43.7,-123.4,44.197,-122.986,2779,0.1228,45
BUCK,buck,43.70_-123.50,43.7,-123.5,44.197,-122.986,2575,0.0814,45
BUCK,buck,43.80_-123.40,43.8,-123.4,44.197,-122.986,2519,0.1136,45
BUCK,buck,43.80_-123.50,43.8,-123.5,44.197,-122.986,2784,0.0506,45
BUCK,buck,43.80_-123.60,43.8,-123.6,44.197,-122.986,2782,0.0996,45
BUCK,buck,43.90_-123.50,43.9,-123.5,44.197,-122.986,2696,0.0749,45
BUCK,buck,43.90_-123.60,43.9,-123.6,44.197,-122.986,2781,0.0526,45
BUCK,buck,44.00_-123.10,44.0,-123.1,44.197,-122.986,2783,0.0676,45
BUCK,buck,44.00_-123.30,44.0,-123.3,44.197,-122.986,2772,0.0623,45
BUCK,buck,44.00_-123.40,44.0,-123.4,44.197,-122.986,2784,0.0905,45
BUCK,buck,44.20_-123.30,44.2,-123.3,44.197,-122.986,2783,0.1081,45
BUCK,buck,44.20_-123.40,44.2,-123.4,44.197,-122.986,2772,0.0618,45
BUCK,buck,44.40_-123.50,44.4,-123.5,44.197,-122.986,2783,0.0583,45
BUCK,buck,44.40_-123.60,44.4,-123.6,44.197,-122.986,2776,0.046,45
BUCK,buck,44.40_-123.70,44.4,-123.7,44.197,-122.986,2783,0.0412,45
BUCK,buck,44.50_-123.30,44.5,-123.3,44.197,-122.986,2751,0.0806,45
BUCK,buck,44.50_-123.40,44.5,-123.4,44.197,-122.986,2777,0.0594,45
BUCK,buck,44.50_-123.50,44.5,-123.5,44.197,-122.986,2781,0.0728,45
BUCK,buck,44.50_-123.60,44.5,-123.6,44.197,-122.986,2783,0.0488,45
BUCK,buck,44.50_-123.70,44.5,-123.7,44.197,-122.986,2021,0.1775,45
BUCK,buck,44.60_-123.60,44.6,-123.6,44.197,-122.986,2783,0.0435,45
BUCK,buck,44.70_-123.40,44.7,-123.4,44.197,-122.986,2781,0.042,45
BUCK,buck,44.70_-123.60,44.7,-123.6,44.197,-122.986,2778,0.0587,45
BUCK,buck,44.80_-123.30,44.8,-123.3,44.197,-122.986,2782,0.055,45
BUCK,buck,44.80_-123.40,44.8,-123.4,44.197,-122.986,2783,0.0522,45
BUCK,buck,44.80_-123.50,44.8,-123.5,44.197,-122.986,2664,0.0703,45
BUCK,buck,44.80_-123.60,44.8,-123.6,44.197,-122.986,2774,0.035,45
BUCK,buck,45.00_-123.40,45.0,-123.4,44.197,-122.986,2784,0.0721,45
BUCK,buck,45.00_-123.50,45.0,-123.5,44.197,-122.986,2779,0.0461,45
BUCK,buck,45.00_-123.60,45.0,-123.6,44.197,-122.986,2783,0.0537,45
BUCK,buck,45.10_-123.40,45.1,-123.4,44.197,-122.986,2782,0.0693,45
BUCK,buck,45.10_-123.60,45.1,-123.6,44.197,-122.986,2784,0.0505,45
CARB,carb,46.10_-123.00,46.1,-123.0,46.988,-122.005,2453,0.1253,46
CARB,carb,46.20_-123.00,46.2,-123.0,46.988,-122.005,2413,0.0561,46
CARB,carb,46.20_-123.20,46.2,-123.2,46.988,-122.005,2432,0.081,46
CARB,carb,46.30_-123.20,46.3,-123.2,46.988,-122.005,2319,0.0652,46
CARB,carb,46.30_-123.30,46.3,-123.3,46.988,-122.005,2304,0.0843,46
CARB,carb,46.40_-123.20,46.4,-123.2,46.988,-122.005,2388,0.0671,46
CARB,carb,46.40_-123.30,46.4,-123.3,46.988,-122.005,2340,0.2098,46
CARB,carb,46.50_-122.80,46.5,-122.8,46.988,-122.005,2239,0.0909,46
CARB,carb,46.50_-123.20,46.5,-123.2,46.988,-122.005,2412,0.1138,46
CARB,carb,46.80_-122.70,46.8,-122.7,46.988,-122.005,2403,0.0902,46
CARB,carb,46.80_-122.80,46.8,-122.8,46.988,-122.005,1890,0.2042,46
CARB,carb,46.80_-123.00,46.8,-123.0,46.988,-122.005,2423,0.104,46
CARB,carb,46.80_-123.20,46.8,-123.2,46.988,-122.005,2416,0.1174,46
CARB,carb,46.90_-122.80,46.9,-122.8,46.988,-122.005,2292,0.133,46
CARB,carb,46.90_-123.00,46.9,-123.0,46.988,-122.005,2207,0.1107,46
CARB,carb,47.00_-122.60,47.0,-122.6,46.988,-122.005,2335,0.1569,46
CARB,carb,47.00_-122.70,47.0,-122.7,46.988,-122.005,2471,0.0781,46
CARB,carb,47.00_-122.80,47.0,-122.8,46.988,-122.005,2352,0.0749,46
CARB,carb,47.00_-123.00,47.0,-123.0,46.988,-122.005,2470,0.0949,46
CARB,carb,47.00_-123.20,47.0,-123.2,46.988,-122.005,2469,0.0851,46
CARB,carb,47.10_-122.60,47.1,-122.6,46.988,-122.005,2306,0.1704,46
CARB,carb,47.10_-123.00,47.1,-123.0,46.988,-122.005,2448,0.1082,46
CARB,carb,47.10_-123.20,47.1,-123.2,46.988,-122.005,2422,0.0761,46
CARB,carb,47.20_-122.70,47.2,-122.7,46.988,-122.005,1371,0.0816,46
CARB,carb,47.20_-122.90,47.2,-122.9,46.988,-122.005,2419,0.2763,46
CARB,carb,47.20_-123.00,47.2,-123.0,46.988,-122.005,2471,0.1051,46
CARB,carb,47.20_-123.10,47.2,-123.1,46.988,-122.005,2328,0.0974,46
CARB,carb,47.30_-122.60,47.3,-122.6,46.988,-122.005,2417,0.0653,46
CARB,carb,47.40_-122.50,47.4,-122.5,46.988,-122.005,2045,0.0537,46
CARB,carb,47.40_-122.80,47.4,-122.8,46.988,-122.005,2354,0.1069,46
CARB,carb,47.40_-122.90,47.4,-122.9,46.988,-122.005,2299,0.0963,46
CARB,carb,47.40_-123.00,47.4,-123.0,46.988,-122.005,2444,0.0689,46
CARB,carb,47.40_-123.20,47.4,-123.2,46.988,-122.005,2459,0.0809,46
CARB,carb,47.50_-123.00,47.5,-123.0,46.988,-122.005,2399,0.1278,46
CARB,carb,47.60_-122.60,47.6,-122.6,46.988,-122.005,2395,0.1014,46
CARB,carb,47.60_-122.70,47.6,-122.7,46.988,-122.005,2389,0.0577,46
CARB,carb,47.60_-122.80,47.6,-122.8,46.988,-122.005,2463,0.0577,46
CARB,carb,47.60_-122.90,47.6,-122.9,46.988,-122.005,2296,0.1017,46
CARB,carb,47.60_-123.00,47.6,-123.0,46.988,-122.005,2354,0.0913,46
CARB,carb,47.70_-122.60,47.7,-122.6,46.988,-122.005,2445,0.0419,46
CARB,carb,47.70_-122.80,47.7,-122.8,46.988,-122.005,2469,0.0814,46
CARB,carb,47.80_-122.60,47.8,-122.6,46.988,-122.005,2439,0.0798,46
CARB,carb,47.80_-122.80,47.8,-122.8,46.988,-122.005,2292,0.1161,46
CARB,carb,47.80_-122.90,47.8,-122.9,46.988,-122.005,2416,0.0687,46
CARB,carb,47.80_-123.00,47.8,-123.0,46.988,-122.005,2466,0.0541,46
CARB,carb,47.80_-123.20,47.8,-123.2,46.988,-122.005,2435,0.0903,46
CARB,carb,47.80_-123.30,47.8,-123.3,46.988,-122.005,1949,0.0943,46
CAVE,cave,41.40_-123.10,41.4,-123.1,42.121,-123.571,3134,0.1595,47
CAVE,cave,42.00_-123.20,42.0,-123.2,42.121,-123.571,3088,0.1014,47
CAVE,cave,42.10_-123.30,42.1,-123.3,42.121,-123.571,671,0.1588,47
CAVE,cave,42.40_-123.40,42.4,-123.4,42.121,-123.571,116,0.184,47
CAVE,cave,42.40_-123.60,42.4,-123.6,42.121,-123.571,1297,0.3607,47
CAVE,cave,42.50_-123.30,42.5,-123.3,42.121,-123.571,3291,0.0867,47
CAVE,cave,42.50_-123.40,42.5,-123.4,42.121,-123.571,1074,0.409,47
CAVE,cave,42.50_-123.50,42.5,-123.5,42.121,-123.571,2641,0.1418,47
CAVE,cave,42.60_-123.30,42.6,-123.3,42.121,-123.571,543,0.5413,47
CAVE,cave,42.60_-123.40,42.6,-123.4,42.121,-123.571,1262,0.3978,47
CAVE,cave,42.80_-123.40,42.8,-123.4,42.121,-123.571,2531,0.1759,47
CBB,cbb,49.10_-124.60,49.1,-124.6,50.032,-125.365,3338,0.3121,48
CBB,cbb,49.10_-124.70,49.1,-124.7,50.032,-125.365,3233,0.2376,48
CBB,cbb,49.10_-125.00,49.1,-125.0,50.032,-125.365,3347,0.1668,48
CBB,cbb,49.10_-125.20,49.1,-125.2,50.032,-125.365,2940,0.3055,48
CBB,cbb,49.20_-124.60,49.2,-124.6,50.032,-125.365,2898,0.362,48
CBB,cbb,49.20_-124.80,49.2,-124.8,50.032,-125.365,3354,0.2108,48
CBB,cbb,49.20_-124.90,49.2,-124.9,50.032,-125.365,3263,0.2595,48
CBB,cbb,49.20_-125.00,49.2,-125.0,50.032,-125.365,3408,0.2496,48
CBB,cbb,49.20_-125.10,49.2,-125.1,50.032,-125.365,3035,0.2702,48
CBB,cbb,49.20_-125.20,49.2,-125.2,50.032,-125.365,2977,0.2627,48
CBB,cbb,49.30_-124.80,49.3,-124.8,50.032,-125.365,3389,0.2839,48
CBB,cbb,49.30_-125.00,49.3,-125.0,50.032,-125.365,3353,0.2764,48
CBB,cbb,49.40_-124.70,49.4,-124.7,50.032,-125.365,3340,0.2977,48
CBB,cbb,49.40_-124.80,49.4,-124.8,50.032,-125.365,3393,0.2386,48
CBB,cbb,49.40_-125.00,49.4,-125.0,50.032,-125.365,3045,0.3744,48
CBB,cbb,49.40_-125.10,49.4,-125.1,50.032,-125.365,3350,0.3023,48
CBB,cbb,49.40_-125.20,49.4,-125.2,50.032,-125.365,2652,0.2447,48
CBB,cbb,49.40_-125.30,49.4,-125.3,50.032,-125.365,3277,0.2941,48
CBB,cbb,49.40_-125.40,49.4,-125.4,50.032,-125.365,3194,0.2809,48
CBB,cbb,49.40_-125.60,49.4,-125.6,50.032,-125.365,3376,0.3503,48
CBB,cbb,49.40_-125.70,49.4,-125.7,50.032,-125.365,3357,0.2293,48
CBB,cbb,49.40_-125.80,49.4,-125.8,50.032,-125.365,2865,0.2384,48
CBB,cbb,49.50_-125.20,49.5,-125.2,50.032,-125.365,3295,0.2407,48
CBB,cbb,49.50_-125.30,49.5,-125.3,50.032,-125.365,3158,0.2562,48
CBB,cbb,49.50_-125.40,49.5,-125.4,50.032,-125.365,3351,0.1903,48
CBB,cbb,49.60_-126.00,49.6,-126.0,50.032,-125.365,3260,0.3377,48
CBB,cbb,49.60_-126.10,49.6,-126.1,50.032,-125.365,1107,0.2567,48
CBB,cbb,49.60_-126.20,49.6,-126.2,50.032,-125.365,3180,0.2518,48
CBB,cbb,49.60_-126.50,49.6,-126.5,50.032,-125.365,3344,0.1765,48
CBB,cbb,49.70_-126.40,49.7,-126.4,50.032,-125.365,2551,0.3653,48
CBB,cbb,49.80_-126.20,49.8,-126.2,50.032,-125.365,3213,0.2376,48
CBB,cbb,49.80_-126.30,49.8,-126.3,50.032,-125.365,3065,0.3231,48
CBB,cbb,49.80_-126.40,49.8,-126.4,50.032,-125.365,3386,0.234,48
CBB,cbb,49.90_-126.20,49.9,-126.2,50.032,-125.365,3328,0.3112,48
CBB,cbb,49.90_-126.30,49.9,-126.3,50.032,-125.365,474,0.2233,48
CBB,cbb,49.90_-126.40,49.9,-126.4,50.032,-125.365,3214,0.2452,48
CBB,cbb,49.90_-126.50,49.9,-126.5,50.032,-125.365,2612,0.3535,48
CBB,cbb,49.90_-126.60,49.9,-126.6,50.032,-125.365,3352,0.1919,48
CBB,cbb,50.00_-126.30,50.0,-126.3,50.032,-125.365,2456,0.4468,48
CBB,cbb,50.00_-126.40,50.0,-126.4,50.032,-125.365,3349,0.1695,48
CBB,cbb,50.00_-126.50,50.0,-126.5,50.032,-125.365,3286,0.2859,48
CBB,cbb,50.00_-126.60,50.0,-126.6,50.032,-125.365,3399,0.2186,48
CBB,cbb,50.00_-126.70,50.0,-126.7,50.032,-125.365,3223,0.2273,48
CBB,cbb,50.10_-126.60,50.1,-126.6,50.032,-125.365,3253,0.2578,48
CBB,cbb,50.10_-126.70,50.1,-126.7,50.032,-125.365,3239,0.3799,48
CHIMA,chima,47.10_-122.70,47.1,-122.7,48.011,-122.781,1882,0.0675,49
CHIMA,chima,47.10_-122.80,47.1,-122.8,48.011,-122.781,1606,0.0776,49
CHIMA,chima,47.10_-123.00,47.1,-123.0,48.011,-122.781,1884,0.0774,49
CHIMA,chima,47.30_-122.60,47.3,-122.6,48.011,-122.781,1843,0.0812,49
CHIMA,chima,47.40_-122.40,47.4,-122.4,48.011,-122.781,1880,0.0585,49
CHIMA,chima,47.40_-122.80,47.4,-122.8,48.011,-122.781,1884,0.0843,49
CHIMA,chima,47.50_-122.60,47.5,-122.6,48.011,-122.781,1880,0.1047,49
CHIMA,chima,47.50_-122.90,47.5,-122.9,48.011,-122.781,1870,0.1473,49
CHIMA,chima,47.50_-123.00,47.5,-123.0,48.011,-122.781,1877,0.0448,49
CHIMA,chima,47.70_-122.80,47.7,-122.8,48.011,-122.781,1884,0.0817,49
CHIMA,chima,47.80_-122.80,47.8,-122.8,48.011,-122.781,1883,0.0716,49
CHIMA,chima,47.80_-123.20,47.8,-123.2,48.011,-122.781,1881,0.0805,49
CHIMA,chima,47.80_-123.40,47.8,-123.4,48.011,-122.781,1874,0.0717,49
CHIMA,chima,47.90_-123.20,47.9,-123.2,48.011,-122.781,1874,0.1419,49
CHIMA,chima,48.00_-122.90,48.0,-122.9,48.011,-122.781,1867,0.1841,49
CHIMA,chima,48.00_-123.00,48.0,-123.0,48.011,-122.781,1884,0.0695,49
CHIMA,chima,48.00_-123.20,48.0,-123.2,48.011,-122.781,1882,0.1191,49
CHIMA,chima,48.00_-123.30,48.0,-123.3,48.011,-122.781,1875,0.0826,49
CHIMA,chima,48.00_-123.40,48.0,-123.4,48.011,-122.781,1855,0.1486,49
CHIMA,chima,48.00_-123.60,48.0,-123.6,48.011,-122.781,1883,0.1025,49
CHIMA,chima,48.10_-122.80,48.1,-122.8,48.011,-122.781,1882,0.1032,49
CHIMA,chima,48.10_-123.40,48.1,-123.4,48.011,-122.781,1883,0.0636,49
CHIMA,chima,48.20_-122.90,48.2,-122.9,48.011,-122.781,1884,0.0625,49
CHIMA,chima,48.20_-123.00,48.2,-123.0,48.011,-122.781,1884,0.0591,49
CHIMA,chima,48.20_-123.10,48.2,-123.1,48.011,-122.781,1883,0.062,49
CHIMA,chima,48.20_-123.40,48.2,-123.4,48.011,-122.781,751,0.2535,49
CHIMA,chima,48.20_-123.60,48.2,-123.6,48.011,-122.781,1884,0.143,49
CHIMA,chima,48.30_-122.90,48.3,-122.9,48.011,-122.781,1879,0.0734,49
CHIMA,chima,48.30_-123.00,48.3,-123.0,48.011,-122.781,1883,0.0527,49
CHIMA,chima,48.30_-123.20,48.3,-123.2,48.011,-122.781,1884,0.0434,49
CHIMA,chima,48.30_-123.50,48.3,-123.5,48.011,-122.781,1884,0.0477,49
CHIMA,chima,48.30_-123.70,48.3,-123.7,48.011,-122.781,1884,0.0742,49
CHIMA,chima,48.30_-123.80,48.3,-123.8,48.011,-122.781,1515,0.0988,49
CHIMA,chima,48.40_-122.80,48.4,-122.8,48.011,-122.781,484,0.2166,49
CHIMA,chima,48.40_-123.00,48.4,-123.0,48.011,-122.781,1881,0.0921,49
CHIMA,chima,48.40_-123.40,48.4,-123.4,48.011,-122.781,1611,0.1335,49
CHIMA,chima,48.40_-123.60,48.4,-123.6,48.011,-122.781,1884,0.0688,49
CHIMA,chima,48.40_-123.70,48.4,-123.7,48.011,-122.781,1884,0.0902,49
CHIMA,chima,48.40_-123.80,48.4,-123.8,48.011,-122.781,1883,0.079,49
CHIMA,chima,48.40_-124.00,48.4,-124.0,48.011,-122.781,1884,0.0324,49
CHIMA,chima,48.50_-123.20,48.5,-123.2,48.011,-122.781,154,0.1105,49
CHIMA,chima,48.50_-123.30,48.5,-123.3,48.011,-122.781,1882,0.0981,49
CHIMA,chima,48.50_-123.60,48.5,-123.6,48.011,-122.781,1879,0.0697,49
CHIMA,chima,48.50_-123.80,48.5,-123.8,48.011,-122.781,1884,0.0675,49
CHIMA,chima,48.50_-124.00,48.5,-124.0,48.011,-122.781,1884,0.0639,49
CHIMA,chima,48.60_-123.60,48.6,-123.6,48.011,-122.781,1882,0.0919,49
CHIMA,chima,48.60_-123.70,48.6,-123.7,48.011,-122.781,1881,0.0706,49
CHIMA,chima,48.60_-123.80,48.6,-123.8,48.011,-122.781,1849,0.0852,49
CHIMA,chima,48.60_-124.10,48.6,-124.1,48.011,-122.781,1879,0.06,49
CHIMA,chima,48.70_-123.80,48.7,-123.8,48.011,-122.781,1884,0.0829,49
CHIMA,chima,48.70_-124.00,48.7,-124.0,48.011,-122.781,1880,0.1461,49
CHIMA,chima,48.80_-123.60,48.8,-123.6,48.011,-122.781,1884,0.0434,49
CHIMA,chima,48.80_-123.80,48.8,-123.8,48.011,-122.781,1881,0.1358,49
CHIMA,chima,48.80_-123.90,48.8,-123.9,48.011,-122.781,1884,0.0882,49
CHIMA,chima,48.90_-123.60,48.9,-123.6,48.011,-122.781,1878,0.055,49
CINE,cine,45.80_-123.20,45.8,-123.2,46.557,-122.567,1960,0.1711,50
CINE,cine,45.90_-123.20,45.9,-123.2,46.557,-122.567,2235,0.145,50
CINE,cine,46.50_-123.20,46.5,-123.2,46.557,-122.567,329,0.1806,50
CINE,cine,47.00_-122.60,47.0,-122.6,46.557,-122.567,1407,0.1214,50
CINE,cine,47.00_-122.80,47.0,-122.8,46.557,-122.567,2172,0.1745,50
CINE,cine,47.40_-122.80,47.4,-122.8,46.557,-122.567,2298,0.0973,50
CLRS,clrs,48.60_-124.10,48.6,-124.1,48.8203,-124.1309,4240,0.2106,28
CLRS,clrs,48.60_-124.20,48.6,-124.2,48.8203,-124.1309,4240,0.1676,28
CLRS,clrs,48.70_-124.10,48.7,-124.1,48.8203,-124.1309,4239,0.129,28
CLRS,clrs,48.80_-124.20,48.8,-124.2,48.8203,-124.1309,4239,0.1877,28
CLRS,clrs,48.80_-124.30,48.8,-124.3,48.8203,-124.1309,4226,0.1459,28
CLRS,clrs,48.80_-124.40,48.8,-124.4,48.8203,-124.1309,4240,0.1072,28
CLRS,clrs,48.80_-124.50,48.8,-124.5,48.8203,-124.1309,2049,0.2192,28
CLRS,clrs,48.90_-124.60,48.9,-124.6,48.8203,-124.1309,4159,0.1985,28
CLRS,clrs,48.90_-124.70,48.9,-124.7,48.8203,-124.1309,4233,0.1434,28
CLRSnew,clrsnew,48.20_-123.40,48.2,-123.4,48.8203,-124.1309,4061,0.1936,28
CLRSnew,clrsnew,48.40_-123.60,48.4,-123.6,48.8203,-124.1309,4170,0.2153,28
CLRSnew,clrsnew,48.40_-123.80,48.4,-123.8,48.8203,-124.1309,4197,0.1435,28
CLRSnew,clrsnew,48.50_-123.80,48.5,-123.8,48.8203,-124.1309,4226,0.0979,28
CLRSnew,clrsnew,48.50_-124.00,48.5,-124.0,48.8203,-124.1309,4217,0.1271,28
CLRSnew,clrsnew,48.60_-123.80,48.6,-123.8,48.8203,-124.1309,3609,0.1695,28
CLRSnew,clrsnew,48.60_-124.10,48.6,-124.1,48.8203,-124.1309,4224,0.1747,28
CLRSnew,clrsnew,48.60_-124.20,48.6,-124.2,48.8203,-124.1309,4179,0.1679,28
CLRSnew,clrsnew,48.60_-124.40,48.6,-124.4,48.8203,-124.1309,4099,0.1671,28
CLRSnew,clrsnew,48.70_-124.20,48.7,-124.2,48.8203,-124.1309,4229,0.1368,28
CLRSnew,clrsnew,48.70_-124.30,48.7,-124.3,48.8203,-124.1309,4221,0.1508,28
CLRSnew,clrsnew,48.80_-124.10,48.8,-124.1,48.8203,-124.1309,4229,0.1663,28
CLRSnew,clrsnew,48.80_-124.20,48.8,-124.2,48.8203,-124.1309,4229,0.0798,28
CLRSnew,clrsnew,48.80_-124.30,48.8,-124.3,48.8203,-124.1309,4227,0.1089,28
CLRSnew,clrsnew,48.80_-124.40,48.8,-124.4,48.8203,-124.1309,4227,0.1326,28
CLRSnew,clrsnew,48.80_-124.60,48.8,-124.6,48.8203,-124.1309,2628,0.3616,28
CLRSnew,clrsnew,48.90_-124.50,48.9,-124.5,48.8203,-124.1309,4172,0.1829,28
CLRSnew,clrsnew,48.90_-124.80,48.9,-124.8,48.8203,-124.1309,3326,0.3771,28
CLRSnew,clrsnew,49.00_-124.40,49.0,-124.4,48.8203,-124.1309,4227,0.1475,28
CLRSnew,clrsnew,49.00_-124.50,49.0,-124.5,48.8203,-124.1309,4103,0.219,28
CLRSnew,clrsnew,49.00_-124.60,49.0,-124.6,48.8203,-124.1309,4209,0.2049,28
CLRSnew,clrsnew,49.00_-124.70,49.0,-124.7,48.8203,-124.1309,4188,0.1755,28
CLRSnew,clrsnew,49.40_-125.10,49.4,-125.1,48.8203,-124.1309,4223,0.1821,28
CLRSnew,clrsnew,49.40_-125.20,49.4,-125.2,48.8203,-124.1309,4226,0.1438,28
CORE,core,46.40_-123.10,46.4,-123.1,46.926,-123.916,1600,0.2872,53
CORE,core,46.80_-123.00,46.8,-123.0,46.926,-123.916,590,0.2277,53
CORE,core,47.00_-123.20,47.0,-123.2,46.926,-123.916,2023,0.1264,53
CORE,core,47.10_-122.80,47.1,-122.8,46.926,-123.916,2070,0.0465,53
CORE,core,47.20_-122.80,47.2,-122.8,46.926,-123.916,2075,0.0574,53
CORE,core,47.20_-123.00,47.2,-123.0,46.926,-123.916,2070,0.0714,53
CORE,core,47.20_-123.10,47.2,-123.1,46.926,-123.916,2067,0.1244,53
CORE,core,47.40_-122.80,47.4,-122.8,46.926,-123.916,1902,0.229,53
CORE,core,47.40_-123.00,47.4,-123.0,46.926,-123.916,2061,0.1424,53
CORE,core,47.40_-123.10,47.4,-123.1,46.926,-123.916,2049,0.1155,53
CORE,core,47.60_-123.30,47.6,-123.3,46.926,-123.916,2066,0.073,53
CORE,core,47.70_-122.80,47.7,-122.8,46.926,-123.916,2015,0.1509,53
CORE,core,47.70_-123.40,47.7,-123.4,46.926,-123.916,2006,0.1731,53
CORE,core,47.80_-123.00,47.8,-123.0,46.926,-123.916,2034,0.1123,53
CORE,core,47.80_-123.10,47.8,-123.1,46.926,-123.916,1927,0.07,53
CORE,core,47.80_-123.30,47.8,-123.3,46.926,-123.916,2051,0.118,53
COWS,cows,46.80_-122.60,46.8,-122.6,47.666,-121.931,1774,0.0844,54
COWS,cows,46.80_-122.70,46.8,-122.7,47.666,-121.931,1775,0.0759,54
COWS,cows,46.90_-122.80,46.9,-122.8,47.666,-121.931,661,0.2651,54
COWS,cows,46.90_-123.00,46.9,-123.0,47.666,-121.931,1774,0.0885,54
COWS,cows,47.00_-122.70,47.0,-122.7,47.666,-121.931,1774,0.0864,54
COWS,cows,47.00_-122.80,47.0,-122.8,47.666,-121.931,1774,0.0697,54
COWS,cows,47.10_-122.60,47.1,-122.6,47.666,-121.931,1774,0.1327,54
COWS,cows,47.10_-122.70,47.1,-122.7,47.666,-121.931,1775,0.0877,54
COWS,cows,47.10_-122.80,47.1,-122.8,47.666,-121.931,1774,0.0609,54
COWS,cows,47.10_-123.00,47.1,-123.0,47.666,-121.931,1771,0.0912,54
COWS,cows,47.10_-123.20,47.1,-123.2,47.666,-121.931,1774,0.1315,54
COWS,cows,47.20_-122.80,47.2,-122.8,47.666,-121.931,1774,0.0656,54
COWS,cows,47.20_-122.90,47.2,-122.9,47.666,-121.931,1774,0.0764,54
COWS,cows,47.20_-123.20,47.2,-123.2,47.666,-121.931,1774,0.1292,54
COWS,cows,47.30_-122.50,47.3,-122.5,47.666,-121.931,1774,0.1138,54
COWS,cows,47.30_-122.60,47.3,-122.6,47.666,-121.931,1774,0.0782,54
COWS,cows,47.30_-122.80,47.3,-122.8,47.666,-121.931,1774,0.1155,54
COWS,cows,47.30_-122.90,47.3,-122.9,47.666,-121.931,1774,0.067,54
COWS,cows,47.30_-123.20,47.3,-123.2,47.666,-121.931,1774,0.0913,54
COWS,cows,47.40_-122.60,47.4,-122.6,47.666,-121.931,1774,0.0848,54
COWS,cows,47.40_-122.70,47.4,-122.7,47.666,-121.931,1775,0.0716,54
COWS,cows,47.40_-122.80,47.4,-122.8,47.666,-121.931,1774,0.066,54
COWS,cows,47.40_-122.90,47.4,-122.9,47.666,-121.931,1775,0.0611,54
COWS,cows,47.40_-123.00,47.4,-123.0,47.666,-121.931,1775,0.0608,54
COWS,cows,47.40_-123.10,47.4,-123.1,47.666,-121.931,1774,0.0736,54
COWS,cows,47.40_-123.20,47.4,-123.2,47.666,-121.931,1774,0.1075,54
COWS,cows,47.50_-122.80,47.5,-122.8,47.666,-121.931,1775,0.1523,54
COWS,cows,47.50_-123.00,47.5,-123.0,47.666,-121.931,1775,0.0945,54
COWS,cows,47.50_-123.20,47.5,-123.2,47.666,-121.931,1775,0.0743,54
COWS,cows,47.60_-122.60,47.6,-122.6,47.666,-121.931,1774,0.1303,54
COWS,cows,47.60_-122.90,47.6,-122.9,47.666,-121.931,1774,0.112,54
COWS,cows,47.60_-123.20,47.6,-123.2,47.666,-121.931,1774,0.0618,54
COWS,cows,47.70_-122.60,47.7,-122.6,47.666,-121.931,1774,0.0832,54
COWS,cows,47.70_-122.70,47.7,-122.7,47.666,-121.931,1774,0.1071,54
COWS,cows,47.70_-122.80,47.7,-122.8,47.666,-121.931,1775,0.125,54
COWS,cows,47.70_-123.00,47.7,-123.0,47.666,-121.931,1774,0.0715,54
COWS,cows,47.70_-123.20,47.7,-123.2,47.666,-121.931,1775,0.0809,54
COWS,cows,47.80_-122.70,47.8,-122.7,47.666,-121.931,656,0.2499,54
COWS,cows,47.80_-123.00,47.8,-123.0,47.666,-121.931,1774,0.1189,54
COWS,cows,47.80_-123.10,47.8,-123.1,47.666,-121.931,1774,0.0679,54
COWS,cows,47.80_-123.20,47.8,-123.2,47.666,-121.931,1774,0.0443,54
COWS,cows,47.90_-123.00,47.9,-123.0,47.666,-121.931,1774,0.1379,54
COWS,cows,47.90_-123.20,47.9,-123.2,47.666,-121.931,1774,0.0837,54
COWS,cows,48.00_-123.00,48.0,-123.0,47.666,-121.931,1773,0.182,54
COWS,cows,48.00_-123.10,48.0,-123.1,47.666,-121.931,1774,0.1334,54
COWS,cows,48.00_-123.20,48.0,-123.2,47.666,-121.931,1773,0.0808,54
COWS,cows,48.10_-122.80,48.1,-122.8,47.666,-121.931,1774,0.1177,54
COWS,cows,48.10_-122.90,48.1,-122.9,47.666,-121.931,1774,0.0875,54
COWS,cows,48.10_-123.00,48.1,-123.0,47.666,-121.931,1774,0.1031,54
COWS,cows,48.20_-122.80,48.2,-122.8,47.666,-121.931,1774,0.0966,54
COWS,cows,48.20_-123.00,48.2,-123.0,47.666,-121.931,1775,0.0916,54
COWS,cows,48.20_-123.10,48.2,-123.1,47.666,-121.931,1774,0.077,54
COWS,cows,48.20_-123.20,48.2,-123.2,47.666,-121.931,1774,0.0991,54
COWS,cows,48.30_-122.80,48.3,-122.8,47.666,-121.931,1734,0.1238,54
COWS,cows,48.30_-123.10,48.3,-123.1,47.666,-121.931,1775,0.0688,54
COWS,cows,48.40_-122.80,48.4,-122.8,47.666,-121.931,1775,0.0925,54
COWS,cows,48.40_-122.90,48.4,-122.9,47.666,-121.931,1775,0.0797,54
COWS,cows,48.40_-123.20,48.4,-123.2,47.666,-121.931,1775,0.0996,54
CRBN,crbn,46.10_-123.20,46.1,-123.2,46.988,-121.961,537,0.1468,55
CRBN,crbn,46.80_-122.80,46.8,-122.8,46.988,-121.961,1158,0.1046,55
CRBN,crbn,47.00_-122.80,47.0,-122.8,46.988,-121.961,777,0.086,55
CRBN,crbn,47.10_-123.00,47.1,-123.0,46.988,-121.961,1090,0.0482,55
CRBN,crbn,47.40_-122.90,47.4,-122.9,46.988,-121.961,1303,0.0666,55
CRBN,crbn,47.70_-123.00,47.7,-123.0,46.988,-121.961,1506,0.1652,55
CRBN,crbn,47.80_-122.90,47.8,-122.9,46.988,-121.961,1285,0.1614,55
CRBN,crbn,47.80_-123.00,47.8,-123.0,46.988,-121.961,1224,0.068,55
CRBN,crbn,47.80_-123.10,47.8,-123.1,46.988,-121.961,1289,0.0584,55
CRBN,crbn,47.90_-122.80,47.9,-122.8,46.988,-121.961,1536,0.1143,55
DANT,dant,40.30_-122.80,40.3,-122.8,40.295,-121.802,2686,0.2229,56
DANT,dant,40.40_-122.60,40.4,-122.6,40.295,-121.802,2689,0.1926,56
DANT,dant,40.40_-122.70,40.4,-122.7,40.295,-121.802,1106,0.2436,56
DANT,dant,40.40_-122.80,40.4,-122.8,40.295,-121.802,2574,0.1777,56
DANT,dant,40.50_-122.70,40.5,-122.7,40.295,-121.802,2681,0.2068,56
DANT,dant,40.50_-122.90,40.5,-122.9,40.295,-121.802,2330,0.3174,56
DANT,dant,40.50_-123.00,40.5,-123.0,40.295,-121.802,2680,0.1897,56
DANT,dant,40.60_-122.60,40.6,-122.6,40.295,-121.802,2424,0.19,56
DANT,dant,40.60_-122.70,40.6,-122.7,40.295,-121.802,2685,0.1554,56
DANT,dant,40.60_-122.80,40.6,-122.8,40.295,-121.802,2683,0.2292,56
DANT,dant,40.60_-122.90,40.6,-122.9,40.295,-121.802,2650,0.1741,56
DANT,dant,40.60_-123.00,40.6,-123.0,40.295,-121.802,2677,0.2266,56
DANT,dant,40.70_-122.80,40.7,-122.8,40.295,-121.802,2281,0.1691,56
DANT,dant,40.70_-123.00,40.7,-123.0,40.295,-121.802,2469,0.373,56
DANT,dant,40.70_-123.10,40.7,-123.1,40.295,-121.802,2388,0.1882,56
DANT,dant,40.80_-122.60,40.8,-122.6,40.295,-121.802,2676,0.1952,56
DANT,dant,40.80_-122.70,40.8,-122.7,40.295,-121.802,2080,0.2745,56
DANT,dant,40.80_-122.80,40.8,-122.8,40.295,-121.802,2679,0.1122,56
DANT,dant,40.80_-122.90,40.8,-122.9,40.295,-121.802,2444,0.1484,56
DANT,dant,40.80_-123.00,40.8,-123.0,40.295,-121.802,2672,0.1373,56
DANT,dant,40.80_-123.10,40.8,-123.1,40.295,-121.802,2054,0.1995,56
DANT,dant,40.90_-122.60,40.9,-122.6,40.295,-121.802,2610,0.1642,56
DANT,dant,40.90_-122.80,40.9,-122.8,40.295,-121.802,2665,0.1608,56
DANT,dant,40.90_-123.00,40.9,-123.0,40.295,-121.802,2608,0.1448,56
DANT,dant,41.00_-122.80,41.0,-122.8,40.295,-121.802,2685,0.1028,56
DANT,dant,41.00_-122.90,41.0,-122.9,40.295,-121.802,2653,0.1224,56
DANT,dant,41.00_-123.00,41.0,-123.0,40.295,-121.802,2683,0.1698,56
DANT,dant,41.00_-123.10,41.0,-123.1,40.295,-121.802,2681,0.1529,56
DANT,dant,41.00_-123.20,41.0,-123.2,40.295,-121.802,2669,0.1846,56
DANT,dant,41.10_-122.80,41.1,-122.8,40.295,-121.802,2461,0.1854,56
DANT,dant,41.10_-122.90,41.1,-122.9,40.295,-121.802,2477,0.247,56
DANT,dant,41.10_-123.00,41.1,-123.0,40.295,-121.802,2678,0.1488,56
DANT,dant,41.10_-123.10,41.1,-123.1,40.295,-121.802,2682,0.1861,56
DANT,dant,41.10_-123.20,41.1,-123.2,40.295,-121.802,1926,0.3136,56
DANT,dant,41.20_-122.90,41.2,-122.9,40.295,-121.802,2679,0.2026,56
DANT,dant,41.20_-123.00,41.2,-123.0,40.295,-121.802,2682,0.1343,56
DANT,dant,41.20_-123.10,41.2,-123.1,40.295,-121.802,2549,0.1934,56
DBO,dbo,42.20_-123.30,42.2,-123.3,43.119,-123.244,284,0.418,57
DBO,dbo,42.30_-123.30,42.3,-123.3,43.119,-123.244,2284,0.1809,57
DBO,dbo,42.30_-123.40,42.3,-123.4,43.119,-123.244,2392,0.402,57
DBO,dbo,42.40_-123.30,42.4,-123.3,43.119,-123.244,2700,0.1706,57
DBO,dbo,42.40_-123.40,42.4,-123.4,43.119,-123.244,2640,0.1638,57
DBO,dbo,42.40_-123.50,42.4,-123.5,43.119,-123.244,1863,0.2368,57
DBO,dbo,42.40_-123.60,42.4,-123.6,43.119,-123.244,2326,0.2344,57
DBO,dbo,42.40_-123.80,42.4,-123.8,43.119,-123.244,2666,0.1991,57
DBO,dbo,42.50_-123.30,42.5,-123.3,43.119,-123.244,2136,0.2342,57
DBO,dbo,42.50_-123.40,42.5,-123.4,43.119,-123.244,2741,0.2346,57
DBO,dbo,42.50_-123.50,42.5,-123.5,43.119,-123.244,2763,0.181,57
DBO,dbo,42.50_-123.60,42.5,-123.6,43.119,-123.244,2452,0.2178,57
DBO,dbo,42.60_-123.30,42.6,-123.3,43.119,-123.244,2065,0.2225,57
DBO,dbo,42.60_-123.40,42.6,-123.4,43.119,-123.244,2632,0.2054,57
DBO,dbo,42.60_-123.50,42.6,-123.5,43.119,-123.244,2608,0.2324,57
DBO,dbo,42.60_-123.60,42.6,-123.6,43.119,-123.244,2488,0.2493,57
DBO,dbo,42.70_-123.40,42.7,-123.4,43.119,-123.244,1702,0.22,57
DBO,dbo,42.80_-123.40,42.8,-123.4,43.119,-123.244,2011,0.2187,57
DBO,dbo,42.80_-123.50,42.8,-123.5,43.119,-123.244,1733,0.326,57
DBO,dbo,42.90_-123.40,42.9,-123.4,43.119,-123.244,2128,0.3118,57
DBO,dbo,42.90_-123.50,42.9,-123.5,43.119,-123.244,1446,0.3073,57
DBO,dbo,42.90_-123.60,42.9,-123.6,43.119,-123.244,829,0.2907,57
DBO,dbo,43.00_-123.40,43.0,-123.4,43.119,-123.244,1478,0.2253,57
DBO,dbo,43.10_-123.30,43.1,-123.3,43.119,-123.244,2206,0.1764,57
DBO,dbo,43.10_-123.40,43.1,-123.4,43.119,-123.244,1824,0.205,57
DBO,dbo,43.20_-123.50,43.2,-123.5,43.119,-123.244,1993,0.1979,57
DBO,dbo,43.30_-123.60,43.3,-123.6,43.119,-123.244,2425,0.2249,57
DBO,dbo,43.60_-123.50,43.6,-123.5,43.119,-123.244,1708,0.3256,57
DING,ding,42.20_-123.50,42.2,-123.5,42.862,-124.054,2706,0.2366,58
DING,ding,42.30_-123.20,42.3,-123.2,42.862,-124.054,2618,0.1684,58
DING,ding,42.30_-123.30,42.3,-123.3,42.862,-124.054,2613,0.2492,58
DING,ding,42.40_-123.30,42.4,-123.3,42.862,-124.054,2641,0.1683,58
DING,ding,42.40_-123.40,42.4,-123.4,42.862,-124.054,2527,0.2082,58
DING,ding,42.50_-123.40,42.5,-123.4,42.862,-124.054,2636,0.2186,58
DING,ding,42.50_-123.50,42.5,-123.5,42.862,-124.054,2338,0.2128,58
DING,ding,42.50_-123.60,42.5,-123.6,42.862,-124.054,2580,0.2229,58
DING,ding,42.60_-123.30,42.6,-123.3,42.862,-124.054,2426,0.2315,58
DING,ding,42.60_-123.40,42.6,-123.4,42.862,-124.054,175,0.3416,58
DING,ding,42.70_-123.50,42.7,-123.5,42.862,-124.054,2503,0.2063,58
DING,ding,42.80_-123.40,42.8,-123.4,42.862,-124.054,1224,0.2798,58
DING,ding,42.80_-123.50,42.8,-123.5,42.862,-124.054,2654,0.2289,58
DING,ding,42.80_-123.60,42.8,-123.6,42.862,-124.054,2698,0.239,58
DING,ding,43.10_-123.60,43.1,-123.6,42.862,-124.054,1781,0.2485,58
DING,ding,43.20_-123.60,43.2,-123.6,42.862,-124.054,2109,0.2103,58
DING,ding,43.20_-123.70,43.2,-123.7,42.862,-124.054,581,0.4185,58
DING,ding,43.20_-123.80,43.2,-123.8,42.862,-124.054,28,0.1344,58
DING,ding,43.40_-123.80,43.4,-123.8,42.862,-124.054,2611,0.1962,58
DLIK,dlik,40.20_-122.40,40.2,-122.4,40.455,-122.894,1092,0.1841,59
DLIK,dlik,40.20_-122.60,40.2,-122.6,40.455,-122.894,497,0.5312,59
DLIK,dlik,40.20_-122.80,40.2,-122.8,40.455,-122.894,1345,0.254,59
DLIK,dlik,40.30_-122.60,40.3,-122.6,40.455,-122.894,1111,0.2993,59
DLIK,dlik,40.30_-122.70,40.3,-122.7,40.455,-122.894,81,0.259,59
DLIK,dlik,40.30_-122.80,40.3,-122.8,40.455,-122.894,837,0.2375,59
DLIK,dlik,40.40_-122.40,40.4,-122.4,40.455,-122.894,303,0.2785,59
DLIK,dlik,40.40_-122.50,40.4,-122.5,40.455,-122.894,1127,0.269,59
DLIK,dlik,40.40_-122.60,40.4,-122.6,40.455,-122.894,1288,0.2609,59
DLIK,dlik,40.40_-122.70,40.4,-122.7,40.455,-122.894,821,0.2497,59
DLIK,dlik,40.40_-122.80,40.4,-122.8,40.455,-122.894,1557,0.2521,59
DLIK,dlik,40.50_-122.40,40.5,-122.4,40.455,-122.894,347,0.48,59
DLIK,dlik,40.50_-122.60,40.5,-122.6,40.455,-122.894,1203,0.2415,59
DLIK,dlik,40.50_-122.70,40.5,-122.7,40.455,-122.894,443,0.1935,59
DLIK,dlik,40.50_-122.80,40.5,-122.8,40.455,-122.894,583,0.3074,59
DLIK,dlik,40.50_-122.90,40.5,-122.9,40.455,-122.894,1096,0.3813,59
DLIK,dlik,40.60_-122.60,40.6,-122.6,40.455,-122.894,1255,0.3221,59
DLIK,dlik,40.60_-122.70,40.6,-122.7,40.455,-122.894,1032,0.3069,59
DLIK,dlik,40.70_-122.60,40.7,-122.6,40.455,-122.894,1191,0.2491,59
DLIK,dlik,40.70_-122.70,40.7,-122.7,40.455,-122.894,790,0.3654,59
DLIK,dlik,40.80_-122.70,40.8,-122.7,40.455,-122.894,316,0.4026,59
DLIK,dlik,40.80_-122.80,40.8,-122.8,40.455,-122.894,1067,0.2188,59
DLIK,dlik,40.80_-123.00,40.8,-123.0,40.455,-122.894,1134,0.3233,59
DLIK,dlik,40.80_-123.10,40.8,-123.1,40.455,-122.894,762,0.3533,59
DLIK,dlik,40.80_-123.20,40.8,-123.2,40.455,-122.894,828,0.2516,59
DLIK,dlik,40.90_-122.70,40.9,-122.7,40.455,-122.894,1324,0.2544,59
DLIK,dlik,40.90_-122.80,40.9,-122.8,40.455,-122.894,1140,0.2503,59
DLIK,dlik,40.90_-122.90,40.9,-122.9,40.455,-122.894,824,0.329,59
DLIK,dlik,41.00_-122.80,41.0,-122.8,40.455,-122.894,1045,0.4823,59
DLIK,dlik,41.00_-123.00,41.0,-123.0,40.455,-122.894,1403,0.2432,59
DLIK,dlik,41.00_-123.10,41.0,-123.1,40.455,-122.894,613,0.2681,59
DLIK,dlik,41.00_-123.20,41.0,-123.2,40.455,-122.894,876,0.2065,59
DLIK,dlik,41.10_-122.80,41.1,-122.8,40.455,-122.894,511,0.4489,59
DLIK,dlik,41.10_-122.90,41.1,-122.9,40.455,-122.894,1229,0.3638,59
DLIK,dlik,41.10_-123.00,41.1,-123.0,40.455,-122.894,1299,0.2946,59
DLIK,dlik,41.10_-123.20,41.1,-123.2,40.455,-122.894,1265,0.2693,59
DLIK,dlik,41.20_-122.90,41.2,-122.9,40.455,-122.894,634,0.249,59
DLIK,dlik,41.20_-123.00,41.2,-123.0,40.455,-122.894,1438,0.2338,59
DLIK,dlik,41.20_-123.10,41.2,-123.1,40.455,-122.894,924,0.399,59
DLIK,dlik,41.20_-123.20,41.2,-123.2,40.455,-122.894,1107,0.4106,59
DLIK,dlik,41.30_-122.80,41.3,-122.8,40.455,-122.894,244,0.2217,59
DLIK,dlik,41.30_-123.00,41.3,-123.0,40.455,-122.894,697,0.2987,59
DLIK,dlik,41.30_-123.10,41.3,-123.1,40.455,-122.894,388,0.3324,59
DLIK,dlik,41.30_-123.30,41.3,-123.3,40.455,-122.894,135,0.1644,59
DMOR,dmor,40.20_-122.80,40.2,-122.8,40.71,-123.703,1526,0.2488,60
DMOR,dmor,40.30_-122.40,40.3,-122.4,40.71,-123.703,1312,0.236,60
DMOR,dmor,40.30_-122.60,40.3,-122.6,40.71,-123.703,88,0.3784,60
DMOR,dmor,40.30_-122.80,40.3,-122.8,40.71,-123.703,1521,0.1579,60
DMOR,dmor,40.40_-122.50,40.4,-122.5,40.71,-123.703,1512,0.3639,60
DMOR,dmor,40.40_-122.60,40.4,-122.6,40.71,-123.703,1480,0.2073,60
DMOR,dmor,40.40_-122.70,40.4,-122.7,40.71,-123.703,1519,0.2168,60
DMOR,dmor,40.40_-122.80,40.4,-122.8,40.71,-123.703,1481,0.2212,60
DMOR,dmor,40.40_-122.90,40.4,-122.9,40.71,-123.703,1507,0.2571,60
DMOR,dmor,40.40_-123.00,40.4,-123.0,40.71,-123.703,1514,0.2263,60
DMOR,dmor,40.50_-122.60,40.5,-122.6,40.71,-123.703,1520,0.1718,60
DMOR,dmor,40.50_-122.70,40.5,-122.7,40.71,-123.703,1531,0.2194,60
DMOR,dmor,40.50_-122.80,40.5,-122.8,40.71,-123.703,1517,0.2081,60
DMOR,dmor,40.50_-123.00,40.5,-123.0,40.71,-123.703,1488,0.1701,60
DMOR,dmor,40.50_-123.10,40.5,-123.1,40.71,-123.703,1514,0.2097,60
DMOR,dmor,40.60_-122.40,40.6,-122.4,40.71,-123.703,1499,0.2469,60
DMOR,dmor,40.60_-122.60,40.6,-122.6,40.71,-123.703,1518,0.1864,60
DMOR,dmor,40.60_-122.70,40.6,-122.7,40.71,-123.703,1528,0.288,60
DMOR,dmor,40.60_-122.80,40.6,-122.8,40.71,-123.703,1526,0.232,60
DMOR,dmor,40.60_-122.90,40.6,-122.9,40.71,-123.703,1174,0.2971,60
DMOR,dmor,40.60_-123.00,40.6,-123.0,40.71,-123.703,1515,0.1965,60
DMOR,dmor,40.60_-123.10,40.6,-123.1,40.71,-123.703,15,0.1013,60
DMOR,dmor,40.70_-122.60,40.7,-122.6,40.71,-123.703,1000,0.3253,60
DMOR,dmor,40.70_-122.70,40.7,-122.7,40.71,-123.703,1479,0.24,60
DMOR,dmor,40.70_-122.80,40.7,-122.8,40.71,-123.703,1506,0.1734,60
DMOR,dmor,40.70_-122.90,40.7,-122.9,40.71,-123.703,1516,0.2601,60
DMOR,dmor,40.70_-123.00,40.7,-123.0,40.71,-123.703,1524,0.2691,60
DMOR,dmor,40.70_-123.10,40.7,-123.1,40.71,-123.703,1512,0.2557,60
DMOR,dmor,40.70_-123.20,40.7,-123.2,40.71,-123.703,1522,0.239,60
DMOR,dmor,40.80_-122.60,40.8,-122.6,40.71,-123.703,1519,0.3026,60
DMOR,dmor,40.80_-122.70,40.8,-122.7,40.71,-123.703,1514,0.2935,60
DMOR,dmor,40.80_-122.80,40.8,-122.8,40.71,-123.703,1523,0.1966,60
DMOR,dmor,40.80_-122.90,40.8,-122.9,40.71,-123.703,1485,0.1863,60
DMOR,dmor,40.80_-123.00,40.8,-123.0,40.71,-123.703,1530,0.1898,60
DMOR,dmor,40.80_-123.10,40.8,-123.1,40.71,-123.703,1486,0.2377,60
DMOR,dmor,40.80_-123.30,40.8,-123.3,40.71,-123.703,1493,0.2119,60
DMOR,dmor,40.90_-122.60,40.9,-122.6,40.71,-123.703,1468,0.1602,60
DMOR,dmor,40.90_-122.80,40.9,-122.8,40.71,-123.703,1519,0.2437,60
DMOR,dmor,40.90_-122.90,40.9,-122.9,40.71,-123.703,396,0.3362,60
DMOR,dmor,40.90_-123.00,40.9,-123.0,40.71,-123.703,1424,0.2493,60
DMOR,dmor,40.90_-123.10,40.9,-123.1,40.71,-123.703,1496,0.201,60
DMOR,dmor,40.90_-123.20,40.9,-123.2,40.71,-123.703,1268,0.2467,60
DMOR,dmor,41.00_-122.70,41.0,-122.7,40.71,-123.703,1523,0.2324,60
DMOR,dmor,41.00_-122.80,41.0,-122.8,40.71,-123.703,1513,0.1889,60
DMOR,dmor,41.00_-122.90,41.0,-122.9,40.71,-123.703,1454,0.1871,60
DMOR,dmor,41.00_-123.00,41.0,-123.0,40.71,-123.703,1523,0.1885,60
DMOR,dmor,41.00_-123.10,41.0,-123.1,40.71,-123.703,1481,0.2125,60
DMOR,dmor,41.00_-123.20,41.0,-123.2,40.71,-123.703,1500,0.2341,60
DMOR,dmor,41.10_-122.80,41.1,-122.8,40.71,-123.703,1520,0.2049,60
DMOR,dmor,41.10_-122.90,41.1,-122.9,40.71,-123.703,1513,0.3906,60
DMOR,dmor,41.10_-123.00,41.1,-123.0,40.71,-123.703,1497,0.2574,60
DMOR,dmor,41.10_-123.10,41.1,-123.1,40.71,-123.703,887,0.3612,60
DMOR,dmor,41.10_-123.20,41.1,-123.2,40.71,-123.703,1494,0.1751,60
DMOR,dmor,41.20_-122.90,41.2,-122.9,40.71,-123.703,1410,0.223,60
DMOR,dmor,41.20_-123.00,41.2,-123.0,40.71,-123.703,1525,0.2239,60
DMOR,dmor,41.20_-123.10,41.2,-123.1,40.71,-123.703,1505,0.3749,60
DMOR,dmor,41.20_-123.20,41.2,-123.2,40.71,-123.703,1473,0.171,60
DMOR,dmor,41.30_-123.10,41.3,-123.1,40.71,-123.703,1517,0.4241,60
DMOR,dmor,41.40_-122.90,41.4,-122.9,40.71,-123.703,1409,0.25,60
DMOR,dmor,41.40_-123.00,41.4,-123.0,40.71,-123.703,1488,0.2832,60
DMOR,dmor,41.40_-123.10,41.4,-123.1,40.71,-123.703,1434,0.193,60
DMOR,dmor,41.40_-123.20,41.4,-123.2,40.71,-123.703,1529,0.1755,60
DMOR,dmor,41.50_-123.00,41.5,-123.0,40.71,-123.703,1524,0.2044,60
DMOR,dmor,41.50_-123.10,41.5,-123.1,40.71,-123.703,1457,0.2223,60
DONK,donk,47.60_-122.60,47.6,-122.6,48.424,-122.157,1954,0.0897,61
DONK,donk,47.60_-122.80,47.6,-122.8,48.424,-122.157,2319,0.0903,61
DONK,donk,47.70_-122.80,47.7,-122.8,48.424,-122.157,1762,0.1051,61
DONK,donk,47.70_-123.20,47.7,-123.2,48.424,-122.157,2249,0.1594,61
DONK,donk,47.80_-122.90,47.8,-122.9,48.424,-122.157,1907,0.0993,61
DONK,donk,47.80_-123.00,47.8,-123.0,48.424,-122.157,1941,0.1022,61
DONK,donk,47.80_-123.10,47.8,-123.1,48.424,-122.157,2215,0.1097,61
DONK,donk,47.80_-123.20,47.8,-123.2,48.424,-122.157,1706,0.0655,61
DONK,donk,47.80_-123.30,47.8,-123.3,48.424,-122.157,1829,0.1256,61
DONK,donk,47.90_-123.00,47.9,-123.0,48.424,-122.157,2155,0.0978,61
DONK,donk,47.90_-123.40,47.9,-123.4,48.424,-122.157,2301,0.1974,61
DONK,donk,48.00_-123.00,48.0,-123.0,48.424,-122.157,2281,0.1138,61
DONK,donk,48.00_-123.20,48.0,-123.2,48.424,-122.157,2051,0.0641,61
DONK,donk,48.00_-123.30,48.0,-123.3,48.424,-122.157,2302,0.0883,61
DONK,donk,48.10_-123.00,48.1,-123.0,48.424,-122.157,1656,0.1097,61
DONK,donk,48.10_-123.20,48.1,-123.2,48.424,-122.157,2186,0.1524,61
DONK,donk,48.20_-123.00,48.2,-123.0,48.424,-122.157,2206,0.0829,61
DONK,donk,48.30_-123.40,48.3,-123.4,48.424,-122.157,844,0.1915,61
DONK,donk,48.40_-122.80,48.4,-122.8,48.424,-122.157,2348,0.079,61
DONK,donk,48.40_-123.00,48.4,-123.0,48.424,-122.157,1820,0.0924,61
DONK,donk,48.40_-123.10,48.4,-123.1,48.424,-122.157,2143,0.059,61
DONK,donk,48.40_-123.20,48.4,-123.2,48.424,-122.157,2311,0.1649,61
DONK,donk,48.40_-123.30,48.4,-123.3,48.424,-122.157,2282,0.1081,61
DONK,donk,48.50_-123.20,48.5,-123.2,48.424,-122.157,2133,0.0732,61
DONK,donk,48.50_-123.40,48.5,-123.4,48.424,-122.157,2284,0.1389,61
DONK,donk,48.60_-123.30,48.6,-123.3,48.424,-122.157,2246,0.1023,61
DONK,donk,48.60_-123.40,48.6,-123.4,48.424,-122.157,1045,0.2318,61
DONK,donk,48.70_-123.30,48.7,-123.3,48.424,-122.157,2282,0.106,61
DOORS,doors,46.20_-123.20,46.2,-123.2,47.055,-123.257,1731,0.0359,62
DOORS,doors,46.20_-123.30,46.2,-123.3,47.055,-123.257,1731,0.06,62
DOORS,doors,46.30_-123.20,46.3,-123.2,47.055,-123.257,1731,0.088,62
DOORS,doors,46.40_-122.90,46.4,-122.9,47.055,-123.257,1730,0.0651,62
DOORS,doors,46.40_-123.10,46.4,-123.1,47.055,-123.257,1731,0.1089,62
DOORS,doors,46.40_-123.20,46.4,-123.2,47.055,-123.257,1731,0.0542,62
DOORS,doors,46.40_-123.30,46.4,-123.3,47.055,-123.257,1731,0.0537,62
DOORS,doors,46.50_-122.80,46.5,-122.8,47.055,-123.257,1731,0.0413,62
DOORS,doors,46.50_-123.20,46.5,-123.2,47.055,-123.257,1731,0.027,62
DOORS,doors,46.50_-123.40,46.5,-123.4,47.055,-123.257,1701,0.0403,62
DOORS,doors,46.60_-122.70,46.6,-122.7,47.055,-123.257,1729,0.0798,62
DOORS,doors,46.80_-122.60,46.8,-122.6,47.055,-123.257,1727,0.0196,62
DOORS,doors,46.80_-122.70,46.8,-122.7,47.055,-123.257,1730,0.0459,62
DOORS,doors,46.80_-122.80,46.8,-122.8,47.055,-123.257,1731,0.0414,62
DOORS,doors,46.80_-122.90,46.8,-122.9,47.055,-123.257,1731,0.083,62
DOORS,doors,46.80_-123.00,46.8,-123.0,47.055,-123.257,1731,0.0421,62
DOORS,doors,46.80_-123.10,46.8,-123.1,47.055,-123.257,1731,0.0787,62
DOORS,doors,46.80_-123.20,46.8,-123.2,47.055,-123.257,1731,0.0538,62
DOORS,doors,46.90_-122.60,46.9,-122.6,47.055,-123.257,1731,0.0534,62
DOORS,doors,46.90_-122.70,46.9,-122.7,47.055,-123.257,1731,0.0658,62
DOORS,doors,46.90_-122.80,46.9,-122.8,47.055,-123.257,1731,0.0583,62
DOORS,doors,46.90_-123.00,46.9,-123.0,47.055,-123.257,1731,0.041,62
DOORS,doors,47.00_-122.60,47.0,-122.6,47.055,-123.257,1731,0.0319,62
DOORS,doors,47.00_-122.80,47.0,-122.8,47.055,-123.257,1731,0.0548,62
DOORS,doors,47.00_-123.00,47.0,-123.0,47.055,-123.257,1731,0.0481,62
DOORS,doors,47.00_-123.10,47.0,-123.1,47.055,-123.257,1731,0.079,62
DOORS,doors,47.10_-122.60,47.1,-122.6,47.055,-123.257,1729,0.0605,62
DOORS,doors,47.10_-122.80,47.1,-122.8,47.055,-123.257,1731,0.0548,62
DOORS,doors,47.10_-123.00,47.1,-123.0,47.055,-123.257,1731,0.0447,62
DOORS,doors,47.10_-123.10,47.1,-123.1,47.055,-123.257,1731,0.0682,62
DOORS,doors,47.20_-122.60,47.2,-122.6,47.055,-123.257,1731,0.0575,62
DOORS,doors,47.20_-122.70,47.2,-122.7,47.055,-123.257,1731,0.0578,62
DOORS,doors,47.20_-122.80,47.2,-122.8,47.055,-123.257,1731,0.0254,62
DOORS,doors,47.20_-122.90,47.2,-122.9,47.055,-123.257,1731,0.0486,62
DOORS,doors,47.20_-123.00,47.2,-123.0,47.055,-123.257,1731,0.0477,62
DOORS,doors,47.20_-123.30,47.2,-123.3,47.055,-123.257,1731,0.0769,62
DOORS,doors,47.30_-122.60,47.3,-122.6,47.055,-123.257,1731,0.0842,62
DOORS,doors,47.30_-122.80,47.3,-122.8,47.055,-123.257,1731,0.0724,62
DOORS,doors,47.30_-122.90,47.3,-122.9,47.055,-123.257,1731,0.0453,62
DOORS,doors,47.30_-123.00,47.3,-123.0,47.055,-123.257,1731,0.043,62
DOORS,doors,47.30_-123.10,47.3,-123.1,47.055,-123.257,1731,0.0662,62
DOORS,doors,47.30_-123.20,47.3,-123.2,47.055,-123.257,1731,0.0637,62
DOORS,doors,47.40_-122.40,47.4,-122.4,47.055,-123.257,834,0.1336,62
DOORS,doors,47.40_-122.50,47.4,-122.5,47.055,-123.257,1731,0.0761,62
DOORS,doors,47.40_-122.60,47.4,-122.6,47.055,-123.257,1731,0.091,62
DOORS,doors,47.40_-122.70,47.4,-122.7,47.055,-123.257,1731,0.0554,62
DOORS,doors,47.40_-122.80,47.4,-122.8,47.055,-123.257,1731,0.0423,62
DOORS,doors,47.40_-122.90,47.4,-122.9,47.055,-123.257,1731,0.0804,62
DOORS,doors,47.40_-123.00,47.4,-123.0,47.055,-123.257,1731,0.0415,62
DOORS,doors,47.40_-123.10,47.4,-123.1,47.055,-123.257,1731,0.0587,62
DOORS,doors,47.40_-123.20,47.4,-123.2,47.055,-123.257,1731,0.0881,62
DOORS,doors,47.40_-123.30,47.4,-123.3,47.055,-123.257,1730,0.0576,62
DOORS,doors,47.50_-122.20,47.5,-122.2,47.055,-123.257,1731,0.0631,62
DOORS,doors,47.50_-122.60,47.5,-122.6,47.055,-123.257,1731,0.0689,62
DOORS,doors,47.50_-122.80,47.5,-122.8,47.055,-123.257,1731,0.0405,62
DOORS,doors,47.50_-122.90,47.5,-122.9,47.055,-123.257,1731,0.0698,62
DOORS,doors,47.50_-123.00,47.5,-123.0,47.055,-123.257,1731,0.0501,62
DOORS,doors,47.50_-123.10,47.5,-123.1,47.055,-123.257,1726,0.0431,62
DOORS,doors,47.50_-123.20,47.5,-123.2,47.055,-123.257,1731,0.0543,62
DOORS,doors,47.50_-123.40,47.5,-123.4,47.055,-123.257,1731,0.0711,62
DOORS,doors,47.60_-122.60,47.6,-122.6,47.055,-123.257,1731,0.0991,62
DOORS,doors,47.60_-122.70,47.6,-122.7,47.055,-123.257,1731,0.0498,62
DOORS,doors,47.60_-122.80,47.6,-122.8,47.055,-123.257,1731,0.0518,62
DOORS,doors,47.60_-122.90,47.6,-122.9,47.055,-123.257,1731,0.0461,62
DOORS,doors,47.60_-123.00,47.6,-123.0,47.055,-123.257,1731,0.0408,62
DOORS,doors,47.60_-123.10,47.6,-123.1,47.055,-123.257,1731,0.0498,62
DOORS,doors,47.60_-123.20,47.6,-123.2,47.055,-123.257,1731,0.0564,62
DOORS,doors,47.60_-123.30,47.6,-123.3,47.055,-123.257,1731,0.0666,62
DOORS,doors,47.60_-123.40,47.6,-123.4,47.055,-123.257,1731,0.0473,62
DOORS,doors,47.70_-122.90,47.7,-122.9,47.055,-123.257,1731,0.0474,62
DOORS,doors,47.70_-123.00,47.7,-123.0,47.055,-123.257,1731,0.0445,62
DOORS,doors,47.70_-123.10,47.7,-123.1,47.055,-123.257,1731,0.0388,62
DOORS,doors,47.70_-123.20,47.7,-123.2,47.055,-123.257,1731,0.0553,62
DOORS,doors,47.70_-123.30,47.7,-123.3,47.055,-123.257,1577,0.0677,62
DOORS,doors,47.70_-123.40,47.7,-123.4,47.055,-123.257,1731,0.0624,62
DOORS,doors,47.80_-122.70,47.8,-122.7,47.055,-123.257,1731,0.0759,62
DOORS,doors,47.80_-122.80,47.8,-122.8,47.055,-123.257,1731,0.0571,62
DOORS,doors,47.80_-122.90,47.8,-122.9,47.055,-123.257,1731,0.0517,62
DOORS,doors,47.80_-123.00,47.8,-123.0,47.055,-123.257,1731,0.0365,62
DOORS,doors,47.80_-123.10,47.8,-123.1,47.055,-123.257,1731,0.0598,62
DOORS,doors,47.80_-123.20,47.8,-123.2,47.055,-123.257,1731,0.0346,62
DOORS,doors,47.80_-123.30,47.8,-123.3,47.055,-123.257,1731,0.0372,62
DOORS,doors,47.80_-123.50,47.8,-123.5,47.055,-123.257,1731,0.097,62
DOORS,doors,47.90_-123.00,47.9,-123.0,47.055,-123.257,1731,0.0436,62
DOORS,doors,47.90_-123.20,47.9,-123.2,47.055,-123.257,1731,0.0418,62
DOORS,doors,47.90_-123.40,47.9,-123.4,47.055,-123.257,1731,0.0701,62
DOTY,doty,45.90_-122.90,45.9,-122.9,46.705,-123.369,1753,0.0329,63
DOTY,doty,45.90_-123.20,45.9,-123.2,46.705,-123.369,1883,0.0255,63
DOTY,doty,46.00_-123.20,46.0,-123.2,46.705,-123.369,1883,0.0611,63
DOTY,doty,46.10_-123.40,46.1,-123.4,46.705,-123.369,1601,0.0382,63
DOTY,doty,46.20_-122.90,46.2,-122.9,46.705,-123.369,1863,0.0486,63
DOTY,doty,46.20_-123.00,46.2,-123.0,46.705,-123.369,1883,0.0303,63
DOTY,doty,46.30_-123.00,46.3,-123.0,46.705,-123.369,1387,0.0289,63
DOTY,doty,46.50_-123.20,46.5,-123.2,46.705,-123.369,1426,0.0399,63
DOTY,doty,46.90_-122.80,46.9,-122.8,46.705,-123.369,1881,0.0454,63
DOTY,doty,47.00_-122.60,47.0,-122.6,46.705,-123.369,1882,0.0335,63
DOTY,doty,47.00_-122.80,47.0,-122.8,46.705,-123.369,1883,0.0474,63
DOTY,doty,47.20_-122.70,47.2,-122.7,46.705,-123.369,1883,0.0387,63
DOTY,doty,47.20_-122.80,47.2,-122.8,46.705,-123.369,1883,0.029,63
DOTY,doty,47.20_-123.00,47.2,-123.0,46.705,-123.369,1864,0.0334,63
DOTY,doty,47.30_-122.50,47.3,-122.5,46.705,-123.369,1883,0.048,63
DOTY,doty,47.30_-122.60,47.3,-122.6,46.705,-123.369,1883,0.0593,63
DOTY,doty,47.30_-122.90,47.3,-122.9,46.705,-123.369,1826,0.0283,63
DOTY,doty,47.40_-122.70,47.4,-122.7,46.705,-123.369,1406,0.0412,63
DOTY,doty,47.40_-122.80,47.4,-122.8,46.705,-123.369,1883,0.0372,63
DOTY,doty,47.40_-122.90,47.4,-122.9,46.705,-123.369,1883,0.0257,63
DOTY,doty,47.40_-123.00,47.4,-123.0,46.705,-123.369,1875,0.0387,63
DOTY,doty,47.40_-123.20,47.4,-123.2,46.705,-123.369,1883,0.0405,63
DOTY,doty,47.50_-122.70,47.5,-122.7,46.705,-123.369,1883,0.0329,63
DOTY,doty,47.50_-122.80,47.5,-122.8,46.705,-123.369,1883,0.0204,63
DOTY,doty,47.50_-122.90,47.5,-122.9,46.705,-123.369,1866,0.0262,63
DOTY,doty,47.50_-123.00,47.5,-123.0,46.705,-123.369,1883,0.0291,63
DOTY,doty,47.50_-123.20,47.5,-123.2,46.705,-123.369,1204,0.0411,63
DOTY,doty,47.50_-123.30,47.5,-123.3,46.705,-123.369,1883,0.0407,63
DOTY,doty,47.60_-123.20,47.6,-123.2,46.705,-123.369,764,0.0461,63
DRAN,dran,42.80_-123.40,42.8,-123.4,43.697,-123.349,1627,0.1507,64
DRAN,dran,42.80_-123.50,42.8,-123.5,43.697,-123.349,2314,0.2474,64
DRAN,dran,42.80_-123.60,42.8,-123.6,43.697,-123.349,415,0.4692,64
DRAN,dran,42.90_-123.60,42.9,-123.6,43.697,-123.349,2250,0.2417,64
DRAN,dran,42.90_-123.70,42.9,-123.7,43.697,-123.349,2272,0.1586,64
DRAN,dran,42.90_-123.80,42.9,-123.8,43.697,-123.349,2313,0.1648,64
DRAN,dran,43.00_-123.20,43.0,-123.2,43.697,-123.349,1851,0.1131,64
DRAN,dran,43.00_-123.40,43.0,-123.4,43.697,-123.349,1844,0.2392,64
DRAN,dran,43.00_-123.50,43.0,-123.5,43.697,-123.349,2302,0.1732,64
DRAN,dran,43.00_-123.60,43.0,-123.6,43.697,-123.349,2308,0.164,64
DRAN,dran,43.00_-123.80,43.0,-123.8,43.697,-123.349,2308,0.2239,64
DRAN,dran,43.00_-124.00,43.0,-124.0,43.697,-123.349,2312,0.1561,64
DRAN,dran,43.10_-123.40,43.1,-123.4,43.697,-123.349,2311,0.1477,64
DRAN,dran,43.10_-123.60,43.1,-123.6,43.697,-123.349,2308,0.2525,64
DRAN,dran,43.10_-123.70,43.1,-123.7,43.697,-123.349,2296,0.1522,64
DRAN,dran,43.10_-123.80,43.1,-123.8,43.697,-123.349,137,0.3431,64
DRAN,dran,43.20_-123.30,43.2,-123.3,43.697,-123.349,2164,0.2602,64
DRAN,dran,43.20_-123.40,43.2,-123.4,43.697,-123.349,1640,0.1833,64
DRAN,dran,43.20_-123.70,43.2,-123.7,43.697,-123.349,2090,0.2237,64
DRAN,dran,43.20_-123.80,43.2,-123.8,43.697,-123.349,2308,0.2729,64
DRAN,dran,43.30_-123.30,43.3,-123.3,43.697,-123.349,1810,0.2472,64
DRAN,dran,43.40_-123.30,43.4,-123.3,43.697,-123.349,2178,0.1595,64
DRAN,dran,43.40_-123.60,43.4,-123.6,43.697,-123.349,951,0.3239,64
DRAN,dran,43.50_-123.60,43.5,-123.6,43.697,-123.349,2291,0.1726,64
DRAN,dran,43.50_-123.80,43.5,-123.8,43.697,-123.349,2288,0.1707,64
DRAN,dran,43.60_-123.50,43.6,-123.5,43.697,-123.349,2297,0.1768,64
DRAN,dran,43.60_-123.60,43.6,-123.6,43.697,-123.349,2311,0.1387,64
DRAN,dran,43.70_-123.60,43.7,-123.6,43.697,-123.349,2049,0.1608,64
DRAN,dran,43.80_-123.50,43.8,-123.5,43.697,-123.349,2308,0.1684,64
DRAN,dran,43.80_-123.60,43.8,-123.6,43.697,-123.349,2295,0.1693,64
DRAN,dran,43.90_-123.30,43.9,-123.3,43.697,-123.349,666,0.3691,64
DRAN,dran,43.90_-123.70,43.9,-123.7,43.697,-123.349,2114,0.2241,64
DRAN,dran,44.00_-123.20,44.0,-123.2,43.697,-123.349,2285,0.1653,64
DRAN,dran,44.00_-123.30,44.0,-123.3,43.697,-123.349,2312,0.1288,64
DRAN,dran,44.00_-123.60,44.0,-123.6,43.697,-123.349,675,0.3728,64
DRAN,dran,44.00_-123.70,44.0,-123.7,43.697,-123.349,2201,0.1881,64
DRAN,dran,44.00_-123.80,44.0,-123.8,43.697,-123.349,2303,0.1922,64
DRAN,dran,44.10_-123.40,44.1,-123.4,43.697,-123.349,2313,0.1216,64
DRAN,dran,44.10_-123.50,44.1,-123.5,43.697,-123.349,2296,0.2027,64
DRAN,dran,44.10_-123.60,44.1,-123.6,43.697,-123.349,2171,0.1674,64
DRAN,dran,44.10_-123.70,44.1,-123.7,43.697,-123.349,1623,0.2186,64
DRAN,dran,44.20_-123.40,44.2,-123.4,43.697,-123.349,2294,0.1848,64
DRAN,dran,44.40_-123.40,44.4,-123.4,43.697,-123.349,2287,0.1597,64
DRAN,dran,44.40_-123.50,44.4,-123.5,43.697,-123.349,2315,0.158,64
DRAN,dran,44.40_-123.60,44.4,-123.6,43.697,-123.349,2254,0.1427,64
DRAN,dran,44.40_-123.70,44.4,-123.7,43.697,-123.349,2307,0.3516,64
DRAN,dran,44.40_-123.80,44.4,-123.8,43.697,-123.349,2311,0.1489,64
DRAN,dran,44.50_-123.40,44.5,-123.4,43.697,-123.349,2307,0.167,64
DRAN,dran,44.50_-123.60,44.5,-123.6,43.697,-123.349,2317,0.1375,64
DRAN,dran,44.50_-123.80,44.5,-123.8,43.697,-123.349,2314,0.207,64
DRAN,dran,44.60_-123.50,44.6,-123.5,43.697,-123.349,2316,0.2189,64
DRAN,dran,44.60_-123.60,44.6,-123.6,43.697,-123.349,1792,0.1631,64
EAGLE,eagle,46.50_-123.00,46.5,-123.0,47.258,-122.999,1675,0.1857,65
EAGLE,eagle,46.60_-122.80,46.6,-122.8,47.258,-122.999,1691,0.1198,65
EAGLE,eagle,46.60_-123.00,46.6,-123.0,47.258,-122.999,1691,0.0905,65
EAGLE,eagle,46.60_-123.30,46.6,-123.3,47.258,-122.999,1692,0.1445,65
EAGLE,eagle,46.70_-123.10,46.7,-123.1,47.258,-122.999,1659,0.111,65
EAGLE,eagle,46.80_-123.00,46.8,-123.0,47.258,-122.999,1692,0.0655,65
EAGLE,eagle,46.80_-123.10,46.8,-123.1,47.258,-122.999,1692,0.0843,65
EAGLE,eagle,47.00_-122.80,47.0,-122.8,47.258,-122.999,1691,0.0893,65
EAGLE,eagle,47.00_-122.90,47.0,-122.9,47.258,-122.999,1690,0.1288,65
EAGLE,eagle,47.00_-123.20,47.0,-123.2,47.258,-122.999,1691,0.1159,65
EAGLE,eagle,47.10_-122.80,47.1,-122.8,47.258,-122.999,1180,0.1762,65
EAGLE,eagle,47.10_-123.00,47.1,-123.0,47.258,-122.999,1650,0.0785,65
EAGLE,eagle,47.10_-123.20,47.1,-123.2,47.258,-122.999,1583,0.185,65
EAGLE,eagle,47.20_-122.80,47.2,-122.8,47.258,-122.999,974,0.2189,65
EAGLE,eagle,47.20_-123.10,47.2,-123.1,47.258,-122.999,1671,0.0679,65
EAGLE,eagle,47.30_-122.60,47.3,-122.6,47.258,-122.999,1502,0.1559,65
EAGLE,eagle,47.30_-123.20,47.3,-123.2,47.258,-122.999,1692,0.0818,65
EAGLE,eagle,47.40_-122.90,47.4,-122.9,47.258,-122.999,1692,0.0604,65
EAGLE,eagle,47.40_-123.00,47.4,-123.0,47.258,-122.999,1692,0.0875,65
EAGLE,eagle,47.40_-123.10,47.4,-123.1,47.258,-122.999,1690,0.0774,65
EAGLE,eagle,47.50_-122.80,47.5,-122.8,47.258,-122.999,1028,0.1828,65
EAGLE,eagle,47.50_-123.00,47.5,-123.0,47.258,-122.999,1606,0.1334,65
EAGLE,eagle,47.70_-122.60,47.7,-122.6,47.258,-122.999,1692,0.0638,65
EAGLE,eagle,48.00_-123.00,48.0,-123.0,47.258,-122.999,1688,0.1814,65
EAGLE,eagle,48.00_-123.40,48.0,-123.4,47.258,-122.999,1691,0.1365,65
EAGLE,eagle,48.00_-123.50,48.0,-123.5,47.258,-122.999,1691,0.1365,65
FISH,fish,45.00_-123.40,45.0,-123.4,45.931,-123.559,1117,0.124,66
FISH,fish,45.10_-123.10,45.1,-123.1,45.931,-123.559,1154,0.0934,66
FISH,fish,45.20_-123.50,45.2,-123.5,45.931,-123.559,1125,0.0734,66
FISH,fish,45.30_-123.00,45.3,-123.0,45.931,-123.559,1010,0.0585,66
FISH,fish,45.30_-123.60,45.3,-123.6,45.931,-123.559,1147,0.1186,66
FISH,fish,45.40_-123.60,45.4,-123.6,45.931,-123.559,1108,0.1561,66
FISH,fish,45.80_-123.20,45.8,-123.2,45.931,-123.559,1110,0.0469,66
FISH,fish,45.90_-123.10,45.9,-123.1,45.931,-123.559,683,0.1101,66
FISH,fish,46.60_-123.20,46.6,-123.2,45.931,-123.559,1089,0.1095,66
GDR,gdr,49.00_-124.80,49.0,-124.8,49.781,-126.056,1411,0.3191,67
GDR,gdr,49.10_-124.70,49.1,-124.7,49.781,-126.056,688,0.4189,67
GDR,gdr,49.10_-124.90,49.1,-124.9,49.781,-126.056,1669,0.4058,67
GDR,gdr,49.20_-125.00,49.2,-125.0,49.781,-126.056,378,0.5119,67
GDR,gdr,49.20_-125.10,49.2,-125.1,49.781,-126.056,101,0.3594,67
GDR,gdr,49.40_-125.60,49.4,-125.6,49.781,-126.056,820,0.4292,67
GDR,gdr,49.40_-125.70,49.4,-125.7,49.781,-126.056,1840,0.4216,67
GDR,gdr,49.50_-125.60,49.5,-125.6,49.781,-126.056,1494,0.3667,67
GDR,gdr,49.50_-125.70,49.5,-125.7,49.781,-126.056,605,0.4279,67
GDR,gdr,49.50_-126.10,49.5,-126.1,49.781,-126.056,1616,0.3015,67
GDR,gdr,49.60_-126.20,49.6,-126.2,49.781,-126.056,851,0.3244,67
GDR,gdr,49.70_-126.20,49.7,-126.2,49.781,-126.056,245,0.5392,67
GDR,gdr,49.90_-126.30,49.9,-126.3,49.781,-126.056,319,0.5978,67
GDR,gdr,50.00_-126.40,50.0,-126.4,49.781,-126.056,972,0.326,67
GDR,gdr,50.10_-126.60,50.1,-126.6,49.781,-126.056,323,0.8536,67
GDR,gdr,50.10_-126.80,50.1,-126.8,49.781,-126.056,1308,0.4946,67
GHNB,ghnb,48.50_-123.20,48.5,-123.2,49.306,-124.236,1229,0.1394,68
GHNB,ghnb,48.50_-123.30,48.5,-123.3,49.306,-124.236,1131,0.2779,68
GHNB,ghnb,48.50_-123.60,48.5,-123.6,49.306,-124.236,1729,0.2912,68
GHNB,ghnb,48.50_-123.80,48.5,-123.8,49.306,-124.236,1733,0.2115,68
GHNB,ghnb,48.50_-123.90,48.5,-123.9,49.306,-124.236,1431,0.2634,68
GHNB,ghnb,48.50_-124.00,48.5,-124.0,49.306,-124.236,1734,0.1622,68
GHNB,ghnb,48.60_-123.80,48.6,-123.8,49.306,-124.236,1734,0.2178,68
GHNB,ghnb,48.60_-123.90,48.6,-123.9,49.306,-124.236,1723,0.2301,68
GHNB,ghnb,48.60_-124.00,48.6,-124.0,49.306,-124.236,1487,0.2266,68
GHNB,ghnb,48.60_-124.10,48.6,-124.1,49.306,-124.236,1734,0.2306,68
GHNB,ghnb,48.60_-124.20,48.6,-124.2,49.306,-124.236,1734,0.2484,68
GHNB,ghnb,48.60_-124.30,48.6,-124.3,49.306,-124.236,1701,0.1478,68
GHNB,ghnb,48.70_-123.90,48.7,-123.9,49.306,-124.236,1591,0.1833,68
GHNB,ghnb,48.70_-124.00,48.7,-124.0,49.306,-124.236,1733,0.2538,68
GHNB,ghnb,48.80_-123.60,48.8,-123.6,49.306,-124.236,1733,0.2542,68
GHNB,ghnb,48.80_-123.80,48.8,-123.8,49.306,-124.236,1543,0.144,68
GHNB,ghnb,48.80_-123.90,48.8,-123.9,49.306,-124.236,1729,0.1588,68
GHNB,ghnb,48.80_-124.10,48.8,-124.1,49.306,-124.236,1733,0.1841,68
GHNB,ghnb,48.80_-124.40,48.8,-124.4,49.306,-124.236,1732,0.1195,68
GHNB,ghnb,48.90_-124.00,48.9,-124.0,49.306,-124.236,1719,0.1506,68
GHNB,ghnb,48.90_-124.40,48.9,-124.4,49.306,-124.236,1699,0.1797,68
GHNB,ghnb,48.90_-124.80,48.9,-124.8,49.306,-124.236,1700,0.1941,68
GHNB,ghnb,49.00_-124.00,49.0,-124.0,49.306,-124.236,1730,0.2372,68
GHNB,ghnb,49.00_-124.40,49.0,-124.4,49.306,-124.236,1664,0.1705,68
GHNB,ghnb,49.00_-124.50,49.0,-124.5,49.306,-124.236,1726,0.2012,68
GHNB,ghnb,49.00_-124.60,49.0,-124.6,49.306,-124.236,1597,0.2799,68
GHNB,ghnb,49.00_-124.70,49.0,-124.7,49.306,-124.236,889,0.1892,68
GHNB,ghnb,49.00_-124.80,49.0,-124.8,49.306,-124.236,1722,0.1785,68
GHNB,ghnb,49.00_-125.00,49.0,-125.0,49.306,-124.236,1731,0.1444,68
GHNB,ghnb,49.10_-124.80,49.1,-124.8,49.306,-124.236,1733,0.3225,68
GHNB,ghnb,49.10_-125.00,49.1,-125.0,49.306,-124.236,1681,0.2967,68
GHNB,ghnb,49.20_-124.80,49.2,-124.8,49.306,-124.236,1622,0.1064,68
GHNB,ghnb,49.20_-124.90,49.2,-124.9,49.306,-124.236,1699,0.2053,68
GHNB,ghnb,49.20_-125.00,49.2,-125.0,49.306,-124.236,1684,0.1961,68
GHNB,ghnb,49.20_-125.20,49.2,-125.2,49.306,-124.236,1715,0.1443,68
GHNB,ghnb,49.40_-125.20,49.4,-125.2,49.306,-124.236,825,0.4136,68
GROV,grov,44.60_-123.40,44.6,-123.4,45.538,-123.157,2099,0.1071,69
GROV,grov,44.90_-123.60,44.9,-123.6,45.538,-123.157,2068,0.1456,69
GROV,grov,45.10_-123.20,45.1,-123.2,45.538,-123.157,1946,0.1754,69
GROV,grov,45.20_-123.40,45.2,-123.4,45.538,-123.157,1890,0.1749,69
GROV,grov,45.30_-123.20,45.3,-123.2,45.538,-123.157,1912,0.3574,69
GROV,grov,45.40_-123.10,45.4,-123.1,45.538,-123.157,596,0.4305,69
GROV,grov,45.40_-123.40,45.4,-123.4,45.538,-123.157,1545,0.199,69
GROV,grov,45.50_-123.30,45.5,-123.3,45.538,-123.157,2029,0.2276,69
GROV,grov,45.50_-123.40,45.5,-123.4,45.538,-123.157,1879,0.2163,69
GROV,grov,45.70_-123.40,45.7,-123.4,45.538,-123.157,1220,0.3846,69
GROV,grov,45.70_-123.50,45.7,-123.5,45.538,-123.157,246,0.2665,69
GROV,grov,45.80_-123.30,45.8,-123.3,45.538,-123.157,1078,0.1629,69
GROV,grov,45.90_-123.20,45.9,-123.2,45.538,-123.157,2092,0.1512,69
GROV,grov,45.90_-123.30,45.9,-123.3,45.538,-123.157,2109,0.1325,69
GROV,grov,45.90_-123.40,45.9,-123.4,45.538,-123.157,1941,0.1337,69
GROV,grov,46.00_-123.20,46.0,-123.2,45.538,-123.157,2043,0.1185,69
GROV,grov,46.00_-123.30,46.0,-123.3,45.538,-123.157,2109,0.1231,69
GROV,grov,46.40_-123.20,46.4,-123.2,45.538,-123.157,1448,0.1383,69
GRPK,grpk,40.30_-122.70,40.3,-122.7,41.122,-121.994,681,0.1774,70
GRPK,grpk,40.40_-122.70,40.4,-122.7,41.122,-121.994,261,0.146,70
GRPK,grpk,40.50_-122.60,40.5,-122.6,41.122,-121.994,699,0.1067,70
GRPK,grpk,40.60_-122.60,40.6,-122.6,41.122,-121.994,364,0.3202,70
GRPK,grpk,40.60_-122.70,40.6,-122.7,41.122,-121.994,571,0.2335,70
GRPK,grpk,40.60_-122.80,40.6,-122.8,41.122,-121.994,417,0.2832,70
GRPK,grpk,40.70_-122.60,40.7,-122.6,41.122,-121.994,653,0.2021,70
GRPK,grpk,40.70_-122.90,40.7,-122.9,41.122,-121.994,474,0.1952,70
GRPK,grpk,40.80_-122.80,40.8,-122.8,41.122,-121.994,192,0.3036,70
GRPK,grpk,40.80_-123.10,40.8,-123.1,41.122,-121.994,740,0.148,70
GRPK,grpk,40.90_-122.80,40.9,-122.8,41.122,-121.994,244,0.1206,70
GRPK,grpk,40.90_-123.00,40.9,-123.0,41.122,-121.994,410,0.1956,70
GRPK,grpk,41.00_-122.80,41.0,-122.8,41.122,-121.994,582,0.2591,70
GRPK,grpk,41.00_-122.90,41.0,-122.9,41.122,-121.994,212,0.7083,70
GRPK,grpk,41.00_-123.00,41.0,-123.0,41.122,-121.994,729,0.1875,70
GRPK,grpk,41.00_-123.10,41.0,-123.1,41.122,-121.994,355,0.2148,70
GRPK,grpk,41.00_-123.20,41.0,-123.2,41.122,-121.994,249,0.2593,70
GRPK,grpk,41.10_-122.90,41.1,-122.9,41.122,-121.994,263,0.2756,70
GRPK,grpk,41.10_-123.00,41.1,-123.0,41.122,-121.994,751,0.2059,70
GRPK,grpk,41.10_-123.10,41.1,-123.1,41.122,-121.994,686,0.1737,70
GRPK,grpk,41.20_-123.00,41.2,-123.0,41.122,-121.994,430,0.3564,70
GRPK,grpk,41.20_-123.10,41.2,-123.1,41.122,-121.994,254,0.3527,70
GRPK,grpk,41.40_-122.80,41.4,-122.8,41.122,-121.994,455,0.2413,70
GRPK,grpk,41.40_-123.00,41.4,-123.0,41.122,-121.994,334,0.1488,70
GRPK,grpk,41.40_-123.10,41.4,-123.1,41.122,-121.994,794,0.1596,70
GRPK,grpk,41.40_-123.30,41.4,-123.3,41.122,-121.994,198,1.0069,70
GRPK,grpk,41.50_-123.20,41.5,-123.2,41.122,-121.994,344,0.3378,70
GRPK,grpk,41.60_-123.00,41.6,-123.0,41.122,-121.994,281,0.2127,70
GRPK,grpk,41.60_-123.20,41.6,-123.2,41.122,-121.994,479,0.2125,70
GTWY,gtwy,46.50_-123.20,46.5,-123.2,46.74,-121.917,2077,0.0247,71
GTWY,gtwy,46.80_-122.80,46.8,-122.8,46.74,-121.917,2077,0.0255,71
GTWY,gtwy,46.90_-123.00,46.9,-123.0,46.74,-121.917,2077,0.0213,71
GTWY,gtwy,47.00_-122.60,47.0,-122.6,46.74,-121.917,2075,0.0292,71
GTWY,gtwy,47.00_-122.70,47.0,-122.7,46.74,-121.917,2077,0.0346,71
GTWY,gtwy,47.00_-123.00,47.0,-123.0,46.74,-121.917,2077,0.0296,71
GTWY,gtwy,47.10_-122.80,47.1,-122.8,46.74,-121.917,1493,0.0479,71
GTWY,gtwy,47.10_-123.10,47.1,-123.1,46.74,-121.917,335,0.0407,71
GTWY,gtwy,47.20_-122.60,47.2,-122.6,46.74,-121.917,2077,0.0247,71
GTWY,gtwy,47.20_-122.80,47.2,-122.8,46.74,-121.917,2077,0.0365,71
GTWY,gtwy,47.20_-123.00,47.2,-123.0,46.74,-121.917,2058,0.0441,71
GTWY,gtwy,47.30_-122.60,47.3,-122.6,46.74,-121.917,2077,0.0243,71
GTWY,gtwy,47.40_-122.60,47.4,-122.6,46.74,-121.917,2077,0.0268,71
GTWY,gtwy,47.40_-122.80,47.4,-122.8,46.74,-121.917,2077,0.0226,71
GTWY,gtwy,47.40_-123.00,47.4,-123.0,46.74,-121.917,2077,0.0178,71
GTWY,gtwy,47.50_-123.00,47.5,-123.0,46.74,-121.917,1272,0.0376,71
GTWY,gtwy,47.60_-122.70,47.6,-122.7,46.74,-121.917,1740,0.0625,71
GTWY,gtwy,47.60_-122.80,47.6,-122.8,46.74,-121.917,2077,0.0313,71
GTWY,gtwy,47.60_-123.20,47.6,-123.2,46.74,-121.917,2077,0.0367,71
GUEM,guem,47.70_-122.80,47.7,-122.8,48.547,-122.63,1173,0.1082,72
GUEM,guem,47.70_-122.90,47.7,-122.9,48.547,-122.63,296,0.0006,72
GUEM,guem,47.70_-123.40,47.7,-123.4,48.547,-122.63,1242,0.0687,72
GUEM,guem,47.80_-122.60,47.8,-122.6,48.547,-122.63,1627,0.1841,72
GUEM,guem,47.80_-122.70,47.8,-122.7,48.547,-122.63,1628,0.1463,72
GUEM,guem,47.80_-123.00,47.8,-123.0,48.547,-122.63,1640,0.0231,72
GUEM,guem,47.80_-123.10,47.8,-123.1,48.547,-122.63,1626,0.1512,72
GUEM,guem,47.80_-123.20,47.8,-123.2,48.547,-122.63,1628,0.1089,72
GUEM,guem,47.80_-123.30,47.8,-123.3,48.547,-122.63,1624,0.1032,72
GUEM,guem,47.90_-123.20,47.9,-123.2,48.547,-122.63,1627,0.1201,72
GUEM,guem,47.90_-123.30,47.9,-123.3,48.547,-122.63,1626,0.1372,72
GUEM,guem,48.00_-122.80,48.0,-122.8,48.547,-122.63,1607,0.2568,72
GUEM,guem,48.00_-122.90,48.0,-122.9,48.547,-122.63,1623,0.1797,72
GUEM,guem,48.00_-123.20,48.0,-123.2,48.547,-122.63,1627,0.1318,72
GUEM,guem,48.00_-123.30,48.0,-123.3,48.547,-122.63,1627,0.1596,72
GUEM,guem,48.00_-123.60,48.0,-123.6,48.547,-122.63,1626,0.1102,72
GUEM,guem,48.10_-122.80,48.1,-122.8,48.547,-122.63,1904,0.082,72
GUEM,guem,48.10_-123.40,48.1,-123.4,48.547,-122.63,1634,0.1113,72
GUEM,guem,48.10_-123.70,48.1,-123.7,48.547,-122.63,1627,0.1059,72
GUEM,guem,48.20_-123.10,48.2,-123.1,48.547,-122.63,1627,0.0879,72
GUEM,guem,48.20_-123.40,48.2,-123.4,48.547,-122.63,1544,0.0797,72
GUEM,guem,48.20_-123.60,48.2,-123.6,48.547,-122.63,1634,0.0124,72
GUEM,guem,48.20_-123.80,48.2,-123.8,48.547,-122.63,1647,0.0455,72
GUEM,guem,48.30_-122.90,48.3,-122.9,48.547,-122.63,1627,0.137,72
GUEM,guem,48.30_-123.20,48.3,-123.2,48.547,-122.63,483,0.3087,72
GUEM,guem,48.30_-123.40,48.3,-123.4,48.547,-122.63,1627,0.1272,72
GUEM,guem,48.30_-123.60,48.3,-123.6,48.547,-122.63,1881,0.0924,72
GUEM,guem,48.40_-122.80,48.4,-122.8,48.547,-122.63,1650,0.0634,72
GUEM,guem,48.40_-123.10,48.4,-123.1,48.547,-122.63,1628,0.0738,72
GUEM,guem,48.40_-123.30,48.4,-123.3,48.547,-122.63,1727,0.0803,72
GUEM,guem,48.40_-123.60,48.4,-123.6,48.547,-122.63,1628,0.1047,72
GUEM,guem,48.40_-123.80,48.4,-123.8,48.547,-122.63,1647,0.1171,72
GUEM,guem,48.40_-123.90,48.4,-123.9,48.547,-122.63,1626,0.1678,72
GUEM,guem,48.50_-123.00,48.5,-123.0,48.547,-122.63,1575,0.1609,72
GUEM,guem,48.50_-123.30,48.5,-123.3,48.547,-122.63,1621,0.0422,72
GUEM,guem,48.50_-123.60,48.5,-123.6,48.547,-122.63,1627,0.1487,72
GUEM,guem,48.50_-123.70,48.5,-123.7,48.547,-122.63,126,0.2091,72
GUEM,guem,48.50_-123.80,48.5,-123.8,48.547,-122.63,1904,0.03,72
GUEM,guem,48.60_-123.30,48.6,-123.3,48.547,-122.63,1624,0.0911,72
GUEM,guem,48.70_-123.60,48.7,-123.6,48.547,-122.63,1627,0.1181,72
GUEM,guem,48.70_-123.80,48.7,-123.8,48.547,-122.63,1627,0.1823,72
GUEM,guem,48.80_-123.70,48.8,-123.7,48.547,-122.63,1627,0.1428,72
GUEM,guem,48.80_-123.80,48.8,-123.8,48.547,-122.63,1640,0.1089,72
GUEM,guem,48.90_-123.80,48.9,-123.8,48.547,-122.63,1629,0.0734,72
GUEM,guem,48.90_-123.90,48.9,-123.9,48.547,-122.63,39,0.0724,72
GUEM,guem,49.00_-123.80,49.0,-123.8,48.547,-122.63,1904,0.0607,72
GUEM,guem,49.00_-123.90,49.0,-123.9,48.547,-122.63,1642,0.0299,72
GUEM,guem,49.00_-124.00,49.0,-124.0,48.547,-122.63,1515,0.1037,72
GUMB,gumb,40.40_-122.40,40.4,-122.4,41.213,-122.509,210,0.486,73
GUMB,gumb,40.40_-122.60,40.4,-122.6,41.213,-122.509,203,0.3081,73
GUMB,gumb,40.40_-122.80,40.4,-122.8,41.213,-122.509,101,0.5178,73
GUMB,gumb,40.60_-123.00,40.6,-123.0,41.213,-122.509,521,0.404,73
GUMB,gumb,40.70_-123.00,40.7,-123.0,41.213,-122.509,216,0.2634,73
GUMB,gumb,40.80_-122.80,40.8,-122.8,41.213,-122.509,133,0.252,73
GUMB,gumb,40.80_-123.00,40.8,-123.0,41.213,-122.509,544,0.4397,73
GUMB,gumb,40.90_-123.00,40.9,-123.0,41.213,-122.509,498,0.3242,73
GUMB,gumb,40.90_-123.10,40.9,-123.1,41.213,-122.509,783,0.383,73
GUMB,gumb,41.00_-122.70,41.0,-122.7,41.213,-122.509,569,0.4409,73
GUMB,gumb,41.00_-122.80,41.0,-122.8,41.213,-122.509,736,0.264,73
GUMB,gumb,41.00_-122.90,41.0,-122.9,41.213,-122.509,137,0.1386,73
GUMB,gumb,41.00_-123.00,41.0,-123.0,41.213,-122.509,205,0.1959,73
GUMB,gumb,41.10_-123.00,41.1,-123.0,41.213,-122.509,456,0.3869,73
GUMB,gumb,41.10_-123.10,41.1,-123.1,41.213,-122.509,265,0.4723,73
GUMB,gumb,41.10_-123.20,41.1,-123.2,41.213,-122.509,192,0.4285,73
GUMB,gumb,41.20_-123.00,41.2,-123.0,41.213,-122.509,529,0.3358,73
GUMB,gumb,41.30_-123.10,41.3,-123.1,41.213,-122.509,725,0.4253,73
GUMB,gumb,41.30_-123.20,41.3,-123.2,41.213,-122.509,206,0.2756,73
GUMB,gumb,41.40_-123.00,41.4,-123.0,41.213,-122.509,446,0.3157,73
GUMB,gumb,41.40_-123.10,41.4,-123.1,41.213,-122.509,133,0.3458,73
GUMB,gumb,41.40_-123.20,41.4,-123.2,41.213,-122.509,173,0.3918,73
GUMB,gumb,41.50_-123.00,41.5,-123.0,41.213,-122.509,338,0.2161,73
GUMB,gumb,41.50_-123.10,41.5,-123.1,41.213,-122.509,295,0.4219,73
GUMB,gumb,41.50_-123.20,41.5,-123.2,41.213,-122.509,168,0.3462,73
GUMB,gumb,41.50_-123.40,41.5,-123.4,41.213,-122.509,342,0.3069,73
GUMB,gumb,41.60_-123.00,41.6,-123.0,41.213,-122.509,321,0.251,73
GUMB,gumb,41.60_-123.30,41.6,-123.3,41.213,-122.509,611,0.2762,73
GUMB,gumb,41.60_-123.40,41.6,-123.4,41.213,-122.509,622,0.4695,73
GUMB,gumb,41.70_-123.40,41.7,-123.4,41.213,-122.509,293,0.5553,73
GUMB,gumb,41.80_-123.40,41.8,-123.4,41.213,-122.509,265,0.3316,73
HANS,hans,47.10_-122.90,47.1,-122.9,47.907,-122.569,1873,0.1259,74
HANS,hans,47.40_-122.90,47.4,-122.9,47.907,-122.569,1873,0.1164,74
HANS,hans,47.40_-123.00,47.4,-123.0,47.907,-122.569,1873,0.1259,74
HANS,hans,47.50_-123.00,47.5,-123.0,47.907,-122.569,1873,0.087,74
HANS,hans,47.50_-123.10,47.5,-123.1,47.907,-122.569,1873,0.1312,74
HANS,hans,47.50_-123.20,47.5,-123.2,47.907,-122.569,1873,0.1925,74
HANS,hans,47.60_-122.60,47.6,-122.6,47.907,-122.569,1873,0.1541,74
HANS,hans,47.60_-123.00,47.6,-123.0,47.907,-122.569,1873,0.1503,74
HANS,hans,47.60_-123.20,47.6,-123.2,47.907,-122.569,1199,0.2324,74
HANS,hans,47.60_-123.40,47.6,-123.4,47.907,-122.569,1873,0.126,74
HANS,hans,47.70_-123.20,47.7,-123.2,47.907,-122.569,1873,0.1953,74
HANS,hans,47.80_-123.00,47.8,-123.0,47.907,-122.569,1873,0.1136,74
HANS,hans,47.80_-123.10,47.8,-123.1,47.907,-122.569,1873,0.1206,74
HANS,hans,47.80_-123.20,47.8,-123.2,47.907,-122.569,1852,0.1366,74
HANS,hans,47.80_-123.30,47.8,-123.3,47.907,-122.569,1873,0.118,74
HANS,hans,47.90_-123.00,47.9,-123.0,47.907,-122.569,1873,0.1566,74
HANS,hans,47.90_-123.20,47.9,-123.2,47.907,-122.569,1873,0.1008,74
HANS,hans,47.90_-123.30,47.9,-123.3,47.907,-122.569,1873,0.1136,74
HANS,hans,47.90_-123.40,47.9,-123.4,47.907,-122.569,1873,0.1286,74
HANS,hans,48.00_-122.80,48.0,-122.8,47.907,-122.569,1873,0.126,74
HANS,hans,48.00_-122.90,48.0,-122.9,47.907,-122.569,1873,0.1375,74
HANS,hans,48.00_-123.00,48.0,-123.0,47.907,-122.569,1873,0.0821,74
HANS,hans,48.00_-123.10,48.0,-123.1,47.907,-122.569,1873,0.1224,74
HANS,hans,48.00_-123.20,48.0,-123.2,47.907,-122.569,1873,0.1302,74
HANS,hans,48.00_-123.40,48.0,-123.4,47.907,-122.569,1873,0.2001,74
HANS,hans,48.00_-123.50,48.0,-123.5,47.907,-122.569,1873,0.1356,74
HANS,hans,48.10_-122.80,48.1,-122.8,47.907,-122.569,1873,0.1512,74
HANS,hans,48.10_-123.00,48.1,-123.0,47.907,-122.569,1873,0.0988,74
HANS,hans,48.10_-123.60,48.1,-123.6,47.907,-122.569,1572,0.182,74
HANS,hans,48.10_-123.80,48.1,-123.8,47.907,-122.569,1868,0.1592,74
HANS,hans,48.20_-122.90,48.2,-122.9,47.907,-122.569,1873,0.1743,74
HANS,hans,48.20_-123.00,48.2,-123.0,47.907,-122.569,1873,0.1307,74
HANS,hans,48.20_-123.40,48.2,-123.4,47.907,-122.569,1873,0.1249,74
HANS,hans,48.20_-123.60,48.2,-123.6,47.907,-122.569,1548,0.26,74
HANS,hans,48.20_-123.70,48.2,-123.7,47.907,-122.569,1813,0.1685,74
HANS,hans,48.30_-122.80,48.3,-122.8,47.907,-122.569,1872,0.1658,74
HANS,hans,48.30_-123.00,48.3,-123.0,47.907,-122.569,1873,0.114,74
HANS,hans,48.30_-123.90,48.3,-123.9,47.907,-122.569,1372,0.1595,74
HANS,hans,48.40_-122.80,48.4,-122.8,47.907,-122.569,1873,0.1384,74
HANS,hans,48.40_-122.90,48.4,-122.9,47.907,-122.569,1076,0.2319,74
HANS,hans,48.40_-123.10,48.4,-123.1,47.907,-122.569,1873,0.0828,74
HANS,hans,48.40_-123.60,48.4,-123.6,47.907,-122.569,1873,0.1228,74
HANS,hans,48.40_-123.70,48.4,-123.7,47.907,-122.569,1873,0.1278,74
HANS,hans,48.40_-123.80,48.4,-123.8,47.907,-122.569,1873,0.1093,74
HANS,hans,48.50_-123.50,48.5,-123.5,47.907,-122.569,1873,0.1297,74
HANS,hans,48.50_-123.60,48.5,-123.6,47.907,-122.569,1873,0.0955,74
HANS,hans,48.50_-123.80,48.5,-123.8,47.907,-122.569,1873,0.1027,74
HANS,hans,48.50_-123.90,48.5,-123.9,47.907,-122.569,1858,0.1234,74
HANS,hans,48.60_-123.20,48.6,-123.2,47.907,-122.569,518,0.3407,74
HANS,hans,48.60_-123.80,48.6,-123.8,47.907,-122.569,1871,0.158,74
HANS,hans,48.60_-123.90,48.6,-123.9,47.907,-122.569,1857,0.1408,74
HANS,hans,48.70_-123.80,48.7,-123.8,47.907,-122.569,1873,0.12,74
HANS,hans,48.80_-123.60,48.8,-123.6,47.907,-122.569,1873,0.1208,74
HANS,hans,48.80_-123.80,48.8,-123.8,47.907,-122.569,1872,0.148,74
HANS,hans,48.80_-123.90,48.8,-123.9,47.907,-122.569,1873,0.1628,74
HAYF,hayf,40.10_-122.40,40.1,-122.4,40.523,-123.232,1864,0.2567,75
HAYF,hayf,40.10_-122.70,40.1,-122.7,40.523,-123.232,2347,0.2394,75
HAYF,hayf,40.20_-122.30,40.2,-122.3,40.523,-123.232,1808,0.1415,75
HAYF,hayf,40.20_-122.60,40.2,-122.6,40.523,-123.232,2347,0.091,75
HAYF,hayf,40.40_-122.50,40.4,-122.5,40.523,-123.232,2347,0.1092,75
HAYF,hayf,40.40_-122.60,40.4,-122.6,40.523,-123.232,2347,0.0738,75
HAYF,hayf,40.40_-122.70,40.4,-122.7,40.523,-123.232,2347,0.1326,75
HAYF,hayf,40.50_-122.40,40.5,-122.4,40.523,-123.232,2347,0.114,75
HAYF,hayf,40.50_-122.50,40.5,-122.5,40.523,-123.232,2347,0.1418,75
HAYF,hayf,40.50_-122.60,40.5,-122.6,40.523,-123.232,2347,0.1123,75
HAYF,hayf,40.50_-122.70,40.5,-122.7,40.523,-123.232,2347,0.1847,75
HAYF,hayf,40.50_-122.80,40.5,-122.8,40.523,-123.232,2347,0.1009,75
HAYF,hayf,40.60_-122.60,40.6,-122.6,40.523,-123.232,2348,0.0915,75
HAYF,hayf,40.60_-122.90,40.6,-122.9,40.523,-123.232,2334,0.0876,75
HAYF,hayf,40.70_-122.60,40.7,-122.6,40.523,-123.232,2342,0.1092,75
HAYF,hayf,40.70_-122.80,40.7,-122.8,40.523,-123.232,2343,0.0956,75
HAYF,hayf,40.80_-122.60,40.8,-122.6,40.523,-123.232,2347,0.1057,75
HAYF,hayf,40.80_-122.70,40.8,-122.7,40.523,-123.232,2347,0.1034,75
HAYF,hayf,40.80_-122.80,40.8,-122.8,40.523,-123.232,2343,0.1115,75
HAYF,hayf,40.80_-122.90,40.8,-122.9,40.523,-123.232,2347,0.0863,75
HAYF,hayf,40.80_-123.00,40.8,-123.0,40.523,-123.232,2346,0.1714,75
HAYF,hayf,40.80_-123.20,40.8,-123.2,40.523,-123.232,1430,0.1483,75
HAYF,hayf,40.90_-122.70,40.9,-122.7,40.523,-123.232,2342,0.0864,75
HAYF,hayf,40.90_-122.80,40.9,-122.8,40.523,-123.232,2347,0.0784,75
HAYF,hayf,40.90_-123.00,40.9,-123.0,40.523,-123.232,2347,0.1926,75
HAYF,hayf,40.90_-123.10,40.9,-123.1,40.523,-123.232,2347,0.0757,75
HAYF,hayf,40.90_-123.20,40.9,-123.2,40.523,-123.232,2347,0.1343,75
HAYF,hayf,41.00_-122.80,41.0,-122.8,40.523,-123.232,2347,0.0767,75
HAYF,hayf,41.00_-122.90,41.0,-122.9,40.523,-123.232,2347,0.1456,75
HAYF,hayf,41.00_-123.00,41.0,-123.0,40.523,-123.232,2347,0.2201,75
HAYF,hayf,41.00_-123.10,41.0,-123.1,40.523,-123.232,2347,0.0957,75
HAYF,hayf,41.00_-123.20,41.0,-123.2,40.523,-123.232,2347,0.1396,75
HAYF,hayf,41.00_-123.40,41.0,-123.4,40.523,-123.232,2347,0.0981,75
HAYF,hayf,41.10_-122.80,41.1,-122.8,40.523,-123.232,2346,0.1838,75
HAYF,hayf,41.10_-122.90,41.1,-122.9,40.523,-123.232,2347,0.0961,75
HAYF,hayf,41.10_-123.00,41.1,-123.0,40.523,-123.232,2347,0.123,75
HAYF,hayf,41.10_-123.10,41.1,-123.1,40.523,-123.232,2347,0.1453,75
HAYF,hayf,41.10_-123.20,41.1,-123.2,40.523,-123.232,2347,0.126,75
HAYF,hayf,41.20_-122.60,41.2,-122.6,40.523,-123.232,2347,0.1257,75
HAYF,hayf,41.20_-122.80,41.2,-122.8,40.523,-123.232,2347,0.1033,75
HAYF,hayf,41.20_-122.90,41.2,-122.9,40.523,-123.232,2347,0.0928,75
HAYF,hayf,41.20_-123.00,41.2,-123.0,40.523,-123.232,2347,0.0765,75
HAYF,hayf,41.20_-123.10,41.2,-123.1,40.523,-123.232,2347,0.1044,75
HAYF,hayf,41.20_-123.20,41.2,-123.2,40.523,-123.232,2347,0.1769,75
HAYF,hayf,41.30_-122.80,41.3,-122.8,40.523,-123.232,2334,0.346,75
HAYF,hayf,41.30_-123.00,41.3,-123.0,40.523,-123.232,2347,0.1156,75
HAYF,hayf,41.30_-123.10,41.3,-123.1,40.523,-123.232,2347,0.077,75
HAYF,hayf,41.30_-123.20,41.3,-123.2,40.523,-123.232,2347,0.1446,75
HAYF,hayf,41.40_-122.80,41.4,-122.8,40.523,-123.232,2347,0.2101,75
HAYF,hayf,41.40_-123.00,41.4,-123.0,40.523,-123.232,2348,0.0955,75
HAYF,hayf,41.40_-123.10,41.4,-123.1,40.523,-123.232,326,0.2083,75
HAYF,hayf,41.40_-123.20,41.4,-123.2,40.523,-123.232,2347,0.0801,75
HAYF,hayf,41.40_-123.30,41.4,-123.3,40.523,-123.232,2334,0.164,75
HBUG,hbug,41.80_-123.20,41.8,-123.2,42.641,-124.379,2188,0.1364,76
HBUG,hbug,41.80_-123.40,41.8,-123.4,42.641,-124.379,2188,0.1093,76
HBUG,hbug,41.90_-123.20,41.9,-123.2,42.641,-124.379,2187,0.1212,76
HBUG,hbug,42.00_-123.20,42.0,-123.2,42.641,-124.379,2081,0.1236,76
HBUG,hbug,42.00_-123.40,42.0,-123.4,42.641,-124.379,2179,0.0935,76
HBUG,hbug,42.10_-123.10,42.1,-123.1,42.641,-124.379,2188,0.1486,76
HBUG,hbug,42.10_-123.20,42.1,-123.2,42.641,-124.379,2188,0.1203,76
HBUG,hbug,42.10_-123.30,42.1,-123.3,42.641,-124.379,1379,0.2904,76
HBUG,hbug,42.10_-123.40,42.1,-123.4,42.641,-124.379,2175,0.1492,76
HBUG,hbug,42.20_-123.20,42.2,-123.2,42.641,-124.379,2188,0.1108,76
HBUG,hbug,42.20_-123.30,42.2,-123.3,42.641,-124.379,2188,0.1057,76
HBUG,hbug,42.20_-123.40,42.2,-123.4,42.641,-124.379,2188,0.1281,76
HBUG,hbug,42.20_-123.50,42.2,-123.5,42.641,-124.379,2188,0.1079,76
HBUG,hbug,42.20_-123.60,42.2,-123.6,42.641,-124.379,2187,0.1413,76
HBUG,hbug,42.30_-123.30,42.3,-123.3,42.641,-124.379,2188,0.151,76
HBUG,hbug,42.30_-123.40,42.3,-123.4,42.641,-124.379,2150,0.1899,76
HBUG,hbug,42.40_-123.10,42.4,-123.1,42.641,-124.379,2186,0.1421,76
HBUG,hbug,42.40_-123.20,42.4,-123.2,42.641,-124.379,2188,0.1216,76
HBUG,hbug,42.40_-123.30,42.4,-123.3,42.641,-124.379,2188,0.092,76
HBUG,hbug,42.40_-123.40,42.4,-123.4,42.641,-124.379,2188,0.1197,76
HBUG,hbug,42.40_-123.50,42.4,-123.5,42.641,-124.379,2188,0.0986,76
HBUG,hbug,42.40_-123.60,42.4,-123.6,42.641,-124.379,2188,0.1174,76
HBUG,hbug,42.40_-123.70,42.4,-123.7,42.641,-124.379,2188,0.1143,76
HBUG,hbug,42.40_-123.80,42.4,-123.8,42.641,-124.379,398,0.317,76
HBUG,hbug,42.50_-123.20,42.5,-123.2,42.641,-124.379,2184,0.2716,76
HBUG,hbug,42.50_-123.40,42.5,-123.4,42.641,-124.379,2108,0.2061,76
HBUG,hbug,42.50_-123.50,42.5,-123.5,42.641,-124.379,2188,0.1272,76
HBUG,hbug,42.50_-123.60,42.5,-123.6,42.641,-124.379,2188,0.1149,76
HBUG,hbug,42.60_-123.30,42.6,-123.3,42.641,-124.379,2188,0.1082,76
HBUG,hbug,42.60_-123.40,42.6,-123.4,42.641,-124.379,2188,0.1299,76
HBUG,hbug,42.60_-123.60,42.6,-123.6,42.641,-124.379,2188,0.1371,76
HBUG,hbug,42.70_-123.40,42.7,-123.4,42.641,-124.379,2188,0.0816,76
HBUG,hbug,42.70_-123.60,42.7,-123.6,42.641,-124.379,2188,0.1594,76
HBUG,hbug,42.80_-123.30,42.8,-123.3,42.641,-124.379,2133,0.175,76
HBUG,hbug,42.80_-123.40,42.8,-123.4,42.641,-124.379,2188,0.1207,76
HBUG,hbug,42.80_-123.50,42.8,-123.5,42.641,-124.379,2188,0.0943,76
HBUG,hbug,42.80_-123.60,42.8,-123.6,42.641,-124.379,2188,0.1441,76
HBUG,hbug,43.00_-123.60,43.0,-123.6,42.641,-124.379,2188,0.1043,76
HBUG,hbug,43.00_-123.70,43.0,-123.7,42.641,-124.379,2147,0.1278,76
HBUG,hbug,43.00_-123.80,43.0,-123.8,42.641,-124.379,2188,0.1748,76
HBUG,hbug,43.10_-123.40,43.1,-123.4,42.641,-124.379,2188,0.1409,76
HBUG,hbug,43.10_-123.50,43.1,-123.5,42.641,-124.379,2188,0.1054,76
HBUG,hbug,43.10_-123.60,43.1,-123.6,42.641,-124.379,2188,0.1339,76
HBUG,hbug,43.20_-123.40,43.2,-123.4,42.641,-124.379,2186,0.1042,76
HBUG,hbug,43.20_-123.60,43.2,-123.6,42.641,-124.379,1103,0.1712,76
HBUG,hbug,43.40_-123.40,43.4,-123.4,42.641,-124.379,2188,0.1623,76
HBUG,hbug,43.40_-123.50,43.4,-123.5,42.641,-124.379,2188,0.1714,76
HBUG,hbug,43.40_-123.70,43.4,-123.7,42.641,-124.379,2188,0.1597,76
HBUG,hbug,43.40_-123.80,43.4,-123.8,42.641,-124.379,2188,0.1572,76
HBUG,hbug,43.50_-123.80,43.5,-123.8,42.641,-124.379,2188,0.1184,76
HEBO,hebo,44.40_-123.60,44.4,-123.6,45.214,-123.755,224,0.4528,77
HEBO,hebo,44.50_-123.50,44.5,-123.5,45.214,-123.755,221,0.4343,77
HEBO,hebo,44.90_-123.60,44.9,-123.6,45.214,-123.755,218,0.3801,77
HEBO,hebo,45.00_-123.30,45.0,-123.3,45.214,-123.755,224,0.6841,77
HEBO,hebo,45.00_-123.60,45.0,-123.6,45.214,-123.755,229,0.6343,77
HEBO,hebo,45.40_-123.30,45.4,-123.3,45.214,-123.755,59,0.445,77
HEBO,hebo,45.50_-123.00,45.5,-123.0,45.214,-123.755,13,1.1349,77
HEBO,hebo,45.60_-123.40,45.6,-123.4,45.214,-123.755,12,0.3932,77
HEBO,hebo,45.80_-123.00,45.8,-123.0,45.214,-123.755,177,0.2944,77
HEBO,hebo,45.90_-123.20,45.9,-123.2,45.214,-123.755,16,0.9483,77
HILL,hill,47.60_-122.70,47.6,-122.7,48.388,-122.447,2131,0.0637,78
HILL,hill,47.60_-122.80,47.6,-122.8,48.388,-122.447,2133,0.1102,78
HILL,hill,47.70_-122.60,47.7,-122.6,48.388,-122.447,2133,0.056,78
HILL,hill,47.70_-122.80,47.7,-122.8,48.388,-122.447,2133,0.0987,78
HILL,hill,47.70_-123.30,47.7,-123.3,48.388,-122.447,2131,0.0536,78
HILL,hill,47.80_-123.20,47.8,-123.2,48.388,-122.447,1511,0.0947,78
HILL,hill,47.80_-123.40,47.8,-123.4,48.388,-122.447,2037,0.137,78
HILL,hill,47.90_-123.50,47.9,-123.5,48.388,-122.447,2129,0.0789,78
HILL,hill,48.00_-123.00,48.0,-123.0,48.388,-122.447,2133,0.0644,78
HILL,hill,48.00_-123.20,48.0,-123.2,48.388,-122.447,2133,0.086,78
HILL,hill,48.00_-123.50,48.0,-123.5,48.388,-122.447,2132,0.0643,78
HILL,hill,48.00_-123.60,48.0,-123.6,48.388,-122.447,2133,0.1059,78
HILL,hill,48.10_-123.00,48.1,-123.0,48.388,-122.447,2133,0.045,78
HILL,hill,48.10_-123.40,48.1,-123.4,48.388,-122.447,2133,0.0727,78
HILL,hill,48.20_-122.90,48.2,-122.9,48.388,-122.447,2122,0.074,78
HILL,hill,48.20_-123.00,48.2,-123.0,48.388,-122.447,2131,0.0698,78
HILL,hill,48.20_-123.10,48.2,-123.1,48.388,-122.447,2061,0.1384,78
HILL,hill,48.20_-123.30,48.2,-123.3,48.388,-122.447,2133,0.0737,78
HILL,hill,48.20_-123.40,48.2,-123.4,48.388,-122.447,2133,0.1139,78
HILL,hill,48.20_-123.60,48.2,-123.6,48.388,-122.447,2133,0.0835,78
HILL,hill,48.20_-123.70,48.2,-123.7,48.388,-122.447,2133,0.0592,78
HILL,hill,48.30_-123.00,48.3,-123.0,48.388,-122.447,1851,0.1087,78
HILL,hill,48.30_-123.20,48.3,-123.2,48.388,-122.447,2133,0.0728,78
HILL,hill,48.30_-123.60,48.3,-123.6,48.388,-122.447,2133,0.046,78
HILL,hill,48.30_-123.80,48.3,-123.8,48.388,-122.447,2105,0.1496,78
HILL,hill,48.40_-122.80,48.4,-122.8,48.388,-122.447,2133,0.0695,78
HILL,hill,48.40_-123.10,48.4,-123.1,48.388,-122.447,2133,0.0527,78
HILL,hill,48.50_-123.20,48.5,-123.2,48.388,-122.447,2133,0.0627,78
HILL,hill,48.50_-123.60,48.5,-123.6,48.388,-122.447,2133,0.0682,78
HILL,hill,48.60_-123.20,48.6,-123.2,48.388,-122.447,2133,0.0636,78
HILL,hill,48.60_-123.30,48.6,-123.3,48.388,-122.447,2133,0.0853,78
HILL,hill,48.60_-123.60,48.6,-123.6,48.388,-122.447,2133,0.0825,78
HILL,hill,48.60_-123.70,48.6,-123.7,48.388,-122.447,2133,0.0693,78
HILL,hill,48.60_-123.80,48.6,-123.8,48.388,-122.447,2133,0.0703,78
HILL,hill,48.70_-123.60,48.7,-123.6,48.388,-122.447,2126,0.0693,78
HILL,hill,48.70_-123.70,48.7,-123.7,48.388,-122.447,2133,0.0889,78
HILL,hill,48.80_-123.60,48.8,-123.6,48.388,-122.447,2133,0.0929,78
HILL,hill,48.80_-123.70,48.8,-123.7,48.388,-122.447,2133,0.0659,78
HILL,hill,48.90_-123.80,48.9,-123.8,48.388,-122.447,1356,0.1135,78
IRYS,irys,43.00_-123.20,43.0,-123.2,43.886,-123.257,2276,0.1611,79
IRYS,irys,43.00_-123.50,43.0,-123.5,43.886,-123.257,2252,0.1623,79
IRYS,irys,43.00_-123.60,43.0,-123.6,43.886,-123.257,2266,0.1319,79
IRYS,irys,43.10_-123.40,43.1,-123.4,43.886,-123.257,2279,0.1515,79
IRYS,irys,43.10_-123.50,43.1,-123.5,43.886,-123.257,2224,0.1311,79
IRYS,irys,43.20_-123.40,43.2,-123.4,43.886,-123.257,1515,0.2473,79
IRYS,irys,43.20_-123.50,43.2,-123.5,43.886,-123.257,2299,0.1208,79
IRYS,irys,43.20_-123.60,43.2,-123.6,43.886,-123.257,1972,0.1707,79
IRYS,irys,43.20_-123.80,43.2,-123.8,43.886,-123.257,2301,0.1389,79
IRYS,irys,43.30_-123.60,43.3,-123.6,43.886,-123.257,2138,0.2282,79
IRYS,irys,43.40_-123.40,43.4,-123.4,43.886,-123.257,2301,0.1611,79
IRYS,irys,43.40_-123.60,43.4,-123.6,43.886,-123.257,2205,0.141,79
IRYS,irys,43.40_-123.70,43.4,-123.7,43.886,-123.257,2146,0.2997,79
IRYS,irys,43.40_-123.90,43.4,-123.9,43.886,-123.257,2202,0.1773,79
IRYS,irys,43.50_-123.30,43.5,-123.3,43.886,-123.257,1847,0.1495,79
IRYS,irys,43.50_-123.50,43.5,-123.5,43.886,-123.257,1888,0.1628,79
IRYS,irys,43.50_-123.60,43.5,-123.6,43.886,-123.257,2303,0.1363,79
IRYS,irys,43.60_-123.30,43.6,-123.3,43.886,-123.257,2266,0.1512,79
IRYS,irys,43.60_-123.40,43.6,-123.4,43.886,-123.257,2126,0.2091,79
IRYS,irys,43.60_-123.60,43.6,-123.6,43.886,-123.257,2283,0.14,79
IRYS,irys,43.70_-123.50,43.7,-123.5,43.886,-123.257,1305,0.2515,79
IRYS,irys,43.80_-123.40,43.8,-123.4,43.886,-123.257,2298,0.1654,79
IRYS,irys,43.80_-123.60,43.8,-123.6,43.886,-123.257,2280,0.2031,79
IRYS,irys,44.10_-123.60,44.1,-123.6,43.886,-123.257,2301,0.1778,79
IRYS,irys,44.80_-123.40,44.8,-123.4,43.886,-123.257,2302,0.1195,79
IRYS,irys,44.80_-123.50,44.8,-123.5,43.886,-123.257,280,0.3907,79
JEDS,jeds,42.80_-123.40,42.8,-123.4,43.752,-124.049,980,0.1258,80
JEDS,jeds,42.80_-123.50,42.8,-123.5,43.752,-124.049,979,0.1308,80
JEDS,jeds,42.80_-123.60,42.8,-123.6,43.752,-124.049,980,0.098,80
JEDS,jeds,42.80_-123.80,42.8,-123.8,43.752,-124.049,980,0.1741,80
JEDS,jeds,42.90_-123.20,42.9,-123.2,43.752,-124.049,980,0.16,80
JEDS,jeds,42.90_-123.30,42.9,-123.3,43.752,-124.049,980,0.1561,80
JEDS,jeds,42.90_-123.40,42.9,-123.4,43.752,-124.049,980,0.1335,80
JEDS,jeds,42.90_-123.50,42.9,-123.5,43.752,-124.049,980,0.184,80
JEDS,jeds,42.90_-123.60,42.9,-123.6,43.752,-124.049,980,0.0812,80
JEDS,jeds,42.90_-123.70,42.9,-123.7,43.752,-124.049,974,0.323,80
JEDS,jeds,42.90_-123.80,42.9,-123.8,43.752,-124.049,980,0.0964,80
JEDS,jeds,43.00_-123.20,43.0,-123.2,43.752,-124.049,980,0.1108,80
JEDS,jeds,43.00_-123.30,43.0,-123.3,43.752,-124.049,980,0.2941,80
JEDS,jeds,43.00_-123.40,43.0,-123.4,43.752,-124.049,980,0.1146,80
JEDS,jeds,43.00_-123.50,43.0,-123.5,43.752,-124.049,980,0.1186,80
JEDS,jeds,43.00_-123.60,43.0,-123.6,43.752,-124.049,980,0.1013,80
JEDS,jeds,43.00_-123.70,43.0,-123.7,43.752,-124.049,980,0.2066,80
JEDS,jeds,43.00_-123.80,43.0,-123.8,43.752,-124.049,980,0.0866,80
JEDS,jeds,43.10_-123.20,43.1,-123.2,43.752,-124.049,980,0.1567,80
JEDS,jeds,43.10_-123.30,43.1,-123.3,43.752,-124.049,980,0.0981,80
JEDS,jeds,43.10_-123.40,43.1,-123.4,43.752,-124.049,980,0.2009,80
JEDS,jeds,43.10_-123.50,43.1,-123.5,43.752,-124.049,980,0.1905,80
JEDS,jeds,43.10_-123.60,43.1,-123.6,43.752,-124.049,980,0.1206,80
JEDS,jeds,43.10_-123.80,43.1,-123.8,43.752,-124.049,980,0.1456,80
JEDS,jeds,43.10_-123.90,43.1,-123.9,43.752,-124.049,980,0.1113,80
JEDS,jeds,43.20_-123.30,43.2,-123.3,43.752,-124.049,980,0.1013,80
JEDS,jeds,43.20_-123.40,43.2,-123.4,43.752,-124.049,979,0.1464,80
JEDS,jeds,43.20_-123.60,43.2,-123.6,43.752,-124.049,980,0.1962,80
JEDS,jeds,43.20_-123.70,43.2,-123.7,43.752,-124.049,980,0.1863,80
JEDS,jeds,43.30_-123.50,43.3,-123.5,43.752,-124.049,980,0.1899,80
JEDS,jeds,43.30_-123.60,43.3,-123.6,43.752,-124.049,980,0.1113,80
JEDS,jeds,43.30_-123.80,43.3,-123.8,43.752,-124.049,979,0.1328,80
JEDS,jeds,43.40_-123.20,43.4,-123.2,43.752,-124.049,980,0.1426,80
JEDS,jeds,43.40_-123.30,43.4,-123.3,43.752,-124.049,979,0.1469,80
JEDS,jeds,43.40_-123.40,43.4,-123.4,43.752,-124.049,980,0.0893,80
JEDS,jeds,43.40_-123.50,43.4,-123.5,43.752,-124.049,980,0.0991,80
JEDS,jeds,43.40_-123.60,43.4,-123.6,43.752,-124.049,980,0.1558,80
JEDS,jeds,43.40_-123.70,43.4,-123.7,43.752,-124.049,980,0.0937,80
JEDS,jeds,43.40_-123.80,43.4,-123.8,43.752,-124.049,980,0.1213,80
JEDS,jeds,43.40_-124.00,43.4,-124.0,43.752,-124.049,980,0.2405,80
JEDS,jeds,43.50_-123.30,43.5,-123.3,43.752,-124.049,980,0.1298,80
JEDS,jeds,43.50_-123.40,43.5,-123.4,43.752,-124.049,980,0.1992,80
JEDS,jeds,43.50_-123.50,43.5,-123.5,43.752,-124.049,980,0.1795,80
JEDS,jeds,43.50_-123.60,43.5,-123.6,43.752,-124.049,980,0.221,80
JEDS,jeds,43.50_-123.70,43.5,-123.7,43.752,-124.049,980,0.1293,80
JEDS,jeds,43.50_-123.80,43.5,-123.8,43.752,-124.049,980,0.1583,80
JEDS,jeds,43.60_-123.20,43.6,-123.2,43.752,-124.049,950,0.283,80
JEDS,jeds,43.60_-123.30,43.6,-123.3,43.752,-124.049,980,0.108,80
JEDS,jeds,43.60_-123.40,43.6,-123.4,43.752,-124.049,980,0.1612,80
JEDS,jeds,43.60_-123.50,43.6,-123.5,43.752,-124.049,980,0.0789,80
JEDS,jeds,43.60_-123.60,43.6,-123.6,43.752,-124.049,980,0.1732,80
JEDS,jeds,43.70_-123.30,43.7,-123.3,43.752,-124.049,980,0.1237,80
JEDS,jeds,43.70_-123.50,43.7,-123.5,43.752,-124.049,977,0.259,80
JEDS,jeds,43.70_-123.60,43.7,-123.6,43.752,-124.049,980,0.0852,80
JEDS,jeds,43.70_-123.70,43.7,-123.7,43.752,-124.049,980,0.1315,80
JEDS,jeds,43.80_-123.30,43.8,-123.3,43.752,-124.049,980,0.1216,80
JEDS,jeds,43.80_-123.40,43.8,-123.4,43.752,-124.049,980,0.1272,80
JEDS,jeds,43.80_-123.50,43.8,-123.5,43.752,-124.049,980,0.2094,80
JEDS,jeds,43.80_-123.60,43.8,-123.6,43.752,-124.049,980,0.0985,80
JEDS,jeds,43.90_-123.30,43.9,-123.3,43.752,-124.049,980,0.1056,80
JEDS,jeds,44.00_-123.30,44.0,-123.3,43.752,-124.049,980,0.1321,80
JEDS,jeds,44.00_-123.50,44.0,-123.5,43.752,-124.049,980,0.1653,80
JEDS,jeds,44.10_-123.30,44.1,-123.3,43.752,-124.049,980,0.2274,80
JEDS,jeds,44.10_-123.70,44.1,-123.7,43.752,-124.049,979,0.2751,80
JEDS,jeds,44.20_-123.40,44.2,-123.4,43.752,-124.049,979,0.1501,80
JEDS,jeds,44.20_-123.60,44.2,-123.6,43.752,-124.049,980,0.1721,80
JEDS,jeds,44.40_-123.60,44.4,-123.6,43.752,-124.049,980,0.0837,80
JEDS,jeds,44.40_-123.70,44.4,-123.7,43.752,-124.049,980,0.1503,80
JEDS,jeds,44.40_-123.80,44.4,-123.8,43.752,-124.049,978,0.2308,80
JEDS,jeds,44.50_-123.20,44.5,-123.2,43.752,-124.049,980,0.1515,80
JEDS,jeds,44.50_-123.30,44.5,-123.3,43.752,-124.049,980,0.1185,80
JEDS,jeds,44.50_-123.40,44.5,-123.4,43.752,-124.049,980,0.137,80
JEDS,jeds,44.50_-123.60,44.5,-123.6,43.752,-124.049,980,0.0875,80
JEDS,jeds,44.50_-123.70,44.5,-123.7,43.752,-124.049,976,0.2204,80
JEDS,jeds,44.50_-123.80,44.5,-123.8,43.752,-124.049,980,0.1392,80
JEDS,jeds,44.60_-123.40,44.6,-123.4,43.752,-124.049,980,0.0858,80
JEDS,jeds,44.60_-123.60,44.6,-123.6,43.752,-124.049,980,0.1399,80
JRO,jro,45.90_-123.20,45.9,-123.2,46.275,-122.218,1028,0.1968,81
JRO,jro,46.10_-123.10,46.1,-123.1,46.275,-122.218,947,0.2477,81
JRO,jro,46.10_-123.20,46.1,-123.2,46.275,-122.218,1116,0.2858,81
JRO,jro,46.30_-123.00,46.3,-123.0,46.275,-122.218,828,0.1686,81
JRO,jro,46.30_-123.10,46.3,-123.1,46.275,-122.218,812,0.0796,81
JRO,jro,46.40_-122.80,46.4,-122.8,46.275,-122.218,84,0.3291,81
JRO,jro,46.50_-122.70,46.5,-122.7,46.275,-122.218,1100,0.1938,81
JRO,jro,46.70_-123.00,46.7,-123.0,46.275,-122.218,862,0.0646,81
JRO,jro,46.80_-122.60,46.8,-122.6,46.275,-122.218,320,0.2152,81
JRO,jro,46.80_-123.00,46.8,-123.0,46.275,-122.218,716,0.0802,81
JRO,jro,46.90_-122.70,46.9,-122.7,46.275,-122.218,394,0.1626,81
JRO,jro,46.90_-122.80,46.9,-122.8,46.275,-122.218,749,0.2122,81
JRO,jro,47.00_-122.70,47.0,-122.7,46.275,-122.218,1069,0.1656,81
JRO,jro,47.00_-122.80,47.0,-122.8,46.275,-122.218,349,0.2803,81
JRO,jro,47.00_-123.00,47.0,-123.0,46.275,-122.218,1145,0.14,81
JRO,jro,47.10_-122.60,47.1,-122.6,46.275,-122.218,952,0.2303,81
KBO,kbo,42.40_-123.20,42.4,-123.2,42.212,-124.226,757,0.8663,82
KBO,kbo,42.40_-123.40,42.4,-123.4,42.212,-124.226,747,0.626,82
KBO,kbo,42.50_-123.30,42.5,-123.3,42.212,-124.226,213,0.3753,82
KBO,kbo,42.50_-123.60,42.5,-123.6,42.212,-124.226,1089,0.4202,82
KBO,kbo,42.60_-123.40,42.6,-123.4,42.212,-124.226,1305,0.5753,82
KBO,kbo,42.60_-123.50,42.6,-123.5,42.212,-124.226,530,0.8371,82
KCPB,kcpb,39.90_-122.80,39.9,-122.8,39.686,-123.582,4147,0.0505,83
KCPB,kcpb,40.00_-122.50,40.0,-122.5,39.686,-123.582,3909,0.0657,83
KCPB,kcpb,40.20_-122.30,40.2,-122.3,39.686,-123.582,3040,0.2459,83
KCPB,kcpb,40.20_-122.50,40.2,-122.5,39.686,-123.582,3837,0.1581,83
KCPB,kcpb,40.20_-122.80,40.2,-122.8,39.686,-123.582,3612,0.332,83
KCPB,kcpb,40.30_-122.30,40.3,-122.3,39.686,-123.582,2971,0.3516,83
KCPB,kcpb,40.30_-122.60,40.3,-122.6,39.686,-123.582,2815,0.1226,83
KCPB,kcpb,40.40_-122.60,40.4,-122.6,39.686,-123.582,4338,0.0729,83
KCPB,kcpb,40.40_-122.70,40.4,-122.7,39.686,-123.582,399,0.2343,83
KCPB,kcpb,40.50_-122.60,40.5,-122.6,39.686,-123.582,475,0.2923,83
KCPB,kcpb,40.60_-122.60,40.6,-122.6,39.686,-123.582,2499,0.3735,83
KEB,keb,42.20_-123.30,42.2,-123.3,42.872,-124.334,1197,0.4496,84
KEB,keb,42.20_-123.40,42.2,-123.4,42.872,-124.334,1028,0.4403,84
KEB,keb,42.30_-123.20,42.3,-123.2,42.872,-124.334,961,0.4918,84
KEB,keb,42.40_-123.00,42.4,-123.0,42.872,-124.334,1072,0.4874,84
KEB,keb,42.40_-123.30,42.4,-123.3,42.872,-124.334,1268,0.3007,84
KEB,keb,42.40_-123.40,42.4,-123.4,42.872,-124.334,1243,0.317,84
KEB,keb,42.40_-123.50,42.4,-123.5,42.872,-124.334,1218,0.3394,84
KEB,keb,42.40_-123.60,42.4,-123.6,42.872,-124.334,1193,0.6432,84
KEB,keb,42.40_-123.80,42.4,-123.8,42.872,-124.334,1087,0.4762,84
KEB,keb,42.50_-123.20,42.5,-123.2,42.872,-124.334,1110,0.5367,84
KEB,keb,42.50_-123.30,42.5,-123.3,42.872,-124.334,1287,0.3969,84
KEB,keb,42.50_-123.40,42.5,-123.4,42.872,-124.334,1218,0.4147,84
KEB,keb,42.50_-123.50,42.5,-123.5,42.872,-124.334,1041,0.4476,84
KEB,keb,42.50_-123.60,42.5,-123.6,42.872,-124.334,789,0.4472,84
KEB,keb,42.50_-123.70,42.5,-123.7,42.872,-124.334,736,0.3583,84
KEB,keb,42.60_-123.20,42.6,-123.2,42.872,-124.334,1946,0.3736,84
KEB,keb,42.60_-123.30,42.6,-123.3,42.872,-124.334,92,1.3947,84
KEB,keb,42.60_-123.40,42.6,-123.4,42.872,-124.334,1058,0.328,84
KEB,keb,42.60_-123.50,42.6,-123.5,42.872,-124.334,446,0.5159,84
KEB,keb,42.60_-123.60,42.6,-123.6,42.872,-124.334,955,0.4054,84
KEB,keb,42.70_-123.20,42.7,-123.2,42.872,-124.334,940,0.5968,84
KEB,keb,42.80_-123.20,42.8,-123.2,42.872,-124.334,1174,0.6994,84
KEB,keb,42.80_-123.30,42.8,-123.3,42.872,-124.334,1255,0.4384,84
KEB,keb,42.80_-123.50,42.8,-123.5,42.872,-124.334,1256,0.3321,84
KEB,keb,42.90_-123.40,42.9,-123.4,42.872,-124.334,1277,0.4001,84
KEB,keb,43.00_-123.40,43.0,-123.4,42.872,-124.334,1187,0.406,84
KEB,keb,43.10_-123.20,43.1,-123.2,42.872,-124.334,1024,0.4321,84
KEB,keb,43.10_-123.40,43.1,-123.4,42.872,-124.334,906,0.5365,84
KEB,keb,43.10_-123.50,43.1,-123.5,42.872,-124.334,1206,0.3938,84
KEB,keb,43.10_-123.60,43.1,-123.6,42.872,-124.334,925,0.4118,84
KEB,keb,43.20_-123.40,43.2,-123.4,42.872,-124.334,1084,0.3082,84
KEB,keb,43.20_-123.60,43.2,-123.6,42.872,-124.334,1086,0.3998,84
KEB,keb,43.20_-123.70,43.2,-123.7,42.872,-124.334,1059,0.422,84
KEB,keb,43.20_-123.80,43.2,-123.8,42.872,-124.334,1054,0.3885,84
KEB,keb,43.30_-123.50,43.3,-123.5,42.872,-124.334,794,0.5904,84
KEB,keb,43.30_-123.80,43.3,-123.8,42.872,-124.334,693,0.8472,84
KEB,keb,43.40_-123.40,43.4,-123.4,42.872,-124.334,1022,0.3039,84
KEB,keb,43.50_-123.80,43.5,-123.8,42.872,-124.334,1119,0.4927,84
KEB,keb,43.60_-123.60,43.6,-123.6,42.872,-124.334,629,0.4867,84
KHBB,khbb,40.60_-122.60,40.6,-122.6,40.66,-123.22,536,0.2678,85
KHBB,khbb,40.80_-122.60,40.8,-122.6,40.66,-123.22,579,0.2154,85
KHBB,khbb,40.80_-122.80,40.8,-122.8,40.66,-123.22,2128,0.5511,85
KHBB,khbb,40.90_-122.80,40.9,-122.8,40.66,-123.22,985,0.2837,85
KHBB,khbb,40.90_-122.90,40.9,-122.9,40.66,-123.22,1921,0.3279,85
KHBB,khbb,41.00_-122.80,41.0,-122.8,40.66,-123.22,2383,0.3964,85
KHBB,khbb,41.00_-122.90,41.0,-122.9,40.66,-123.22,207,0.4026,85
KHBB,khbb,41.00_-123.10,41.0,-123.1,40.66,-123.22,335,0.3736,85
KHBB,khbb,41.20_-123.00,41.2,-123.0,40.66,-123.22,1146,0.3856,85
KHBB,khbb,41.20_-123.20,41.2,-123.2,40.66,-123.22,564,0.2838,85
KHBB,khbb,41.40_-122.90,41.4,-122.9,40.66,-123.22,1550,0.4597,85
KHBB,khbb,41.40_-123.00,41.4,-123.0,40.66,-123.22,1696,0.5152,85
KHBB,khbb,41.40_-123.10,41.4,-123.1,40.66,-123.22,924,0.4459,85
KHBB,khbb,41.40_-123.20,41.4,-123.2,40.66,-123.22,1447,0.4072,85
KHBB,khbb,41.50_-123.20,41.5,-123.2,40.66,-123.22,339,0.4435,85
KHMB,khmb,40.00_-122.50,40.0,-122.5,40.875,-123.733,1720,0.0524,86
KHMB,khmb,40.20_-122.80,40.2,-122.8,40.875,-123.733,1841,0.0728,86
KHMB,khmb,40.30_-122.80,40.3,-122.8,40.875,-123.733,1744,0.072,86
KHMB,khmb,40.40_-122.70,40.4,-122.7,40.875,-123.733,1517,0.0682,86
KHMB,khmb,40.40_-122.80,40.4,-122.8,40.875,-123.733,1658,0.0781,86
KHMB,khmb,40.50_-122.80,40.5,-122.8,40.875,-123.733,923,0.2425,86
KHMB,khmb,40.50_-123.20,40.5,-123.2,40.875,-123.733,1679,0.0745,86
KHMB,khmb,40.80_-122.70,40.8,-122.7,40.875,-123.733,1379,0.0399,86
KHMB,khmb,40.90_-122.90,40.9,-122.9,40.875,-123.733,1695,0.0527,86
KHMB,khmb,41.00_-122.80,41.0,-122.8,40.875,-123.733,1606,0.0597,86
KHMB,khmb,41.20_-123.00,41.2,-123.0,40.875,-123.733,1970,0.0669,86
KHMB,khmb,41.20_-123.10,41.2,-123.1,40.875,-123.733,1584,0.0742,86
KHMB,khmb,41.40_-122.70,41.4,-122.7,40.875,-123.733,1186,0.2148,86
KHMB,khmb,41.40_-123.40,41.4,-123.4,40.875,-123.733,1765,0.0543,86
KHMB,khmb,41.60_-123.20,41.6,-123.2,40.875,-123.733,1043,0.1826,86
KHMB,khmb,41.70_-122.80,41.7,-122.8,40.875,-123.733,1637,0.0769,86
KMR,kmr,40.40_-122.60,40.4,-122.6,40.202,-123.709,163,0.1625,87
KMR,kmr,40.60_-122.70,40.6,-122.7,40.202,-123.709,97,0.2942,87
KRMB,krmb,40.80_-122.90,40.8,-122.9,41.523,-123.908,3174,0.222,88
KRMB,krmb,41.10_-123.00,41.1,-123.0,41.523,-123.908,3347,0.2828,88
KRMB,krmb,41.10_-123.20,41.1,-123.2,41.523,-123.908,2534,0.2756,88
KRMB,krmb,41.20_-122.90,41.2,-122.9,41.523,-123.908,3167,0.2689,88
KRMB,krmb,41.20_-123.00,41.2,-123.0,41.523,-123.908,3331,0.2409,88
KRMB,krmb,41.20_-123.20,41.2,-123.2,41.523,-123.908,3360,0.2537,88
KRMB,krmb,41.30_-123.00,41.3,-123.0,41.523,-123.908,3301,0.2565,88
KRMB,krmb,41.30_-123.10,41.3,-123.1,41.523,-123.908,3286,0.2409,88
KRMB,krmb,41.30_-123.20,41.3,-123.2,41.523,-123.908,3341,0.2391,88
KRMB,krmb,41.30_-123.30,41.3,-123.3,41.523,-123.908,3340,0.2234,88
KRMB,krmb,41.40_-123.10,41.4,-123.1,41.523,-123.908,3337,0.2218,88
KRMB,krmb,41.40_-123.20,41.4,-123.2,41.523,-123.908,3284,0.2251,88
KRMB,krmb,41.40_-123.30,41.4,-123.3,41.523,-123.908,3326,0.2768,88
KRMB,krmb,41.50_-123.20,41.5,-123.2,41.523,-123.908,3153,0.2618,88
KRMB,krmb,41.50_-123.30,41.5,-123.3,41.523,-123.908,3294,0.2132,88
KRMB,krmb,41.60_-123.20,41.6,-123.2,41.523,-123.908,3345,0.2125,88
KRMB,krmb,41.60_-123.30,41.6,-123.3,41.523,-123.908,3334,0.188,88
KRMB,krmb,41.60_-123.40,41.6,-123.4,41.523,-123.908,3329,0.2706,88
KRMB,krmb,41.70_-123.30,41.7,-123.3,41.523,-123.908,3342,0.2643,88
KRMB,krmb,41.80_-123.20,41.8,-123.2,41.523,-123.908,3212,0.2727,88
KRMB,krmb,41.80_-123.30,41.8,-123.3,41.523,-123.908,3311,0.2479,88
KRMB,krmb,41.80_-123.40,41.8,-123.4,41.523,-123.908,3180,0.2728,88
KRMB,krmb,41.90_-123.40,41.9,-123.4,41.523,-123.908,3334,0.1966,88
KRMB,krmb,42.10_-123.30,42.1,-123.3,41.523,-123.908,3317,0.2653,88
KRMB,krmb,42.20_-123.30,42.2,-123.3,41.523,-123.908,3169,0.2668,88
KRMB,krmb,42.30_-123.30,42.3,-123.3,41.523,-123.908,3318,0.2587,88
KRMB,krmb,42.30_-123.40,42.3,-123.4,41.523,-123.908,867,0.1253,88
KRMB,krmb,42.40_-123.40,42.4,-123.4,41.523,-123.908,3334,0.2596,88
KRP,krp,40.40_-122.80,40.4,-122.8,41.158,-124.023,313,0.3326,89
KRP,krp,40.50_-122.80,40.5,-122.8,41.158,-124.023,3797,0.2843,89
KRP,krp,40.60_-122.70,40.6,-122.7,41.158,-124.023,3789,0.3089,89
KRP,krp,40.60_-122.90,40.6,-122.9,41.158,-124.023,1122,0.4273,89
KRP,krp,40.60_-123.00,40.6,-123.0,41.158,-124.023,2317,0.4558,89
KRP,krp,40.60_-123.10,40.6,-123.1,41.158,-124.023,3666,0.3327,89
KRP,krp,40.70_-122.70,40.7,-122.7,41.158,-124.023,435,0.265,89
KRP,krp,40.70_-123.00,40.7,-123.0,41.158,-124.023,147,0.5767,89
KRP,krp,40.80_-122.80,40.8,-122.8,41.158,-124.023,727,0.2624,89
KRP,krp,40.80_-123.00,40.8,-123.0,41.158,-124.023,2493,0.5029,89
KRP,krp,40.80_-123.20,40.8,-123.2,41.158,-124.023,3782,0.2593,89
KRP,krp,40.90_-122.80,40.9,-122.8,41.158,-124.023,3244,0.3636,89
KRP,krp,41.00_-122.70,41.0,-122.7,41.158,-124.023,3101,0.561,89
KRP,krp,41.00_-123.10,41.0,-123.1,41.158,-124.023,514,0.2692,89
KRP,krp,41.10_-122.90,41.1,-122.9,41.158,-124.023,3294,0.4142,89
KRP,krp,41.20_-122.90,41.2,-122.9,41.158,-124.023,3329,0.4983,89
KRP,krp,41.20_-123.00,41.2,-123.0,41.158,-124.023,3193,0.6208,89
KRP,krp,41.20_-123.20,41.2,-123.2,41.158,-124.023,2083,0.6028,89
KRP,krp,41.30_-123.10,41.3,-123.1,41.158,-124.023,420,0.4341,89
KRP,krp,41.30_-123.20,41.3,-123.2,41.158,-124.023,3574,0.3567,89
KRP,krp,41.40_-122.80,41.4,-122.8,41.158,-124.023,3645,0.447,89
KRP,krp,41.40_-122.90,41.4,-122.9,41.158,-124.023,3594,0.3358,89
KRP,krp,41.40_-123.00,41.4,-123.0,41.158,-124.023,162,0.3929,89
KRP,krp,41.40_-123.20,41.4,-123.2,41.158,-124.023,3304,0.5882,89
KRP,krp,41.40_-123.30,41.4,-123.3,41.158,-124.023,2807,0.5726,89
KRP,krp,41.50_-123.00,41.5,-123.0,41.158,-124.023,2586,0.4899,89
KRP,krp,41.60_-122.80,41.6,-122.8,41.158,-124.023,2906,0.3582,89
KRP,krp,41.70_-123.00,41.7,-123.0,41.158,-124.023,793,0.6084,89
KRP,krp,41.80_-123.40,41.8,-123.4,41.158,-124.023,287,0.357,89
KRP,krp,41.80_-123.50,41.8,-123.5,41.158,-124.023,901,0.7302,89
KRP,krp,42.00_-123.20,42.0,-123.2,41.158,-124.023,2748,0.5775,89
KRP,krp,42.00_-123.30,42.0,-123.3,41.158,-124.023,3876,0.4151,89
KSXB,ksxb,41.30_-123.10,41.3,-123.1,41.83,-123.877,5384,0.111,90
KSXB,ksxb,41.40_-123.00,41.4,-123.0,41.83,-123.877,5277,0.1436,90
KSXB,ksxb,41.40_-123.10,41.4,-123.1,41.83,-123.877,3113,0.2093,90
KSXB,ksxb,41.40_-123.30,41.4,-123.3,41.83,-123.877,648,0.2673,90
KSXB,ksxb,41.50_-123.30,41.5,-123.3,41.83,-123.877,763,0.1191,90
KSXB,ksxb,41.60_-123.20,41.6,-123.2,41.83,-123.877,5324,0.1773,90
KSXB,ksxb,41.60_-123.40,41.6,-123.4,41.83,-123.877,4603,0.1737,90
KSXB,ksxb,41.70_-123.30,41.7,-123.3,41.83,-123.877,4868,0.102,90
KSXB,ksxb,41.70_-123.40,41.7,-123.4,41.83,-123.877,4322,0.1627,90
KSXB,ksxb,41.80_-123.20,41.8,-123.2,41.83,-123.877,4895,0.1609,90
KSXB,ksxb,41.80_-123.30,41.8,-123.3,41.83,-123.877,4964,0.2754,90
KSXB,ksxb,41.80_-123.40,41.8,-123.4,41.83,-123.877,5328,0.1188,90
KSXB,ksxb,42.00_-123.30,42.0,-123.3,41.83,-123.877,5106,0.0922,90
KSXB,ksxb,42.10_-123.20,42.1,-123.2,41.83,-123.877,5176,0.1062,90
KSXB,ksxb,42.10_-123.30,42.1,-123.3,41.83,-123.877,5541,0.1374,90
KSXB,ksxb,42.10_-123.40,42.1,-123.4,41.83,-123.877,5500,0.1236,90
KSXB,ksxb,42.10_-123.60,42.1,-123.6,41.83,-123.877,4219,0.1133,90
KSXB,ksxb,42.20_-123.30,42.2,-123.3,41.83,-123.877,5494,0.1114,90
KSXB,ksxb,42.20_-123.40,42.2,-123.4,41.83,-123.877,5501,0.1219,90
KSXB,ksxb,42.30_-123.30,42.3,-123.3,41.83,-123.877,5329,0.0823,90
KSXB,ksxb,42.30_-123.40,42.3,-123.4,41.83,-123.877,5483,0.1067,90
KSXB,ksxb,42.30_-123.50,42.3,-123.5,41.83,-123.877,5418,0.1018,90
KSXB,ksxb,42.40_-123.30,42.4,-123.3,41.83,-123.877,5445,0.1105,90
KSXB,ksxb,42.40_-123.40,42.4,-123.4,41.83,-123.877,5523,0.1452,90
KSXB,ksxb,42.40_-123.50,42.4,-123.5,41.83,-123.877,5530,0.1045,90
KSXB,ksxb,42.40_-123.60,42.4,-123.6,41.83,-123.877,5461,0.092,90
KSXB,ksxb,42.40_-123.70,42.4,-123.7,41.83,-123.877,5298,0.1837,90
KSXB,ksxb,42.40_-123.80,42.4,-123.8,41.83,-123.877,5280,0.1071,90
KSXB,ksxb,42.50_-123.30,42.5,-123.3,41.83,-123.877,4517,0.1271,90
KSXB,ksxb,42.50_-123.50,42.5,-123.5,41.83,-123.877,5156,0.0865,90
KSXB,ksxb,42.50_-123.60,42.5,-123.6,41.83,-123.877,5485,0.1105,90
KSXB,ksxb,42.60_-123.40,42.6,-123.4,41.83,-123.877,4881,0.1113,90
KSXB,ksxb,42.60_-123.60,42.6,-123.6,41.83,-123.877,5112,0.1226,90
KUHN,kuhn,46.00_-123.40,46.0,-123.4,45.785,-122.896,1465,0.0725,91
LACKA,lacka,46.00_-123.20,46.0,-123.2,46.852,-122.486,1687,0.0544,92
LACKA,lacka,46.00_-123.30,46.0,-123.3,46.852,-122.486,1687,0.0438,92
LACKA,lacka,46.00_-123.40,46.0,-123.4,46.852,-122.486,1687,0.0554,92
LACKA,lacka,46.10_-123.00,46.1,-123.0,46.852,-122.486,1687,0.0602,92
LACKA,lacka,46.10_-123.10,46.1,-123.1,46.852,-122.486,1687,0.0865,92
LACKA,lacka,46.10_-123.20,46.1,-123.2,46.852,-122.486,1687,0.0537,92
LACKA,lacka,46.20_-122.90,46.2,-122.9,46.852,-122.486,1687,0.0635,92
LACKA,lacka,46.20_-123.00,46.2,-123.0,46.852,-122.486,1687,0.0761,92
LACKA,lacka,46.30_-123.20,46.3,-123.2,46.852,-122.486,1687,0.0629,92
LACKA,lacka,46.40_-123.20,46.4,-123.2,46.852,-122.486,1687,0.0548,92
LACKA,lacka,46.40_-123.30,46.4,-123.3,46.852,-122.486,1687,0.0845,92
LACKA,lacka,46.50_-122.70,46.5,-122.7,46.852,-122.486,1685,0.1438,92
LACKA,lacka,46.50_-123.00,46.5,-123.0,46.852,-122.486,1687,0.0711,92
LACKA,lacka,46.50_-123.10,46.5,-123.1,46.852,-122.486,1687,0.0812,92
LACKA,lacka,46.50_-123.20,46.5,-123.2,46.852,-122.486,1687,0.0741,92
LACKA,lacka,46.60_-122.80,46.6,-122.8,46.852,-122.486,1687,0.1158,92
LACKA,lacka,46.60_-123.00,46.6,-123.0,46.852,-122.486,1687,0.0422,92
LACKA,lacka,46.60_-123.20,46.6,-123.2,46.852,-122.486,1687,0.0842,92
LACKA,lacka,46.70_-123.00,46.7,-123.0,46.852,-122.486,1685,0.0827,92
LACKA,lacka,46.70_-123.20,46.7,-123.2,46.852,-122.486,1687,0.0643,92
LACKA,lacka,46.80_-122.60,46.8,-122.6,46.852,-122.486,1687,0.0711,92
LACKA,lacka,46.80_-123.00,46.8,-123.0,46.852,-122.486,1687,0.0414,92
LACKA,lacka,46.90_-122.80,46.9,-122.8,46.852,-122.486,1687,0.0707,92
LACKA,lacka,46.90_-122.90,46.9,-122.9,46.852,-122.486,1687,0.0833,92
LACKA,lacka,46.90_-123.00,46.9,-123.0,46.852,-122.486,1687,0.0491,92
LACKA,lacka,47.00_-122.50,47.0,-122.5,46.852,-122.486,1687,0.0761,92
LACKA,lacka,47.00_-122.60,47.0,-122.6,46.852,-122.486,1687,0.0552,92
LACKA,lacka,47.00_-122.70,47.0,-122.7,46.852,-122.486,1687,0.0978,92
LACKA,lacka,47.00_-122.80,47.0,-122.8,46.852,-122.486,1687,0.0466,92
LACKA,lacka,47.00_-123.00,47.0,-123.0,46.852,-122.486,1687,0.0416,92
LACKA,lacka,47.00_-123.20,47.0,-123.2,46.852,-122.486,1687,0.0293,92
LACKA,lacka,47.10_-122.60,47.1,-122.6,46.852,-122.486,1687,0.0689,92
LACKA,lacka,47.10_-122.80,47.1,-122.8,46.852,-122.486,1687,0.1087,92
LACKA,lacka,47.10_-123.00,47.1,-123.0,46.852,-122.486,1687,0.0671,92
LACKA,lacka,47.10_-123.20,47.1,-123.2,46.852,-122.486,1687,0.1376,92
LACKA,lacka,47.20_-122.50,47.2,-122.5,46.852,-122.486,1687,0.0624,92
LACKA,lacka,47.20_-122.80,47.2,-122.8,46.852,-122.486,1687,0.0475,92
LACKA,lacka,47.20_-122.90,47.2,-122.9,46.852,-122.486,1687,0.1201,92
LACKA,lacka,47.20_-123.00,47.2,-123.0,46.852,-122.486,1687,0.0532,92
LACKA,lacka,47.20_-123.10,47.2,-123.1,46.852,-122.486,1687,0.0693,92
LACKA,lacka,47.20_-123.20,47.2,-123.2,46.852,-122.486,1687,0.0416,92
LACKA,lacka,47.30_-122.60,47.3,-122.6,46.852,-122.486,1687,0.0882,92
LACKA,lacka,47.30_-122.70,47.3,-122.7,46.852,-122.486,1687,0.0383,92
LACKA,lacka,47.40_-122.40,47.4,-122.4,46.852,-122.486,1687,0.0535,92
LACKA,lacka,47.40_-122.60,47.4,-122.6,46.852,-122.486,1687,0.0514,92
LACKA,lacka,47.40_-122.70,47.4,-122.7,46.852,-122.486,1687,0.0712,92
LACKA,lacka,47.40_-122.80,47.4,-122.8,46.852,-122.486,1687,0.0566,92
LACKA,lacka,47.40_-123.00,47.4,-123.0,46.852,-122.486,1687,0.0413,92
LACKA,lacka,47.40_-123.10,47.4,-123.1,46.852,-122.486,1687,0.0688,92
LACKA,lacka,47.40_-123.20,47.4,-123.2,46.852,-122.486,1687,0.072,92
LACKA,lacka,47.50_-122.30,47.5,-122.3,46.852,-122.486,1687,0.0606,92
LACKA,lacka,47.50_-122.80,47.5,-122.8,46.852,-122.486,1687,0.0865,92
LACKA,lacka,47.50_-122.90,47.5,-122.9,46.852,-122.486,1687,0.099,92
LACKA,lacka,47.50_-123.00,47.5,-123.0,46.852,-122.486,1687,0.0876,92
LACKA,lacka,47.50_-123.10,47.5,-123.1,46.852,-122.486,1687,0.0632,92
LACKA,lacka,47.50_-123.20,47.5,-123.2,46.852,-122.486,1687,0.1112,92
LACKA,lacka,47.50_-123.30,47.5,-123.3,46.852,-122.486,1687,0.0827,92
LACKA,lacka,47.60_-122.60,47.6,-122.6,46.852,-122.486,1686,0.0399,92
LACKA,lacka,47.60_-122.70,47.6,-122.7,46.852,-122.486,1687,0.0559,92
LACKA,lacka,47.60_-122.80,47.6,-122.8,46.852,-122.486,1687,0.0746,92
LACKA,lacka,47.60_-122.90,47.6,-122.9,46.852,-122.486,1687,0.0527,92
LACKA,lacka,47.60_-123.00,47.6,-123.0,46.852,-122.486,1687,0.0856,92
LACKA,lacka,47.60_-123.10,47.6,-123.1,46.852,-122.486,1687,0.054,92
LACKA,lacka,47.70_-122.60,47.7,-122.6,46.852,-122.486,1687,0.1003,92
LACKA,lacka,47.70_-122.70,47.7,-122.7,46.852,-122.486,1687,0.0723,92
LACKA,lacka,47.70_-122.80,47.7,-122.8,46.852,-122.486,1687,0.0715,92
LACKA,lacka,47.70_-122.90,47.7,-122.9,46.852,-122.486,1687,0.076,92
LACKA,lacka,47.70_-123.20,47.7,-123.2,46.852,-122.486,1687,0.0738,92
LACKA,lacka,47.70_-123.30,47.7,-123.3,46.852,-122.486,1687,0.0661,92
LACKA,lacka,47.70_-123.40,47.7,-123.4,46.852,-122.486,1687,0.076,92
LACKA,lacka,47.80_-122.80,47.8,-122.8,46.852,-122.486,1687,0.0666,92
LAIR,lair,42.60_-123.30,42.6,-123.3,43.161,-123.931,846,0.4012,93
LAIR,lair,42.60_-123.40,42.6,-123.4,43.161,-123.931,679,0.5554,93
LAIR,lair,42.60_-123.50,42.6,-123.5,43.161,-123.931,772,0.4728,93
LAIR,lair,42.80_-123.30,42.8,-123.3,43.161,-123.931,777,0.3457,93
LAIR,lair,42.90_-123.50,42.9,-123.5,43.161,-123.931,625,0.2989,93
LAIR,lair,43.00_-123.40,43.0,-123.4,43.161,-123.931,794,0.5349,93
LAIR,lair,43.30_-123.60,43.3,-123.6,43.161,-123.931,688,0.4629,93
LAIR,lair,43.80_-123.60,43.8,-123.6,43.161,-123.931,658,0.5314,93
LBR,lbr,40.60_-122.50,40.6,-122.5,41.409,-122.068,2402,0.1282,94
LBR,lbr,40.60_-122.60,40.6,-122.6,41.409,-122.068,2396,0.1724,94
LBR,lbr,40.60_-122.70,40.6,-122.7,41.409,-122.068,1347,0.2093,94
LBR,lbr,40.60_-122.80,40.6,-122.8,41.409,-122.068,2436,0.1492,94
LBR,lbr,40.60_-123.00,40.6,-123.0,41.409,-122.068,2189,0.2261,94
LBR,lbr,40.70_-122.60,40.7,-122.6,41.409,-122.068,2369,0.1826,94
LBR,lbr,40.70_-122.80,40.7,-122.8,41.409,-122.068,2416,0.1562,94
LBR,lbr,40.70_-123.00,40.7,-123.0,41.409,-122.068,2347,0.1748,94
LBR,lbr,40.80_-122.70,40.8,-122.7,41.409,-122.068,2338,0.2166,94
LBR,lbr,40.80_-122.80,40.8,-122.8,41.409,-122.068,2427,0.1504,94
LBR,lbr,40.80_-123.00,40.8,-123.0,41.409,-122.068,2343,0.1964,94
LBR,lbr,40.80_-123.20,40.8,-123.2,41.409,-122.068,2314,0.2736,94
LBR,lbr,40.80_-123.30,40.8,-123.3,41.409,-122.068,2402,0.1866,94
LBR,lbr,40.90_-122.80,40.9,-122.8,41.409,-122.068,2363,0.2973,94
LBR,lbr,40.90_-123.00,40.9,-123.0,41.409,-122.068,2299,0.1878,94
LBR,lbr,40.90_-123.20,40.9,-123.2,41.409,-122.068,2339,0.2207,94
LBR,lbr,41.00_-122.60,41.0,-122.6,41.409,-122.068,2340,0.1598,94
LBR,lbr,41.00_-122.70,41.0,-122.7,41.409,-122.068,2432,0.107,94
LBR,lbr,41.00_-122.80,41.0,-122.8,41.409,-122.068,2440,0.1744,94
LBR,lbr,41.00_-122.90,41.0,-122.9,41.409,-122.068,2359,0.1613,94
LBR,lbr,41.00_-123.00,41.0,-123.0,41.409,-122.068,2187,0.1363,94
LBR,lbr,41.00_-123.10,41.0,-123.1,41.409,-122.068,2338,0.1862,94
LBR,lbr,41.00_-123.20,41.0,-123.2,41.409,-122.068,2239,0.2555,94
LBR,lbr,41.10_-122.80,41.1,-122.8,41.409,-122.068,2445,0.1881,94
LBR,lbr,41.10_-122.90,41.1,-122.9,41.409,-122.068,2225,0.1737,94
LBR,lbr,41.10_-123.00,41.1,-123.0,41.409,-122.068,2403,0.1513,94
LBR,lbr,41.10_-123.10,41.1,-123.1,41.409,-122.068,2135,0.1405,94
LBR,lbr,41.10_-123.20,41.1,-123.2,41.409,-122.068,2358,0.2482,94
LBR,lbr,41.20_-122.60,41.2,-122.6,41.409,-122.068,2317,0.2602,94
LBR,lbr,41.20_-122.70,41.2,-122.7,41.409,-122.068,2165,0.1767,94
LBR,lbr,41.20_-122.80,41.2,-122.8,41.409,-122.068,2367,0.2866,94
LBR,lbr,41.20_-122.90,41.2,-122.9,41.409,-122.068,2382,0.132,94
LBR,lbr,41.20_-123.00,41.2,-123.0,41.409,-122.068,2275,0.2657,94
LBR,lbr,41.20_-123.10,41.2,-123.1,41.409,-122.068,1349,0.2121,94
LBR,lbr,41.20_-123.20,41.2,-123.2,41.409,-122.068,2446,0.1873,94
LBR,lbr,41.20_-123.30,41.2,-123.3,41.409,-122.068,2280,0.2583,94
LBR,lbr,41.20_-123.40,41.2,-123.4,41.409,-122.068,1769,0.2003,94
LBR,lbr,41.30_-122.90,41.3,-122.9,41.409,-122.068,2314,0.2443,94
LBR,lbr,41.30_-123.00,41.3,-123.0,41.409,-122.068,2267,0.1747,94
LBR,lbr,41.30_-123.10,41.3,-123.1,41.409,-122.068,2075,0.2705,94
LBR,lbr,41.30_-123.20,41.3,-123.2,41.409,-122.068,2272,0.2263,94
LBR,lbr,41.30_-123.30,41.3,-123.3,41.409,-122.068,2165,0.1949,94
LBR,lbr,41.40_-123.00,41.4,-123.0,41.409,-122.068,2449,0.1697,94
LBR,lbr,41.40_-123.10,41.4,-123.1,41.409,-122.068,2286,0.1634,94
LBR,lbr,41.40_-123.20,41.4,-123.2,41.409,-122.068,2427,0.1707,94
LBR,lbr,41.40_-123.30,41.4,-123.3,41.409,-122.068,2307,0.31,94
LBR,lbr,41.50_-122.80,41.5,-122.8,41.409,-122.068,2359,0.1925,94
LBR,lbr,41.50_-123.00,41.5,-123.0,41.409,-122.068,2293,0.2341,94
LBR,lbr,41.50_-123.10,41.5,-123.1,41.409,-122.068,2324,0.1924,94
LBR,lbr,41.50_-123.20,41.5,-123.2,41.409,-122.068,2170,0.2574,94
LBR,lbr,41.50_-123.40,41.5,-123.4,41.409,-122.068,2297,0.219,94
LBR,lbr,41.60_-122.70,41.6,-122.7,41.409,-122.068,2160,0.2322,94
LBR,lbr,41.60_-122.80,41.6,-122.8,41.409,-122.068,2334,0.1637,94
LBR,lbr,41.60_-122.90,41.6,-122.9,41.409,-122.068,2028,0.2004,94
LBR,lbr,41.60_-123.10,41.6,-123.1,41.409,-122.068,2257,0.2216,94
LBR,lbr,41.60_-123.20,41.6,-123.2,41.409,-122.068,2434,0.1719,94
LBR,lbr,41.60_-123.30,41.6,-123.3,41.409,-122.068,2349,0.2115,94
LBR,lbr,41.60_-123.40,41.6,-123.4,41.409,-122.068,2394,0.3093,94
LBR,lbr,41.70_-122.80,41.7,-122.8,41.409,-122.068,1769,0.2878,94
LBR,lbr,41.70_-123.20,41.7,-123.2,41.409,-122.068,1992,0.319,94
LBR,lbr,41.70_-123.30,41.7,-123.3,41.409,-122.068,2392,0.2405,94
LBR,lbr,41.80_-123.10,41.8,-123.1,41.409,-122.068,2382,0.1931,94
LBR,lbr,41.80_-123.20,41.8,-123.2,41.409,-122.068,2421,0.2159,94
LBR,lbr,41.80_-123.30,41.8,-123.3,41.409,-122.068,1049,0.2269,94
LBR,lbr,41.90_-123.40,41.9,-123.4,41.409,-122.068,2449,0.1697,94
LBR,lbr,42.00_-123.20,42.0,-123.2,41.409,-122.068,2306,0.2968,94
LBR,lbr,42.00_-123.30,42.0,-123.3,41.409,-122.068,2390,0.2486,94
LBR,lbr,42.20_-123.30,42.2,-123.3,41.409,-122.068,2385,0.331,94
LBR,lbr,42.30_-123.20,42.3,-123.2,41.409,-122.068,2136,0.2315,94
LBR,lbr,42.30_-123.30,42.3,-123.3,41.409,-122.068,2283,0.1504,94
LCCR,lccr,44.40_-123.60,44.4,-123.6,45.206,-122.478,1288,0.1732,95
LCCR,lccr,44.40_-123.70,44.4,-123.7,45.206,-122.478,4662,0.1027,95
LCCR,lccr,44.50_-123.80,44.5,-123.8,45.206,-122.478,4664,0.0645,95
LCCR,lccr,44.60_-123.40,44.6,-123.4,45.206,-122.478,4664,0.1269,95
LCCR,lccr,44.60_-123.50,44.6,-123.5,45.206,-122.478,4631,0.0964,95
LCCR,lccr,44.60_-123.60,44.6,-123.6,45.206,-122.478,4663,0.1115,95
LCCR,lccr,44.70_-123.60,44.7,-123.6,45.206,-122.478,4624,0.0858,95
LCCR,lccr,44.80_-123.20,44.8,-123.2,45.206,-122.478,4660,0.1321,95
LCCR,lccr,44.80_-123.30,44.8,-123.3,45.206,-122.478,4309,0.1274,95
LCCR,lccr,44.80_-123.40,44.8,-123.4,45.206,-122.478,4662,0.1031,95
LCCR,lccr,44.80_-123.50,44.8,-123.5,45.206,-122.478,4656,0.0968,95
LCCR,lccr,44.80_-123.60,44.8,-123.6,45.206,-122.478,4664,0.11,95
LCCR,lccr,44.90_-123.20,44.9,-123.2,45.206,-122.478,4665,0.1232,95
LCCR,lccr,44.90_-123.50,44.9,-123.5,45.206,-122.478,4658,0.1489,95
LCCR,lccr,44.90_-123.60,44.9,-123.6,45.206,-122.478,4658,0.1315,95
LCCR,lccr,44.90_-123.80,44.9,-123.8,45.206,-122.478,4663,0.115,95
LCCR,lccr,45.00_-123.10,45.0,-123.1,45.206,-122.478,4660,0.082,95
LCCR,lccr,45.00_-123.20,45.0,-123.2,45.206,-122.478,4664,0.1305,95
LCCR,lccr,45.00_-123.30,45.0,-123.3,45.206,-122.478,4652,0.113,95
LCCR,lccr,45.00_-123.40,45.0,-123.4,45.206,-122.478,4642,0.0697,95
LCCR,lccr,45.00_-123.50,45.0,-123.5,45.206,-122.478,4585,0.1022,95
LCCR,lccr,45.00_-123.60,45.0,-123.6,45.206,-122.478,4627,0.1043,95
LCCR,lccr,45.00_-123.70,45.0,-123.7,45.206,-122.478,4663,0.0833,95
LCCR,lccr,45.10_-123.20,45.1,-123.2,45.206,-122.478,4656,0.1553,95
LCCR,lccr,45.10_-123.30,45.1,-123.3,45.206,-122.478,4644,0.0784,95
LCCR,lccr,45.10_-123.40,45.1,-123.4,45.206,-122.478,4653,0.1455,95
LCCR,lccr,45.10_-123.50,45.1,-123.5,45.206,-122.478,1717,0.1677,95
LCCR,lccr,45.20_-123.00,45.2,-123.0,45.206,-122.478,4660,0.0703,95
LCCR,lccr,45.20_-123.20,45.2,-123.2,45.206,-122.478,4654,0.1768,95
LCCR,lccr,45.20_-123.30,45.2,-123.3,45.206,-122.478,4660,0.097,95
LCCR,lccr,45.20_-123.40,45.2,-123.4,45.206,-122.478,4651,0.1297,95
LCCR,lccr,45.20_-123.60,45.2,-123.6,45.206,-122.478,2365,0.1909,95
LCCR,lccr,45.30_-123.10,45.3,-123.1,45.206,-122.478,4387,0.0902,95
LCCR,lccr,45.30_-123.20,45.3,-123.2,45.206,-122.478,4633,0.1414,95
LCCR,lccr,45.30_-123.30,45.3,-123.3,45.206,-122.478,4660,0.1434,95
LCCR,lccr,45.40_-123.00,45.4,-123.0,45.206,-122.478,4661,0.0507,95
LCCR,lccr,45.40_-123.10,45.4,-123.1,45.206,-122.478,4661,0.2112,95
LCCR,lccr,45.40_-123.30,45.4,-123.3,45.206,-122.478,4657,0.0864,95
LCCR,lccr,45.40_-123.50,45.4,-123.5,45.206,-122.478,4661,0.1171,95
LCCR,lccr,45.60_-123.20,45.6,-123.2,45.206,-122.478,4240,0.1018,95
LCCR,lccr,45.60_-123.40,45.6,-123.4,45.206,-122.478,4169,0.1295,95
LCCR,lccr,45.70_-123.10,45.7,-123.1,45.206,-122.478,4656,0.1225,95
LCCR,lccr,45.70_-123.30,45.7,-123.3,45.206,-122.478,4552,0.1176,95
LCCR,lccr,45.70_-123.40,45.7,-123.4,45.206,-122.478,4632,0.0987,95
LCCR,lccr,45.80_-123.20,45.8,-123.2,45.206,-122.478,4658,0.0778,95
LCCR,lccr,45.80_-123.30,45.8,-123.3,45.206,-122.478,4663,0.0887,95
LCCR,lccr,46.00_-123.20,46.0,-123.2,45.206,-122.478,4570,0.0984,95
LCM,lcm,40.30_-122.30,40.3,-122.3,40.147,-121.523,332,0.1649,96
LCM,lcm,40.30_-122.40,40.3,-122.4,40.147,-121.523,280,0.4283,96
LCM,lcm,40.40_-122.40,40.4,-122.4,40.147,-121.523,247,0.2321,96
LCM,lcm,40.40_-122.60,40.4,-122.6,40.147,-121.523,326,0.4139,96
LCM,lcm,40.40_-122.70,40.4,-122.7,40.147,-121.523,277,0.3478,96
LCM,lcm,40.40_-122.80,40.4,-122.8,40.147,-121.523,303,0.324,96
LCM,lcm,40.50_-122.60,40.5,-122.6,40.147,-121.523,338,0.3855,96
LCM,lcm,40.50_-122.70,40.5,-122.7,40.147,-121.523,322,0.3062,96
LCM,lcm,40.50_-122.80,40.5,-122.8,40.147,-121.523,362,0.3321,96
LCM,lcm,40.60_-122.60,40.6,-122.6,40.147,-121.523,359,0.289,96
LCM,lcm,40.60_-122.70,40.6,-122.7,40.147,-121.523,305,0.2959,96
LCM,lcm,40.60_-122.80,40.6,-122.8,40.147,-121.523,333,0.2741,96
LCM,lcm,40.70_-122.60,40.7,-122.6,40.147,-121.523,367,0.267,96
LCM,lcm,40.80_-122.60,40.8,-122.6,40.147,-121.523,347,0.2666,96
LCM,lcm,40.80_-122.70,40.8,-122.7,40.147,-121.523,265,0.3507,96
LCM,lcm,40.80_-122.80,40.8,-122.8,40.147,-121.523,322,0.1548,96
LCM,lcm,40.90_-122.80,40.9,-122.8,40.147,-121.523,369,0.2836,96
LCM,lcm,41.00_-122.80,41.0,-122.8,40.147,-121.523,348,0.2432,96
LCOW,lcow,40.40_-122.80,40.4,-122.8,40.643,-122.185,2188,0.1237,97
LCOW,lcow,40.50_-122.60,40.5,-122.6,40.643,-122.185,2223,0.0722,97
LCOW,lcow,40.50_-122.80,40.5,-122.8,40.643,-122.185,2223,0.0628,97
LCOW,lcow,40.60_-122.60,40.6,-122.6,40.643,-122.185,2060,0.1426,97
LCOW,lcow,40.60_-122.70,40.6,-122.7,40.643,-122.185,2189,0.0977,97
LCOW,lcow,40.60_-122.90,40.6,-122.9,40.643,-122.185,2225,0.0521,97
LCOW,lcow,40.60_-123.00,40.6,-123.0,40.643,-122.185,2225,0.0642,97
LCOW,lcow,40.70_-122.80,40.7,-122.8,40.643,-122.185,2225,0.0616,97
LCOW,lcow,40.70_-123.10,40.7,-123.1,40.643,-122.185,2225,0.0477,97
LCOW,lcow,40.80_-122.70,40.8,-122.7,40.643,-122.185,2224,0.0687,97
LCOW,lcow,40.80_-122.80,40.8,-122.8,40.643,-122.185,2224,0.0705,97
LCOW,lcow,40.80_-122.90,40.8,-122.9,40.643,-122.185,2220,0.0842,97
LCOW,lcow,40.80_-123.00,40.8,-123.0,40.643,-122.185,2225,0.0639,97
LCOW,lcow,40.80_-123.10,40.8,-123.1,40.643,-122.185,2223,0.0868,97
LCOW,lcow,40.90_-122.60,40.9,-122.6,40.643,-122.185,2215,0.107,97
LCOW,lcow,40.90_-122.70,40.9,-122.7,40.643,-122.185,2148,0.15,97
LCOW,lcow,40.90_-122.80,40.9,-122.8,40.643,-122.185,2223,0.056,97
LCOW,lcow,40.90_-122.90,40.9,-122.9,40.643,-122.185,2222,0.1088,97
LCOW,lcow,40.90_-123.00,40.9,-123.0,40.643,-122.185,2225,0.0568,97
LCOW,lcow,40.90_-123.10,40.9,-123.1,40.643,-122.185,2200,0.1023,97
LCOW,lcow,41.00_-122.70,41.0,-122.7,40.643,-122.185,2186,0.1206,97
LCOW,lcow,41.00_-122.80,41.0,-122.8,40.643,-122.185,2221,0.0897,97
LCOW,lcow,41.00_-122.90,41.0,-122.9,40.643,-122.185,2225,0.0703,97
LCOW,lcow,41.00_-123.00,41.0,-123.0,40.643,-122.185,2224,0.0519,97
LCOW,lcow,41.00_-123.10,41.0,-123.1,40.643,-122.185,2222,0.056,97
LCOW,lcow,41.00_-123.20,41.0,-123.2,40.643,-122.185,2224,0.103,97
LCOW,lcow,41.10_-122.80,41.1,-122.8,40.643,-122.185,2224,0.1326,97
LCOW,lcow,41.10_-122.90,41.1,-122.9,40.643,-122.185,2224,0.082,97
LCOW,lcow,41.10_-123.00,41.1,-123.0,40.643,-122.185,2225,0.0639,97
LCOW,lcow,41.10_-123.10,41.1,-123.1,40.643,-122.185,2213,0.0684,97
LCOW,lcow,41.10_-123.20,41.1,-123.2,40.643,-122.185,2223,0.0769,97
LCOW,lcow,41.20_-122.80,41.2,-122.8,40.643,-122.185,2217,0.1624,97
LCOW,lcow,41.20_-123.00,41.2,-123.0,40.643,-122.185,2190,0.1273,97
LCOW,lcow,41.20_-123.20,41.2,-123.2,40.643,-122.185,2203,0.1365,97
LCOW,lcow,41.30_-122.90,41.3,-122.9,40.643,-122.185,2211,0.091,97
LCOW,lcow,41.30_-123.00,41.3,-123.0,40.643,-122.185,2213,0.0847,97
LCOW,lcow,41.30_-123.10,41.3,-123.1,40.643,-122.185,2225,0.0502,97
LCOW,lcow,41.30_-123.20,41.3,-123.2,40.643,-122.185,2150,0.2128,97
LCOW,lcow,41.40_-123.00,41.4,-123.0,40.643,-122.185,2214,0.098,97
LCOW,lcow,41.40_-123.10,41.4,-123.1,40.643,-122.185,2209,0.0964,97
LCOW,lcow,41.40_-123.20,41.4,-123.2,40.643,-122.185,2222,0.0989,97
LCOW,lcow,41.40_-123.30,41.4,-123.3,40.643,-122.185,2220,0.0646,97
LCOW,lcow,41.40_-123.40,41.4,-123.4,40.643,-122.185,2220,0.1117,97
LCOW,lcow,41.50_-123.00,41.5,-123.0,40.643,-122.185,2225,0.0743,97
LCOW,lcow,41.50_-123.20,41.5,-123.2,40.643,-122.185,2225,0.0513,97
LDH,ldh,39.90_-122.80,39.9,-122.8,40.512,-121.582,5748,0.1739,98
LDH,ldh,40.00_-122.40,40.0,-122.4,40.512,-121.582,5693,0.1603,98
LDH,ldh,40.00_-122.60,40.0,-122.6,40.512,-121.582,5749,0.1784,98
LDH,ldh,40.00_-122.80,40.0,-122.8,40.512,-121.582,5715,0.1725,98
LDH,ldh,40.10_-122.20,40.1,-122.2,40.512,-121.582,5753,0.1652,98
LDH,ldh,40.10_-122.30,40.1,-122.3,40.512,-121.582,5694,0.1248,98
LDH,ldh,40.10_-122.40,40.1,-122.4,40.512,-121.582,5750,0.1297,98
LDH,ldh,40.10_-122.50,40.1,-122.5,40.512,-121.582,5753,0.1097,98
LDH,ldh,40.10_-122.60,40.1,-122.6,40.512,-121.582,5737,0.2043,98
LDH,ldh,40.10_-122.70,40.1,-122.7,40.512,-121.582,5755,0.2176,98
LDH,ldh,40.10_-122.80,40.1,-122.8,40.512,-121.582,4883,0.2932,98
LDH,ldh,40.20_-122.20,40.2,-122.2,40.512,-121.582,5752,0.209,98
LDH,ldh,40.20_-122.40,40.2,-122.4,40.512,-121.582,5735,0.1736,98
LDH,ldh,40.20_-122.50,40.2,-122.5,40.512,-121.582,5749,0.1259,98
LDH,ldh,40.20_-122.70,40.2,-122.7,40.512,-121.582,5665,0.1131,98
LDH,ldh,40.20_-122.80,40.2,-122.8,40.512,-121.582,5680,0.1692,98
LDH,ldh,40.30_-122.60,40.3,-122.6,40.512,-121.582,5751,0.1533,98
LDH,ldh,40.30_-122.80,40.3,-122.8,40.512,-121.582,5751,0.1547,98
LDH,ldh,40.40_-122.40,40.4,-122.4,40.512,-121.582,5748,0.1547,98
LDH,ldh,40.40_-122.50,40.4,-122.5,40.512,-121.582,5731,0.178,98
LDH,ldh,40.40_-122.60,40.4,-122.6,40.512,-121.582,5752,0.1269,98
LDH,ldh,40.40_-122.70,40.4,-122.7,40.512,-121.582,3231,0.2729,98
LDH,ldh,40.40_-122.80,40.4,-122.8,40.512,-121.582,5748,0.1407,98
LDH,ldh,40.40_-122.90,40.4,-122.9,40.512,-121.582,5645,0.1494,98
LDH,ldh,40.50_-122.40,40.5,-122.4,40.512,-121.582,5751,0.2279,98
LDH,ldh,40.50_-122.50,40.5,-122.5,40.512,-121.582,5721,0.1313,98
LDH,ldh,40.50_-122.60,40.5,-122.6,40.512,-121.582,5752,0.1363,98
LDH,ldh,40.50_-122.70,40.5,-122.7,40.512,-121.582,5643,0.1091,98
LDH,ldh,40.50_-122.80,40.5,-122.8,40.512,-121.582,5751,0.2242,98
LDH,ldh,40.50_-122.90,40.5,-122.9,40.512,-121.582,5630,0.1243,98
LDH,ldh,40.60_-122.50,40.6,-122.5,40.512,-121.582,5741,0.1217,98
LDH,ldh,40.60_-122.60,40.6,-122.6,40.512,-121.582,5754,0.151,98
LDH,ldh,40.60_-122.70,40.6,-122.7,40.512,-121.582,5750,0.1438,98
LDH,ldh,40.60_-122.80,40.6,-122.8,40.512,-121.582,5750,0.1411,98
LDH,ldh,40.60_-122.90,40.6,-122.9,40.512,-121.582,5557,0.1364,98
LDH,ldh,40.70_-122.40,40.7,-122.4,40.512,-121.582,5751,0.1575,98
LDH,ldh,40.70_-122.60,40.7,-122.6,40.512,-121.582,5741,0.1442,98
LDH,ldh,40.70_-122.70,40.7,-122.7,40.512,-121.582,5749,0.1254,98
LDH,ldh,40.70_-122.80,40.7,-122.8,40.512,-121.582,5754,0.1299,98
LDH,ldh,40.80_-122.60,40.8,-122.6,40.512,-121.582,5749,0.1911,98
LDH,ldh,40.80_-122.70,40.8,-122.7,40.512,-121.582,5750,0.106,98
LDH,ldh,40.80_-122.80,40.8,-122.8,40.512,-121.582,5749,0.1553,98
LDH,ldh,40.80_-122.90,40.8,-122.9,40.512,-121.582,5745,0.154,98
LDH,ldh,40.90_-122.60,40.9,-122.6,40.512,-121.582,5750,0.1333,98
LDH,ldh,40.90_-122.70,40.9,-122.7,40.512,-121.582,5514,0.1514,98
LDH,ldh,40.90_-122.80,40.9,-122.8,40.512,-121.582,5754,0.1215,98
LDH,ldh,40.90_-122.90,40.9,-122.9,40.512,-121.582,5740,0.1114,98
LDH,ldh,41.00_-122.60,41.0,-122.6,40.512,-121.582,5750,0.259,98
LDH,ldh,41.00_-122.70,41.0,-122.7,40.512,-121.582,5751,0.1957,98
LDH,ldh,41.00_-122.80,41.0,-122.8,40.512,-121.582,5755,0.1513,98
LDH,ldh,41.00_-122.90,41.0,-122.9,40.512,-121.582,5751,0.228,98
LDH,ldh,41.10_-122.80,41.1,-122.8,40.512,-121.582,5752,0.1755,98
LDH,ldh,41.20_-122.80,41.2,-122.8,40.512,-121.582,5713,0.1212,98
LDH,ldh,41.20_-122.90,41.2,-122.9,40.512,-121.582,5748,0.1533,98
LDH,ldh,41.30_-122.90,41.3,-122.9,40.512,-121.582,5735,0.1022,98
LDL,ldl,40.50_-122.60,40.5,-122.6,41.381,-122.294,3168,0.0392,99
LDL,ldl,40.60_-122.50,40.6,-122.5,41.381,-122.294,2761,0.1638,99
LDL,ldl,40.60_-122.60,40.6,-122.6,41.381,-122.294,3023,0.1534,99
LDL,ldl,40.60_-122.70,40.6,-122.7,41.381,-122.294,3168,0.1133,99
LDL,ldl,40.70_-122.80,40.7,-122.8,41.381,-122.294,3062,0.1192,99
LDL,ldl,40.70_-123.00,40.7,-123.0,41.381,-122.294,3087,0.1052,99
LDL,ldl,40.80_-122.60,40.8,-122.6,41.381,-122.294,3168,0.0626,99
LDL,ldl,40.80_-122.70,40.8,-122.7,41.381,-122.294,3160,0.0597,99
LDL,ldl,40.80_-122.80,40.8,-122.8,41.381,-122.294,3168,0.0746,99
LDL,ldl,40.80_-123.00,40.8,-123.0,41.381,-122.294,2899,0.1271,99
LDL,ldl,40.90_-122.80,40.9,-122.8,41.381,-122.294,3168,0.0492,99
LDL,ldl,40.90_-123.00,40.9,-123.0,41.381,-122.294,3147,0.0887,99
LDL,ldl,41.00_-122.80,41.0,-122.8,41.381,-122.294,3165,0.0855,99
LDL,ldl,41.00_-122.90,41.0,-122.9,41.381,-122.294,3071,0.1158,99
LDL,ldl,41.00_-123.00,41.0,-123.0,41.381,-122.294,3167,0.0853,99
LDL,ldl,41.00_-123.10,41.0,-123.1,41.381,-122.294,3168,0.0677,99
LDL,ldl,41.00_-123.20,41.0,-123.2,41.381,-122.294,3167,0.0565,99
LDL,ldl,41.10_-122.80,41.1,-122.8,41.381,-122.294,3162,0.123,99
LDL,ldl,41.10_-122.90,41.1,-122.9,41.381,-122.294,3169,0.0994,99
LDL,ldl,41.10_-123.00,41.1,-123.0,41.381,-122.294,3168,0.0737,99
LDL,ldl,41.10_-123.10,41.1,-123.1,41.381,-122.294,3083,0.1368,99
LDL,ldl,41.10_-123.20,41.1,-123.2,41.381,-122.294,3168,0.0674,99
LDL,ldl,41.20_-122.80,41.2,-122.8,41.381,-122.294,2969,0.1123,99
LDL,ldl,41.20_-122.90,41.2,-122.9,41.381,-122.294,3167,0.0623,99
LDL,ldl,41.20_-123.00,41.2,-123.0,41.381,-122.294,3169,0.0339,99
LDL,ldl,41.30_-122.80,41.3,-122.8,41.381,-122.294,3167,0.0878,99
LDL,ldl,41.30_-123.00,41.3,-123.0,41.381,-122.294,3168,0.0744,99
LDL,ldl,41.30_-123.10,41.3,-123.1,41.381,-122.294,3121,0.08,99
LDL,ldl,41.40_-123.00,41.4,-123.0,41.381,-122.294,3169,0.0555,99
LDL,ldl,41.40_-123.10,41.4,-123.1,41.381,-122.294,3168,0.0799,99
LDL,ldl,41.40_-123.20,41.4,-123.2,41.381,-122.294,2978,0.1518,99
LDL,ldl,41.50_-123.20,41.5,-123.2,41.381,-122.294,3167,0.0829,99
LDL,ldl,41.50_-123.40,41.5,-123.4,41.381,-122.294,3162,0.0445,99
LDL,ldl,41.60_-122.80,41.6,-122.8,41.381,-122.294,3051,0.0777,99
LDL,ldl,41.60_-122.90,41.6,-122.9,41.381,-122.294,3137,0.1478,99
LDL,ldl,41.60_-123.00,41.6,-123.0,41.381,-122.294,3096,0.0763,99
LDL,ldl,41.70_-123.30,41.7,-123.3,41.381,-122.294,3137,0.0877,99
LDL,ldl,41.80_-123.10,41.8,-123.1,41.381,-122.294,3107,0.0965,99
LDL,ldl,41.80_-123.40,41.8,-123.4,41.381,-122.294,2947,0.1722,99
LDL,ldl,42.00_-123.10,42.0,-123.1,41.381,-122.294,3005,0.0762,99
LDL,ldl,42.00_-123.20,42.0,-123.2,41.381,-122.294,3059,0.0674,99
LDL,ldl,42.00_-123.30,42.0,-123.3,41.381,-122.294,3168,0.0605,99
LDL,ldl,42.10_-123.30,42.1,-123.3,41.381,-122.294,3156,0.1176,99
LDL,ldl,42.10_-123.40,42.1,-123.4,41.381,-122.294,3169,0.0594,99
LDL,ldl,42.20_-123.40,42.2,-123.4,41.381,-122.294,3106,0.1131,99
LEBA,leba,45.80_-123.20,45.8,-123.2,46.546,-123.563,2378,0.2187,100
LEBA,leba,45.90_-123.20,45.9,-123.2,46.546,-123.563,1759,0.2537,100
LEBA,leba,45.90_-123.30,45.9,-123.3,46.546,-123.563,2373,0.1916,100
LEBA,leba,46.00_-123.20,46.0,-123.2,46.546,-123.563,1975,0.2142,100
LEBA,leba,46.20_-123.00,46.2,-123.0,46.546,-123.563,2441,0.2068,100
LEBA,leba,46.20_-123.10,46.2,-123.1,46.546,-123.563,2279,0.2163,100
LEBA,leba,46.20_-123.20,46.2,-123.2,46.546,-123.563,2470,0.1834,100
LEBA,leba,46.30_-123.10,46.3,-123.1,46.546,-123.563,2008,0.196,100
LEBA,leba,46.40_-123.10,46.4,-123.1,46.546,-123.563,2520,0.2641,100
LEBA,leba,46.40_-123.20,46.4,-123.2,46.546,-123.563,2028,0.2846,100
LEBA,leba,46.50_-122.80,46.5,-122.8,46.546,-123.563,2633,0.3742,100
LEBA,leba,46.50_-123.10,46.5,-123.1,46.546,-123.563,1185,0.2811,100
LEBA,leba,46.50_-123.20,46.5,-123.2,46.546,-123.563,858,0.2498,100
LEBA,leba,46.60_-122.70,46.6,-122.7,46.546,-123.563,1581,0.2925,100
LEBA,leba,46.60_-123.10,46.6,-123.1,46.546,-123.563,241,0.3685,100
LEBA,leba,46.60_-123.20,46.6,-123.2,46.546,-123.563,2731,0.247,100
LEBA,leba,46.80_-122.70,46.8,-122.7,46.546,-123.563,2506,0.3281,100
LEBA,leba,46.80_-122.80,46.8,-122.8,46.546,-123.563,2771,0.1254,100
LEBA,leba,46.80_-123.00,46.8,-123.0,46.546,-123.563,1011,0.2952,100
LEBA,leba,46.80_-123.10,46.8,-123.1,46.546,-123.563,2525,0.2723,100
LEBA,leba,46.90_-122.60,46.9,-122.6,46.546,-123.563,2304,0.303,100
LEBA,leba,46.90_-122.70,46.9,-122.7,46.546,-123.563,1609,0.2554,100
LEBA,leba,47.00_-122.70,47.0,-122.7,46.546,-123.563,2727,0.145,100
LEBA,leba,47.00_-122.80,47.0,-122.8,46.546,-123.563,2626,0.1906,100
LEBA,leba,47.00_-123.00,47.0,-123.0,46.546,-123.563,1946,0.2509,100
LEBA,leba,47.00_-123.10,47.0,-123.1,46.546,-123.563,2400,0.2057,100
LEBA,leba,47.00_-123.20,47.0,-123.2,46.546,-123.563,231,0.2867,100
LEBA,leba,47.10_-122.80,47.1,-122.8,46.546,-123.563,2503,0.1297,100
LEBA,leba,47.10_-122.90,47.1,-122.9,46.546,-123.563,2671,0.2571,100
LEBA,leba,47.20_-122.80,47.2,-122.8,46.546,-123.563,2595,0.2099,100
LEBA,leba,47.20_-122.90,47.2,-122.9,46.546,-123.563,2609,0.194,100
LEBA,leba,47.20_-123.00,47.2,-123.0,46.546,-123.563,2562,0.1601,100
LEBA,leba,47.20_-123.10,47.2,-123.1,46.546,-123.563,1276,0.2876,100
LEBA,leba,47.20_-123.20,47.2,-123.2,46.546,-123.563,2542,0.1936,100
LEBA,leba,47.30_-122.90,47.3,-122.9,46.546,-123.563,2090,0.1799,100
LEBA,leba,47.30_-123.00,47.3,-123.0,46.546,-123.563,2464,0.1668,100
LEBA,leba,47.30_-123.10,47.3,-123.1,46.546,-123.563,2621,0.2023,100
LEBA,leba,47.40_-122.80,47.4,-122.8,46.546,-123.563,2747,0.1482,100
LEBA,leba,47.40_-122.90,47.4,-122.9,46.546,-123.563,2745,0.1589,100
LEBA,leba,47.40_-123.00,47.4,-123.0,46.546,-123.563,2733,0.1819,100
LEBA,leba,47.40_-123.10,47.4,-123.1,46.546,-123.563,2605,0.1619,100
LEBA,leba,47.40_-123.20,47.4,-123.2,46.546,-123.563,2651,0.2215,100
LEID,leid,46.00_-123.20,46.0,-123.2,46.829,-123.465,725,0.0476,101
LEID,leid,46.80_-122.80,46.8,-122.8,46.829,-123.465,143,0.2012,101
LEID,leid,47.50_-122.80,47.5,-122.8,46.829,-123.465,645,0.0977,101
LEID,leid,47.60_-123.00,47.6,-123.0,46.829,-123.465,912,0.0578,101
LEID,leid,47.60_-123.10,47.6,-123.1,46.829,-123.465,929,0.0523,101
LEID,leid,47.70_-122.60,47.7,-122.6,46.829,-123.465,960,0.0427,101
LGY,lgy,40.40_-122.60,40.4,-122.6,41.345,-122.196,1929,0.1743,102
LGY,lgy,40.40_-122.70,40.4,-122.7,41.345,-122.196,2752,0.3251,102
LGY,lgy,40.50_-122.70,40.5,-122.7,41.345,-122.196,1929,0.1743,102
LGY,lgy,40.50_-123.00,40.5,-123.0,41.345,-122.196,2159,0.3,102
LGY,lgy,40.60_-122.60,40.6,-122.6,41.345,-122.196,2663,0.3078,102
LGY,lgy,40.60_-122.70,40.6,-122.7,41.345,-122.196,2807,0.2648,102
LGY,lgy,40.60_-122.80,40.6,-122.8,41.345,-122.196,2758,0.156,102
LGY,lgy,40.60_-123.00,40.6,-123.0,41.345,-122.196,2850,0.1501,102
LGY,lgy,40.70_-122.60,40.7,-122.6,41.345,-122.196,2812,0.1553,102
LGY,lgy,40.70_-122.80,40.7,-122.8,41.345,-122.196,2685,0.1668,102
LGY,lgy,40.70_-122.90,40.7,-122.9,41.345,-122.196,993,0.2757,102
LGY,lgy,40.80_-122.60,40.8,-122.6,41.345,-122.196,2873,0.2393,102
LGY,lgy,40.80_-122.70,40.8,-122.7,41.345,-122.196,2827,0.1263,102
LGY,lgy,40.80_-122.80,40.8,-122.8,41.345,-122.196,2952,0.1267,102
LGY,lgy,40.80_-122.90,40.8,-122.9,41.345,-122.196,1969,0.1808,102
LGY,lgy,40.80_-123.00,40.8,-123.0,41.345,-122.196,2878,0.2138,102
LGY,lgy,40.80_-123.10,40.8,-123.1,41.345,-122.196,2907,0.2018,102
LGY,lgy,40.90_-122.40,40.9,-122.4,41.345,-122.196,2313,0.2148,102
LGY,lgy,40.90_-122.60,40.9,-122.6,41.345,-122.196,2920,0.1527,102
LGY,lgy,40.90_-122.80,40.9,-122.8,41.345,-122.196,2376,0.1596,102
LGY,lgy,40.90_-122.90,40.9,-122.9,41.345,-122.196,2212,0.1432,102
LGY,lgy,40.90_-123.00,40.9,-123.0,41.345,-122.196,2326,0.12,102
LGY,lgy,40.90_-123.10,40.9,-123.1,41.345,-122.196,2572,0.1806,102
LGY,lgy,41.00_-122.80,41.0,-122.8,41.345,-122.196,2830,0.2001,102
LGY,lgy,41.00_-122.90,41.0,-122.9,41.345,-122.196,2437,0.4309,102
LGY,lgy,41.00_-123.00,41.0,-123.0,41.345,-122.196,1781,0.2162,102
LGY,lgy,41.00_-123.10,41.0,-123.1,41.345,-122.196,1905,0.1785,102
LGY,lgy,41.00_-123.20,41.0,-123.2,41.345,-122.196,2787,0.1983,102
LGY,lgy,41.10_-123.00,41.1,-123.0,41.345,-122.196,2839,0.2785,102
LGY,lgy,41.10_-123.10,41.1,-123.1,41.345,-122.196,2792,0.1393,102
LGY,lgy,41.10_-123.20,41.1,-123.2,41.345,-122.196,2868,0.1603,102
LGY,lgy,41.20_-122.80,41.2,-122.8,41.345,-122.196,2807,0.1441,102
LGY,lgy,41.20_-122.90,41.2,-122.9,41.345,-122.196,2833,0.1714,102
LGY,lgy,41.20_-123.00,41.2,-123.0,41.345,-122.196,2837,0.1126,102
LGY,lgy,41.20_-123.20,41.2,-123.2,41.345,-122.196,2376,0.215,102
LGY,lgy,41.30_-122.90,41.3,-122.9,41.345,-122.196,2914,0.2003,102
LGY,lgy,41.30_-123.00,41.3,-123.0,41.345,-122.196,2905,0.1806,102
LGY,lgy,41.30_-123.10,41.3,-123.1,41.345,-122.196,2836,0.1414,102
LGY,lgy,41.30_-123.20,41.3,-123.2,41.345,-122.196,2153,0.1567,102
LGY,lgy,41.30_-123.30,41.3,-123.3,41.345,-122.196,2885,0.1643,102
LGY,lgy,41.40_-122.80,41.4,-122.8,41.345,-122.196,2664,0.1537,102
LGY,lgy,41.40_-123.10,41.4,-123.1,41.345,-122.196,2813,0.1277,102
LGY,lgy,41.40_-123.20,41.4,-123.2,41.345,-122.196,2880,0.0943,102
LGY,lgy,41.50_-123.00,41.5,-123.0,41.345,-122.196,2672,0.1224,102
LGY,lgy,41.50_-123.10,41.5,-123.1,41.345,-122.196,2908,0.1416,102
LGY,lgy,41.60_-122.80,41.6,-122.8,41.345,-122.196,2767,0.154,102
LGY,lgy,41.60_-122.90,41.6,-122.9,41.345,-122.196,2440,0.1372,102
LGY,lgy,41.60_-123.20,41.6,-123.2,41.345,-122.196,2748,0.1573,102
LGY,lgy,41.60_-123.30,41.6,-123.3,41.345,-122.196,2803,0.1382,102
LGY,lgy,41.60_-123.40,41.6,-123.4,41.345,-122.196,2596,0.1912,102
LGY,lgy,41.70_-123.30,41.7,-123.3,41.345,-122.196,2517,0.1133,102
LGY,lgy,41.80_-123.30,41.8,-123.3,41.345,-122.196,2852,0.1285,102
LGY,lgy,41.90_-123.20,41.9,-123.2,41.345,-122.196,2869,0.1364,102
LGY,lgy,42.00_-123.20,42.0,-123.2,41.345,-122.196,2525,0.1644,102
LGY,lgy,42.00_-123.30,42.0,-123.3,41.345,-122.196,2865,0.1501,102
LGY,lgy,42.00_-123.40,42.0,-123.4,41.345,-122.196,2945,0.1895,102
LGY,lgy,42.10_-123.30,42.1,-123.3,41.345,-122.196,2618,0.1051,102
LGY,lgy,42.10_-123.40,42.1,-123.4,41.345,-122.196,2851,0.1819,102
LGY,lgy,42.20_-123.30,42.2,-123.3,41.345,-122.196,2634,0.1732,102
LMC,lmc,41.00_-122.80,41.0,-122.8,41.274,-122.122,3639,0.145,103
LMC,lmc,41.30_-123.00,41.3,-123.0,41.274,-122.122,3367,0.1264,103
LMC,lmc,41.40_-123.00,41.4,-123.0,41.274,-122.122,2895,0.1452,103
LMC,lmc,41.40_-123.10,41.4,-123.1,41.274,-122.122,607,0.0986,103
LOKI,loki,44.20_-123.60,44.2,-123.6,45.062,-123.108,2277,0.0776,104
LOKI,loki,44.40_-123.60,44.4,-123.6,45.062,-123.108,2277,0.0741,104
LOKI,loki,44.50_-123.60,44.5,-123.6,45.062,-123.108,2277,0.0628,104
LOKI,loki,44.50_-123.70,44.5,-123.7,45.062,-123.108,2277,0.0606,104
LOKI,loki,44.60_-123.60,44.6,-123.6,45.062,-123.108,2277,0.0532,104
LOKI,loki,44.80_-123.50,44.8,-123.5,45.062,-123.108,2277,0.0705,104
LOKI,loki,44.90_-123.60,44.9,-123.6,45.062,-123.108,1807,0.1174,104
LOKI,loki,45.00_-123.20,45.0,-123.2,45.062,-123.108,2277,0.0683,104
LOKI,loki,45.00_-123.40,45.0,-123.4,45.062,-123.108,2277,0.0743,104
LOKI,loki,45.00_-123.50,45.0,-123.5,45.062,-123.108,2277,0.0636,104
LOKI,loki,45.00_-123.60,45.0,-123.6,45.062,-123.108,2277,0.114,104
LOKI,loki,45.00_-123.70,45.0,-123.7,45.062,-123.108,2277,0.0733,104
LOKI,loki,45.10_-123.20,45.1,-123.2,45.062,-123.108,2277,0.0885,104
LOKI,loki,45.10_-123.30,45.1,-123.3,45.062,-123.108,2277,0.0862,104
LOKI,loki,45.10_-123.40,45.1,-123.4,45.062,-123.108,2277,0.0451,104
LOKI,loki,45.10_-123.50,45.1,-123.5,45.062,-123.108,2275,0.0727,104
LOKI,loki,45.20_-123.20,45.2,-123.2,45.062,-123.108,2277,0.0917,104
LOKI,loki,45.20_-123.40,45.2,-123.4,45.062,-123.108,2277,0.0899,104
LOKI,loki,45.20_-123.60,45.2,-123.6,45.062,-123.108,2276,0.1265,104
LOKI,loki,45.30_-123.20,45.3,-123.2,45.062,-123.108,2275,0.0684,104
LOKI,loki,45.30_-123.30,45.3,-123.3,45.062,-123.108,2275,0.0619,104
LOKI,loki,45.30_-123.40,45.3,-123.4,45.062,-123.108,2277,0.0872,104
LOKI,loki,45.30_-123.50,45.3,-123.5,45.062,-123.108,2277,0.0887,104
LOKI,loki,45.40_-123.00,45.4,-123.0,45.062,-123.108,2277,0.0714,104
LOKI,loki,45.40_-123.10,45.4,-123.1,45.062,-123.108,2277,0.0741,104
LOKI,loki,45.40_-123.20,45.4,-123.2,45.062,-123.108,2277,0.0809,104
LOKI,loki,45.40_-123.30,45.4,-123.3,45.062,-123.108,2277,0.0645,104
LOKI,loki,45.40_-123.40,45.4,-123.4,45.062,-123.108,2266,0.0772,104
LOKI,loki,45.50_-123.20,45.5,-123.2,45.062,-123.108,2277,0.1302,104
LOKI,loki,45.50_-123.30,45.5,-123.3,45.062,-123.108,2277,0.0807,104
LOKI,loki,45.50_-123.40,45.5,-123.4,45.062,-123.108,2277,0.061,104
LOKI,loki,45.60_-123.20,45.6,-123.2,45.062,-123.108,2259,0.0969,104
LOKI,loki,45.60_-123.40,45.6,-123.4,45.062,-123.108,2277,0.1045,104
LOKI,loki,45.80_-123.20,45.8,-123.2,45.062,-123.108,2277,0.1401,104
LOPEZ,lopez,47.60_-123.00,47.6,-123.0,48.437,-122.887,1660,0.1506,105
LOPEZ,lopez,47.80_-123.00,47.8,-123.0,48.437,-122.887,1660,0.1425,105
LOPEZ,lopez,47.80_-123.10,47.8,-123.1,48.437,-122.887,1660,0.1191,105
LOPEZ,lopez,47.80_-123.20,47.8,-123.2,48.437,-122.887,1660,0.1426,105
LOPEZ,lopez,47.80_-123.30,47.8,-123.3,48.437,-122.887,1660,0.2205,105
LOPEZ,lopez,47.80_-123.40,47.8,-123.4,48.437,-122.887,1660,0.2597,105
LOPEZ,lopez,47.90_-123.20,47.9,-123.2,48.437,-122.887,1660,0.167,105
LOPEZ,lopez,48.00_-123.20,48.0,-123.2,48.437,-122.887,1660,0.1784,105
LOPEZ,lopez,48.00_-123.30,48.0,-123.3,48.437,-122.887,1660,0.1604,105
LOPEZ,lopez,48.20_-123.60,48.2,-123.6,48.437,-122.887,1644,0.1794,105
LOPEZ,lopez,48.20_-123.70,48.2,-123.7,48.437,-122.887,1659,0.2585,105
LOPEZ,lopez,48.20_-123.80,48.2,-123.8,48.437,-122.887,1660,0.1516,105
LOPEZ,lopez,48.30_-123.40,48.3,-123.4,48.437,-122.887,1660,0.1523,105
LOPEZ,lopez,48.30_-123.70,48.3,-123.7,48.437,-122.887,1660,0.1642,105
LOPEZ,lopez,48.30_-123.80,48.3,-123.8,48.437,-122.887,1660,0.1426,105
LOPEZ,lopez,48.40_-123.60,48.4,-123.6,48.437,-122.887,1654,0.1853,105
LOPEZ,lopez,48.40_-123.70,48.4,-123.7,48.437,-122.887,1660,0.2065,105
LOPEZ,lopez,48.40_-123.80,48.4,-123.8,48.437,-122.887,1660,0.1546,105
LOPEZ,lopez,48.40_-123.90,48.4,-123.9,48.437,-122.887,1660,0.1741,105
LOPEZ,lopez,48.40_-124.00,48.4,-124.0,48.437,-122.887,1660,0.3011,105
LOPEZ,lopez,48.40_-124.10,48.4,-124.1,48.437,-122.887,1660,0.1407,105
LOPEZ,lopez,48.50_-123.60,48.5,-123.6,48.437,-122.887,1660,0.1875,105
LOPEZ,lopez,48.50_-123.80,48.5,-123.8,48.437,-122.887,1660,0.1665,105
LOPEZ,lopez,48.50_-123.90,48.5,-123.9,48.437,-122.887,1660,0.2083,105
LOPEZ,lopez,48.50_-124.00,48.5,-124.0,48.437,-122.887,1660,0.1669,105
LOPEZ,lopez,48.60_-123.60,48.6,-123.6,48.437,-122.887,227,0.3461,105
LOPEZ,lopez,48.60_-123.80,48.6,-123.8,48.437,-122.887,1660,0.1866,105
LOPEZ,lopez,48.60_-123.90,48.6,-123.9,48.437,-122.887,1660,0.2008,105
LOPEZ,lopez,48.60_-124.00,48.6,-124.0,48.437,-122.887,1660,0.1757,105
LOPEZ,lopez,48.60_-124.10,48.6,-124.1,48.437,-122.887,1660,0.1193,105
LOPEZ,lopez,48.60_-124.20,48.6,-124.2,48.437,-122.887,1660,0.2215,105
LOPEZ,lopez,48.70_-123.70,48.7,-123.7,48.437,-122.887,1660,0.1686,105
LOPEZ,lopez,48.70_-123.80,48.7,-123.8,48.437,-122.887,1660,0.1956,105
LOPEZ,lopez,48.70_-124.00,48.7,-124.0,48.437,-122.887,1660,0.1974,105
LOPEZ,lopez,48.70_-124.10,48.7,-124.1,48.437,-122.887,1660,0.2,105
LOPEZ,lopez,48.70_-124.20,48.7,-124.2,48.437,-122.887,1660,0.1725,105
LOPEZ,lopez,48.80_-123.80,48.8,-123.8,48.437,-122.887,1658,0.217,105
LOPEZ,lopez,48.80_-124.20,48.8,-124.2,48.437,-122.887,1660,0.1261,105
LTC,ltc,39.80_-122.90,39.8,-122.9,40.209,-122.126,3528,0.0296,106
LTC,ltc,39.90_-122.20,39.9,-122.2,40.209,-122.126,3509,0.0324,106
LTC,ltc,39.90_-122.80,39.9,-122.8,40.209,-122.126,3614,0.0458,106
LTC,ltc,39.90_-122.90,39.9,-122.9,40.209,-122.126,3530,0.043,106
LTC,ltc,39.90_-123.00,39.9,-123.0,40.209,-122.126,3518,0.0329,106
LTC,ltc,40.00_-122.30,40.0,-122.3,40.209,-122.126,3570,0.0254,106
LTC,ltc,40.00_-122.40,40.0,-122.4,40.209,-122.126,3530,0.0301,106
LTC,ltc,40.00_-122.50,40.0,-122.5,40.209,-122.126,3454,0.0608,106
LTC,ltc,40.00_-122.70,40.0,-122.7,40.209,-122.126,3579,0.046,106
LTC,ltc,40.00_-122.80,40.0,-122.8,40.209,-122.126,3514,0.0297,106
LTC,ltc,40.00_-122.90,40.0,-122.9,40.209,-122.126,3501,0.0626,106
LTC,ltc,40.10_-122.20,40.1,-122.2,40.209,-122.126,3645,0.0434,106
LTC,ltc,40.10_-122.30,40.1,-122.3,40.209,-122.126,3570,0.0443,106
LTC,ltc,40.10_-122.40,40.1,-122.4,40.209,-122.126,3602,0.0234,106
LTC,ltc,40.10_-122.60,40.1,-122.6,40.209,-122.126,3593,0.0265,106
LTC,ltc,40.10_-122.70,40.1,-122.7,40.209,-122.126,3527,0.0341,106
LTC,ltc,40.10_-122.80,40.1,-122.8,40.209,-122.126,3523,0.0381,106
LTC,ltc,40.20_-122.30,40.2,-122.3,40.209,-122.126,3572,0.0367,106
LTC,ltc,40.20_-122.40,40.2,-122.4,40.209,-122.126,3406,0.1545,106
LTC,ltc,40.20_-122.50,40.2,-122.5,40.209,-122.126,3515,0.0387,106
LTC,ltc,40.20_-122.60,40.2,-122.6,40.209,-122.126,3513,0.042,106
LTC,ltc,40.20_-122.70,40.2,-122.7,40.209,-122.126,3524,0.0294,106
LTC,ltc,40.20_-122.80,40.2,-122.8,40.209,-122.126,3455,0.1346,106
LTC,ltc,40.20_-123.10,40.2,-123.1,40.209,-122.126,3636,0.0495,106
LTC,ltc,40.30_-122.20,40.3,-122.2,40.209,-122.126,3530,0.0328,106
LTC,ltc,40.30_-122.30,40.3,-122.3,40.209,-122.126,3522,0.0435,106
LTC,ltc,40.30_-122.50,40.3,-122.5,40.209,-122.126,3533,0.0447,106
LTC,ltc,40.30_-122.80,40.3,-122.8,40.209,-122.126,3681,0.046,106
LTC,ltc,40.30_-122.90,40.3,-122.9,40.209,-122.126,3582,0.0422,106
LTC,ltc,40.30_-123.00,40.3,-123.0,40.209,-122.126,3525,0.032,106
LTC,ltc,40.30_-123.10,40.3,-123.1,40.209,-122.126,3520,0.0288,106
LTC,ltc,40.40_-122.40,40.4,-122.4,40.209,-122.126,3565,0.0394,106
LTC,ltc,40.40_-122.50,40.4,-122.5,40.209,-122.126,3577,0.0379,106
LTC,ltc,40.40_-122.60,40.4,-122.6,40.209,-122.126,3634,0.0295,106
LTC,ltc,40.40_-122.70,40.4,-122.7,40.209,-122.126,3549,0.0313,106
LTC,ltc,40.40_-122.80,40.4,-122.8,40.209,-122.126,3642,0.0257,106
LTC,ltc,40.40_-122.90,40.4,-122.9,40.209,-122.126,3519,0.0276,106
LTC,ltc,40.40_-123.00,40.4,-123.0,40.209,-122.126,3514,0.0304,106
LTC,ltc,40.50_-122.40,40.5,-122.4,40.209,-122.126,3515,0.0284,106
LTC,ltc,40.50_-122.50,40.5,-122.5,40.209,-122.126,3504,0.0373,106
LTC,ltc,40.50_-122.70,40.5,-122.7,40.209,-122.126,3502,0.0429,106
LTC,ltc,40.50_-122.80,40.5,-122.8,40.209,-122.126,3646,0.0529,106
LTC,ltc,40.50_-122.90,40.5,-122.9,40.209,-122.126,3509,0.0316,106
LTC,ltc,40.50_-123.00,40.5,-123.0,40.209,-122.126,3624,0.0469,106
LTC,ltc,40.60_-122.00,40.6,-122.0,40.209,-122.126,3523,0.0339,106
LTC,ltc,40.60_-122.50,40.6,-122.5,40.209,-122.126,3471,0.0519,106
LTC,ltc,40.60_-122.60,40.6,-122.6,40.209,-122.126,3523,0.0325,106
LTC,ltc,40.60_-122.70,40.6,-122.7,40.209,-122.126,3512,0.0706,106
LTC,ltc,40.60_-122.80,40.6,-122.8,40.209,-122.126,3557,0.0358,106
LTC,ltc,40.60_-122.90,40.6,-122.9,40.209,-122.126,3506,0.0286,106
LTC,ltc,40.60_-123.10,40.6,-123.1,40.209,-122.126,3556,0.032,106
LTC,ltc,40.60_-123.20,40.6,-123.2,40.209,-122.126,3514,0.0423,106
LTC,ltc,40.70_-122.50,40.7,-122.5,40.209,-122.126,3677,0.0551,106
LTC,ltc,40.70_-122.80,40.7,-122.8,40.209,-122.126,3506,0.0527,106
LTC,ltc,40.80_-122.50,40.8,-122.5,40.209,-122.126,3500,0.0565,106
LTC,ltc,40.80_-122.60,40.8,-122.6,40.209,-122.126,3549,0.0285,106
LTC,ltc,40.80_-122.70,40.8,-122.7,40.209,-122.126,3512,0.0574,106
LTC,ltc,40.80_-122.80,40.8,-122.8,40.209,-122.126,3530,0.0248,106
LTC,ltc,40.80_-122.90,40.8,-122.9,40.209,-122.126,3518,0.0342,106
LTC,ltc,40.80_-123.00,40.8,-123.0,40.209,-122.126,3541,0.0236,106
LTC,ltc,40.80_-123.10,40.8,-123.1,40.209,-122.126,3505,0.0379,106
LTC,ltc,40.80_-123.20,40.8,-123.2,40.209,-122.126,3521,0.0315,106
LTC,ltc,40.90_-122.00,40.9,-122.0,40.209,-122.126,3562,0.0475,106
LTC,ltc,40.90_-122.80,40.9,-122.8,40.209,-122.126,3504,0.0386,106
LTC,ltc,40.90_-122.90,40.9,-122.9,40.209,-122.126,3506,0.059,106
LTC,ltc,41.00_-122.80,41.0,-122.8,40.209,-122.126,3640,0.0304,106
LTC,ltc,41.00_-122.90,41.0,-122.9,40.209,-122.126,3516,0.0689,106
LTC,ltc,41.00_-123.00,41.0,-123.0,40.209,-122.126,3659,0.0248,106
LTC,ltc,41.00_-123.10,41.0,-123.1,40.209,-122.126,3654,0.045,106
LTC,ltc,41.00_-123.20,41.0,-123.2,40.209,-122.126,3631,0.0392,106
LTC,ltc,41.10_-122.80,41.1,-122.8,40.209,-122.126,3508,0.0471,106
LTC,ltc,41.10_-123.00,41.1,-123.0,40.209,-122.126,3497,0.0536,106
LTC,ltc,41.10_-123.10,41.1,-123.1,40.209,-122.126,3508,0.0306,106
LTC,ltc,41.10_-123.20,41.1,-123.2,40.209,-122.126,3546,0.0346,106
MARQ,marq,44.20_-123.50,44.2,-123.5,45.066,-122.669,2194,0.0459,107
MARQ,marq,44.30_-123.40,44.3,-123.4,45.066,-122.669,2194,0.088,107
MARQ,marq,44.40_-123.40,44.4,-123.4,45.066,-122.669,2194,0.0932,107
MARQ,marq,44.40_-123.50,44.4,-123.5,45.066,-122.669,2194,0.0382,107
MARQ,marq,44.40_-123.60,44.4,-123.6,45.066,-122.669,2194,0.0636,107
MARQ,marq,44.40_-123.70,44.4,-123.7,45.066,-122.669,2194,0.0612,107
MARQ,marq,44.40_-123.80,44.4,-123.8,45.066,-122.669,2194,0.0557,107
MARQ,marq,44.50_-123.30,44.5,-123.3,45.066,-122.669,2194,0.0569,107
MARQ,marq,44.50_-123.40,44.5,-123.4,45.066,-122.669,2194,0.067,107
MARQ,marq,44.50_-123.50,44.5,-123.5,45.066,-122.669,2194,0.0613,107
MARQ,marq,44.50_-123.60,44.5,-123.6,45.066,-122.669,2194,0.0613,107
MARQ,marq,44.50_-123.80,44.5,-123.8,45.066,-122.669,2194,0.0643,107
MARQ,marq,44.60_-123.30,44.6,-123.3,45.066,-122.669,2194,0.0421,107
MARQ,marq,44.60_-123.40,44.6,-123.4,45.066,-122.669,2194,0.0978,107
MARQ,marq,44.60_-123.50,44.6,-123.5,45.066,-122.669,2194,0.1222,107
MARQ,marq,44.60_-123.60,44.6,-123.6,45.066,-122.669,2194,0.0484,107
MARQ,marq,44.60_-123.70,44.6,-123.7,45.066,-122.669,2194,0.0445,107
MARQ,marq,44.60_-123.80,44.6,-123.8,45.066,-122.669,2194,0.0508,107
MARQ,marq,44.70_-123.20,44.7,-123.2,45.066,-122.669,2193,0.0391,107
MARQ,marq,44.70_-123.50,44.7,-123.5,45.066,-122.669,2194,0.0563,107
MARQ,marq,44.80_-123.20,44.8,-123.2,45.066,-122.669,2194,0.037,107
MARQ,marq,44.80_-123.30,44.8,-123.3,45.066,-122.669,2194,0.0484,107
MARQ,marq,44.80_-123.40,44.8,-123.4,45.066,-122.669,2194,0.0716,107
MARQ,marq,44.80_-123.50,44.8,-123.5,45.066,-122.669,2194,0.0489,107
MARQ,marq,44.80_-123.60,44.8,-123.6,45.066,-122.669,2194,0.0397,107
MARQ,marq,44.80_-123.70,44.8,-123.7,45.066,-122.669,2194,0.0811,107
MARQ,marq,44.90_-123.20,44.9,-123.2,45.066,-122.669,2194,0.0443,107
MARQ,marq,44.90_-123.30,44.9,-123.3,45.066,-122.669,2194,0.0485,107
MARQ,marq,44.90_-123.60,44.9,-123.6,45.066,-122.669,2194,0.1064,107
MARQ,marq,44.90_-123.80,44.9,-123.8,45.066,-122.669,2194,0.1179,107
MARQ,marq,45.00_-123.00,45.0,-123.0,45.066,-122.669,2194,0.0298,107
MARQ,marq,45.00_-123.10,45.0,-123.1,45.066,-122.669,2194,0.0436,107
MARQ,marq,45.00_-123.20,45.0,-123.2,45.066,-122.669,2194,0.0488,107
MARQ,marq,45.00_-123.30,45.0,-123.3,45.066,-122.669,2194,0.0657,107
MARQ,marq,45.00_-123.40,45.0,-123.4,45.066,-122.669,2114,0.1283,107
MARQ,marq,45.00_-123.50,45.0,-123.5,45.066,-122.669,2194,0.0884,107
MARQ,marq,45.00_-123.60,45.0,-123.6,45.066,-122.669,2194,0.0421,107
MARQ,marq,45.00_-123.70,45.0,-123.7,45.066,-122.669,2194,0.0432,107
MARQ,marq,45.10_-123.00,45.1,-123.0,45.066,-122.669,2194,0.0423,107
MARQ,marq,45.10_-123.10,45.1,-123.1,45.066,-122.669,2194,0.0517,107
MARQ,marq,45.10_-123.20,45.1,-123.2,45.066,-122.669,2194,0.0405,107
MARQ,marq,45.10_-123.30,45.1,-123.3,45.066,-122.669,2194,0.0747,107
MARQ,marq,45.10_-123.40,45.1,-123.4,45.066,-122.669,2194,0.0314,107
MARQ,marq,45.10_-123.50,45.1,-123.5,45.066,-122.669,2194,0.0777,107
MARQ,marq,45.10_-123.60,45.1,-123.6,45.066,-122.669,2193,0.0727,107
MARQ,marq,45.20_-123.00,45.2,-123.0,45.066,-122.669,2194,0.0496,107
MARQ,marq,45.20_-123.20,45.2,-123.2,45.066,-122.669,2194,0.0485,107
MARQ,marq,45.20_-123.40,45.2,-123.4,45.066,-122.669,2194,0.0587,107
MARQ,marq,45.20_-123.60,45.2,-123.6,45.066,-122.669,2194,0.0692,107
MARQ,marq,45.30_-123.00,45.3,-123.0,45.066,-122.669,2194,0.0479,107
MARQ,marq,45.30_-123.20,45.3,-123.2,45.066,-122.669,2194,0.0447,107
MARQ,marq,45.30_-123.30,45.3,-123.3,45.066,-122.669,2194,0.076,107
MARQ,marq,45.30_-123.50,45.3,-123.5,45.066,-122.669,2194,0.0466,107
MARQ,marq,45.40_-123.00,45.4,-123.0,45.066,-122.669,2194,0.057,107
MARQ,marq,45.40_-123.20,45.4,-123.2,45.066,-122.669,2194,0.0452,107
MARQ,marq,45.40_-123.30,45.4,-123.3,45.066,-122.669,2194,0.0477,107
MARQ,marq,45.40_-123.40,45.4,-123.4,45.066,-122.669,2194,0.0543,107
MARQ,marq,45.40_-123.50,45.4,-123.5,45.066,-122.669,2194,0.0631,107
MARQ,marq,45.40_-123.60,45.4,-123.6,45.066,-122.669,2194,0.0489,107
MARQ,marq,45.50_-123.20,45.5,-123.2,45.066,-122.669,2194,0.0735,107
MARQ,marq,45.50_-123.30,45.5,-123.3,45.066,-122.669,2192,0.0987,107
MARQ,marq,45.50_-123.40,45.5,-123.4,45.066,-122.669,2193,0.0671,107
MARQ,marq,45.50_-123.50,45.5,-123.5,45.066,-122.669,2194,0.0486,107
MARQ,marq,45.50_-123.60,45.5,-123.6,45.066,-122.669,2194,0.0866,107
MARQ,marq,45.60_-123.00,45.6,-123.0,45.066,-122.669,2194,0.0676,107
MARQ,marq,45.60_-123.20,45.6,-123.2,45.066,-122.669,2194,0.0516,107
MARQ,marq,45.60_-123.30,45.6,-123.3,45.066,-122.669,2194,0.059,107
MARQ,marq,45.60_-123.40,45.6,-123.4,45.066,-122.669,2194,0.0638,107
MARQ,marq,45.70_-123.40,45.7,-123.4,45.066,-122.669,2194,0.0547,107
MARQ,marq,45.70_-123.50,45.7,-123.5,45.066,-122.669,2194,0.0519,107
MARQ,marq,45.80_-123.00,45.8,-123.0,45.066,-122.669,2194,0.0836,107
MARQ,marq,45.80_-123.20,45.8,-123.2,45.066,-122.669,2194,0.0447,107
MARQ,marq,45.80_-123.30,45.8,-123.3,45.066,-122.669,2194,0.0369,107
MARQ,marq,45.80_-123.40,45.8,-123.4,45.066,-122.669,2194,0.0393,107
MARQ,marq,45.90_-123.20,45.9,-123.2,45.066,-122.669,2194,0.0536,107
MARQ,marq,45.90_-123.40,45.9,-123.4,45.066,-122.669,2194,0.0927,107
MARQ,marq,46.00_-123.00,46.0,-123.0,45.066,-122.669,2101,0.1159,107
MARQ,marq,46.00_-123.30,46.0,-123.3,45.066,-122.669,2194,0.0669,107
MARQ,marq,46.00_-123.40,46.0,-123.4,45.066,-122.669,2194,0.0925,107
MGRB,mgrb,48.10_-123.40,48.1,-123.4,49.0,-124.697,2297,0.2311,108
MGRB,mgrb,48.10_-123.60,48.1,-123.6,49.0,-124.697,2022,0.1578,108
MGRB,mgrb,48.20_-123.40,48.2,-123.4,49.0,-124.697,2210,0.1592,108
MGRB,mgrb,48.20_-123.50,48.2,-123.5,49.0,-124.697,2186,0.1526,108
MGRB,mgrb,48.20_-123.60,48.2,-123.6,49.0,-124.697,2262,0.1541,108
MGRB,mgrb,48.20_-123.70,48.2,-123.7,49.0,-124.697,2223,0.1687,108
MGRB,mgrb,48.20_-123.80,48.2,-123.8,49.0,-124.697,2293,0.1723,108
MGRB,mgrb,48.30_-123.40,48.3,-123.4,49.0,-124.697,2281,0.1504,108
MGRB,mgrb,48.30_-123.60,48.3,-123.6,49.0,-124.697,2297,0.1338,108
MGRB,mgrb,48.30_-123.70,48.3,-123.7,49.0,-124.697,683,0.252,108
MGRB,mgrb,48.30_-123.80,48.3,-123.8,49.0,-124.697,1633,0.2522,108
MGRB,mgrb,48.30_-124.00,48.3,-124.0,49.0,-124.697,2250,0.1934,108
MGRB,mgrb,48.40_-123.40,48.4,-123.4,49.0,-124.697,2265,0.1673,108
MGRB,mgrb,48.40_-123.50,48.4,-123.5,49.0,-124.697,2226,0.2815,108
MGRB,mgrb,48.40_-123.60,48.4,-123.6,49.0,-124.697,2304,0.185,108
MGRB,mgrb,48.40_-123.70,48.4,-123.7,49.0,-124.697,2203,0.2432,108
MGRB,mgrb,48.40_-123.80,48.4,-123.8,49.0,-124.697,2323,0.172,108
MGRB,mgrb,48.40_-123.90,48.4,-123.9,49.0,-124.697,1697,0.2873,108
MGRB,mgrb,48.40_-124.00,48.4,-124.0,49.0,-124.697,2345,0.1879,108
MGRB,mgrb,48.40_-124.20,48.4,-124.2,49.0,-124.697,2292,0.2408,108
MGRB,mgrb,48.50_-123.60,48.5,-123.6,49.0,-124.697,2224,0.1408,108
MGRB,mgrb,48.50_-123.80,48.5,-123.8,49.0,-124.697,2362,0.1572,108
MGRB,mgrb,48.50_-123.90,48.5,-123.9,49.0,-124.697,2237,0.1685,108
MGRB,mgrb,48.50_-124.00,48.5,-124.0,49.0,-124.697,2207,0.1862,108
MGRB,mgrb,48.50_-124.10,48.5,-124.1,49.0,-124.697,1951,0.23,108
MGRB,mgrb,48.60_-123.80,48.6,-123.8,49.0,-124.697,2323,0.1625,108
MGRB,mgrb,48.60_-123.90,48.6,-123.9,49.0,-124.697,2175,0.1768,108
MGRB,mgrb,48.60_-124.00,48.6,-124.0,49.0,-124.697,2364,0.16,108
MGRB,mgrb,48.60_-124.10,48.6,-124.1,49.0,-124.697,1474,0.2022,108
MGRB,mgrb,48.60_-124.20,48.6,-124.2,49.0,-124.697,2092,0.2825,108
MGRB,mgrb,48.70_-123.80,48.7,-123.8,49.0,-124.697,1849,0.3124,108
MGRB,mgrb,48.70_-124.00,48.7,-124.0,49.0,-124.697,739,0.1548,108
MGRB,mgrb,48.70_-124.10,48.7,-124.1,49.0,-124.697,2235,0.2684,108
MGRB,mgrb,48.80_-123.70,48.8,-123.7,49.0,-124.697,1430,0.303,108
MGRB,mgrb,48.80_-123.90,48.8,-123.9,49.0,-124.697,2179,0.185,108
MGRB,mgrb,48.80_-124.00,48.8,-124.0,49.0,-124.697,2215,0.1876,108
MGRB,mgrb,48.80_-124.20,48.8,-124.2,49.0,-124.697,2248,0.2194,108
MGRB,mgrb,49.10_-124.80,49.1,-124.8,49.0,-124.697,1546,0.1779,108
MGRB,mgrb,49.10_-125.10,49.1,-125.1,49.0,-124.697,1526,0.184,108
MGRB,mgrb,49.20_-124.60,49.2,-124.6,49.0,-124.697,1973,0.2293,108
MGRB,mgrb,49.20_-124.90,49.2,-124.9,49.0,-124.697,1799,0.3143,108
MGRB,mgrb,49.40_-125.20,49.4,-125.2,49.0,-124.697,1322,0.2246,108
MGRB,mgrb,49.40_-125.30,49.4,-125.3,49.0,-124.697,2149,0.1277,108
MGRB,mgrb,49.50_-125.30,49.5,-125.3,49.0,-124.697,754,0.2678,108
MILL,mill,41.10_-123.00,41.1,-123.0,41.705,-124.041,727,0.2281,109
MILL,mill,41.10_-123.10,41.1,-123.1,41.705,-124.041,1459,0.2322,109
MILL,mill,41.20_-123.00,41.2,-123.0,41.705,-124.041,956,0.2898,109
MILL,mill,41.20_-123.30,41.2,-123.3,41.705,-124.041,1620,0.1995,109
MILL,mill,41.30_-123.20,41.3,-123.2,41.705,-124.041,1146,0.3381,109
MILL,mill,41.40_-123.10,41.4,-123.1,41.705,-124.041,1682,0.1744,109
MILL,mill,41.40_-123.20,41.4,-123.2,41.705,-124.041,1714,0.2273,109
MILL,mill,41.40_-123.30,41.4,-123.3,41.705,-124.041,679,0.5933,109
MILL,mill,41.40_-123.50,41.4,-123.5,41.705,-124.041,1639,0.294,109
MILL,mill,41.40_-123.60,41.4,-123.6,41.705,-124.041,1480,0.3921,109
MILL,mill,41.50_-123.00,41.5,-123.0,41.705,-124.041,255,0.2094,109
MILL,mill,41.50_-123.20,41.5,-123.2,41.705,-124.041,895,0.4513,109
MILL,mill,41.50_-123.30,41.5,-123.3,41.705,-124.041,1324,0.3169,109
MILL,mill,41.50_-123.40,41.5,-123.4,41.705,-124.041,1186,0.3486,109
MILL,mill,41.60_-122.80,41.6,-122.8,41.705,-124.041,1657,0.3523,109
MILL,mill,41.60_-123.20,41.6,-123.2,41.705,-124.041,1713,0.2204,109
MILL,mill,41.60_-123.30,41.6,-123.3,41.705,-124.041,1762,0.1594,109
MILL,mill,41.60_-123.40,41.6,-123.4,41.705,-124.041,1719,0.251,109
MILL,mill,41.60_-123.50,41.6,-123.5,41.705,-124.041,1225,0.3337,109
MILL,mill,41.70_-123.20,41.7,-123.2,41.705,-124.041,1733,0.253,109
MILL,mill,41.70_-123.30,41.7,-123.3,41.705,-124.041,776,0.2932,109
MILL,mill,41.70_-123.40,41.7,-123.4,41.705,-124.041,1478,0.2239,109
MILL,mill,41.80_-123.00,41.8,-123.0,41.705,-124.041,1607,0.347,109
MILL,mill,41.80_-123.20,41.8,-123.2,41.705,-124.041,1638,0.2576,109
MILL,mill,41.80_-123.30,41.8,-123.3,41.705,-124.041,1467,0.2656,109
MILL,mill,41.80_-123.40,41.8,-123.4,41.705,-124.041,1607,0.3125,109
MILL,mill,41.80_-123.60,41.8,-123.6,41.705,-124.041,1447,0.3695,109
MILL,mill,41.90_-123.30,41.9,-123.3,41.705,-124.041,1607,0.2477,109
MILL,mill,41.90_-123.40,41.9,-123.4,41.705,-124.041,1734,0.2589,109
MILL,mill,42.00_-123.30,42.0,-123.3,41.705,-124.041,1765,0.243,109
MILL,mill,42.00_-123.40,42.0,-123.4,41.705,-124.041,1319,0.2014,109
MILL,mill,42.10_-123.20,42.1,-123.2,41.705,-124.041,1714,0.306,109
MILL,mill,42.10_-123.30,42.1,-123.3,41.705,-124.041,1717,0.205,109
MILL,mill,42.10_-123.40,42.1,-123.4,41.705,-124.041,1713,0.3578,109
MILL,mill,42.20_-123.30,42.2,-123.3,41.705,-124.041,1709,0.2021,109
MILL,mill,42.20_-123.40,42.2,-123.4,41.705,-124.041,1751,0.2599,109
MILL,mill,42.20_-123.60,42.2,-123.6,41.705,-124.041,1734,0.2433,109
MILL,mill,42.40_-123.20,42.4,-123.2,41.705,-124.041,1694,0.2709,109
MILL,mill,42.40_-123.30,42.4,-123.3,41.705,-124.041,1761,0.2324,109
MILL,mill,42.40_-123.40,42.4,-123.4,41.705,-124.041,1755,0.238,109
MILL,mill,42.40_-123.50,42.4,-123.5,41.705,-124.041,1741,0.2199,109
MILL,mill,42.40_-123.60,42.4,-123.6,41.705,-124.041,1749,0.2844,109
MILL,mill,42.50_-123.40,42.5,-123.4,41.705,-124.041,1744,0.2818,109
MILL,mill,42.50_-123.60,42.5,-123.6,41.705,-124.041,1742,0.2453,109
MINN,minn,44.40_-123.60,44.4,-123.6,45.212,-123.264,3529,0.0784,110
MINN,minn,44.50_-123.40,44.5,-123.4,45.212,-123.264,3539,0.0728,110
MINN,minn,44.50_-123.60,44.5,-123.6,45.212,-123.264,3518,0.157,110
MINN,minn,44.60_-123.50,44.6,-123.5,45.212,-123.264,3478,0.1148,110
MINN,minn,44.60_-123.60,44.6,-123.6,45.212,-123.264,3445,0.1737,110
MINN,minn,44.70_-123.50,44.7,-123.5,45.212,-123.264,3473,0.0946,110
MINN,minn,44.80_-123.30,44.8,-123.3,45.212,-123.264,3543,0.1099,110
MINN,minn,44.80_-123.50,44.8,-123.5,45.212,-123.264,3543,0.0805,110
MINN,minn,44.80_-123.60,44.8,-123.6,45.212,-123.264,3541,0.0867,110
MINN,minn,44.90_-123.60,44.9,-123.6,45.212,-123.264,3522,0.0935,110
MINN,minn,45.00_-123.20,45.0,-123.2,45.212,-123.264,3262,0.1416,110
MINN,minn,45.00_-123.40,45.0,-123.4,45.212,-123.264,3504,0.0907,110
MINN,minn,45.00_-123.60,45.0,-123.6,45.212,-123.264,3542,0.1788,110
MINN,minn,45.10_-123.30,45.1,-123.3,45.212,-123.264,3535,0.0952,110
MINN,minn,45.10_-123.40,45.1,-123.4,45.212,-123.264,3533,0.0845,110
MINN,minn,45.10_-123.50,45.1,-123.5,45.212,-123.264,3530,0.0806,110
MINN,minn,45.10_-123.60,45.1,-123.6,45.212,-123.264,3539,0.1062,110
MINN,minn,45.20_-123.00,45.2,-123.0,45.212,-123.264,2394,0.275,110
MINN,minn,45.20_-123.30,45.2,-123.3,45.212,-123.264,3539,0.1519,110
MINN,minn,45.20_-123.40,45.2,-123.4,45.212,-123.264,3513,0.1168,110
MINN,minn,45.30_-123.20,45.3,-123.2,45.212,-123.264,3494,0.1284,110
MINN,minn,45.30_-123.30,45.3,-123.3,45.212,-123.264,3533,0.1113,110
MINN,minn,45.30_-123.60,45.3,-123.6,45.212,-123.264,3528,0.0865,110
MINN,minn,45.40_-123.00,45.4,-123.0,45.212,-123.264,3541,0.102,110
MINN,minn,45.40_-123.20,45.4,-123.2,45.212,-123.264,3430,0.1004,110
MINN,minn,45.40_-123.40,45.4,-123.4,45.212,-123.264,3541,0.1059,110
MINN,minn,45.40_-123.50,45.4,-123.5,45.212,-123.264,3537,0.1009,110
MINN,minn,45.40_-123.60,45.4,-123.6,45.212,-123.264,2036,0.1656,110
MINN,minn,45.50_-123.20,45.5,-123.2,45.212,-123.264,3542,0.0947,110
MINN,minn,45.60_-123.20,45.6,-123.2,45.212,-123.264,3474,0.0826,110
MINN,minn,45.90_-123.20,45.9,-123.2,45.212,-123.264,3541,0.1267,110
MOGU,mogu,41.00_-122.90,41.0,-122.9,41.831,-122.421,944,0.3285,25
MOGU,mogu,41.10_-123.00,41.1,-123.0,41.831,-122.421,775,0.3018,25
MOGU,mogu,42.20_-123.30,42.2,-123.3,41.831,-122.421,705,0.2584,25
MOGU,mogu,42.20_-123.40,42.2,-123.4,41.831,-122.421,778,0.3068,25
MOGU,mogu,42.30_-123.20,42.3,-123.2,41.831,-122.421,1580,0.2302,25
MOGU,mogu,42.30_-123.30,42.3,-123.3,41.831,-122.421,487,0.4032,25
MOGU,mogu,42.40_-123.30,42.4,-123.3,41.831,-122.421,1041,0.3563,25
MOGU,mogu,42.40_-123.40,42.4,-123.4,41.831,-122.421,1858,0.2857,25
MOGU,mogu,42.40_-123.60,42.4,-123.6,41.831,-122.421,1018,0.2752,25
MOGU,mogu,42.50_-123.40,42.5,-123.4,41.831,-122.421,1802,0.2994,25
MOGU,mogu,42.60_-123.40,42.6,-123.4,41.831,-122.421,1148,0.3995,25
MOGU,mogu,42.60_-123.50,42.6,-123.5,41.831,-122.421,391,0.7202,25
MOGU,mogu,42.60_-123.60,42.6,-123.6,41.831,-122.421,724,0.305,25
MONKS,monks,45.10_-123.50,45.1,-123.5,45.994,-123.004,2328,0.0808,112
MONKS,monks,45.30_-123.40,45.3,-123.4,45.994,-123.004,421,0.1403,112
MONKS,monks,45.40_-123.00,45.4,-123.0,45.994,-123.004,2327,0.0467,112
MONKS,monks,45.40_-123.30,45.4,-123.3,45.994,-123.004,2171,0.0996,112
MONKS,monks,45.40_-123.40,45.4,-123.4,45.994,-123.004,1799,0.0629,112
MONKS,monks,45.70_-123.30,45.7,-123.3,45.994,-123.004,1468,0.2141,112
MONKS,monks,45.80_-123.20,45.8,-123.2,45.994,-123.004,2329,0.0641,112
MONKS,monks,45.80_-123.30,45.8,-123.3,45.994,-123.004,2328,0.0547,112
MONKS,monks,45.90_-123.20,45.9,-123.2,45.994,-123.004,2329,0.1666,112
MONKS,monks,45.90_-123.30,45.9,-123.3,45.994,-123.004,2329,0.0754,112
MONKS,monks,45.90_-123.40,45.9,-123.4,45.994,-123.004,2329,0.0771,112
MONKS,monks,46.00_-123.00,46.0,-123.0,45.994,-123.004,2325,0.0672,112
MONKS,monks,46.00_-123.20,46.0,-123.2,45.994,-123.004,2328,0.0739,112
MONKS,monks,46.00_-123.30,46.0,-123.3,45.994,-123.004,1198,0.2105,112
MONKS,monks,46.10_-123.20,46.1,-123.2,45.994,-123.004,1531,0.2334,112
MONKS,monks,46.10_-123.30,46.1,-123.3,45.994,-123.004,1122,0.216,112
MONKS,monks,46.20_-123.00,46.2,-123.0,45.994,-123.004,2198,0.1391,112
MONKS,monks,46.20_-123.20,46.2,-123.2,45.994,-123.004,2329,0.0612,112
MONTE,monte,46.20_-123.40,46.2,-123.4,47.024,-123.575,1449,0.087,113
MONTE,monte,46.80_-122.80,46.8,-122.8,47.024,-123.575,1814,0.0507,113
MONTE,monte,46.80_-123.00,46.8,-123.0,47.024,-123.575,1821,0.0424,113
MONTE,monte,46.80_-123.20,46.8,-123.2,47.024,-123.575,1795,0.0987,113
MONTE,monte,46.90_-122.80,46.9,-122.8,47.024,-123.575,1425,0.109,113
MONTE,monte,46.90_-122.90,46.9,-122.9,47.024,-123.575,1823,0.0506,113
MONTE,monte,47.00_-122.80,47.0,-122.8,47.024,-123.575,1820,0.039,113
MONTE,monte,47.10_-123.20,47.1,-123.2,47.024,-123.575,1820,0.0418,113
MONTE,monte,47.20_-122.70,47.2,-122.7,47.024,-123.575,1822,0.0509,113
MONTE,monte,47.40_-122.80,47.4,-122.8,47.024,-123.575,1618,0.0572,113
MONTE,monte,47.40_-122.90,47.4,-122.9,47.024,-123.575,142,0.2425,113
MONTE,monte,47.40_-123.00,47.4,-123.0,47.024,-123.575,1807,0.0892,113
MONTE,monte,47.50_-122.70,47.5,-122.7,47.024,-123.575,1043,0.2445,113
MONTE,monte,47.50_-122.80,47.5,-122.8,47.024,-123.575,1397,0.0867,113
MONTE,monte,47.70_-122.80,47.7,-122.8,47.024,-123.575,1576,0.0695,113
MONTE,monte,47.80_-122.80,47.8,-122.8,47.024,-123.575,1467,0.0753,113
MONTE,monte,47.80_-123.20,47.8,-123.2,47.024,-123.575,1446,0.0543,113
MONTE,monte,47.90_-123.00,47.9,-123.0,47.024,-123.575,1547,0.07,113
MULN,muln,47.60_-122.80,47.6,-122.8,48.535,-122.064,1789,0.0227,114
MULN,muln,47.60_-122.90,47.6,-122.9,48.535,-122.064,1790,0.026,114
MULN,muln,47.60_-123.10,47.6,-123.1,48.535,-122.064,1790,0.0239,114
MULN,muln,47.60_-123.20,47.6,-123.2,48.535,-122.064,1790,0.0201,114
MULN,muln,47.70_-122.60,47.7,-122.6,48.535,-122.064,1790,0.0317,114
MULN,muln,47.70_-122.70,47.7,-122.7,48.535,-122.064,1694,0.0382,114
MULN,muln,47.70_-122.80,47.7,-122.8,48.535,-122.064,1790,0.0387,114
MULN,muln,47.70_-122.90,47.7,-122.9,48.535,-122.064,1790,0.0275,114
MULN,muln,47.70_-123.10,47.7,-123.1,48.535,-122.064,1777,0.035,114
MULN,muln,47.80_-122.60,47.8,-122.6,48.535,-122.064,1779,0.0545,114
MULN,muln,47.80_-122.70,47.8,-122.7,48.535,-122.064,1665,0.0584,114
MULN,muln,47.80_-122.80,47.8,-122.8,48.535,-122.064,1790,0.034,114
MULN,muln,47.80_-122.90,47.8,-122.9,48.535,-122.064,1790,0.0183,114
MULN,muln,47.80_-123.00,47.8,-123.0,48.535,-122.064,1790,0.0468,114
MULN,muln,47.80_-123.10,47.8,-123.1,48.535,-122.064,1790,0.0396,114
MULN,muln,47.80_-123.40,47.8,-123.4,48.535,-122.064,1790,0.0364,114
MULN,muln,47.90_-122.80,47.9,-122.8,48.535,-122.064,1790,0.0368,114
MULN,muln,47.90_-123.00,47.9,-123.0,48.535,-122.064,1306,0.0946,114
MULN,muln,47.90_-123.10,47.9,-123.1,48.535,-122.064,1790,0.0228,114
MULN,muln,47.90_-123.20,47.9,-123.2,48.535,-122.064,1790,0.0375,114
MULN,muln,48.00_-122.80,48.0,-122.8,48.535,-122.064,1790,0.0317,114
MULN,muln,48.00_-123.00,48.0,-123.0,48.535,-122.064,1790,0.0187,114
MULN,muln,48.00_-123.10,48.0,-123.1,48.535,-122.064,1790,0.0302,114
MULN,muln,48.00_-123.20,48.0,-123.2,48.535,-122.064,1781,0.0331,114
MULN,muln,48.00_-123.30,48.0,-123.3,48.535,-122.064,51,0.0761,114
MULN,muln,48.10_-122.90,48.1,-122.9,48.535,-122.064,1790,0.0256,114
MULN,muln,48.10_-123.00,48.1,-123.0,48.535,-122.064,1790,0.0158,114
MULN,muln,48.20_-122.90,48.2,-122.9,48.535,-122.064,1790,0.0539,114
MULN,muln,48.20_-123.00,48.2,-123.0,48.535,-122.064,1790,0.0326,114
MULN,muln,48.20_-123.10,48.2,-123.1,48.535,-122.064,1790,0.0263,114
MULN,muln,48.20_-123.20,48.2,-123.2,48.535,-122.064,1790,0.0498,114
MULN,muln,48.30_-122.80,48.3,-122.8,48.535,-122.064,1790,0.023,114
MULN,muln,48.30_-123.20,48.3,-123.2,48.535,-122.064,1789,0.0582,114
MULN,muln,48.30_-123.40,48.3,-123.4,48.535,-122.064,1730,0.0358,114
MULN,muln,48.40_-122.80,48.4,-122.8,48.535,-122.064,1790,0.0235,114
MULN,muln,48.40_-122.90,48.4,-122.9,48.535,-122.064,1790,0.0209,114
MULN,muln,48.40_-123.20,48.4,-123.2,48.535,-122.064,1779,0.0342,114
MULN,muln,48.50_-123.20,48.5,-123.2,48.535,-122.064,1790,0.0383,114
MULN,muln,48.60_-123.20,48.6,-123.2,48.535,-122.064,1789,0.0191,114
MULN,muln,48.60_-123.30,48.6,-123.3,48.535,-122.064,1774,0.0353,114
MULN,muln,48.70_-123.00,48.7,-123.0,48.535,-122.064,1790,0.0322,114
NATEM,natem,47.40_-122.80,47.4,-122.8,48.106,-122.819,1931,0.1122,115
NATEM,natem,47.60_-122.80,47.6,-122.8,48.106,-122.819,1927,0.1096,115
NATEM,natem,47.60_-122.90,47.6,-122.9,48.106,-122.819,1905,0.096,115
NATEM,natem,47.70_-123.30,47.7,-123.3,48.106,-122.819,1924,0.0755,115
NATEM,natem,47.80_-122.60,47.8,-122.6,48.106,-122.819,1915,0.093,115
NATEM,natem,47.80_-123.00,47.8,-123.0,48.106,-122.819,1931,0.0866,115
NATEM,natem,47.80_-123.20,47.8,-123.2,48.106,-122.819,1889,0.0705,115
NATEM,natem,47.90_-123.00,47.9,-123.0,48.106,-122.819,1931,0.0867,115
NATEM,natem,48.00_-122.80,48.0,-122.8,48.106,-122.819,1893,0.0942,115
NATEM,natem,48.00_-123.20,48.0,-123.2,48.106,-122.819,1926,0.0705,115
NATEM,natem,48.00_-123.60,48.0,-123.6,48.106,-122.819,1912,0.0707,115
NATEM,natem,48.10_-122.90,48.1,-122.9,48.106,-122.819,1691,0.1122,115
NATEM,natem,48.10_-123.00,48.1,-123.0,48.106,-122.819,1899,0.1662,115
NATEM,natem,48.10_-123.30,48.1,-123.3,48.106,-122.819,1922,0.07,115
NATEM,natem,48.10_-123.50,48.1,-123.5,48.106,-122.819,1911,0.0834,115
NATEM,natem,48.20_-122.90,48.2,-122.9,48.106,-122.819,1926,0.0969,115
NATEM,natem,48.20_-123.80,48.2,-123.8,48.106,-122.819,1929,0.0725,115
NATEM,natem,48.30_-123.20,48.3,-123.2,48.106,-122.819,1897,0.1265,115
NATEM,natem,48.30_-123.40,48.3,-123.4,48.106,-122.819,1713,0.1944,115
NATEM,natem,48.30_-123.70,48.3,-123.7,48.106,-122.819,1916,0.0796,115
NATEM,natem,48.30_-123.80,48.3,-123.8,48.106,-122.819,1930,0.1037,115
NATEM,natem,48.40_-122.80,48.4,-122.8,48.106,-122.819,1930,0.0657,115
NATEM,natem,48.40_-123.60,48.4,-123.6,48.106,-122.819,1931,0.0956,115
NATEM,natem,48.70_-124.00,48.7,-124.0,48.106,-122.819,1923,0.0866,115
NATEM,natem,48.80_-123.60,48.8,-123.6,48.106,-122.819,1932,0.099,115
NATEM,natem,48.80_-123.80,48.8,-123.8,48.106,-122.819,1926,0.0807,115
NATEM,natem,48.90_-124.00,48.9,-124.0,48.106,-122.819,1406,0.1876,115
NATEM,natem,49.00_-123.90,49.0,-123.9,48.106,-122.819,1857,0.0966,115
NBFR,nbfr,44.90_-123.60,44.9,-123.6,45.726,-123.853,1255,0.2313,116
NBFR,nbfr,45.00_-123.30,45.0,-123.3,45.726,-123.853,2137,0.1545,116
NBFR,nbfr,45.00_-123.60,45.0,-123.6,45.726,-123.853,1204,0.1495,116
NBFR,nbfr,45.10_-123.30,45.1,-123.3,45.726,-123.853,2150,0.1619,116
NBFR,nbfr,45.10_-123.40,45.1,-123.4,45.726,-123.853,726,0.4397,116
NBFR,nbfr,45.10_-123.50,45.1,-123.5,45.726,-123.853,732,0.1535,116
NBFR,nbfr,45.20_-123.20,45.2,-123.2,45.726,-123.853,2301,0.0789,116
NBFR,nbfr,45.20_-123.50,45.2,-123.5,45.726,-123.853,2009,0.1898,116
NBFR,nbfr,45.30_-123.50,45.3,-123.5,45.726,-123.853,1942,0.1615,116
NBFR,nbfr,45.40_-123.50,45.4,-123.5,45.726,-123.853,1787,0.1852,116
NBFR,nbfr,45.50_-123.20,45.5,-123.2,45.726,-123.853,1619,0.2079,116
NBFR,nbfr,45.60_-123.30,45.6,-123.3,45.726,-123.853,1532,0.289,116
NBFR,nbfr,45.60_-123.50,45.6,-123.5,45.726,-123.853,2304,0.1049,116
NBFR,nbfr,45.80_-123.20,45.8,-123.2,45.726,-123.853,2304,0.1709,116
NBFR,nbfr,45.80_-123.30,45.8,-123.3,45.726,-123.853,2304,0.136,116
NBFR,nbfr,45.90_-123.20,45.9,-123.2,45.726,-123.853,2267,0.1776,116
NBFR,nbfr,45.90_-123.30,45.9,-123.3,45.726,-123.853,517,0.1462,116
NBFR,nbfr,46.00_-123.10,46.0,-123.1,45.726,-123.853,1870,0.2943,116
NBFR,nbfr,46.00_-123.40,46.0,-123.4,45.726,-123.853,907,0.3598,116
NBFR,nbfr,46.40_-123.20,46.4,-123.2,45.726,-123.853,2300,0.1314,116
NCSB,ncsb,49.50_-125.50,49.5,-125.5,50.403,-126.056,2225,0.1834,117
NCSB,ncsb,49.60_-125.90,49.6,-125.9,50.403,-126.056,2190,0.1642,117
NCSB,ncsb,49.70_-125.80,49.7,-125.8,50.403,-126.056,2071,0.1687,117
NCSB,ncsb,49.70_-126.80,49.7,-126.8,50.403,-126.056,2247,0.1707,117
NCSB,ncsb,50.00_-127.00,50.0,-127.0,50.403,-126.056,2267,0.181,117
NCSB,ncsb,50.00_-127.20,50.0,-127.2,50.403,-126.056,2218,0.1734,117
NCSB,ncsb,50.10_-126.80,50.1,-126.8,50.403,-126.056,2210,0.1567,117
NCSB,ncsb,50.10_-127.00,50.1,-127.0,50.403,-126.056,2262,0.2282,117
NCSB,ncsb,50.20_-126.80,50.2,-126.8,50.403,-126.056,2266,0.1693,117
NCSB,ncsb,50.20_-127.00,50.2,-127.0,50.403,-126.056,2257,0.151,117
NEMA,nema,45.60_-123.00,45.6,-123.0,46.497,-123.75,1490,0.1324,118
NEMA,nema,45.60_-123.20,45.6,-123.2,46.497,-123.75,648,0.4306,118
NEMA,nema,45.60_-123.40,45.6,-123.4,46.497,-123.75,360,0.7243,118
NEMA,nema,45.80_-123.30,45.8,-123.3,46.497,-123.75,1498,0.3872,118
NEMA,nema,46.00_-123.20,46.0,-123.2,46.497,-123.75,599,0.5,118
NEMA,nema,46.10_-123.10,46.1,-123.1,46.497,-123.75,1027,0.4873,118
NEMA,nema,46.30_-123.20,46.3,-123.2,46.497,-123.75,921,0.2069,118
NEMA,nema,46.50_-123.20,46.5,-123.2,46.497,-123.75,1224,0.2971,118
NEMA,nema,46.60_-123.20,46.6,-123.2,46.497,-123.75,893,0.204,118
NEMA,nema,46.70_-122.80,46.7,-122.8,46.497,-123.75,1430,0.1761,118
NEMA,nema,46.80_-122.60,46.8,-122.6,46.497,-123.75,1617,0.3175,118
NEMA,nema,46.80_-122.80,46.8,-122.8,46.497,-123.75,1552,0.6159,118
NEMA,nema,46.90_-122.60,46.9,-122.6,46.497,-123.75,1463,0.1956,118
NEMA,nema,46.90_-122.70,46.9,-122.7,46.497,-123.75,1514,0.1311,118
NEMA,nema,46.90_-122.80,46.9,-122.8,46.497,-123.75,626,0.6559,118
NEMA,nema,47.00_-122.60,47.0,-122.6,46.497,-123.75,1607,0.2021,118
NEMA,nema,47.00_-122.80,47.0,-122.8,46.497,-123.75,1552,0.1241,118
NEMA,nema,47.00_-123.10,47.0,-123.1,46.497,-123.75,1499,0.1498,118
NEMA,nema,47.00_-123.20,47.0,-123.2,46.497,-123.75,896,1.0049,118
NEMA,nema,47.10_-122.60,47.1,-122.6,46.497,-123.75,1629,0.2569,118
NEMA,nema,47.10_-123.00,47.1,-123.0,46.497,-123.75,1464,0.4519,118
NEMA,nema,47.10_-123.10,47.1,-123.1,46.497,-123.75,1549,0.2486,118
NEMA,nema,47.10_-123.20,47.1,-123.2,46.497,-123.75,1601,0.1412,118
NEMA,nema,47.20_-122.80,47.2,-122.8,46.497,-123.75,1548,0.1315,118
NEMA,nema,47.20_-123.00,47.2,-123.0,46.497,-123.75,337,0.9037,118
NEMA,nema,47.20_-123.10,47.2,-123.1,46.497,-123.75,1112,0.5118,118
NEMA,nema,47.20_-123.20,47.2,-123.2,46.497,-123.75,1630,0.1809,118
NEMA,nema,47.30_-122.60,47.3,-122.6,46.497,-123.75,1515,0.1609,118
NEMA,nema,47.30_-122.80,47.3,-122.8,46.497,-123.75,992,0.106,118
NEMA,nema,47.30_-123.00,47.3,-123.0,46.497,-123.75,1365,0.2464,118
NEMA,nema,47.30_-123.10,47.3,-123.1,46.497,-123.75,1273,0.1926,118
NEMA,nema,47.30_-123.20,47.3,-123.2,46.497,-123.75,1367,0.2157,118
NEMA,nema,47.40_-123.10,47.4,-123.1,46.497,-123.75,1512,0.1533,118
NEMA,nema,47.40_-123.20,47.4,-123.2,46.497,-123.75,1404,0.2103,118
NLWA,nlwa,46.80_-123.00,46.8,-123.0,47.392,-123.869,5870,0.1038,119
NLWA,nlwa,46.80_-123.10,46.8,-123.1,47.392,-123.869,5823,0.0943,119
NLWA,nlwa,46.80_-123.20,46.8,-123.2,47.392,-123.869,5825,0.0951,119
NLWA,nlwa,46.90_-122.60,46.9,-122.6,47.392,-123.869,5865,0.1066,119
NLWA,nlwa,46.90_-122.80,46.9,-122.8,47.392,-123.869,5808,0.1049,119
NLWA,nlwa,46.90_-123.00,46.9,-123.0,47.392,-123.869,5914,0.091,119
NLWA,nlwa,47.00_-122.70,47.0,-122.7,47.392,-123.869,5898,0.1198,119
NLWA,nlwa,47.00_-122.80,47.0,-122.8,47.392,-123.869,5895,0.0705,119
NLWA,nlwa,47.00_-123.00,47.0,-123.0,47.392,-123.869,5913,0.0753,119
NLWA,nlwa,47.00_-123.20,47.0,-123.2,47.392,-123.869,5882,0.1342,119
NLWA,nlwa,47.10_-122.80,47.1,-122.8,47.392,-123.869,5816,0.1348,119
NLWA,nlwa,47.10_-123.00,47.1,-123.0,47.392,-123.869,5892,0.0742,119
NLWA,nlwa,47.10_-123.20,47.1,-123.2,47.392,-123.869,5865,0.0958,119
NLWA,nlwa,47.20_-122.70,47.2,-122.7,47.392,-123.869,5609,0.1066,119
NLWA,nlwa,47.20_-122.90,47.2,-122.9,47.392,-123.869,1294,0.4243,119
NLWA,nlwa,47.20_-123.00,47.2,-123.0,47.392,-123.869,5460,0.0933,119
NLWA,nlwa,47.20_-123.20,47.2,-123.2,47.392,-123.869,5909,0.1419,119
NLWA,nlwa,47.30_-122.60,47.3,-122.6,47.392,-123.869,5564,0.0911,119
NLWA,nlwa,47.30_-122.80,47.3,-122.8,47.392,-123.869,5642,0.1121,119
NLWA,nlwa,47.30_-123.00,47.3,-123.0,47.392,-123.869,5891,0.0972,119
NLWA,nlwa,47.40_-122.70,47.4,-122.7,47.392,-123.869,5539,0.1188,119
NLWA,nlwa,47.40_-122.80,47.4,-122.8,47.392,-123.869,5896,0.1214,119
NLWA,nlwa,47.40_-122.90,47.4,-122.9,47.392,-123.869,1464,0.2112,119
NLWA,nlwa,47.40_-123.00,47.4,-123.0,47.392,-123.869,5911,0.0639,119
NLWA,nlwa,47.40_-123.10,47.4,-123.1,47.392,-123.869,5847,0.0786,119
NLWA,nlwa,47.50_-122.80,47.5,-122.8,47.392,-123.869,5903,0.1081,119
NLWA,nlwa,47.50_-123.00,47.5,-123.0,47.392,-123.869,5901,0.0798,119
NLWA,nlwa,47.50_-123.20,47.5,-123.2,47.392,-123.869,5895,0.0786,119
NLWA,nlwa,47.60_-122.80,47.6,-122.8,47.392,-123.869,5878,0.1214,119
NLWA,nlwa,47.60_-122.90,47.6,-122.9,47.392,-123.869,4502,0.1625,119
NLWA,nlwa,47.60_-123.00,47.6,-123.0,47.392,-123.869,5849,0.1059,119
NLWA,nlwa,47.60_-123.10,47.6,-123.1,47.392,-123.869,5829,0.08,119
NLWA,nlwa,47.60_-123.20,47.6,-123.2,47.392,-123.869,5876,0.1439,119
NLWA,nlwa,47.70_-122.70,47.7,-122.7,47.392,-123.869,4493,0.2252,119
NLWA,nlwa,47.70_-122.80,47.7,-122.8,47.392,-123.869,5879,0.1177,119
NLWA,nlwa,47.80_-122.90,47.8,-122.9,47.392,-123.869,5357,0.1545,119
NLWA,nlwa,47.80_-123.00,47.8,-123.0,47.392,-123.869,5890,0.1128,119
NLWA,nlwa,47.80_-123.10,47.8,-123.1,47.392,-123.869,5767,0.129,119
NLWA,nlwa,47.90_-123.00,47.9,-123.0,47.392,-123.869,4025,0.2742,119
NLWA,nlwa,48.00_-122.90,48.0,-122.9,47.392,-123.869,3876,0.2217,119
NLWA,nlwa,48.00_-123.00,48.0,-123.0,47.392,-123.869,5870,0.1701,119
NLWA,nlwa,48.00_-123.20,48.0,-123.2,47.392,-123.869,5850,0.1026,119
NLWA,nlwa,48.00_-123.30,48.0,-123.3,47.392,-123.869,5887,0.1343,119
NLWA,nlwa,48.00_-123.50,48.0,-123.5,47.392,-123.869,5873,0.0942,119
NLWA,nlwa,48.00_-123.60,48.0,-123.6,47.392,-123.869,5907,0.1567,119
NLWA,nlwa,48.10_-122.80,48.1,-122.8,47.392,-123.869,5875,0.0909,119
NLWA,nlwa,48.10_-123.20,48.1,-123.2,47.392,-123.869,4651,0.231,119
NLWA,nlwa,48.10_-123.30,48.1,-123.3,47.392,-123.869,5841,0.1003,119
NLWA,nlwa,48.10_-123.40,48.1,-123.4,47.392,-123.869,5857,0.087,119
NLWA,nlwa,48.20_-123.10,48.2,-123.1,47.392,-123.869,5089,0.0831,119
NLWA,nlwa,48.20_-123.30,48.2,-123.3,47.392,-123.869,5819,0.117,119
NLWA,nlwa,48.20_-123.40,48.2,-123.4,47.392,-123.869,5869,0.0884,119
NLWA,nlwa,48.20_-123.60,48.2,-123.6,47.392,-123.869,5869,0.0958,119
OLGA,olga,47.80_-123.00,47.8,-123.0,48.605,-122.803,1720,0.0896,120
OLGA,olga,47.80_-123.10,47.8,-123.1,48.605,-122.803,1720,0.0897,120
OLGA,olga,47.80_-123.20,47.8,-123.2,48.605,-122.803,1720,0.1004,120
OLGA,olga,47.80_-123.30,47.8,-123.3,48.605,-122.803,1720,0.1577,120
OLGA,olga,47.80_-123.40,47.8,-123.4,48.605,-122.803,1720,0.0804,120
OLGA,olga,47.90_-122.80,47.9,-122.8,48.605,-122.803,1719,0.0975,120
OLGA,olga,47.90_-123.00,47.9,-123.0,48.605,-122.803,1720,0.0932,120
OLGA,olga,47.90_-123.20,47.9,-123.2,48.605,-122.803,1720,0.0783,120
OLGA,olga,48.00_-122.90,48.0,-122.9,48.605,-122.803,1720,0.0713,120
OLGA,olga,48.00_-123.00,48.0,-123.0,48.605,-122.803,1720,0.0951,120
OLGA,olga,48.00_-123.20,48.0,-123.2,48.605,-122.803,1720,0.0726,120
OLGA,olga,48.00_-123.30,48.0,-123.3,48.605,-122.803,1720,0.1344,120
OLGA,olga,48.00_-123.60,48.0,-123.6,48.605,-122.803,1720,0.0962,120
OLGA,olga,48.10_-122.80,48.1,-122.8,48.605,-122.803,1720,0.082,120
OLGA,olga,48.10_-122.90,48.1,-122.9,48.605,-122.803,1720,0.0777,120
OLGA,olga,48.10_-123.00,48.1,-123.0,48.605,-122.803,1720,0.0857,120
OLGA,olga,48.10_-123.40,48.1,-123.4,48.605,-122.803,1720,0.0747,120
OLGA,olga,48.20_-123.00,48.2,-123.0,48.605,-122.803,1720,0.0896,120
OLGA,olga,48.20_-123.20,48.2,-123.2,48.605,-122.803,1720,0.0846,120
OLGA,olga,48.20_-123.30,48.2,-123.3,48.605,-122.803,1720,0.1325,120
OLGA,olga,48.20_-123.50,48.2,-123.5,48.605,-122.803,1720,0.152,120
OLGA,olga,48.20_-123.60,48.2,-123.6,48.605,-122.803,1720,0.1053,120
OLGA,olga,48.20_-123.70,48.2,-123.7,48.605,-122.803,1720,0.0679,120
OLGA,olga,48.20_-123.80,48.2,-123.8,48.605,-122.803,1720,0.0886,120
OLGA,olga,48.30_-122.80,48.3,-122.8,48.605,-122.803,1720,0.0913,120
OLGA,olga,48.30_-123.10,48.3,-123.1,48.605,-122.803,1720,0.0752,120
OLGA,olga,48.30_-123.20,48.3,-123.2,48.605,-122.803,1720,0.1013,120
OLGA,olga,48.30_-123.50,48.3,-123.5,48.605,-122.803,1720,0.0765,120
OLGA,olga,48.30_-123.60,48.3,-123.6,48.605,-122.803,1720,0.1039,120
OLGA,olga,48.30_-123.70,48.3,-123.7,48.605,-122.803,1720,0.0558,120
OLGA,olga,48.30_-123.80,48.3,-123.8,48.605,-122.803,1720,0.0573,120
OLGA,olga,48.40_-122.80,48.4,-122.8,48.605,-122.803,1720,0.0735,120
OLGA,olga,48.40_-123.10,48.4,-123.1,48.605,-122.803,1720,0.0886,120
OLGA,olga,48.40_-123.20,48.4,-123.2,48.605,-122.803,1720,0.0892,120
OLGA,olga,48.40_-123.50,48.4,-123.5,48.605,-122.803,1720,0.1336,120
OLGA,olga,48.40_-123.60,48.4,-123.6,48.605,-122.803,1720,0.1008,120
OLGA,olga,48.40_-123.70,48.4,-123.7,48.605,-122.803,1720,0.0693,120
OLGA,olga,48.40_-123.80,48.4,-123.8,48.605,-122.803,1720,0.0809,120
OLGA,olga,48.40_-123.90,48.4,-123.9,48.605,-122.803,1662,0.1986,120
OLGA,olga,48.40_-124.00,48.4,-124.0,48.605,-122.803,1720,0.078,120
OLGA,olga,48.40_-124.10,48.4,-124.1,48.605,-122.803,1720,0.0857,120
OLGA,olga,48.50_-123.60,48.5,-123.6,48.605,-122.803,1720,0.0817,120
OLGA,olga,48.50_-123.80,48.5,-123.8,48.605,-122.803,1720,0.0857,120
OLGA,olga,48.50_-123.90,48.5,-123.9,48.605,-122.803,1720,0.0966,120
OLGA,olga,48.50_-124.00,48.5,-124.0,48.605,-122.803,1720,0.0697,120
OLGA,olga,48.60_-123.30,48.6,-123.3,48.605,-122.803,1720,0.065,120
OLGA,olga,48.60_-123.70,48.6,-123.7,48.605,-122.803,1720,0.1161,120
OLGA,olga,48.60_-123.80,48.6,-123.8,48.605,-122.803,1720,0.0794,120
OLGA,olga,48.60_-123.90,48.6,-123.9,48.605,-122.803,1720,0.1025,120
OLGA,olga,48.60_-124.00,48.6,-124.0,48.605,-122.803,1720,0.0459,120
OLGA,olga,48.60_-124.10,48.6,-124.1,48.605,-122.803,1720,0.0882,120
OLGA,olga,48.60_-124.20,48.6,-124.2,48.605,-122.803,1717,0.1149,120
OLGA,olga,48.70_-124.00,48.7,-124.0,48.605,-122.803,1716,0.1292,120
OLGA,olga,48.70_-124.10,48.7,-124.1,48.605,-122.803,1720,0.1237,120
OLGA,olga,48.80_-123.70,48.8,-123.7,48.605,-122.803,1720,0.0544,120
OLGA,olga,48.80_-123.80,48.8,-123.8,48.605,-122.803,1720,0.1355,120
OLGA,olga,48.80_-124.00,48.8,-124.0,48.605,-122.803,1720,0.0904,120
OLGA,olga,48.90_-123.60,48.9,-123.6,48.605,-122.803,1720,0.1004,120
OLGA,olga,49.00_-123.80,49.0,-123.8,48.605,-122.803,1720,0.0707,120
OLGA,olga,49.00_-123.90,49.0,-123.9,48.605,-122.803,1720,0.0762,120
OLQN,olqn,46.60_-123.20,46.6,-123.2,47.513,-123.813,2345,0.1166,121
OLQN,olqn,46.70_-123.00,46.7,-123.0,47.513,-123.813,2363,0.1244,121
OLQN,olqn,46.70_-123.20,46.7,-123.2,47.513,-123.813,2362,0.1248,121
OLQN,olqn,46.80_-123.20,46.8,-123.2,47.513,-123.813,2341,0.1093,121
OLQN,olqn,46.90_-122.80,46.9,-122.8,47.513,-123.813,2363,0.1099,121
OLQN,olqn,46.90_-122.90,46.9,-122.9,47.513,-123.813,2362,0.1353,121
OLQN,olqn,47.00_-122.70,47.0,-122.7,47.513,-123.813,2362,0.1156,121
OLQN,olqn,47.00_-123.00,47.0,-123.0,47.513,-123.813,2362,0.0829,121
OLQN,olqn,47.00_-123.20,47.0,-123.2,47.513,-123.813,2363,0.0918,121
OLQN,olqn,47.10_-122.70,47.1,-122.7,47.513,-123.813,2362,0.1518,121
OLQN,olqn,47.10_-123.10,47.1,-123.1,47.513,-123.813,2361,0.1067,121
OLQN,olqn,47.10_-123.20,47.1,-123.2,47.513,-123.813,2362,0.1307,121
OLQN,olqn,47.20_-122.90,47.2,-122.9,47.513,-123.813,2360,0.1292,121
OLQN,olqn,47.20_-123.00,47.2,-123.0,47.513,-123.813,2362,0.0984,121
OLQN,olqn,47.40_-122.80,47.4,-122.8,47.513,-123.813,2363,0.1085,121
OLQN,olqn,47.40_-123.00,47.4,-123.0,47.513,-123.813,2363,0.1201,121
OLQN,olqn,47.40_-123.10,47.4,-123.1,47.513,-123.813,2363,0.1098,121
OLQN,olqn,47.40_-123.20,47.4,-123.2,47.513,-123.813,2361,0.1057,121
OLQN,olqn,47.50_-122.70,47.5,-122.7,47.513,-123.813,2363,0.1021,121
OLQN,olqn,47.50_-122.80,47.5,-122.8,47.513,-123.813,2362,0.1097,121
OLQN,olqn,47.60_-122.80,47.6,-122.8,47.513,-123.813,2362,0.131,121
OLQN,olqn,47.60_-122.90,47.6,-122.9,47.513,-123.813,2362,0.1804,121
OLQN,olqn,47.60_-123.00,47.6,-123.0,47.513,-123.813,2362,0.1227,121
OLQN,olqn,47.60_-123.20,47.6,-123.2,47.513,-123.813,2362,0.1124,121
OLQN,olqn,47.60_-123.40,47.6,-123.4,47.513,-123.813,2361,0.0912,121
OLQN,olqn,47.70_-122.60,47.7,-122.6,47.513,-123.813,2363,0.1665,121
OLQN,olqn,47.70_-123.10,47.7,-123.1,47.513,-123.813,2361,0.1022,121
OLQN,olqn,47.70_-123.30,47.7,-123.3,47.513,-123.813,2363,0.1457,121
OLQN,olqn,47.80_-122.60,47.8,-122.6,47.513,-123.813,2363,0.0892,121
OLQN,olqn,47.80_-122.70,47.8,-122.7,47.513,-123.813,2363,0.1083,121
OLQN,olqn,47.80_-122.80,47.8,-122.8,47.513,-123.813,2362,0.1326,121
OLQN,olqn,47.80_-122.90,47.8,-122.9,47.513,-123.813,2363,0.1629,121
OLQN,olqn,47.80_-123.00,47.8,-123.0,47.513,-123.813,2362,0.0851,121
OLQN,olqn,47.80_-123.10,47.8,-123.1,47.513,-123.813,2362,0.1227,121
OLQN,olqn,47.80_-123.20,47.8,-123.2,47.513,-123.813,2362,0.1025,121
OLQN,olqn,47.80_-123.30,47.8,-123.3,47.513,-123.813,2341,0.0972,121
OLQN,olqn,47.80_-123.40,47.8,-123.4,47.513,-123.813,2359,0.1869,121
OLQN,olqn,47.90_-122.80,47.9,-122.8,47.513,-123.813,2362,0.1416,121
OLQN,olqn,47.90_-123.00,47.9,-123.0,47.513,-123.813,2362,0.1034,121
OLQN,olqn,47.90_-123.10,47.9,-123.1,47.513,-123.813,2361,0.113,121
OLQN,olqn,48.00_-122.80,48.0,-122.8,47.513,-123.813,2361,0.0968,121
OLQN,olqn,48.00_-123.00,48.0,-123.0,47.513,-123.813,2363,0.1163,121
OLQN,olqn,48.00_-123.20,48.0,-123.2,47.513,-123.813,2362,0.1007,121
OLQN,olqn,48.00_-123.40,48.0,-123.4,47.513,-123.813,2361,0.1154,121
OLQN,olqn,48.10_-122.90,48.1,-122.9,47.513,-123.813,2363,0.1346,121
OLQN,olqn,48.10_-123.00,48.1,-123.0,47.513,-123.813,2362,0.1329,121
OLQN,olqn,48.10_-123.30,48.1,-123.3,47.513,-123.813,2362,0.0998,121
OLQN,olqn,48.10_-123.60,48.1,-123.6,47.513,-123.813,2363,0.119,121
OLQN,olqn,48.10_-123.80,48.1,-123.8,47.513,-123.813,2362,0.0785,121
OLQN,olqn,48.20_-122.90,48.2,-122.9,47.513,-123.813,2362,0.133,121
OLQN,olqn,48.20_-123.00,48.2,-123.0,47.513,-123.813,2363,0.1515,121
OLQN,olqn,48.20_-123.10,48.2,-123.1,47.513,-123.813,2363,0.1075,121
OLQN,olqn,48.20_-123.20,48.2,-123.2,47.513,-123.813,2340,0.1284,121
OLQN,olqn,48.20_-123.60,48.2,-123.6,47.513,-123.813,2362,0.0787,121
OLQN,olqn,48.20_-123.70,48.2,-123.7,47.513,-123.813,2361,0.1041,121
OLQN,olqn,48.20_-123.80,48.2,-123.8,47.513,-123.813,2362,0.1171,121
OLQN,olqn,48.30_-123.00,48.3,-123.0,47.513,-123.813,2363,0.0955,121
OLQN,olqn,48.30_-123.60,48.3,-123.6,47.513,-123.813,2362,0.0841,121
OLQN,olqn,48.30_-123.80,48.3,-123.8,47.513,-123.813,2360,0.0794,121
OLQN,olqn,48.30_-123.90,48.3,-123.9,47.513,-123.813,2361,0.1237,121
OLQN,olqn,48.40_-122.80,48.4,-122.8,47.513,-123.813,2362,0.072,121
OLQN,olqn,48.40_-123.30,48.4,-123.3,47.513,-123.813,2363,0.1092,121
OLQN,olqn,48.40_-123.40,48.4,-123.4,47.513,-123.813,2363,0.0953,121
OLQN,olqn,48.40_-123.60,48.4,-123.6,47.513,-123.813,2362,0.0903,121
OLQN,olqn,48.40_-123.80,48.4,-123.8,47.513,-123.813,2363,0.1191,121
OLQN,olqn,48.40_-123.90,48.4,-123.9,47.513,-123.813,2362,0.1478,121
OLQN,olqn,48.40_-124.00,48.4,-124.0,47.513,-123.813,2363,0.1061,121
OSQM,osqm,47.20_-122.80,47.2,-122.8,48.043,-123.131,1953,0.1126,4
OSQM,osqm,47.50_-123.20,47.5,-123.2,48.043,-123.131,1953,0.1183,4
OSQM,osqm,47.70_-123.10,47.7,-123.1,48.043,-123.131,1953,0.1139,4
OSQM,osqm,47.70_-123.20,47.7,-123.2,48.043,-123.131,1953,0.1293,4
OSQM,osqm,47.80_-123.10,47.8,-123.1,48.043,-123.131,1953,0.1296,4
OSQM,osqm,47.80_-123.20,47.8,-123.2,48.043,-123.131,1953,0.076,4
OSQM,osqm,47.80_-123.40,47.8,-123.4,48.043,-123.131,1928,0.1033,4
OSQM,osqm,47.90_-123.00,47.9,-123.0,48.043,-123.131,1953,0.0928,4
OSQM,osqm,47.90_-123.40,47.9,-123.4,48.043,-123.131,1920,0.1932,4
OSQM,osqm,48.00_-123.00,48.0,-123.0,48.043,-123.131,1949,0.0849,4
OSQM,osqm,48.00_-123.20,48.0,-123.2,48.043,-123.131,1953,0.091,4
OSQM,osqm,48.00_-123.30,48.0,-123.3,48.043,-123.131,1953,0.1295,4
OSQM,osqm,48.10_-123.10,48.1,-123.1,48.043,-123.131,1950,0.1601,4
OSQM,osqm,48.10_-123.20,48.1,-123.2,48.043,-123.131,1641,0.1611,4
OSQM,osqm,48.30_-123.60,48.3,-123.6,48.043,-123.131,1953,0.116,4
OSQM,osqm,48.30_-123.80,48.3,-123.8,48.043,-123.131,1884,0.1553,4
OSQM,osqm,48.40_-123.60,48.4,-123.6,48.043,-123.131,1953,0.0921,4
OSQM,osqm,48.40_-123.70,48.4,-123.7,48.043,-123.131,1953,0.1745,4
OSQM,osqm,48.40_-123.80,48.4,-123.8,48.043,-123.131,1713,0.3309,4
OSQM,osqm,48.50_-123.70,48.5,-123.7,48.043,-123.131,1953,0.1664,4
OSQM,osqm,48.50_-123.80,48.5,-123.8,48.043,-123.131,1953,0.07,4
OSQM,osqm,48.50_-124.00,48.5,-124.0,48.043,-123.131,1953,0.107,4
OSQM,osqm,48.60_-123.80,48.6,-123.8,48.043,-123.131,1953,0.1476,4
OTR,otr,47.20_-123.00,47.2,-123.0,48.086,-124.345,1972,0.1581,123
OTR,otr,47.20_-123.10,47.2,-123.1,48.086,-124.345,2029,0.1429,123
OTR,otr,47.20_-123.20,47.2,-123.2,48.086,-124.345,2025,0.1784,123
OTR,otr,47.40_-123.00,47.4,-123.0,48.086,-124.345,2011,0.1934,123
OTR,otr,47.40_-123.20,47.4,-123.2,48.086,-124.345,2029,0.2464,123
OTR,otr,47.50_-123.00,47.5,-123.0,48.086,-124.345,2030,0.1587,123
OTR,otr,47.60_-123.00,47.6,-123.0,48.086,-124.345,2034,0.1181,123
OTR,otr,47.60_-123.20,47.6,-123.2,48.086,-124.345,2039,0.1618,123
OTR,otr,47.70_-123.10,47.7,-123.1,48.086,-124.345,434,0.3905,123
OTR,otr,47.80_-123.00,47.8,-123.0,48.086,-124.345,2030,0.158,123
OTR,otr,47.80_-123.10,47.8,-123.1,48.086,-124.345,1970,0.1724,123
OTR,otr,47.80_-123.20,47.8,-123.2,48.086,-124.345,2038,0.1395,123
OTR,otr,47.80_-123.50,47.8,-123.5,48.086,-124.345,1966,0.21,123
OTR,otr,47.90_-123.00,47.9,-123.0,48.086,-124.345,1936,0.2549,123
OTR,otr,47.90_-123.10,47.9,-123.1,48.086,-124.345,1902,0.1789,123
OTR,otr,47.90_-123.20,47.9,-123.2,48.086,-124.345,51,0.5247,123
OTR,otr,48.00_-123.00,48.0,-123.0,48.086,-124.345,2012,0.1718,123
OTR,otr,48.00_-123.10,48.0,-123.1,48.086,-124.345,1965,0.1745,123
OTR,otr,48.00_-123.20,48.0,-123.2,48.086,-124.345,1996,0.1486,123
OTR,otr,48.00_-123.30,48.0,-123.3,48.086,-124.345,2033,0.1571,123
OTR,otr,48.00_-123.40,48.0,-123.4,48.086,-124.345,1987,0.1831,123
OTR,otr,48.00_-123.50,48.0,-123.5,48.086,-124.345,1917,0.2182,123
OTR,otr,48.00_-123.60,48.0,-123.6,48.086,-124.345,2036,0.1715,123
OTR,otr,48.10_-123.00,48.1,-123.0,48.086,-124.345,2004,0.1515,123
OTR,otr,48.10_-123.10,48.1,-123.1,48.086,-124.345,1741,0.1607,123
OTR,otr,48.10_-123.20,48.1,-123.2,48.086,-124.345,2041,0.1454,123
OTR,otr,48.10_-123.30,48.1,-123.3,48.086,-124.345,2026,0.1377,123
OTR,otr,48.10_-123.40,48.1,-123.4,48.086,-124.345,2008,0.1732,123
OTR,otr,48.10_-123.60,48.1,-123.6,48.086,-124.345,2032,0.1707,123
OTR,otr,48.20_-123.00,48.2,-123.0,48.086,-124.345,2023,0.2217,123
OTR,otr,48.20_-123.10,48.2,-123.1,48.086,-124.345,2026,0.1624,123
OTR,otr,48.20_-123.20,48.2,-123.2,48.086,-124.345,2033,0.1709,123
OTR,otr,48.20_-123.30,48.2,-123.3,48.086,-124.345,2025,0.1597,123
OTR,otr,48.20_-123.40,48.2,-123.4,48.086,-124.345,2031,0.1772,123
OTR,otr,48.20_-123.50,48.2,-123.5,48.086,-124.345,2034,0.184,123
OTR,otr,48.20_-123.60,48.2,-123.6,48.086,-124.345,2000,0.1465,123
OTR,otr,48.20_-123.70,48.2,-123.7,48.086,-124.345,1824,0.3123,123
OTR,otr,48.30_-123.00,48.3,-123.0,48.086,-124.345,1945,0.2947,123
OTR,otr,48.30_-123.20,48.3,-123.2,48.086,-124.345,2038,0.1744,123
OTR,otr,48.30_-123.30,48.3,-123.3,48.086,-124.345,1631,0.215,123
OTR,otr,48.30_-123.60,48.3,-123.6,48.086,-124.345,2028,0.1295,123
OTR,otr,48.30_-123.70,48.3,-123.7,48.086,-124.345,2029,0.1743,123
OTR,otr,48.30_-123.80,48.3,-123.8,48.086,-124.345,2033,0.1899,123
OTR,otr,48.40_-123.00,48.4,-123.0,48.086,-124.345,2028,0.2152,123
OTR,otr,48.40_-123.20,48.4,-123.2,48.086,-124.345,2043,0.1793,123
OTR,otr,48.40_-123.30,48.4,-123.3,48.086,-124.345,2031,0.1845,123
OTR,otr,48.40_-123.40,48.4,-123.4,48.086,-124.345,2036,0.1445,123
OTR,otr,48.40_-123.50,48.4,-123.5,48.086,-124.345,1957,0.3679,123
OTR,otr,48.40_-123.60,48.4,-123.6,48.086,-124.345,2042,0.1528,123
OTR,otr,48.40_-123.70,48.4,-123.7,48.086,-124.345,2022,0.1798,123
OTR,otr,48.40_-123.80,48.4,-123.8,48.086,-124.345,2039,0.1578,123
OTR,otr,48.40_-123.90,48.4,-123.9,48.086,-124.345,1508,0.2562,123
OTR,otr,48.40_-124.00,48.4,-124.0,48.086,-124.345,2039,0.1576,123
OTR,otr,48.50_-123.30,48.5,-123.3,48.086,-124.345,2026,0.1884,123
OTR,otr,48.50_-123.40,48.5,-123.4,48.086,-124.345,1982,0.2748,123
OTR,otr,48.50_-123.50,48.5,-123.5,48.086,-124.345,2032,0.1721,123
OTR,otr,48.50_-123.60,48.5,-123.6,48.086,-124.345,1944,0.1419,123
OTR,otr,48.50_-123.70,48.5,-123.7,48.086,-124.345,2036,0.1871,123
OTR,otr,48.50_-123.80,48.5,-123.8,48.086,-124.345,2036,0.1566,123
OTR,otr,48.50_-123.90,48.5,-123.9,48.086,-124.345,2029,0.1761,123
OTR,otr,48.50_-124.00,48.5,-124.0,48.086,-124.345,2037,0.1429,123
OTR,otr,48.50_-124.10,48.5,-124.1,48.086,-124.345,1880,0.1935,123
OTR,otr,48.50_-124.20,48.5,-124.2,48.086,-124.345,2030,0.206,123
OTR,otr,48.60_-123.40,48.6,-123.4,48.086,-124.345,2018,0.1836,123
OTR,otr,48.60_-123.60,48.6,-123.6,48.086,-124.345,2033,0.2069,123
OTR,otr,48.60_-123.80,48.6,-123.8,48.086,-124.345,2036,0.1571,123
OTR,otr,48.60_-123.90,48.6,-123.9,48.086,-124.345,2014,0.1791,123
OTR,otr,48.60_-124.00,48.6,-124.0,48.086,-124.345,2034,0.1564,123
OTR,otr,48.60_-124.10,48.6,-124.1,48.086,-124.345,1945,0.1794,123
OTR,otr,48.60_-124.20,48.6,-124.2,48.086,-124.345,2042,0.1475,123
OTR,otr,48.60_-124.30,48.6,-124.3,48.086,-124.345,1996,0.1649,123
OTR,otr,48.60_-124.40,48.6,-124.4,48.086,-124.345,1594,0.1134,123
OTR,otr,48.70_-124.00,48.7,-124.0,48.086,-124.345,2019,0.1982,123
OTR,otr,48.70_-124.10,48.7,-124.1,48.086,-124.345,2034,0.1557,123
OTR,otr,48.70_-124.20,48.7,-124.2,48.086,-124.345,2034,0.1455,123
OTR,otr,48.70_-124.30,48.7,-124.3,48.086,-124.345,2023,0.1792,123
OTR,otr,48.80_-123.60,48.8,-123.6,48.086,-124.345,2039,0.1703,123
OTR,otr,48.80_-123.80,48.8,-123.8,48.086,-124.345,2009,0.1554,123
OTR,otr,48.80_-123.90,48.8,-123.9,48.086,-124.345,1979,0.2042,123
OTR,otr,48.80_-124.00,48.8,-124.0,48.086,-124.345,2022,0.1569,123
OTR,otr,48.80_-124.20,48.8,-124.2,48.086,-124.345,2036,0.1491,123
OTR,otr,48.80_-124.30,48.8,-124.3,48.086,-124.345,2039,0.1285,123
OTR,otr,48.80_-124.40,48.8,-124.4,48.086,-124.345,2021,0.1921,123
OTR,otr,48.90_-124.90,48.9,-124.9,48.086,-124.345,1935,0.1588,123
OZB,ozb,48.60_-124.20,48.6,-124.2,48.961,-125.498,2820,0.1588,124
OZB,ozb,48.70_-124.20,48.7,-124.2,48.961,-125.498,736,0.3389,124
OZB,ozb,48.80_-124.20,48.8,-124.2,48.961,-125.498,3048,0.1853,124
OZB,ozb,48.80_-124.30,48.8,-124.3,48.961,-125.498,2678,0.1917,124
OZB,ozb,49.00_-124.30,49.0,-124.3,48.961,-125.498,2849,0.169,124
OZB,ozb,49.00_-124.40,49.0,-124.4,48.961,-125.498,685,0.3211,124
OZB,ozb,49.20_-124.60,49.2,-124.6,48.961,-125.498,3243,0.2361,124
OZB,ozb,49.20_-124.70,49.2,-124.7,48.961,-125.498,1311,0.5614,124
OZB,ozb,49.20_-124.80,49.2,-124.8,48.961,-125.498,1196,0.2116,124
OZB,ozb,49.20_-125.00,49.2,-125.0,48.961,-125.498,865,0.4126,124
OZB,ozb,49.30_-124.60,49.3,-124.6,48.961,-125.498,2865,0.1923,124
OZB,ozb,49.30_-125.10,49.3,-125.1,48.961,-125.498,2770,0.1578,124
OZB,ozb,49.40_-125.80,49.4,-125.8,48.961,-125.498,2841,0.2086,124
OZB,ozb,49.40_-125.90,49.4,-125.9,48.961,-125.498,2791,0.1841,124
OZB,ozb,49.60_-125.80,49.6,-125.8,48.961,-125.498,2948,0.17,124
OZB,ozb,49.60_-125.90,49.6,-125.9,48.961,-125.498,2971,0.1904,124
OZB,ozb,49.60_-126.00,49.6,-126.0,48.961,-125.498,2995,0.1494,124
OZB,ozb,49.60_-126.10,49.6,-126.1,48.961,-125.498,2802,0.1672,124
OZB,ozb,49.60_-126.30,49.6,-126.3,48.961,-125.498,2594,0.1464,124
OZB,ozb,49.70_-124.50,49.7,-124.5,48.961,-125.498,1420,0.513,124
OZB,ozb,49.70_-125.80,49.7,-125.8,48.961,-125.498,2819,0.1831,124
OZB,ozb,49.70_-125.90,49.7,-125.9,48.961,-125.498,2047,0.5304,124
OZB,ozb,49.70_-126.00,49.7,-126.0,48.961,-125.498,2860,0.1745,124
OZB,ozb,49.70_-126.20,49.7,-126.2,48.961,-125.498,3004,0.1723,124
OZB,ozb,49.70_-126.30,49.7,-126.3,48.961,-125.498,1974,0.1658,124
OZB,ozb,49.80_-125.80,49.8,-125.8,48.961,-125.498,2454,0.3874,124
OZB,ozb,49.80_-126.00,49.8,-126.0,48.961,-125.498,2927,0.1691,124
OZB,ozb,49.80_-126.20,49.8,-126.2,48.961,-125.498,3070,0.1772,124
OZB,ozb,49.80_-126.30,49.8,-126.3,48.961,-125.498,3102,0.1708,124
OZB,ozb,49.80_-126.40,49.8,-126.4,48.961,-125.498,2153,0.2233,124
PABB,pabb,48.50_-123.90,48.5,-123.9,49.219,-124.811,1949,0.1069,29
PABB,pabb,48.60_-124.00,48.6,-124.0,49.219,-124.811,1745,0.2064,29
PABB,pabb,48.60_-124.10,48.6,-124.1,49.219,-124.811,1767,0.1926,29
PABB,pabb,48.60_-124.20,48.6,-124.2,49.219,-124.811,2151,0.1928,29
PABB,pabb,48.70_-124.20,48.7,-124.2,49.219,-124.811,2143,0.388,29
PABB,pabb,48.70_-124.30,48.7,-124.3,49.219,-124.811,1744,0.1446,29
PABB,pabb,48.80_-124.20,48.8,-124.2,49.219,-124.811,1172,0.1635,29
PABB,pabb,48.80_-124.30,48.8,-124.3,49.219,-124.811,2191,0.1213,29
PABB,pabb,48.80_-124.40,48.8,-124.4,49.219,-124.811,2064,0.3814,29
PABB,pabb,48.90_-124.00,48.9,-124.0,49.219,-124.811,2219,0.1255,29
PABB,pabb,48.90_-124.30,48.9,-124.3,49.219,-124.811,294,0.7115,29
PABB,pabb,49.00_-124.60,49.0,-124.6,49.219,-124.811,1035,0.5589,29
PABB,pabb,49.00_-125.00,49.0,-125.0,49.219,-124.811,1951,0.2217,29
PABB,pabb,49.10_-124.60,49.1,-124.6,49.219,-124.811,1564,0.2401,29
PABB,pabb,49.20_-125.10,49.2,-125.1,49.219,-124.811,2098,0.1858,29
PAN4H,pan4h,47.50_-123.20,47.5,-123.2,47.176,-123.27,1548,0.0999,126
PAN4H,pan4h,47.60_-122.70,47.6,-122.7,47.176,-123.27,1871,0.0535,126
PAN4H,pan4h,47.60_-123.00,47.6,-123.0,47.176,-123.27,282,0.3674,126
PAN4H,pan4h,47.60_-123.10,47.6,-123.1,47.176,-123.27,1175,0.3163,126
PAN4H,pan4h,47.60_-123.20,47.6,-123.2,47.176,-123.27,1871,0.095,126
PAN4H,pan4h,47.70_-123.00,47.7,-123.0,47.176,-123.27,1110,0.559,126
PAN4H,pan4h,47.80_-122.90,47.8,-122.9,47.176,-123.27,1023,0.2042,126
PAN4H,pan4h,47.80_-123.00,47.8,-123.0,47.176,-123.27,1850,0.1572,126
PAN4H,pan4h,47.80_-123.20,47.8,-123.2,47.176,-123.27,1865,0.143,126
PAN4H,pan4h,47.90_-123.30,47.9,-123.3,47.176,-123.27,716,0.5371,126
PAN4H,pan4h,48.00_-122.80,48.0,-122.8,47.176,-123.27,1870,0.0619,126
PAN4H,pan4h,48.00_-122.90,48.0,-122.9,47.176,-123.27,1726,0.1038,126
PAN4H,pan4h,48.00_-123.00,48.0,-123.0,47.176,-123.27,1133,0.2507,126
PAN4H,pan4h,48.00_-123.20,48.0,-123.2,47.176,-123.27,788,0.1223,126
PAN4H,pan4h,48.00_-123.40,48.0,-123.4,47.176,-123.27,65,0.1648,126
PETY,pety,40.20_-122.80,40.2,-122.8,40.177,-122.788,584,0.4347,127
PETY,pety,40.30_-122.70,40.3,-122.7,40.177,-122.788,1106,0.3698,127
PETY,pety,40.30_-122.80,40.3,-122.8,40.177,-122.788,746,0.3091,127
PETY,pety,40.30_-122.90,40.3,-122.9,40.177,-122.788,412,0.197,127
PETY,pety,40.40_-122.50,40.4,-122.5,40.177,-122.788,1349,0.3642,127
PETY,pety,40.40_-122.60,40.4,-122.6,40.177,-122.788,1750,0.2287,127
PETY,pety,40.40_-122.70,40.4,-122.7,40.177,-122.788,1695,0.2855,127
PETY,pety,40.40_-122.80,40.4,-122.8,40.177,-122.788,1338,0.2781,127
PETY,pety,40.50_-122.60,40.5,-122.6,40.177,-122.788,1966,0.32,127
PETY,pety,40.50_-122.80,40.5,-122.8,40.177,-122.788,1847,0.2832,127
PETY,pety,40.60_-122.60,40.6,-122.6,40.177,-122.788,1951,0.2292,127
PETY,pety,40.60_-122.70,40.6,-122.7,40.177,-122.788,1988,0.2374,127
PETY,pety,40.60_-122.80,40.6,-122.8,40.177,-122.788,1713,0.3263,127
PETY,pety,40.60_-122.90,40.6,-122.9,40.177,-122.788,134,0.2073,127
PETY,pety,40.70_-122.60,40.7,-122.6,40.177,-122.788,911,0.3617,127
PETY,pety,40.70_-122.80,40.7,-122.8,40.177,-122.788,433,0.3172,127
PETY,pety,40.70_-123.00,40.7,-123.0,40.177,-122.788,167,0.2425,127
PETY,pety,40.80_-122.60,40.8,-122.6,40.177,-122.788,1495,0.2885,127
PETY,pety,40.80_-122.70,40.8,-122.7,40.177,-122.788,925,0.4562,127
PETY,pety,40.80_-122.80,40.8,-122.8,40.177,-122.788,1888,0.2641,127
PETY,pety,40.80_-122.90,40.8,-122.9,40.177,-122.788,1572,0.1884,127
PETY,pety,40.80_-123.00,40.8,-123.0,40.177,-122.788,1665,0.2777,127
PETY,pety,40.80_-123.10,40.8,-123.1,40.177,-122.788,1463,0.3076,127
PETY,pety,40.90_-122.90,40.9,-122.9,40.177,-122.788,759,0.3103,127
PETY,pety,40.90_-123.00,40.9,-123.0,40.177,-122.788,2151,0.2385,127
PETY,pety,40.90_-123.10,40.9,-123.1,40.177,-122.788,238,0.3997,127
PETY,pety,41.00_-122.80,41.0,-122.8,40.177,-122.788,741,0.2946,127
PETY,pety,41.00_-123.00,41.0,-123.0,40.177,-122.788,1598,0.3052,127
PETY,pety,41.00_-123.10,41.0,-123.1,40.177,-122.788,1238,0.3161,127
PGCbhz,pgcbhz,47.80_-123.20,47.8,-123.2,48.6498,-123.4521,2688,0.2124,8
PGCbhz,pgcbhz,47.80_-123.40,47.8,-123.4,48.6498,-123.4521,2694,0.1231,8
PGCbhz,pgcbhz,47.90_-123.00,47.9,-123.0,48.6498,-123.4521,2693,0.1126,8
PGCbhz,pgcbhz,47.90_-123.10,47.9,-123.1,48.6498,-123.4521,2679,0.14,8
PGCbhz,pgcbhz,47.90_-123.20,47.9,-123.2,48.6498,-123.4521,2299,0.1276,8
PGCbhz,pgcbhz,47.90_-123.30,47.9,-123.3,48.6498,-123.4521,2465,0.2252,8
PGCbhz,pgcbhz,47.90_-123.60,47.9,-123.6,48.6498,-123.4521,2688,0.2072,8
PGCbhz,pgcbhz,48.00_-123.00,48.0,-123.0,48.6498,-123.4521,2693,0.1294,8
PGCbhz,pgcbhz,48.00_-123.30,48.0,-123.3,48.6498,-123.4521,2447,0.2095,8
PGCbhz,pgcbhz,48.00_-123.40,48.0,-123.4,48.6498,-123.4521,2690,0.1463,8
PGCbhz,pgcbhz,48.00_-123.60,48.0,-123.6,48.6498,-123.4521,2694,0.1346,8
PGCbhz,pgcbhz,48.10_-123.00,48.1,-123.0,48.6498,-123.4521,1976,0.2919,8
PGCbhz,pgcbhz,48.10_-123.20,48.1,-123.2,48.6498,-123.4521,2691,0.1221,8
PGCbhz,pgcbhz,48.10_-123.30,48.1,-123.3,48.6498,-123.4521,2486,0.1541,8
PGCbhz,pgcbhz,48.10_-123.40,48.1,-123.4,48.6498,-123.4521,2472,0.184,8
PGCbhz,pgcbhz,48.10_-123.50,48.1,-123.5,48.6498,-123.4521,2481,0.1221,8
PGCbhz,pgcbhz,48.10_-123.60,48.1,-123.6,48.6498,-123.4521,2693,0.1357,8
PGCbhz,pgcbhz,48.20_-123.10,48.2,-123.1,48.6498,-123.4521,2678,0.1294,8
PGCbhz,pgcbhz,48.20_-123.30,48.2,-123.3,48.6498,-123.4521,2342,0.1684,8
PGCbhz,pgcbhz,48.20_-123.50,48.2,-123.5,48.6498,-123.4521,2661,0.1251,8
PGCbhz,pgcbhz,48.20_-123.60,48.2,-123.6,48.6498,-123.4521,2689,0.1695,8
PGCbhz,pgcbhz,48.20_-123.70,48.2,-123.7,48.6498,-123.4521,2694,0.1029,8
PGCbhz,pgcbhz,48.20_-123.80,48.2,-123.8,48.6498,-123.4521,2694,0.0956,8
PGCbhz,pgcbhz,48.30_-122.80,48.3,-122.8,48.6498,-123.4521,2694,0.1777,8
PGCbhz,pgcbhz,48.30_-123.00,48.3,-123.0,48.6498,-123.4521,2688,0.1046,8
PGCbhz,pgcbhz,48.30_-123.40,48.3,-123.4,48.6498,-123.4521,2476,0.1252,8
PGCbhz,pgcbhz,48.30_-123.60,48.3,-123.6,48.6498,-123.4521,2482,0.1885,8
PGCbhz,pgcbhz,48.30_-123.70,48.3,-123.7,48.6498,-123.4521,2431,0.1084,8
PGCbhz,pgcbhz,48.30_-123.80,48.3,-123.8,48.6498,-123.4521,2478,0.14,8
PGCbhz,pgcbhz,48.40_-122.80,48.4,-122.8,48.6498,-123.4521,2695,0.0911,8
PGCbhz,pgcbhz,48.40_-122.90,48.4,-122.9,48.6498,-123.4521,2696,0.1924,8
PGCbhz,pgcbhz,48.40_-123.00,48.4,-123.0,48.6498,-123.4521,2208,0.2699,8
PGCbhz,pgcbhz,48.40_-123.50,48.4,-123.5,48.6498,-123.4521,2687,0.103,8
PGCbhz,pgcbhz,48.40_-123.60,48.4,-123.6,48.6498,-123.4521,2696,0.1111,8
PGCbhz,pgcbhz,48.40_-123.70,48.4,-123.7,48.6498,-123.4521,2693,0.0929,8
PGCbhz,pgcbhz,48.40_-123.80,48.4,-123.8,48.6498,-123.4521,2696,0.1011,8
PGCbhz,pgcbhz,48.40_-123.90,48.4,-123.9,48.6498,-123.4521,2692,0.0922,8
PGCbhz,pgcbhz,48.40_-124.00,48.4,-124.0,48.6498,-123.4521,2695,0.1415,8
PGCbhz,pgcbhz,48.50_-123.60,48.5,-123.6,48.6498,-123.4521,2485,0.1997,8
PGCbhz,pgcbhz,48.50_-123.70,48.5,-123.7,48.6498,-123.4521,2641,0.1564,8
PGCbhz,pgcbhz,48.50_-123.80,48.5,-123.8,48.6498,-123.4521,2681,0.1638,8
PGCbhz,pgcbhz,48.50_-123.90,48.5,-123.9,48.6498,-123.4521,2482,0.1885,8
PGCbhz,pgcbhz,48.50_-124.00,48.5,-124.0,48.6498,-123.4521,2696,0.1377,8
PGCbhz,pgcbhz,48.60_-123.70,48.6,-123.7,48.6498,-123.4521,2486,0.0926,8
PGCbhz,pgcbhz,48.60_-123.80,48.6,-123.8,48.6498,-123.4521,2691,0.0884,8
PGCbhz,pgcbhz,48.60_-124.10,48.6,-124.1,48.6498,-123.4521,2486,0.1294,8
PGCbhz,pgcbhz,48.60_-124.20,48.6,-124.2,48.6498,-123.4521,2695,0.1078,8
PGCbhz,pgcbhz,48.60_-124.30,48.6,-124.3,48.6498,-123.4521,2369,0.2376,8
PGCbhz,pgcbhz,48.60_-124.40,48.6,-124.4,48.6498,-123.4521,2693,0.0937,8
PGCbhz,pgcbhz,48.70_-124.20,48.7,-124.2,48.6498,-123.4521,2479,0.0919,8
PGCbhz,pgcbhz,48.70_-124.30,48.7,-124.3,48.6498,-123.4521,2434,0.1809,8
PGCbhz,pgcbhz,48.70_-124.40,48.7,-124.4,48.6498,-123.4521,2695,0.1219,8
PGCbhz,pgcbhz,48.70_-124.60,48.7,-124.6,48.6498,-123.4521,2691,0.0935,8
PGCbhz,pgcbhz,48.80_-123.70,48.8,-123.7,48.6498,-123.4521,2680,0.1547,8
PGCbhz,pgcbhz,48.80_-124.10,48.8,-124.1,48.6498,-123.4521,2682,0.1582,8
PGCbhz,pgcbhz,48.80_-124.20,48.8,-124.2,48.6498,-123.4521,2692,0.0914,8
PGCbhz,pgcbhz,48.80_-124.30,48.8,-124.3,48.6498,-123.4521,2694,0.093,8
PGCbhz,pgcbhz,48.80_-124.40,48.8,-124.4,48.6498,-123.4521,2695,0.1182,8
PGCbhz,pgcbhz,48.80_-124.50,48.8,-124.5,48.6498,-123.4521,2694,0.1226,8
PGCbhz,pgcbhz,48.80_-124.60,48.8,-124.6,48.6498,-123.4521,2690,0.1404,8
PGCbhz,pgcbhz,48.80_-124.70,48.8,-124.7,48.6498,-123.4521,2692,0.1148,8
PGCbhz,pgcbhz,48.80_-124.80,48.8,-124.8,48.6498,-123.4521,2677,0.0995,8
PGCbhz,pgcbhz,48.90_-123.70,48.9,-123.7,48.6498,-123.4521,2472,0.1979,8
PGCbhz,pgcbhz,48.90_-123.80,48.9,-123.8,48.6498,-123.4521,2433,0.2504,8
PGCbhz,pgcbhz,48.90_-124.10,48.9,-124.1,48.6498,-123.4521,2694,0.0934,8
PGCbhz,pgcbhz,48.90_-124.20,48.9,-124.2,48.6498,-123.4521,2473,0.1889,8
PGCbhz,pgcbhz,48.90_-124.30,48.9,-124.3,48.6498,-123.4521,2692,0.1121,8
PGCbhz,pgcbhz,48.90_-124.40,48.9,-124.4,48.6498,-123.4521,2452,0.1882,8
PGCbhz,pgcbhz,48.90_-124.60,48.9,-124.6,48.6498,-123.4521,2695,0.1219,8
PGCbhz,pgcbhz,48.90_-124.80,48.9,-124.8,48.6498,-123.4521,2691,0.1,8
PGCbhz,pgcbhz,49.00_-123.70,49.0,-123.7,48.6498,-123.4521,2690,0.1013,8
PGCbhz,pgcbhz,49.00_-124.40,49.0,-124.4,48.6498,-123.4521,2694,0.1607,8
PGCbhz,pgcbhz,49.00_-124.50,49.0,-124.5,48.6498,-123.4521,2693,0.1371,8
PGCbhz,pgcbhz,49.00_-124.60,49.0,-124.6,48.6498,-123.4521,2690,0.1892,8
PGCbhz,pgcbhz,49.00_-124.70,49.0,-124.7,48.6498,-123.4521,2693,0.1664,8
PGCbhz,pgcbhz,49.00_-124.80,49.0,-124.8,48.6498,-123.4521,2696,0.1136,8
PGCbhz,pgcbhz,49.10_-124.30,49.1,-124.3,48.6498,-123.4521,2605,0.1721,8
PGCbhz,pgcbhz,49.10_-124.60,49.1,-124.6,48.6498,-123.4521,2695,0.1044,8
PGCbhz,pgcbhz,49.10_-124.70,49.1,-124.7,48.6498,-123.4521,2693,0.1212,8
PGCbhz,pgcbhz,49.10_-124.80,49.1,-124.8,48.6498,-123.4521,2686,0.2096,8
PGCbhz,pgcbhz,49.20_-124.70,49.2,-124.7,48.6498,-123.4521,2689,0.1696,8
PGChhz,pgchhz,47.80_-123.10,47.8,-123.1,48.6498,-123.4521,3020,0.1504,8
PGChhz,pgchhz,47.80_-123.20,47.8,-123.2,48.6498,-123.4521,2997,0.1698,8
PGChhz,pgchhz,47.80_-123.30,47.8,-123.3,48.6498,-123.4521,3020,0.1428,8
PGChhz,pgchhz,47.80_-123.40,47.8,-123.4,48.6498,-123.4521,3020,0.1253,8
PGChhz,pgchhz,47.90_-123.00,47.9,-123.0,48.6498,-123.4521,3020,0.0948,8
PGChhz,pgchhz,47.90_-123.10,47.9,-123.1,48.6498,-123.4521,3016,0.1253,8
PGChhz,pgchhz,47.90_-123.20,47.9,-123.2,48.6498,-123.4521,2988,0.2085,8
PGChhz,pgchhz,47.90_-123.30,47.9,-123.3,48.6498,-123.4521,3019,0.1752,8
PGChhz,pgchhz,47.90_-123.60,47.9,-123.6,48.6498,-123.4521,3018,0.131,8
PGChhz,pgchhz,48.00_-123.00,48.0,-123.0,48.6498,-123.4521,3002,0.1103,8
PGChhz,pgchhz,48.00_-123.30,48.0,-123.3,48.6498,-123.4521,2981,0.1904,8
PGChhz,pgchhz,48.00_-123.40,48.0,-123.4,48.6498,-123.4521,3019,0.1646,8
PGChhz,pgchhz,48.00_-123.60,48.0,-123.6,48.6498,-123.4521,3020,0.1127,8
PGChhz,pgchhz,48.10_-123.00,48.1,-123.0,48.6498,-123.4521,2157,0.3447,8
PGChhz,pgchhz,48.10_-123.20,48.1,-123.2,48.6498,-123.4521,3020,0.1233,8
PGChhz,pgchhz,48.10_-123.30,48.1,-123.3,48.6498,-123.4521,3020,0.1211,8
PGChhz,pgchhz,48.10_-123.40,48.1,-123.4,48.6498,-123.4521,3017,0.1609,8
PGChhz,pgchhz,48.10_-123.50,48.1,-123.5,48.6498,-123.4521,3017,0.109,8
PGChhz,pgchhz,48.10_-123.60,48.1,-123.6,48.6498,-123.4521,3020,0.1579,8
PGChhz,pgchhz,48.20_-123.10,48.2,-123.1,48.6498,-123.4521,2987,0.1185,8
PGChhz,pgchhz,48.20_-123.30,48.2,-123.3,48.6498,-123.4521,2856,0.133,8
PGChhz,pgchhz,48.20_-123.40,48.2,-123.4,48.6498,-123.4521,3020,0.1323,8
PGChhz,pgchhz,48.20_-123.50,48.2,-123.5,48.6498,-123.4521,3020,0.1177,8
PGChhz,pgchhz,48.20_-123.60,48.2,-123.6,48.6498,-123.4521,3019,0.116,8
PGChhz,pgchhz,48.20_-123.70,48.2,-123.7,48.6498,-123.4521,3020,0.0992,8
PGChhz,pgchhz,48.20_-123.80,48.2,-123.8,48.6498,-123.4521,3020,0.1093,8
PGChhz,pgchhz,48.30_-122.80,48.3,-122.8,48.6498,-123.4521,3020,0.1197,8
PGChhz,pgchhz,48.30_-123.00,48.3,-123.0,48.6498,-123.4521,3019,0.1582,8
PGChhz,pgchhz,48.30_-123.40,48.3,-123.4,48.6498,-123.4521,3014,0.1082,8
PGChhz,pgchhz,48.30_-123.60,48.3,-123.6,48.6498,-123.4521,3016,0.1483,8
PGChhz,pgchhz,48.30_-123.70,48.3,-123.7,48.6498,-123.4521,2802,0.1523,8
PGChhz,pgchhz,48.30_-123.80,48.3,-123.8,48.6498,-123.4521,3019,0.1057,8
PGChhz,pgchhz,48.40_-122.80,48.4,-122.8,48.6498,-123.4521,3020,0.1067,8
PGChhz,pgchhz,48.40_-122.90,48.4,-122.9,48.6498,-123.4521,3020,0.1374,8
PGChhz,pgchhz,48.40_-123.00,48.4,-123.0,48.6498,-123.4521,2695,0.1841,8
PGChhz,pgchhz,48.40_-123.50,48.4,-123.5,48.6498,-123.4521,3019,0.1084,8
PGChhz,pgchhz,48.40_-123.60,48.4,-123.6,48.6498,-123.4521,3020,0.0836,8
PGChhz,pgchhz,48.40_-123.70,48.4,-123.7,48.6498,-123.4521,3020,0.0959,8
PGChhz,pgchhz,48.40_-123.80,48.4,-123.8,48.6498,-123.4521,3020,0.0997,8
PGChhz,pgchhz,48.40_-123.90,48.4,-123.9,48.6498,-123.4521,3020,0.1153,8
PGChhz,pgchhz,48.40_-124.00,48.4,-124.0,48.6498,-123.4521,3020,0.1245,8
PGChhz,pgchhz,48.50_-123.60,48.5,-123.6,48.6498,-123.4521,3020,0.1315,8
PGChhz,pgchhz,48.50_-123.70,48.5,-123.7,48.6498,-123.4521,2999,0.1543,8
PGChhz,pgchhz,48.50_-123.80,48.5,-123.8,48.6498,-123.4521,3020,0.1308,8
PGChhz,pgchhz,48.50_-123.90,48.5,-123.9,48.6498,-123.4521,3020,0.1246,8
PGChhz,pgchhz,48.50_-124.00,48.5,-124.0,48.6498,-123.4521,3020,0.1038,8
PGChhz,pgchhz,48.50_-124.10,48.5,-124.1,48.6498,-123.4521,3020,0.1299,8
PGChhz,pgchhz,48.60_-123.70,48.6,-123.7,48.6498,-123.4521,3020,0.092,8
PGChhz,pgchhz,48.60_-123.80,48.6,-123.8,48.6498,-123.4521,3020,0.1025,8
PGChhz,pgchhz,48.60_-124.00,48.6,-124.0,48.6498,-123.4521,3008,0.139,8
PGChhz,pgchhz,48.60_-124.10,48.6,-124.1,48.6498,-123.4521,3011,0.1245,8
PGChhz,pgchhz,48.60_-124.20,48.6,-124.2,48.6498,-123.4521,3020,0.0935,8
PGChhz,pgchhz,48.60_-124.30,48.6,-124.3,48.6498,-123.4521,3020,0.1297,8
PGChhz,pgchhz,48.60_-124.40,48.6,-124.4,48.6498,-123.4521,3020,0.1067,8
PGChhz,pgchhz,48.70_-124.20,48.7,-124.2,48.6498,-123.4521,3018,0.0997,8
PGChhz,pgchhz,48.70_-124.40,48.7,-124.4,48.6498,-123.4521,3020,0.0954,8
PGChhz,pgchhz,48.70_-124.50,48.7,-124.5,48.6498,-123.4521,3020,0.0916,8
PGChhz,pgchhz,48.70_-124.60,48.7,-124.6,48.6498,-123.4521,3020,0.0906,8
PGChhz,pgchhz,48.70_-124.70,48.7,-124.7,48.6498,-123.4521,3019,0.1394,8
PGChhz,pgchhz,48.70_-124.80,48.7,-124.8,48.6498,-123.4521,2986,0.1818,8
PGChhz,pgchhz,48.80_-123.70,48.8,-123.7,48.6498,-123.4521,3012,0.1513,8
PGChhz,pgchhz,48.80_-124.00,48.8,-124.0,48.6498,-123.4521,3020,0.1473,8
PGChhz,pgchhz,48.80_-124.10,48.8,-124.1,48.6498,-123.4521,3016,0.1262,8
PGChhz,pgchhz,48.80_-124.20,48.8,-124.2,48.6498,-123.4521,3020,0.0924,8
PGChhz,pgchhz,48.80_-124.30,48.8,-124.3,48.6498,-123.4521,3020,0.0942,8
PGChhz,pgchhz,48.80_-124.40,48.8,-124.4,48.6498,-123.4521,3020,0.115,8
PGChhz,pgchhz,48.80_-124.50,48.8,-124.5,48.6498,-123.4521,3020,0.1154,8
PGChhz,pgchhz,48.80_-124.60,48.8,-124.6,48.6498,-123.4521,3020,0.1591,8
PGChhz,pgchhz,48.80_-124.70,48.8,-124.7,48.6498,-123.4521,3020,0.1203,8
PGChhz,pgchhz,48.80_-124.80,48.8,-124.8,48.6498,-123.4521,3019,0.0934,8
PGChhz,pgchhz,48.90_-123.70,48.9,-123.7,48.6498,-123.4521,3001,0.1613,8
PGChhz,pgchhz,48.90_-123.80,48.9,-123.8,48.6498,-123.4521,2977,0.2781,8
PGChhz,pgchhz,48.90_-124.10,48.9,-124.1,48.6498,-123.4521,3020,0.103,8
PGChhz,pgchhz,48.90_-124.20,48.9,-124.2,48.6498,-123.4521,3015,0.1318,8
PGChhz,pgchhz,48.90_-124.30,48.9,-124.3,48.6498,-123.4521,3020,0.0964,8
PGChhz,pgchhz,48.90_-124.40,48.9,-124.4,48.6498,-123.4521,3020,0.1818,8
PGChhz,pgchhz,48.90_-124.50,48.9,-124.5,48.6498,-123.4521,3020,0.1376,8
PGChhz,pgchhz,48.90_-124.60,48.9,-124.6,48.6498,-123.4521,3020,0.1091,8
PGChhz,pgchhz,48.90_-124.70,48.9,-124.7,48.6498,-123.4521,3020,0.0969,8
PGChhz,pgchhz,48.90_-124.80,48.9,-124.8,48.6498,-123.4521,3020,0.1165,8
PGChhz,pgchhz,49.00_-123.70,49.0,-123.7,48.6498,-123.4521,3019,0.0962,8
PGChhz,pgchhz,49.00_-124.30,49.0,-124.3,48.6498,-123.4521,3020,0.1216,8
PGChhz,pgchhz,49.00_-124.40,49.0,-124.4,48.6498,-123.4521,3020,0.1921,8
PGChhz,pgchhz,49.00_-124.50,49.0,-124.5,48.6498,-123.4521,3020,0.1353,8
PGChhz,pgchhz,49.00_-124.60,49.0,-124.6,48.6498,-123.4521,3019,0.1627,8
PGChhz,pgchhz,49.00_-124.70,49.0,-124.7,48.6498,-123.4521,3020,0.1224,8
PGChhz,pgchhz,49.00_-124.80,49.0,-124.8,48.6498,-123.4521,3020,0.107,8
PGChhz,pgchhz,49.10_-124.30,49.1,-124.3,48.6498,-123.4521,3019,0.1241,8
PGChhz,pgchhz,49.10_-124.60,49.1,-124.6,48.6498,-123.4521,3020,0.09,8
PGChhz,pgchhz,49.10_-124.70,49.1,-124.7,48.6498,-123.4521,3020,0.1185,8
PGChhz,pgchhz,49.10_-124.80,49.1,-124.8,48.6498,-123.4521,3019,0.1833,8
PGChhz,pgchhz,49.20_-124.70,49.2,-124.7,48.6498,-123.4521,3020,0.17,8
PGChhz,pgchhz,49.20_-124.80,49.2,-124.8,48.6498,-123.4521,3020,0.145,8
PIT6,pit6,40.40_-122.80,40.4,-122.8,40.931,-121.948,361,0.032,130
PIT6,pit6,40.50_-122.60,40.5,-122.6,40.931,-121.948,275,0.0924,130
PIT6,pit6,40.60_-122.60,40.6,-122.6,40.931,-121.948,361,0.0565,130
PIT6,pit6,40.80_-123.00,40.8,-123.0,40.931,-121.948,359,0.1718,130
PIT6,pit6,40.80_-123.20,40.8,-123.2,40.931,-121.948,361,0.0606,130
PIT6,pit6,40.90_-122.80,40.9,-122.8,40.931,-121.948,355,0.114,130
PIT6,pit6,41.00_-122.50,41.0,-122.5,40.931,-121.948,361,0.0908,130
PIT6,pit6,41.00_-122.80,41.0,-122.8,40.931,-121.948,361,0.0475,130
PIT6,pit6,41.00_-122.90,41.0,-122.9,40.931,-121.948,361,0.0606,130
PIT6,pit6,41.00_-123.00,41.0,-123.0,40.931,-121.948,360,0.055,130
PIT6,pit6,41.00_-123.20,41.0,-123.2,40.931,-121.948,361,0.1143,130
PIT6,pit6,41.10_-122.80,41.1,-122.8,40.931,-121.948,361,0.0576,130
PIT6,pit6,41.10_-123.00,41.1,-123.0,40.931,-121.948,361,0.0632,130
PIT6,pit6,41.10_-123.10,41.1,-123.1,40.931,-121.948,361,0.0334,130
PIT6,pit6,41.20_-122.90,41.2,-122.9,40.931,-121.948,361,0.0585,130
PIT6,pit6,41.20_-123.00,41.2,-123.0,40.931,-121.948,361,0.1172,130
PIT6,pit6,41.30_-123.20,41.3,-123.2,40.931,-121.948,361,0.0537,130
PIT6,pit6,41.40_-123.20,41.4,-123.2,40.931,-121.948,359,0.1372,130
PIT6,pit6,41.50_-123.00,41.5,-123.0,40.931,-121.948,344,0.1007,130
PIT6,pit6,41.50_-123.10,41.5,-123.1,40.931,-121.948,344,0.1007,130
PIT6,pit6,41.50_-123.30,41.5,-123.3,40.931,-121.948,361,0.0456,130
PIT6,pit6,41.60_-123.10,41.6,-123.1,40.931,-121.948,236,0.1008,130
PIT6,pit6,41.80_-123.30,41.8,-123.3,40.931,-121.948,361,0.0936,130
PR02,pr02,46.10_-123.20,46.1,-123.2,46.918,-122.049,1319,0.0438,131
PR02,pr02,46.40_-122.70,46.4,-122.7,46.918,-122.049,1320,0.0422,131
PR02,pr02,46.40_-122.80,46.4,-122.8,46.918,-122.049,1319,0.0474,131
PR02,pr02,46.40_-123.20,46.4,-123.2,46.918,-122.049,1318,0.0551,131
PR02,pr02,46.50_-122.60,46.5,-122.6,46.918,-122.049,1320,0.0467,131
PR02,pr02,46.50_-122.80,46.5,-122.8,46.918,-122.049,1320,0.0416,131
PR02,pr02,46.50_-123.00,46.5,-123.0,46.918,-122.049,1320,0.0368,131
PR02,pr02,46.50_-123.10,46.5,-123.1,46.918,-122.049,1320,0.0418,131
PR02,pr02,46.60_-122.70,46.6,-122.7,46.918,-122.049,1320,0.0507,131
PR02,pr02,46.60_-122.80,46.6,-122.8,46.918,-122.049,1320,0.0426,131
PR02,pr02,46.60_-123.00,46.6,-123.0,46.918,-122.049,1320,0.0314,131
PR02,pr02,46.60_-123.20,46.6,-123.2,46.918,-122.049,1320,0.0371,131
PR02,pr02,46.60_-123.30,46.6,-123.3,46.918,-122.049,1320,0.0315,131
PR02,pr02,46.70_-122.80,46.7,-122.8,46.918,-122.049,1320,0.0425,131
PR02,pr02,46.70_-123.00,46.7,-123.0,46.918,-122.049,1319,0.0465,131
PR02,pr02,46.80_-122.60,46.8,-122.6,46.918,-122.049,1320,0.0528,131
PR02,pr02,46.80_-122.70,46.8,-122.7,46.918,-122.049,1318,0.0458,131
PR02,pr02,46.80_-122.80,46.8,-122.8,46.918,-122.049,1320,0.0379,131
PR02,pr02,46.80_-122.90,46.8,-122.9,46.918,-122.049,1305,0.0548,131
PR02,pr02,46.80_-123.00,46.8,-123.0,46.918,-122.049,1320,0.0461,131
PR02,pr02,46.80_-123.10,46.8,-123.1,46.918,-122.049,1320,0.0423,131
PR02,pr02,46.90_-123.00,46.9,-123.0,46.918,-122.049,1320,0.0403,131
PR02,pr02,47.00_-122.60,47.0,-122.6,46.918,-122.049,1320,0.0378,131
PR02,pr02,47.00_-122.70,47.0,-122.7,46.918,-122.049,1320,0.0482,131
PR02,pr02,47.00_-122.80,47.0,-122.8,46.918,-122.049,1320,0.0411,131
PR02,pr02,47.00_-122.90,47.0,-122.9,46.918,-122.049,1317,0.0492,131
PR02,pr02,47.00_-123.00,47.0,-123.0,46.918,-122.049,1320,0.0386,131
PR02,pr02,47.10_-122.60,47.1,-122.6,46.918,-122.049,1320,0.0511,131
PR02,pr02,47.10_-122.80,47.1,-122.8,46.918,-122.049,1320,0.0423,131
PR02,pr02,47.10_-122.90,47.1,-122.9,46.918,-122.049,1320,0.0514,131
PR02,pr02,47.10_-123.00,47.1,-123.0,46.918,-122.049,1320,0.0359,131
PR02,pr02,47.10_-123.10,47.1,-123.1,46.918,-122.049,1320,0.0375,131
PR02,pr02,47.10_-123.20,47.1,-123.2,46.918,-122.049,1320,0.0342,131
PR02,pr02,47.10_-123.30,47.1,-123.3,46.918,-122.049,1320,0.044,131
PR02,pr02,47.20_-122.60,47.2,-122.6,46.918,-122.049,1320,0.0351,131
PR02,pr02,47.20_-122.80,47.2,-122.8,46.918,-122.049,1320,0.0372,131
PR02,pr02,47.20_-122.90,47.2,-122.9,46.918,-122.049,1320,0.0393,131
PR02,pr02,47.20_-123.00,47.2,-123.0,46.918,-122.049,1320,0.0405,131
PR02,pr02,47.20_-123.20,47.2,-123.2,46.918,-122.049,1320,0.0461,131
PR02,pr02,47.30_-122.80,47.3,-122.8,46.918,-122.049,1320,0.0361,131
PR02,pr02,47.30_-122.90,47.3,-122.9,46.918,-122.049,1319,0.0402,131
PR02,pr02,47.30_-123.00,47.3,-123.0,46.918,-122.049,1319,0.064,131
PR02,pr02,47.30_-123.10,47.3,-123.1,46.918,-122.049,1320,0.0394,131
PR02,pr02,47.30_-123.20,47.3,-123.2,46.918,-122.049,1320,0.0355,131
PR02,pr02,47.30_-123.30,47.3,-123.3,46.918,-122.049,1320,0.0462,131
PR02,pr02,47.40_-122.70,47.4,-122.7,46.918,-122.049,1320,0.0417,131
PR02,pr02,47.40_-122.80,47.4,-122.8,46.918,-122.049,1320,0.0546,131
PR02,pr02,47.40_-122.90,47.4,-122.9,46.918,-122.049,1320,0.0373,131
PR02,pr02,47.40_-123.00,47.4,-123.0,46.918,-122.049,1320,0.0383,131
PR02,pr02,47.40_-123.10,47.4,-123.1,46.918,-122.049,1317,0.0355,131
PR02,pr02,47.40_-123.20,47.4,-123.2,46.918,-122.049,1320,0.0421,131
PR02,pr02,47.40_-123.30,47.4,-123.3,46.918,-122.049,1319,0.0265,131
PR02,pr02,47.50_-122.70,47.5,-122.7,46.918,-122.049,1317,0.0339,131
PR02,pr02,47.50_-122.80,47.5,-122.8,46.918,-122.049,1320,0.0448,131
PR02,pr02,47.50_-122.90,47.5,-122.9,46.918,-122.049,1320,0.0391,131
PR02,pr02,47.50_-123.00,47.5,-123.0,46.918,-122.049,1320,0.0435,131
PR02,pr02,47.50_-123.10,47.5,-123.1,46.918,-122.049,1320,0.0465,131
PR02,pr02,47.50_-123.20,47.5,-123.2,46.918,-122.049,1320,0.0481,131
PR02,pr02,47.50_-123.30,47.5,-123.3,46.918,-122.049,1316,0.0686,131
PR02,pr02,47.60_-122.70,47.6,-122.7,46.918,-122.049,1320,0.0358,131
PR02,pr02,47.60_-122.80,47.6,-122.8,46.918,-122.049,1320,0.0476,131
PR02,pr02,47.60_-122.90,47.6,-122.9,46.918,-122.049,1320,0.0404,131
PR02,pr02,47.60_-123.00,47.6,-123.0,46.918,-122.049,1320,0.0396,131
PR02,pr02,47.60_-123.20,47.6,-123.2,46.918,-122.049,1320,0.0316,131
PR02,pr02,47.60_-123.30,47.6,-123.3,46.918,-122.049,1320,0.0498,131
PR02,pr02,47.70_-122.80,47.7,-122.8,46.918,-122.049,1316,0.0898,131
PR02,pr02,47.70_-122.90,47.7,-122.9,46.918,-122.049,1319,0.0478,131
PR02,pr02,47.70_-123.00,47.7,-123.0,46.918,-122.049,1320,0.0403,131
PR02,pr02,47.70_-123.10,47.7,-123.1,46.918,-122.049,1319,0.0569,131
PR02,pr02,47.70_-123.20,47.7,-123.2,46.918,-122.049,1320,0.0368,131
PR02,pr02,47.70_-123.30,47.7,-123.3,46.918,-122.049,1320,0.0509,131
PR02,pr02,47.80_-122.60,47.8,-122.6,46.918,-122.049,1319,0.0552,131
PR02,pr02,47.80_-122.80,47.8,-122.8,46.918,-122.049,1320,0.0456,131
PR02,pr02,47.80_-122.90,47.8,-122.9,46.918,-122.049,1320,0.0476,131
PR02,pr02,47.80_-123.00,47.8,-123.0,46.918,-122.049,1320,0.0418,131
PR02,pr02,47.80_-123.20,47.8,-123.2,46.918,-122.049,1320,0.0383,131
PR02,pr02,47.80_-123.30,47.8,-123.3,46.918,-122.049,1320,0.0421,131
PR04,pr04,47.40_-122.70,47.4,-122.7,46.93,-121.989,3038,0.1051,132
PR04,pr04,47.40_-122.90,47.4,-122.9,46.93,-121.989,3069,0.1212,132
PR04,pr04,47.40_-123.00,47.4,-123.0,46.93,-121.989,2799,0.3018,132
PR04,pr04,47.50_-122.80,47.5,-122.8,46.93,-121.989,3057,0.1284,132
PR04,pr04,47.50_-122.90,47.5,-122.9,46.93,-121.989,2950,0.1223,132
PR04,pr04,47.50_-123.30,47.5,-123.3,46.93,-121.989,2788,0.0865,132
PR04,pr04,47.60_-122.80,47.6,-122.8,46.93,-121.989,3065,0.1035,132
PR04,pr04,47.60_-123.00,47.6,-123.0,46.93,-121.989,3055,0.0828,132
PR04,pr04,47.60_-123.20,47.6,-123.2,46.93,-121.989,3003,0.0947,132
PR04,pr04,47.60_-123.30,47.6,-123.3,46.93,-121.989,3079,0.0916,132
PR04,pr04,47.70_-122.70,47.7,-122.7,46.93,-121.989,2827,0.1198,132
PR04,pr04,47.80_-122.80,47.8,-122.8,46.93,-121.989,3062,0.1139,132
PR04,pr04,47.80_-122.90,47.8,-122.9,46.93,-121.989,3075,0.1123,132
PR04,pr04,47.80_-123.00,47.8,-123.0,46.93,-121.989,3074,0.0889,132
PR04,pr04,47.80_-123.20,47.8,-123.2,46.93,-121.989,3066,0.076,132
PR04,pr04,47.80_-123.30,47.8,-123.3,46.93,-121.989,3066,0.0838,132
PR05,pr05,47.30_-123.00,47.3,-123.0,46.842,-121.949,375,0.3349,133
PR05,pr05,47.40_-123.00,47.4,-123.0,46.842,-121.949,2417,0.3062,133
PR05,pr05,47.50_-123.00,47.5,-123.0,46.842,-121.949,2227,0.4323,133
PR05,pr05,47.60_-122.80,47.6,-122.8,46.842,-121.949,2037,0.2787,133
PR05,pr05,47.60_-123.00,47.6,-123.0,46.842,-121.949,1211,0.2824,133
PR05,pr05,47.60_-123.10,47.6,-123.1,46.842,-121.949,2264,0.1558,133
PR05,pr05,47.60_-123.20,47.6,-123.2,46.842,-121.949,2380,0.2562,133
PRIN,prin,47.40_-123.00,47.4,-123.0,48.212,-122.631,1474,0.1386,134
PRIN,prin,47.40_-123.10,47.4,-123.1,48.212,-122.631,1050,0.1425,134
PRIN,prin,47.50_-123.00,47.5,-123.0,48.212,-122.631,2088,0.0583,134
PRIN,prin,47.60_-122.80,47.6,-122.8,48.212,-122.631,2078,0.082,134
PRIN,prin,47.60_-123.00,47.6,-123.0,48.212,-122.631,2086,0.0756,134
PRIN,prin,47.70_-122.80,47.7,-122.8,48.212,-122.631,2089,0.0846,134
PRIN,prin,47.70_-122.90,47.7,-122.9,48.212,-122.631,2067,0.0892,134
PRIN,prin,47.90_-123.40,47.9,-123.4,48.212,-122.631,2080,0.0758,134
PRIN,prin,48.00_-123.00,48.0,-123.0,48.212,-122.631,2088,0.1008,134
PRIN,prin,48.00_-123.10,48.0,-123.1,48.212,-122.631,2014,0.077,134
PRIN,prin,48.00_-123.20,48.0,-123.2,48.212,-122.631,2089,0.1012,134
PRIN,prin,48.00_-123.40,48.0,-123.4,48.212,-122.631,2088,0.0697,134
PRIN,prin,48.20_-122.90,48.2,-122.9,48.212,-122.631,2078,0.1205,134
PRIN,prin,48.20_-123.00,48.2,-123.0,48.212,-122.631,2088,0.0644,134
PRIN,prin,48.20_-123.10,48.2,-123.1,48.212,-122.631,2087,0.0671,134
PRIN,prin,48.20_-123.60,48.2,-123.6,48.212,-122.631,2083,0.0782,134
PRIN,prin,48.20_-123.70,48.2,-123.7,48.212,-122.631,2085,0.0639,134
PRIN,prin,48.30_-123.50,48.3,-123.5,48.212,-122.631,2089,0.0781,134
PRIN,prin,48.30_-123.80,48.3,-123.8,48.212,-122.631,1882,0.1166,134
PRIN,prin,48.40_-122.80,48.4,-122.8,48.212,-122.631,2078,0.1068,134
PRIN,prin,48.40_-123.00,48.4,-123.0,48.212,-122.631,2089,0.0869,134
PRIN,prin,48.40_-123.20,48.4,-123.2,48.212,-122.631,2089,0.096,134
PRIN,prin,48.40_-123.50,48.4,-123.5,48.212,-122.631,2088,0.0995,134
PRIN,prin,48.40_-123.80,48.4,-123.8,48.212,-122.631,2087,0.0806,134
PRIN,prin,48.50_-123.20,48.5,-123.2,48.212,-122.631,2087,0.0698,134
PRIN,prin,48.50_-123.60,48.5,-123.6,48.212,-122.631,2086,0.0883,134
PRIN,prin,48.50_-123.70,48.5,-123.7,48.212,-122.631,1882,0.1138,134
PRIN,prin,48.60_-123.60,48.6,-123.6,48.212,-122.631,2088,0.1023,134
PRIN,prin,48.60_-123.90,48.6,-123.9,48.212,-122.631,2086,0.12,134
PRIN,prin,48.80_-123.60,48.8,-123.6,48.212,-122.631,2088,0.0743,134
PRIN,prin,48.80_-123.70,48.8,-123.7,48.212,-122.631,2089,0.1149,134
PRIN,prin,48.80_-123.80,48.8,-123.8,48.212,-122.631,2085,0.0762,134
PRIN,prin,48.90_-123.70,48.9,-123.7,48.212,-122.631,1234,0.2666,134
PRIN,prin,48.90_-123.80,48.9,-123.8,48.212,-122.631,2087,0.0511,134
PRIN,prin,49.00_-123.80,49.0,-123.8,48.212,-122.631,2085,0.0689,134
PTRF,ptrf,47.90_-123.40,47.9,-123.4,48.544,-124.413,2791,0.21,135
PTRF,ptrf,48.60_-123.60,48.6,-123.6,48.544,-124.413,3066,0.2779,135
PTRF,ptrf,48.60_-124.00,48.6,-124.0,48.544,-124.413,1351,0.3104,135
PTRF,ptrf,48.70_-124.30,48.7,-124.3,48.544,-124.413,3050,0.2434,135
PTRF,ptrf,48.80_-123.80,48.8,-123.8,48.544,-124.413,3065,0.198,135
PTRF,ptrf,48.80_-124.00,48.8,-124.0,48.544,-124.413,945,0.4425,135
PTRF,ptrf,48.80_-124.30,48.8,-124.3,48.544,-124.413,1764,0.2362,135
PTRF,ptrf,48.80_-124.40,48.8,-124.4,48.544,-124.413,3063,0.2363,135
PTRF,ptrf,48.90_-123.80,48.9,-123.8,48.544,-124.413,2271,0.2986,135
PTRF,ptrf,48.90_-123.90,48.9,-123.9,48.544,-124.413,2485,0.2046,135
PTRF,ptrf,48.90_-124.60,48.9,-124.6,48.544,-124.413,3065,0.2406,135
PTRF,ptrf,48.90_-124.70,48.9,-124.7,48.544,-124.413,3000,0.2661,135
PTRF,ptrf,49.00_-123.80,49.0,-123.8,48.544,-124.413,2923,0.3208,135
PTRF,ptrf,49.00_-123.90,49.0,-123.9,48.544,-124.413,2989,0.252,135
PTRF,ptrf,49.00_-124.30,49.0,-124.3,48.544,-124.413,2981,0.29,135
PTRF,ptrf,49.00_-124.40,49.0,-124.4,48.544,-124.413,1690,0.3176,135
PTRF,ptrf,49.00_-124.50,49.0,-124.5,48.544,-124.413,2886,0.3683,135
PTRF,ptrf,49.00_-124.60,49.0,-124.6,48.544,-124.413,3063,0.2694,135
PTRF,ptrf,49.00_-125.00,49.0,-125.0,48.544,-124.413,3066,0.2598,135
PTRF,ptrf,49.10_-125.10,49.1,-125.1,48.544,-124.413,3065,0.2552,135
QEPB,qepb,48.40_-122.80,48.4,-122.8,49.242,-123.114,1832,0.0872,136
QEPB,qepb,48.40_-123.10,48.4,-123.1,49.242,-123.114,300,0.472,136
QEPB,qepb,48.40_-123.80,48.4,-123.8,49.242,-123.114,1805,0.045,136
QEPB,qepb,48.50_-123.60,48.5,-123.6,49.242,-123.114,1807,0.091,136
QEPB,qepb,48.50_-123.70,48.5,-123.7,49.242,-123.114,1804,0.087,136
QEPB,qepb,48.50_-123.80,48.5,-123.8,49.242,-123.114,1781,0.0577,136
QEPB,qepb,48.50_-123.90,48.5,-123.9,49.242,-123.114,1819,0.0805,136
QEPB,qepb,48.50_-124.00,48.5,-124.0,49.242,-123.114,1752,0.1014,136
QEPB,qepb,48.50_-124.10,48.5,-124.1,49.242,-123.114,1788,0.0777,136
QEPB,qepb,48.60_-124.00,48.6,-124.0,49.242,-123.114,1773,0.1371,136
QEPB,qepb,48.60_-124.10,48.6,-124.1,49.242,-123.114,1760,0.0778,136
QEPB,qepb,48.60_-124.20,48.6,-124.2,49.242,-123.114,1807,0.0572,136
QEPB,qepb,48.60_-124.30,48.6,-124.3,49.242,-123.114,1806,0.0572,136
QEPB,qepb,48.60_-124.40,48.6,-124.4,49.242,-123.114,1820,0.1593,136
QEPB,qepb,48.70_-123.80,48.7,-123.8,49.242,-123.114,1815,0.1089,136
QEPB,qepb,48.70_-124.20,48.7,-124.2,49.242,-123.114,1743,0.0715,136
QEPB,qepb,48.80_-123.70,48.8,-123.7,49.242,-123.114,1834,0.0959,136
QEPB,qepb,48.80_-123.80,48.8,-123.8,49.242,-123.114,1702,0.0582,136
QEPB,qepb,48.80_-124.00,48.8,-124.0,49.242,-123.114,1788,0.1016,136
QEPB,qepb,48.80_-124.20,48.8,-124.2,49.242,-123.114,1799,0.0774,136
QEPB,qepb,48.80_-124.30,48.8,-124.3,49.242,-123.114,1513,0.1428,136
QEPB,qepb,48.80_-124.40,48.8,-124.4,49.242,-123.114,1445,0.1497,136
QEPB,qepb,48.90_-123.60,48.9,-123.6,49.242,-123.114,1764,0.0896,136
QEPB,qepb,48.90_-123.70,48.9,-123.7,49.242,-123.114,1160,0.091,136
QEPB,qepb,48.90_-123.80,48.9,-123.8,49.242,-123.114,1727,0.0937,136
QEPB,qepb,48.90_-123.90,48.9,-123.9,49.242,-123.114,1590,0.0627,136
QEPB,qepb,48.90_-124.00,48.9,-124.0,49.242,-123.114,1759,0.0748,136
QEPB,qepb,48.90_-124.20,48.9,-124.2,49.242,-123.114,1757,0.0833,136
QEPB,qepb,48.90_-124.30,48.9,-124.3,49.242,-123.114,1751,0.0957,136
QEPB,qepb,49.00_-123.80,49.0,-123.8,49.242,-123.114,1773,0.0563,136
QEPB,qepb,49.00_-123.90,49.0,-123.9,49.242,-123.114,1727,0.096,136
QEPB,qepb,49.00_-124.00,49.0,-124.0,49.242,-123.114,1841,0.0536,136
RADR,radr,45.60_-123.20,45.6,-123.2,46.422,-123.799,1278,0.4694,137
RADR,radr,45.60_-123.30,45.6,-123.3,46.422,-123.799,1971,0.37,137
RADR,radr,45.70_-123.30,45.7,-123.3,46.422,-123.799,2311,0.2978,137
RADR,radr,45.70_-123.40,45.7,-123.4,46.422,-123.799,2215,0.1892,137
RADR,radr,45.90_-123.20,45.9,-123.2,46.422,-123.799,2170,0.3136,137
RADR,radr,46.20_-123.10,46.2,-123.1,46.422,-123.799,2155,0.3245,137
RADR,radr,46.30_-123.00,46.3,-123.0,46.422,-123.799,2129,0.3866,137
RADR,radr,46.30_-123.20,46.3,-123.2,46.422,-123.799,2236,0.2721,137
RADR,radr,46.40_-123.00,46.4,-123.0,46.422,-123.799,2364,0.4089,137
RADR,radr,46.40_-123.10,46.4,-123.1,46.422,-123.799,2383,0.2841,137
RADR,radr,46.40_-123.20,46.4,-123.2,46.422,-123.799,2409,0.3143,137
RADR,radr,46.40_-123.30,46.4,-123.3,46.422,-123.799,2365,0.322,137
RADR,radr,46.40_-123.40,46.4,-123.4,46.422,-123.799,2313,0.4456,137
RADR,radr,46.50_-122.80,46.5,-122.8,46.422,-123.799,2290,0.3222,137
RADR,radr,46.50_-122.90,46.5,-122.9,46.422,-123.799,2420,0.4421,137
RADR,radr,46.50_-123.00,46.5,-123.0,46.422,-123.799,2355,0.2836,137
RADR,radr,46.50_-123.10,46.5,-123.1,46.422,-123.799,2293,0.2604,137
RADR,radr,46.50_-123.20,46.5,-123.2,46.422,-123.799,2350,0.2969,137
RADR,radr,46.60_-122.70,46.6,-122.7,46.422,-123.799,2345,0.2647,137
RADR,radr,46.60_-122.80,46.6,-122.8,46.422,-123.799,2305,0.2173,137
RADR,radr,46.60_-122.90,46.6,-122.9,46.422,-123.799,2265,0.3901,137
RADR,radr,46.60_-123.00,46.6,-123.0,46.422,-123.799,2237,0.2911,137
RADR,radr,46.60_-123.20,46.6,-123.2,46.422,-123.799,2249,0.2926,137
RADR,radr,46.70_-123.00,46.7,-123.0,46.422,-123.799,2159,0.246,137
RADR,radr,46.70_-123.10,46.7,-123.1,46.422,-123.799,1954,0.2254,137
RADR,radr,46.70_-123.20,46.7,-123.2,46.422,-123.799,2328,0.376,137
RADR,radr,46.80_-122.50,46.8,-122.5,46.422,-123.799,2316,0.3154,137
RADR,radr,46.80_-122.60,46.8,-122.6,46.422,-123.799,2350,0.2635,137
RADR,radr,46.80_-122.70,46.8,-122.7,46.422,-123.799,2401,0.2847,137
RADR,radr,46.80_-122.80,46.8,-122.8,46.422,-123.799,2344,0.2921,137
RADR,radr,46.80_-122.90,46.8,-122.9,46.422,-123.799,2164,0.2245,137
RADR,radr,46.80_-123.00,46.8,-123.0,46.422,-123.799,2365,0.223,137
RADR,radr,46.80_-123.10,46.8,-123.1,46.422,-123.799,1419,0.3345,137
RADR,radr,46.80_-123.20,46.8,-123.2,46.422,-123.799,2092,0.273,137
RADR,radr,46.90_-122.50,46.9,-122.5,46.422,-123.799,1255,0.6582,137
RADR,radr,46.90_-122.60,46.9,-122.6,46.422,-123.799,2307,0.3536,137
RADR,radr,46.90_-122.70,46.9,-122.7,46.422,-123.799,951,0.3376,137
RADR,radr,46.90_-122.80,46.9,-122.8,46.422,-123.799,2186,0.2114,137
RADR,radr,46.90_-122.90,46.9,-122.9,46.422,-123.799,2313,0.2958,137
RADR,radr,46.90_-123.00,46.9,-123.0,46.422,-123.799,1752,0.2394,137
RADR,radr,46.90_-123.10,46.9,-123.1,46.422,-123.799,2375,0.2717,137
RADR,radr,46.90_-123.20,46.9,-123.2,46.422,-123.799,2159,0.2634,137
RADR,radr,47.00_-122.60,47.0,-122.6,46.422,-123.799,2325,0.3696,137
RADR,radr,47.00_-122.70,47.0,-122.7,46.422,-123.799,2412,0.3341,137
RADR,radr,47.00_-122.80,47.0,-122.8,46.422,-123.799,2279,0.2909,137
RADR,radr,47.00_-122.90,47.0,-122.9,46.422,-123.799,2307,0.3018,137
RADR,radr,47.00_-123.00,47.0,-123.0,46.422,-123.799,2379,0.2885,137
RADR,radr,47.00_-123.10,47.0,-123.1,46.422,-123.799,2285,0.2441,137
RADR,radr,47.00_-123.20,47.0,-123.2,46.422,-123.799,2375,0.2753,137
RADR,radr,47.10_-122.60,47.1,-122.6,46.422,-123.799,2303,0.3304,137
RADR,radr,47.10_-123.00,47.1,-123.0,46.422,-123.799,2146,0.2813,137
RADR,radr,47.10_-123.10,47.1,-123.1,46.422,-123.799,2359,0.3466,137
RADR,radr,47.20_-122.60,47.2,-122.6,46.422,-123.799,2411,0.3545,137
RADR,radr,47.20_-122.70,47.2,-122.7,46.422,-123.799,1232,0.573,137
RADR,radr,47.20_-122.80,47.2,-122.8,46.422,-123.799,2332,0.2926,137
RADR,radr,47.20_-123.00,47.2,-123.0,46.422,-123.799,2394,0.293,137
RADR,radr,47.20_-123.10,47.2,-123.1,46.422,-123.799,2261,0.2937,137
RADR,radr,47.30_-122.60,47.3,-122.6,46.422,-123.799,1802,0.4253,137
RADR,radr,47.30_-122.80,47.3,-122.8,46.422,-123.799,2004,0.256,137
RADR,radr,47.30_-123.00,47.3,-123.0,46.422,-123.799,2255,0.2423,137
RADR,radr,47.30_-123.20,47.3,-123.2,46.422,-123.799,2331,0.3136,137
RAIN,rain,45.20_-123.10,45.2,-123.1,46.082,-123.011,3352,0.2317,138
RAIN,rain,45.20_-123.20,45.2,-123.2,46.082,-123.011,3551,0.1277,138
RAIN,rain,45.20_-123.30,45.2,-123.3,46.082,-123.011,3551,0.1808,138
RAIN,rain,45.20_-123.40,45.2,-123.4,46.082,-123.011,3546,0.1058,138
RAIN,rain,45.20_-123.50,45.2,-123.5,46.082,-123.011,3551,0.0941,138
RAIN,rain,45.20_-123.60,45.2,-123.6,46.082,-123.011,3549,0.0608,138
RAIN,rain,45.30_-123.00,45.3,-123.0,46.082,-123.011,3515,0.2337,138
RAIN,rain,45.30_-123.20,45.3,-123.2,46.082,-123.011,3548,0.1074,138
RAIN,rain,45.30_-123.30,45.3,-123.3,46.082,-123.011,3544,0.0945,138
RAIN,rain,45.40_-122.90,45.4,-122.9,46.082,-123.011,3551,0.1341,138
RAIN,rain,45.40_-123.00,45.4,-123.0,46.082,-123.011,3551,0.1566,138
RAIN,rain,45.40_-123.20,45.4,-123.2,46.082,-123.011,3551,0.0892,138
RAIN,rain,45.40_-123.30,45.4,-123.3,46.082,-123.011,3550,0.1578,138
RAIN,rain,45.40_-123.60,45.4,-123.6,46.082,-123.011,3551,0.1838,138
RAIN,rain,45.50_-123.20,45.5,-123.2,46.082,-123.011,3551,0.0965,138
RAIN,rain,45.50_-123.40,45.5,-123.4,46.082,-123.011,3551,0.0468,138
RAIN,rain,45.60_-123.20,45.6,-123.2,46.082,-123.011,3479,0.2499,138
RAIN,rain,45.60_-123.30,45.6,-123.3,46.082,-123.011,3550,0.125,138
RAIN,rain,45.60_-123.40,45.6,-123.4,46.082,-123.011,3550,0.0649,138
RAIN,rain,45.70_-123.40,45.7,-123.4,46.082,-123.011,3550,0.0699,138
RAIN,rain,45.80_-123.20,45.8,-123.2,46.082,-123.011,3551,0.177,138
RAIN,rain,45.90_-123.10,45.9,-123.1,46.082,-123.011,3551,0.0762,138
RAIN,rain,45.90_-123.40,45.9,-123.4,46.082,-123.011,3546,0.0538,138
RAIN,rain,46.00_-123.20,46.0,-123.2,46.082,-123.011,3551,0.0683,138
RAIN,rain,46.00_-123.30,46.0,-123.3,46.082,-123.011,3547,0.0855,138
RAIN,rain,46.10_-122.90,46.1,-122.9,46.082,-123.011,3551,0.0852,138
RAIN,rain,46.10_-123.00,46.1,-123.0,46.082,-123.011,3539,0.0684,138
RAIN,rain,46.10_-123.10,46.1,-123.1,46.082,-123.011,3287,0.1333,138
RAIN,rain,46.10_-123.30,46.1,-123.3,46.082,-123.011,3256,0.0902,138
RAIN,rain,46.20_-123.00,46.2,-123.0,46.082,-123.011,3551,0.1558,138
RAIN,rain,46.20_-123.40,46.2,-123.4,46.082,-123.011,2963,0.0416,138
RAIN,rain,46.30_-123.00,46.3,-123.0,46.082,-123.011,3549,0.081,138
RAIN,rain,46.30_-123.30,46.3,-123.3,46.082,-123.011,3048,0.1194,138
RAIN,rain,46.30_-123.60,46.3,-123.6,46.082,-123.011,3156,0.2462,138
RAIN,rain,46.40_-123.10,46.4,-123.1,46.082,-123.011,3529,0.1704,138
RAIN,rain,46.40_-123.20,46.4,-123.2,46.082,-123.011,3551,0.0778,138
RAIN,rain,46.40_-123.30,46.4,-123.3,46.082,-123.011,3549,0.1006,138
RAIN,rain,46.40_-123.40,46.4,-123.4,46.082,-123.011,3167,0.1519,138
RAIN,rain,46.50_-122.80,46.5,-122.8,46.082,-123.011,3551,0.1557,138
RAIN,rain,46.50_-123.00,46.5,-123.0,46.082,-123.011,3397,0.1501,138
RAIN,rain,46.50_-123.10,46.5,-123.1,46.082,-123.011,3443,0.3092,138
RAIN,rain,46.50_-123.20,46.5,-123.2,46.082,-123.011,3551,0.0566,138
RAIN,rain,46.50_-123.30,46.5,-123.3,46.082,-123.011,3550,0.1059,138
RAIN,rain,46.60_-122.80,46.6,-122.8,46.082,-123.011,3551,0.2053,138
RAIN,rain,46.60_-123.00,46.6,-123.0,46.082,-123.011,3551,0.1605,138
RAIN,rain,46.60_-123.10,46.6,-123.1,46.082,-123.011,3545,0.1198,138
RAIN,rain,46.60_-123.20,46.6,-123.2,46.082,-123.011,3542,0.2096,138
RAIN,rain,46.70_-122.60,46.7,-122.6,46.082,-123.011,3410,0.1509,138
RAIN,rain,46.70_-122.70,46.7,-122.7,46.082,-123.011,3439,0.2315,138
RAIN,rain,46.70_-123.00,46.7,-123.0,46.082,-123.011,3446,0.1187,138
RAIN,rain,46.70_-123.10,46.7,-123.1,46.082,-123.011,3539,0.2907,138
RAIN,rain,46.70_-123.20,46.7,-123.2,46.082,-123.011,3545,0.0759,138
RAIN,rain,46.80_-122.60,46.8,-122.6,46.082,-123.011,3550,0.1983,138
RAIN,rain,46.80_-122.70,46.8,-122.7,46.082,-123.011,3551,0.1512,138
RAIN,rain,46.80_-122.80,46.8,-122.8,46.082,-123.011,3551,0.1793,138
RAIN,rain,46.80_-123.00,46.8,-123.0,46.082,-123.011,3549,0.1357,138
RAIN,rain,46.80_-123.10,46.8,-123.1,46.082,-123.011,3541,0.1623,138
RAIN,rain,46.80_-123.20,46.8,-123.2,46.082,-123.011,3551,0.1546,138
RAIN,rain,46.90_-122.30,46.9,-122.3,46.082,-123.011,3551,0.0674,138
RAIN,rain,46.90_-123.00,46.9,-123.0,46.082,-123.011,3551,0.0805,138
RAIN,rain,46.90_-123.30,46.9,-123.3,46.082,-123.011,3535,0.263,138
RAIN,rain,47.00_-122.70,47.0,-122.7,46.082,-123.011,3535,0.0969,138
RAIN,rain,47.00_-122.80,47.0,-122.8,46.082,-123.011,3551,0.1619,138
RAIN,rain,47.00_-123.20,47.0,-123.2,46.082,-123.011,3547,0.2623,138
RATT,ratt,47.80_-123.00,47.8,-123.0,47.425,-121.803,1580,0.0978,139
RATT,ratt,48.00_-123.00,48.0,-123.0,47.425,-121.803,432,0.3735,139
RATT,ratt,48.20_-123.10,48.2,-123.1,47.425,-121.803,1763,0.1276,139
RATT,ratt,48.30_-122.80,48.3,-122.8,47.425,-121.803,1780,0.2193,139
RATT,ratt,48.30_-122.90,48.3,-122.9,47.425,-121.803,1333,0.1002,139
RER,rer,47.00_-122.70,47.0,-122.7,46.819,-121.843,1281,0.1834,140
RER,rer,47.00_-122.80,47.0,-122.8,46.819,-121.843,1260,0.2363,140
RER,rer,47.10_-122.80,47.1,-122.8,46.819,-121.843,849,0.3337,140
RER,rer,47.20_-123.00,47.2,-123.0,46.819,-121.843,1009,0.1984,140
RER,rer,47.40_-122.60,47.4,-122.6,46.819,-121.843,1385,0.0949,140
RER,rer,47.40_-122.90,47.4,-122.9,46.819,-121.843,882,0.2892,140
RER,rer,47.50_-122.80,47.5,-122.8,46.819,-121.843,376,0.5112,140
RER,rer,47.50_-122.90,47.5,-122.9,46.819,-121.843,642,0.1949,140
RER,rer,47.60_-122.60,47.6,-122.6,46.819,-121.843,720,0.1882,140
RER,rer,47.60_-122.80,47.6,-122.8,46.819,-121.843,1387,0.1647,140
RER,rer,47.60_-123.00,47.6,-123.0,46.819,-121.843,1280,0.1064,140
RER,rer,47.60_-123.10,47.6,-123.1,46.819,-121.843,1211,0.1088,140
RER,rer,47.60_-123.20,47.6,-123.2,46.819,-121.843,1312,0.2653,140
RER,rer,47.70_-122.80,47.7,-122.8,46.819,-121.843,1356,0.1065,140
RNWY,rnwy,47.70_-123.00,47.7,-123.0,48.612,-123.126,1905,0.0214,141
RNWY,rnwy,47.70_-123.40,47.7,-123.4,48.612,-123.126,1905,0.0217,141
RNWY,rnwy,47.80_-122.60,47.8,-122.6,48.612,-123.126,1905,0.0277,141
RNWY,rnwy,47.80_-122.80,47.8,-122.8,48.612,-123.126,1905,0.0163,141
RNWY,rnwy,47.80_-122.90,47.8,-122.9,48.612,-123.126,1905,0.0198,141
RNWY,rnwy,47.80_-123.00,47.8,-123.0,48.612,-123.126,1905,0.0199,141
RNWY,rnwy,47.80_-123.10,47.8,-123.1,48.612,-123.126,1905,0.0481,141
RNWY,rnwy,47.80_-123.20,47.8,-123.2,48.612,-123.126,1905,0.0211,141
RNWY,rnwy,47.80_-123.30,47.8,-123.3,48.612,-123.126,1905,0.0181,141
RNWY,rnwy,47.90_-122.90,47.9,-122.9,48.612,-123.126,1905,0.0185,141
RNWY,rnwy,47.90_-123.00,47.9,-123.0,48.612,-123.126,1905,0.0177,141
RNWY,rnwy,48.00_-122.80,48.0,-122.8,48.612,-123.126,1905,0.0118,141
RNWY,rnwy,48.00_-123.00,48.0,-123.0,48.612,-123.126,1905,0.0119,141
RNWY,rnwy,48.00_-123.20,48.0,-123.2,48.612,-123.126,1905,0.0219,141
RNWY,rnwy,48.00_-123.50,48.0,-123.5,48.612,-123.126,1905,0.0373,141
RNWY,rnwy,48.00_-123.60,48.0,-123.6,48.612,-123.126,1905,0.0262,141
RNWY,rnwy,48.10_-123.00,48.1,-123.0,48.612,-123.126,1905,0.0268,141
RNWY,rnwy,48.10_-123.20,48.1,-123.2,48.612,-123.126,1905,0.0279,141
RNWY,rnwy,48.20_-122.90,48.2,-122.9,48.612,-123.126,1904,0.0313,141
RNWY,rnwy,48.20_-123.00,48.2,-123.0,48.612,-123.126,1905,0.0181,141
RNWY,rnwy,48.20_-123.50,48.2,-123.5,48.612,-123.126,1905,0.0179,141
RNWY,rnwy,48.20_-123.70,48.2,-123.7,48.612,-123.126,1905,0.0339,141
RNWY,rnwy,48.20_-123.80,48.2,-123.8,48.612,-123.126,1905,0.0144,141
RNWY,rnwy,48.30_-122.80,48.3,-122.8,48.612,-123.126,1905,0.0249,141
RNWY,rnwy,48.30_-123.00,48.3,-123.0,48.612,-123.126,1905,0.0415,141
RNWY,rnwy,48.30_-123.40,48.3,-123.4,48.612,-123.126,1905,0.0237,141
RNWY,rnwy,48.30_-123.50,48.3,-123.5,48.612,-123.126,1905,0.031,141
RNWY,rnwy,48.30_-123.80,48.3,-123.8,48.612,-123.126,1905,0.0254,141
RNWY,rnwy,48.40_-122.80,48.4,-122.8,48.612,-123.126,1905,0.027,141
RNWY,rnwy,48.40_-122.90,48.4,-122.9,48.612,-123.126,1905,0.026,141
RNWY,rnwy,48.40_-123.00,48.4,-123.0,48.612,-123.126,1905,0.0213,141
RNWY,rnwy,48.40_-123.10,48.4,-123.1,48.612,-123.126,1905,0.0315,141
RNWY,rnwy,48.40_-123.30,48.4,-123.3,48.612,-123.126,1905,0.0241,141
RNWY,rnwy,48.40_-123.40,48.4,-123.4,48.612,-123.126,1905,0.031,141
RNWY,rnwy,48.40_-123.50,48.4,-123.5,48.612,-123.126,1905,0.0296,141
RNWY,rnwy,48.40_-123.60,48.4,-123.6,48.612,-123.126,1905,0.0193,141
RNWY,rnwy,48.40_-123.70,48.4,-123.7,48.612,-123.126,1905,0.0195,141
RNWY,rnwy,48.40_-123.80,48.4,-123.8,48.612,-123.126,1905,0.0227,141
RNWY,rnwy,48.50_-123.20,48.5,-123.2,48.612,-123.126,1905,0.0286,141
RNWY,rnwy,48.50_-123.40,48.5,-123.4,48.612,-123.126,1904,0.0775,141
RNWY,rnwy,48.50_-123.50,48.5,-123.5,48.612,-123.126,1905,0.0239,141
RNWY,rnwy,48.50_-123.60,48.5,-123.6,48.612,-123.126,1905,0.0368,141
RNWY,rnwy,48.50_-123.70,48.5,-123.7,48.612,-123.126,1905,0.0234,141
RNWY,rnwy,48.50_-123.80,48.5,-123.8,48.612,-123.126,1905,0.0362,141
RNWY,rnwy,48.50_-124.00,48.5,-124.0,48.612,-123.126,1905,0.0209,141
RNWY,rnwy,48.50_-124.20,48.5,-124.2,48.612,-123.126,1905,0.009,141
RNWY,rnwy,48.60_-123.40,48.6,-123.4,48.612,-123.126,1905,0.0302,141
RNWY,rnwy,48.60_-123.60,48.6,-123.6,48.612,-123.126,1905,0.0189,141
RNWY,rnwy,48.60_-124.10,48.6,-124.1,48.612,-123.126,1905,0.0222,141
RNWY,rnwy,48.60_-124.20,48.6,-124.2,48.612,-123.126,1905,0.0171,141
RNWY,rnwy,48.60_-124.30,48.6,-124.3,48.612,-123.126,1905,0.0339,141
RNWY,rnwy,48.60_-124.40,48.6,-124.4,48.612,-123.126,1904,0.0336,141
RNWY,rnwy,48.70_-123.80,48.7,-123.8,48.612,-123.126,1905,0.0292,141
RNWY,rnwy,48.70_-124.20,48.7,-124.2,48.612,-123.126,1905,0.0484,141
RNWY,rnwy,48.80_-123.50,48.8,-123.5,48.612,-123.126,1905,0.0234,141
RNWY,rnwy,48.80_-123.60,48.8,-123.6,48.612,-123.126,1905,0.0186,141
RNWY,rnwy,48.80_-123.70,48.8,-123.7,48.612,-123.126,1905,0.0222,141
RNWY,rnwy,48.80_-123.80,48.8,-123.8,48.612,-123.126,1905,0.016,141
RNWY,rnwy,48.80_-124.00,48.8,-124.0,48.612,-123.126,1905,0.0177,141
RNWY,rnwy,48.80_-124.10,48.8,-124.1,48.612,-123.126,1905,0.0296,141
RNWY,rnwy,48.80_-124.20,48.8,-124.2,48.612,-123.126,1905,0.0332,141
RNWY,rnwy,48.80_-124.30,48.8,-124.3,48.612,-123.126,1904,0.0299,141
RNWY,rnwy,48.80_-124.40,48.8,-124.4,48.612,-123.126,1905,0.02,141
RNWY,rnwy,48.90_-123.80,48.9,-123.8,48.612,-123.126,1905,0.0216,141
RNWY,rnwy,48.90_-123.90,48.9,-123.9,48.612,-123.126,1905,0.0276,141
RNWY,rnwy,48.90_-124.00,48.9,-124.0,48.612,-123.126,1905,0.0256,141
RNWY,rnwy,48.90_-124.30,48.9,-124.3,48.612,-123.126,1905,0.0314,141
RNWY,rnwy,49.00_-123.80,49.0,-123.8,48.612,-123.126,1905,0.0223,141
RNWY,rnwy,49.00_-124.00,49.0,-124.0,48.612,-123.126,1905,0.0445,141
RNWY,rnwy,49.00_-124.20,49.0,-124.2,48.612,-123.126,1905,0.0214,141
RNWY,rnwy,49.00_-124.30,49.0,-124.3,48.612,-123.126,1905,0.0284,141
RNWY,rnwy,49.00_-124.40,49.0,-124.4,48.612,-123.126,1905,0.0237,141
ROGE,roge,42.10_-123.30,42.1,-123.3,42.695,-123.665,2864,0.1692,142
ROGE,roge,42.20_-123.30,42.2,-123.3,42.695,-123.665,2822,0.1718,142
ROGE,roge,42.20_-123.40,42.2,-123.4,42.695,-123.665,2674,0.2686,142
ROGE,roge,42.30_-123.20,42.3,-123.2,42.695,-123.665,1512,0.2218,142
ROGE,roge,42.30_-123.30,42.3,-123.3,42.695,-123.665,2521,0.224,142
ROGE,roge,42.40_-123.30,42.4,-123.3,42.695,-123.665,2854,0.1463,142
ROGE,roge,42.40_-123.40,42.4,-123.4,42.695,-123.665,2848,0.1759,142
ROGE,roge,42.50_-123.30,42.5,-123.3,42.695,-123.665,2797,0.1602,142
ROGE,roge,42.50_-123.40,42.5,-123.4,42.695,-123.665,2735,0.1657,142
ROGE,roge,42.50_-123.50,42.5,-123.5,42.695,-123.665,1285,0.1923,142
ROGE,roge,42.50_-123.60,42.5,-123.6,42.695,-123.665,1046,0.3277,142
ROGE,roge,42.60_-123.20,42.6,-123.2,42.695,-123.665,1994,0.2494,142
ROGE,roge,42.60_-123.30,42.6,-123.3,42.695,-123.665,2754,0.2101,142
ROGE,roge,42.60_-123.40,42.6,-123.4,42.695,-123.665,2112,0.1926,142
ROGE,roge,42.60_-123.50,42.6,-123.5,42.695,-123.665,2470,0.1798,142
ROGE,roge,42.60_-123.60,42.6,-123.6,42.695,-123.665,2309,0.3378,142
ROGE,roge,42.80_-123.20,42.8,-123.2,42.695,-123.665,2658,0.2613,142
ROGE,roge,42.90_-123.60,42.9,-123.6,42.695,-123.665,2344,0.1632,142
ROGE,roge,43.00_-123.20,43.0,-123.2,42.695,-123.665,1806,0.2339,142
ROGE,roge,43.10_-123.50,43.1,-123.5,42.695,-123.665,1059,0.3104,142
ROGE,roge,43.20_-123.50,43.2,-123.5,42.695,-123.665,2640,0.2199,142
ROGE,roge,43.30_-123.80,43.3,-123.8,42.695,-123.665,2544,0.3024,142
ROGE,roge,43.40_-123.80,43.4,-123.8,42.695,-123.665,2781,0.2371,142
ROGE,roge,43.50_-123.70,43.5,-123.7,42.695,-123.665,2833,0.2805,142
ROGE,roge,43.50_-123.80,43.5,-123.8,42.695,-123.665,2565,0.2626,142
RUSH,rush,46.40_-123.20,46.4,-123.2,46.903,-121.944,2257,0.1189,143
RUSH,rush,46.80_-122.80,46.8,-122.8,46.903,-121.944,2034,0.121,143
RUSH,rush,46.90_-122.80,46.9,-122.8,46.903,-121.944,2200,0.1486,143
RUSH,rush,46.90_-123.00,46.9,-123.0,46.903,-121.944,2086,0.1188,143
RUSH,rush,47.00_-122.60,47.0,-122.6,46.903,-121.944,1154,0.1868,143
RUSH,rush,47.00_-122.80,47.0,-122.8,46.903,-121.944,1701,0.1293,143
RUSH,rush,47.10_-123.10,47.1,-123.1,46.903,-121.944,2242,0.1102,143
RUSH,rush,47.20_-122.70,47.2,-122.7,46.903,-121.944,2134,0.1012,143
RUSH,rush,47.20_-122.80,47.2,-122.8,46.903,-121.944,2234,0.1249,143
RUSH,rush,47.20_-123.00,47.2,-123.0,46.903,-121.944,1338,0.1991,143
RUSH,rush,47.30_-123.00,47.3,-123.0,46.903,-121.944,2290,0.1131,143
RUSH,rush,47.40_-122.80,47.4,-122.8,46.903,-121.944,2152,0.0891,143
RUSH,rush,47.40_-123.00,47.4,-123.0,46.903,-121.944,2260,0.1011,143
RUSH,rush,47.40_-123.10,47.4,-123.1,46.903,-121.944,2040,0.1122,143
RUSH,rush,47.50_-122.80,47.5,-122.8,46.903,-121.944,2024,0.0954,143
RUSH,rush,47.50_-123.00,47.5,-123.0,46.903,-121.944,197,0.2292,143
RUSH,rush,47.60_-123.20,47.6,-123.2,46.903,-121.944,1784,0.1198,143
RUSH,rush,47.70_-122.70,47.7,-122.7,46.903,-121.944,2058,0.0607,143
RUSH,rush,47.70_-122.90,47.7,-122.9,46.903,-121.944,2183,0.1007,143
RUSH,rush,47.70_-123.00,47.7,-123.0,46.903,-121.944,1922,0.1142,143
RVIT,rvit,40.40_-122.60,40.4,-122.6,39.906,-123.379,276,0.3197,144
RVIT,rvit,40.40_-122.70,40.4,-122.7,39.906,-123.379,485,0.175,144
RVIT,rvit,40.40_-122.80,40.4,-122.8,39.906,-123.379,230,0.1352,144
RVIT,rvit,40.60_-122.60,40.6,-122.6,39.906,-123.379,247,0.3342,144
SAGE,sage,40.60_-122.80,40.6,-122.8,40.795,-122.039,171,0.7709,145
SAGE,sage,40.80_-122.70,40.8,-122.7,40.795,-122.039,781,0.2004,145
SAGE,sage,40.80_-122.90,40.8,-122.9,40.795,-122.039,1696,0.2519,145
SAGE,sage,40.80_-123.00,40.8,-123.0,40.795,-122.039,735,0.4514,145
SAGE,sage,40.80_-123.20,40.8,-123.2,40.795,-122.039,469,0.5231,145
SAGE,sage,40.90_-122.80,40.9,-122.8,40.795,-122.039,1891,0.2072,145
SAGE,sage,41.00_-122.80,41.0,-122.8,40.795,-122.039,1884,0.272,145
SAGE,sage,41.00_-122.90,41.0,-122.9,40.795,-122.039,817,0.2407,145
SAGE,sage,41.00_-123.00,41.0,-123.0,40.795,-122.039,546,0.2602,145
SAGE,sage,41.00_-123.10,41.0,-123.1,40.795,-122.039,1369,0.3338,145
SAGE,sage,41.00_-123.20,41.0,-123.2,40.795,-122.039,1870,0.2914,145
SAGE,sage,41.10_-123.00,41.1,-123.0,40.795,-122.039,1589,0.2326,145
SAGE,sage,41.10_-123.10,41.1,-123.1,40.795,-122.039,1590,0.2871,145
SAGE,sage,41.10_-123.20,41.1,-123.2,40.795,-122.039,1798,0.2254,145
SAGE,sage,41.20_-123.00,41.2,-123.0,40.795,-122.039,1707,0.2246,145
SAGE,sage,41.20_-123.10,41.2,-123.1,40.795,-122.039,1887,0.2573,145
SAGE,sage,41.30_-123.00,41.3,-123.0,40.795,-122.039,143,0.3283,145
SAGE,sage,41.30_-123.20,41.3,-123.2,40.795,-122.039,1797,0.3033,145
SAGE,sage,41.40_-123.00,41.4,-123.0,40.795,-122.039,1942,0.2731,145
SAGE,sage,41.40_-123.10,41.4,-123.1,40.795,-122.039,1802,0.2589,145
SAGE,sage,41.40_-123.20,41.4,-123.2,40.795,-122.039,1750,0.2388,145
SAGE,sage,41.50_-122.80,41.5,-122.8,40.795,-122.039,1950,0.1977,145
SAGE,sage,41.50_-123.00,41.5,-123.0,40.795,-122.039,1919,0.1981,145
SAGE,sage,41.60_-122.90,41.6,-122.9,40.795,-122.039,2000,0.1544,145
SAGE,sage,41.60_-123.00,41.6,-123.0,40.795,-122.039,1514,0.1794,145
SAGE,sage,41.60_-123.10,41.6,-123.1,40.795,-122.039,2010,0.1585,145
SALO,salo,47.20_-123.10,47.2,-123.1,47.951,-122.373,2139,0.106,146
SALO,salo,47.30_-123.10,47.3,-123.1,47.951,-122.373,2139,0.138,146
SALO,salo,47.40_-122.50,47.4,-122.5,47.951,-122.373,2139,0.1647,146
SALO,salo,47.40_-122.90,47.4,-122.9,47.951,-122.373,2139,0.1743,146
SALO,salo,47.40_-123.00,47.4,-123.0,47.951,-122.373,2139,0.1361,146
SALO,salo,47.40_-123.20,47.4,-123.2,47.951,-122.373,2139,0.1236,146
SALO,salo,47.50_-122.90,47.5,-122.9,47.951,-122.373,2139,0.128,146
SALO,salo,47.50_-123.00,47.5,-123.0,47.951,-122.373,2139,0.104,146
SALO,salo,47.50_-123.10,47.5,-123.1,47.951,-122.373,2139,0.1569,146
SALO,salo,47.60_-122.80,47.6,-122.8,47.951,-122.373,2139,0.1294,146
SALO,salo,47.60_-122.90,47.6,-122.9,47.951,-122.373,2139,0.1292,146
SALO,salo,47.60_-123.00,47.6,-123.0,47.951,-122.373,2139,0.1022,146
SALO,salo,47.60_-123.10,47.6,-123.1,47.951,-122.373,2139,0.1981,146
SALO,salo,47.70_-122.60,47.7,-122.6,47.951,-122.373,2139,0.1356,146
SALO,salo,47.70_-122.80,47.7,-122.8,47.951,-122.373,2139,0.1543,146
SALO,salo,47.70_-123.00,47.7,-123.0,47.951,-122.373,2139,0.0856,146
SALO,salo,47.70_-123.10,47.7,-123.1,47.951,-122.373,2139,0.146,146
SALO,salo,47.70_-123.20,47.7,-123.2,47.951,-122.373,2139,0.1404,146
SALO,salo,47.70_-123.30,47.7,-123.3,47.951,-122.373,2139,0.1396,146
SALO,salo,47.80_-122.80,47.8,-122.8,47.951,-122.373,2139,0.1471,146
SALO,salo,47.80_-123.00,47.8,-123.0,47.951,-122.373,2139,0.1375,146
SALO,salo,47.80_-123.10,47.8,-123.1,47.951,-122.373,2139,0.1754,146
SALO,salo,47.80_-123.30,47.8,-123.3,47.951,-122.373,2139,0.1244,146
SALO,salo,47.80_-123.40,47.8,-123.4,47.951,-122.373,2139,0.1159,146
SALO,salo,47.90_-123.10,47.9,-123.1,47.951,-122.373,2139,0.12,146
SALO,salo,47.90_-123.30,47.9,-123.3,47.951,-122.373,2139,0.1277,146
SALO,salo,47.90_-123.40,47.9,-123.4,47.951,-122.373,2139,0.1233,146
SALO,salo,48.00_-122.90,48.0,-122.9,47.951,-122.373,2139,0.1124,146
SALO,salo,48.00_-123.00,48.0,-123.0,47.951,-122.373,2139,0.1015,146
SALO,salo,48.00_-123.10,48.0,-123.1,47.951,-122.373,2139,0.1442,146
SALO,salo,48.00_-123.20,48.0,-123.2,47.951,-122.373,2139,0.1249,146
SALO,salo,48.00_-123.40,48.0,-123.4,47.951,-122.373,2139,0.1034,146
SALO,salo,48.10_-123.00,48.1,-123.0,47.951,-122.373,2139,0.1298,146
SALO,salo,48.10_-123.10,48.1,-123.1,47.951,-122.373,2139,0.1151,146
SALO,salo,48.10_-123.30,48.1,-123.3,47.951,-122.373,2139,0.1176,146
SALO,salo,48.10_-123.50,48.1,-123.5,47.951,-122.373,2139,0.1485,146
SALO,salo,48.20_-122.90,48.2,-122.9,47.951,-122.373,2139,0.1267,146
SALO,salo,48.20_-123.00,48.2,-123.0,47.951,-122.373,2139,0.1336,146
SALO,salo,48.20_-123.10,48.2,-123.1,47.951,-122.373,2139,0.1356,146
SALO,salo,48.20_-123.20,48.2,-123.2,47.951,-122.373,2139,0.1026,146
SALO,salo,48.20_-123.30,48.2,-123.3,47.951,-122.373,2139,0.1855,146
SALO,salo,48.20_-123.40,48.2,-123.4,47.951,-122.373,2139,0.1231,146
SALO,salo,48.30_-123.00,48.3,-123.0,47.951,-122.373,2139,0.1643,146
SALO,salo,48.40_-122.80,48.4,-122.8,47.951,-122.373,2139,0.1563,146
SALO,salo,48.40_-122.90,48.4,-122.9,47.951,-122.373,2139,0.1758,146
SALO,salo,48.40_-123.00,48.4,-123.0,47.951,-122.373,2139,0.1632,146
SALO,salo,48.40_-123.20,48.4,-123.2,47.951,-122.373,2139,0.1507,146
SALO,salo,48.40_-123.30,48.4,-123.3,47.951,-122.373,2139,0.1687,146
SALO,salo,48.40_-123.40,48.4,-123.4,47.951,-122.373,2139,0.1408,146
SALO,salo,48.40_-123.50,48.4,-123.5,47.951,-122.373,2139,0.1319,146
SALO,salo,48.40_-123.60,48.4,-123.6,47.951,-122.373,2139,0.1737,146
SALO,salo,48.50_-123.30,48.5,-123.3,47.951,-122.373,2139,0.1305,146
SALO,salo,48.50_-123.50,48.5,-123.5,47.951,-122.373,2138,0.2166,146
SALO,salo,48.60_-123.40,48.6,-123.4,47.951,-122.373,2134,0.1328,146
SALO,salo,48.60_-123.50,48.6,-123.5,47.951,-122.373,2139,0.1404,146
SALO,salo,48.60_-123.60,48.6,-123.6,47.951,-122.373,2139,0.1568,146
SALO,salo,48.80_-123.30,48.8,-123.3,47.951,-122.373,2139,0.1812,146
SALO,salo,48.80_-123.60,48.8,-123.6,47.951,-122.373,2139,0.1394,146
SALO,salo,48.80_-123.70,48.8,-123.7,47.951,-122.373,2139,0.1695,146
SALT,salt,41.60_-122.80,41.6,-122.8,42.493,-122.588,2160,0.1991,147
SALT,salt,41.60_-123.00,41.6,-123.0,42.493,-122.588,2149,0.2398,147
SALT,salt,41.60_-123.30,41.6,-123.3,42.493,-122.588,2169,0.233,147
SALT,salt,41.80_-123.10,41.8,-123.1,42.493,-122.588,2170,0.219,147
SALT,salt,41.80_-123.30,41.8,-123.3,42.493,-122.588,2173,0.1563,147
SALT,salt,41.80_-123.40,41.8,-123.4,42.493,-122.588,2176,0.1638,147
SALT,salt,41.90_-123.10,41.9,-123.1,42.493,-122.588,2176,0.2199,147
SALT,salt,41.90_-123.20,41.9,-123.2,42.493,-122.588,2171,0.2344,147
SALT,salt,41.90_-123.30,41.9,-123.3,42.493,-122.588,2153,0.2051,147
SALT,salt,42.00_-123.30,42.0,-123.3,42.493,-122.588,2160,0.0973,147
SALT,salt,42.00_-123.60,42.0,-123.6,42.493,-122.588,2177,0.2941,147
SALT,salt,42.10_-123.10,42.1,-123.1,42.493,-122.588,1708,0.3074,147
SALT,salt,42.10_-123.20,42.1,-123.2,42.493,-122.588,2165,0.1306,147
SALT,salt,42.10_-123.30,42.1,-123.3,42.493,-122.588,2169,0.099,147
SALT,salt,42.10_-123.40,42.1,-123.4,42.493,-122.588,2019,0.1354,147
SALT,salt,42.10_-123.50,42.1,-123.5,42.493,-122.588,2169,0.17,147
SALT,salt,42.10_-123.60,42.1,-123.6,42.493,-122.588,2174,0.1929,147
SALT,salt,42.10_-123.70,42.1,-123.7,42.493,-122.588,2175,0.1763,147
SALT,salt,42.20_-123.20,42.2,-123.2,42.493,-122.588,2066,0.125,147
SALT,salt,42.20_-123.30,42.2,-123.3,42.493,-122.588,2175,0.1986,147
SALT,salt,42.20_-123.40,42.2,-123.4,42.493,-122.588,2175,0.1493,147
SALT,salt,42.20_-123.50,42.2,-123.5,42.493,-122.588,2162,0.2032,147
SALT,salt,42.20_-123.60,42.2,-123.6,42.493,-122.588,2176,0.144,147
SALT,salt,42.20_-123.80,42.2,-123.8,42.493,-122.588,2175,0.1435,147
SALT,salt,42.30_-123.20,42.3,-123.2,42.493,-122.588,2154,0.2113,147
SALT,salt,42.30_-123.30,42.3,-123.3,42.493,-122.588,2088,0.1801,147
SALT,salt,42.30_-123.80,42.3,-123.8,42.493,-122.588,2155,0.1884,147
SALT,salt,42.40_-123.20,42.4,-123.2,42.493,-122.588,2175,0.1244,147
SALT,salt,42.40_-123.40,42.4,-123.4,42.493,-122.588,2156,0.1563,147
SALT,salt,42.40_-123.50,42.4,-123.5,42.493,-122.588,2156,0.1795,147
SALT,salt,42.40_-123.60,42.4,-123.6,42.493,-122.588,2174,0.1689,147
SALT,salt,42.40_-123.70,42.4,-123.7,42.493,-122.588,2102,0.1368,147
SALT,salt,42.40_-123.80,42.4,-123.8,42.493,-122.588,2079,0.1151,147
SALT,salt,42.50_-123.20,42.5,-123.2,42.493,-122.588,2170,0.1525,147
SALT,salt,42.50_-123.30,42.5,-123.3,42.493,-122.588,2174,0.1432,147
SALT,salt,42.50_-123.40,42.5,-123.4,42.493,-122.588,2167,0.11,147
SALT,salt,42.50_-123.50,42.5,-123.5,42.493,-122.588,2022,0.1365,147
SALT,salt,42.50_-123.60,42.5,-123.6,42.493,-122.588,2173,0.1141,147
SALT,salt,42.50_-123.80,42.5,-123.8,42.493,-122.588,2165,0.2218,147
SALT,salt,42.60_-123.30,42.6,-123.3,42.493,-122.588,2175,0.1158,147
SALT,salt,42.60_-123.40,42.6,-123.4,42.493,-122.588,2167,0.1824,147
SALT,salt,42.60_-123.50,42.6,-123.5,42.493,-122.588,2165,0.1291,147
SALT,salt,42.60_-123.60,42.6,-123.6,42.493,-122.588,2175,0.1555,147
SALT,salt,42.70_-123.40,42.7,-123.4,42.493,-122.588,2175,0.1307,147
SALT,salt,42.70_-123.50,42.7,-123.5,42.493,-122.588,2172,0.1731,147
SALT,salt,42.70_-123.60,42.7,-123.6,42.493,-122.588,1816,0.1464,147
SALT,salt,42.80_-123.20,42.8,-123.2,42.493,-122.588,2172,0.1359,147
SALT,salt,42.80_-123.30,42.8,-123.3,42.493,-122.588,2175,0.1357,147
SALT,salt,42.80_-123.40,42.8,-123.4,42.493,-122.588,2175,0.1926,147
SALT,salt,42.80_-123.60,42.8,-123.6,42.493,-122.588,2176,0.1614,147
SALT,salt,42.80_-123.70,42.8,-123.7,42.493,-122.588,2171,0.1874,147
SALT,salt,42.80_-123.80,42.8,-123.8,42.493,-122.588,1987,0.1439,147
SALT,salt,42.90_-123.20,42.9,-123.2,42.493,-122.588,2175,0.32,147
SALT,salt,42.90_-123.30,42.9,-123.3,42.493,-122.588,1821,0.2317,147
SALT,salt,42.90_-123.60,42.9,-123.6,42.493,-122.588,2171,0.1626,147
SALT,salt,42.90_-123.70,42.9,-123.7,42.493,-122.588,2163,0.213,147
SALT,salt,43.00_-123.20,43.0,-123.2,42.493,-122.588,2171,0.1785,147
SALT,salt,43.00_-123.30,43.0,-123.3,42.493,-122.588,1992,0.1379,147
SALT,salt,43.00_-123.40,43.0,-123.4,42.493,-122.588,2173,0.1048,147
SALT,salt,43.00_-123.50,43.0,-123.5,42.493,-122.588,2172,0.1797,147
SALT,salt,43.00_-123.60,43.0,-123.6,42.493,-122.588,2175,0.181,147
SALT,salt,43.00_-123.70,43.0,-123.7,42.493,-122.588,2127,0.1429,147
SALT,salt,43.00_-123.80,43.0,-123.8,42.493,-122.588,2174,0.2348,147
SALT,salt,43.10_-123.40,43.1,-123.4,42.493,-122.588,1542,0.1674,147
SALT,salt,43.10_-123.50,43.1,-123.5,42.493,-122.588,2170,0.1616,147
SANG,sang,41.00_-122.80,41.0,-122.8,41.91,-123.649,623,0.305,148
SANG,sang,41.00_-123.10,41.0,-123.1,41.91,-123.649,979,0.2587,148
SANG,sang,41.10_-122.90,41.1,-122.9,41.91,-123.649,1278,0.3142,148
SANG,sang,41.10_-123.00,41.1,-123.0,41.91,-123.649,1227,0.257,148
SANG,sang,41.10_-123.10,41.1,-123.1,41.91,-123.649,1022,0.4069,148
SANG,sang,41.10_-123.20,41.1,-123.2,41.91,-123.649,1018,0.2598,148
SANG,sang,41.20_-122.80,41.2,-122.8,41.91,-123.649,694,0.5026,148
SANG,sang,41.20_-122.90,41.2,-122.9,41.91,-123.649,652,0.36,148
SANG,sang,41.20_-123.00,41.2,-123.0,41.91,-123.649,1169,0.3741,148
SANG,sang,41.20_-123.10,41.2,-123.1,41.91,-123.649,1259,0.5256,148
SANG,sang,41.20_-123.40,41.2,-123.4,41.91,-123.649,967,0.2391,148
SANG,sang,41.30_-123.10,41.3,-123.1,41.91,-123.649,1013,0.2305,148
SANG,sang,41.30_-123.20,41.3,-123.2,41.91,-123.649,1073,0.2571,148
SANG,sang,41.30_-123.30,41.3,-123.3,41.91,-123.649,1352,0.2449,148
SANG,sang,41.40_-123.00,41.4,-123.0,41.91,-123.649,1180,0.281,148
SANG,sang,41.40_-123.10,41.4,-123.1,41.91,-123.649,586,0.4073,148
SANG,sang,41.40_-123.20,41.4,-123.2,41.91,-123.649,945,0.2483,148
SANG,sang,41.40_-123.30,41.4,-123.3,41.91,-123.649,1360,0.2394,148
SANG,sang,41.40_-123.40,41.4,-123.4,41.91,-123.649,1217,0.2859,148
SANG,sang,41.50_-123.00,41.5,-123.0,41.91,-123.649,165,0.4125,148
SANG,sang,41.50_-123.10,41.5,-123.1,41.91,-123.649,1288,0.3614,148
SANG,sang,41.50_-123.20,41.5,-123.2,41.91,-123.649,628,0.3172,148
SANG,sang,41.50_-123.30,41.5,-123.3,41.91,-123.649,1211,0.4746,148
SANG,sang,41.50_-123.40,41.5,-123.4,41.91,-123.649,1021,0.3027,148
SANG,sang,41.60_-122.90,41.6,-122.9,41.91,-123.649,704,0.6157,148
SANG,sang,41.60_-123.00,41.6,-123.0,41.91,-123.649,995,0.6652,148
SANG,sang,41.60_-123.20,41.6,-123.2,41.91,-123.649,940,0.2247,148
SANG,sang,41.60_-123.30,41.6,-123.3,41.91,-123.649,170,0.4733,148
SANG,sang,41.60_-123.40,41.6,-123.4,41.91,-123.649,559,0.2463,148
SANG,sang,41.60_-123.50,41.6,-123.5,41.91,-123.649,812,0.5066,148
SANG,sang,41.70_-123.10,41.7,-123.1,41.91,-123.649,349,0.5173,148
SANG,sang,41.70_-123.20,41.7,-123.2,41.91,-123.649,732,0.523,148
SANG,sang,41.70_-123.30,41.7,-123.3,41.91,-123.649,662,0.3981,148
SANG,sang,41.80_-123.00,41.8,-123.0,41.91,-123.649,1292,0.382,148
SANG,sang,41.80_-123.10,41.8,-123.1,41.91,-123.649,1225,0.2862,148
SANG,sang,41.90_-123.00,41.9,-123.0,41.91,-123.649,466,0.4413,148
SANG,sang,41.90_-123.30,41.9,-123.3,41.91,-123.649,1252,0.3113,148
SANG,sang,42.00_-123.20,42.0,-123.2,41.91,-123.649,856,0.2736,148
SANG,sang,42.00_-123.30,42.0,-123.3,41.91,-123.649,1191,0.4012,148
SANG,sang,42.10_-123.30,42.1,-123.3,41.91,-123.649,1019,0.4117,148
SANG,sang,42.10_-123.40,42.1,-123.4,41.91,-123.649,1216,0.2173,148
SANG,sang,42.20_-123.20,42.2,-123.2,41.91,-123.649,801,0.3288,148
SANG,sang,42.20_-123.30,42.2,-123.3,41.91,-123.649,992,0.4991,148
SANG,sang,42.20_-123.40,42.2,-123.4,41.91,-123.649,671,0.4777,148
SANG,sang,42.20_-123.50,42.2,-123.5,41.91,-123.649,1053,0.4486,148
SANG,sang,42.20_-123.60,42.2,-123.6,41.91,-123.649,123,0.2447,148
SANG,sang,42.30_-123.20,42.3,-123.2,41.91,-123.649,968,0.2782,148
SANG,sang,42.30_-123.30,42.3,-123.3,41.91,-123.649,600,0.6311,148
SANG,sang,42.30_-123.60,42.3,-123.6,41.91,-123.649,1217,0.3463,148
SANG,sang,42.30_-123.80,42.3,-123.8,41.91,-123.649,1243,0.3713,148
SANG,sang,42.40_-123.20,42.4,-123.2,41.91,-123.649,1297,0.3403,148
SANG,sang,42.40_-123.30,42.4,-123.3,41.91,-123.649,1259,0.4899,148
SANG,sang,42.40_-123.40,42.4,-123.4,41.91,-123.649,1260,0.2687,148
SANG,sang,42.40_-123.60,42.4,-123.6,41.91,-123.649,1134,0.2251,148
SANG,sang,42.50_-123.30,42.5,-123.3,41.91,-123.649,919,0.3264,148
SANG,sang,42.50_-123.40,42.5,-123.4,41.91,-123.649,789,0.3565,148
SANG,sang,42.50_-123.50,42.5,-123.5,41.91,-123.649,1083,0.2634,148
SANG,sang,42.50_-123.60,42.5,-123.6,41.91,-123.649,1030,0.2263,148
SANG,sang,42.50_-123.70,42.5,-123.7,41.91,-123.649,405,0.3616,148
SANG,sang,42.60_-123.30,42.6,-123.3,41.91,-123.649,1204,0.3569,148
SANG,sang,42.60_-123.40,42.6,-123.4,41.91,-123.649,714,0.2861,148
SANG,sang,42.60_-123.50,42.6,-123.5,41.91,-123.649,380,0.3481,148
SANG,sang,42.60_-123.60,42.6,-123.6,41.91,-123.649,995,0.3328,148
SANG,sang,42.70_-123.40,42.7,-123.4,41.91,-123.649,559,0.3354,148
SANG,sang,42.70_-123.50,42.7,-123.5,41.91,-123.649,101,0.234,148
SANG,sang,42.70_-123.60,42.7,-123.6,41.91,-123.649,571,0.3617,148
SANG,sang,42.80_-123.70,42.8,-123.7,41.91,-123.649,461,0.5408,148
SAXON,saxon,47.80_-123.00,47.8,-123.0,48.683,-122.161,1711,0.0533,149
SAXON,saxon,47.80_-123.20,47.8,-123.2,48.683,-122.161,1708,0.1088,149
SAXON,saxon,47.80_-123.30,47.8,-123.3,48.683,-122.161,1575,0.1611,149
SAXON,saxon,47.90_-122.80,47.9,-122.8,48.683,-122.161,1710,0.109,149
SAXON,saxon,47.90_-123.00,47.9,-123.0,48.683,-122.161,1706,0.1659,149
SAXON,saxon,47.90_-123.10,47.9,-123.1,48.683,-122.161,1688,0.0856,149
SAXON,saxon,47.90_-123.20,47.9,-123.2,48.683,-122.161,1710,0.1858,149
SAXON,saxon,47.90_-123.40,47.9,-123.4,48.683,-122.161,1708,0.1055,149
SAXON,saxon,48.00_-122.90,48.0,-122.9,48.683,-122.161,1643,0.2107,149
SAXON,saxon,48.00_-123.00,48.0,-123.0,48.683,-122.161,1711,0.0599,149
SAXON,saxon,48.00_-123.10,48.0,-123.1,48.683,-122.161,1710,0.1275,149
SAXON,saxon,48.00_-123.20,48.0,-123.2,48.683,-122.161,1711,0.0995,149
SAXON,saxon,48.00_-123.40,48.0,-123.4,48.683,-122.161,1709,0.1614,149
SAXON,saxon,48.00_-123.50,48.0,-123.5,48.683,-122.161,1700,0.1315,149
SAXON,saxon,48.10_-122.90,48.1,-122.9,48.683,-122.161,1665,0.116,149
SAXON,saxon,48.10_-123.00,48.1,-123.0,48.683,-122.161,1708,0.0658,149
SAXON,saxon,48.10_-123.10,48.1,-123.1,48.683,-122.161,1430,0.0836,149
SAXON,saxon,48.10_-123.20,48.1,-123.2,48.683,-122.161,1712,0.1236,149
SAXON,saxon,48.10_-123.30,48.1,-123.3,48.683,-122.161,1712,0.1317,149
SAXON,saxon,48.10_-123.40,48.1,-123.4,48.683,-122.161,1711,0.1682,149
SAXON,saxon,48.20_-122.90,48.2,-122.9,48.683,-122.161,1708,0.1315,149
SAXON,saxon,48.20_-123.00,48.2,-123.0,48.683,-122.161,1711,0.0492,149
SAXON,saxon,48.20_-123.10,48.2,-123.1,48.683,-122.161,1711,0.1253,149
SAXON,saxon,48.20_-123.20,48.2,-123.2,48.683,-122.161,1696,0.0872,149
SAXON,saxon,48.20_-123.30,48.2,-123.3,48.683,-122.161,1708,0.0903,149
SAXON,saxon,48.20_-123.40,48.2,-123.4,48.683,-122.161,1709,0.0842,149
SAXON,saxon,48.20_-123.50,48.2,-123.5,48.683,-122.161,1665,0.0987,149
SAXON,saxon,48.30_-122.90,48.3,-122.9,48.683,-122.161,1708,0.1428,149
SAXON,saxon,48.30_-123.20,48.3,-123.2,48.683,-122.161,1706,0.1237,149
SAXON,saxon,48.30_-123.40,48.3,-123.4,48.683,-122.161,1693,0.1884,149
SAXON,saxon,48.30_-123.50,48.3,-123.5,48.683,-122.161,1103,0.1549,149
SAXON,saxon,48.40_-122.80,48.4,-122.8,48.683,-122.161,1708,0.0827,149
SAXON,saxon,48.40_-122.90,48.4,-122.9,48.683,-122.161,1709,0.1122,149
SAXON,saxon,48.40_-123.00,48.4,-123.0,48.683,-122.161,1708,0.0835,149
SAXON,saxon,48.40_-123.10,48.4,-123.1,48.683,-122.161,1695,0.138,149
SAXON,saxon,48.40_-123.20,48.4,-123.2,48.683,-122.161,1707,0.0807,149
SAXON,saxon,48.40_-123.40,48.4,-123.4,48.683,-122.161,1699,0.1058,149
SAXON,saxon,48.40_-123.50,48.4,-123.5,48.683,-122.161,1702,0.1416,149
SAXON,saxon,48.50_-123.20,48.5,-123.2,48.683,-122.161,1700,0.0673,149
SAXON,saxon,48.50_-123.30,48.5,-123.3,48.683,-122.161,1711,0.1298,149
SAXON,saxon,48.50_-123.40,48.5,-123.4,48.683,-122.161,1705,0.1031,149
SAXON,saxon,48.60_-123.20,48.6,-123.2,48.683,-122.161,1670,0.0927,149
SAXON,saxon,48.60_-123.30,48.6,-123.3,48.683,-122.161,1710,0.0997,149
SBAR,sbar,40.80_-123.00,40.8,-123.0,41.663,-123.071,43,0.263,150
SBAR,sbar,40.90_-122.80,40.9,-122.8,41.663,-123.071,164,0.2773,150
SBAR,sbar,40.90_-123.00,40.9,-123.0,41.663,-123.071,51,0.1673,150
SBAR,sbar,41.00_-122.80,41.0,-122.8,41.663,-123.071,475,0.3189,150
SBAR,sbar,41.10_-123.20,41.1,-123.2,41.663,-123.071,206,0.2202,150
SBAR,sbar,41.20_-123.00,41.2,-123.0,41.663,-123.071,331,0.2959,150
SBAR,sbar,42.10_-123.30,42.1,-123.3,41.663,-123.071,521,0.3024,150
SBAR,sbar,42.10_-123.60,42.1,-123.6,41.663,-123.071,780,0.4755,150
SBAR,sbar,42.20_-123.20,42.2,-123.2,41.663,-123.071,489,0.1887,150
SBAR,sbar,42.20_-123.30,42.2,-123.3,41.663,-123.071,690,0.2314,150
SBAR,sbar,42.20_-123.40,42.2,-123.4,41.663,-123.071,470,0.338,150
SBAR,sbar,42.30_-123.30,42.3,-123.3,41.663,-123.071,610,0.2985,150
SBAR,sbar,42.30_-123.40,42.3,-123.4,41.663,-123.071,259,0.6624,150
SBAR,sbar,42.40_-123.20,42.4,-123.2,41.663,-123.071,106,0.3081,150
SBAR,sbar,42.40_-123.30,42.4,-123.3,41.663,-123.071,428,0.239,150
SBAR,sbar,42.40_-123.40,42.4,-123.4,41.663,-123.071,150,0.3437,150
SBAR,sbar,42.40_-123.60,42.4,-123.6,41.663,-123.071,418,0.3855,150
SBAR,sbar,42.50_-123.30,42.5,-123.3,41.663,-123.071,266,0.3086,150
SBAR,sbar,42.50_-123.40,42.5,-123.4,41.663,-123.071,715,0.3031,150
SBAR,sbar,42.50_-123.50,42.5,-123.5,41.663,-123.071,301,0.2447,150
SBAR,sbar,42.50_-123.60,42.5,-123.6,41.663,-123.071,385,0.1249,150
SCOT,scot,40.50_-122.60,40.5,-122.6,41.392,-122.854,2138,0.22,151
SCOT,scot,40.60_-122.60,40.6,-122.6,41.392,-122.854,2455,0.2228,151
SCOT,scot,40.70_-122.60,40.7,-122.6,41.392,-122.854,1205,0.2608,151
SCOT,scot,40.70_-122.70,40.7,-122.7,41.392,-122.854,1805,0.3291,151
SCOT,scot,40.80_-122.80,40.8,-122.8,41.392,-122.854,2389,0.2247,151
SCOT,scot,40.80_-122.90,40.8,-122.9,41.392,-122.854,1201,0.4968,151
SCOT,scot,40.80_-123.10,40.8,-123.1,41.392,-122.854,1637,0.3553,151
SCOT,scot,40.90_-122.80,40.9,-122.8,41.392,-122.854,2090,0.2413,151
SCOT,scot,40.90_-123.00,40.9,-123.0,41.392,-122.854,2278,0.214,151
SCOT,scot,40.90_-123.10,40.9,-123.1,41.392,-122.854,1829,0.2507,151
SCOT,scot,41.00_-122.80,41.0,-122.8,41.392,-122.854,1982,0.2952,151
SCOT,scot,41.00_-122.90,41.0,-122.9,41.392,-122.854,668,0.5464,151
SCOT,scot,41.00_-123.00,41.0,-123.0,41.392,-122.854,2098,0.1926,151
SCOT,scot,41.00_-123.10,41.0,-123.1,41.392,-122.854,2207,0.2249,151
SCOT,scot,41.00_-123.20,41.0,-123.2,41.392,-122.854,2139,0.313,151
SCOT,scot,41.10_-123.00,41.1,-123.0,41.392,-122.854,2025,0.399,151
SCOT,scot,41.10_-123.10,41.1,-123.1,41.392,-122.854,944,0.2577,151
SCOT,scot,41.10_-123.20,41.1,-123.2,41.392,-122.854,104,0.2074,151
SCOT,scot,41.20_-122.90,41.2,-122.9,41.392,-122.854,1485,0.203,151
SCOT,scot,41.20_-123.00,41.2,-123.0,41.392,-122.854,1962,0.4169,151
SCOT,scot,41.20_-123.10,41.2,-123.1,41.392,-122.854,2092,0.3038,151
SCOT,scot,41.30_-122.90,41.3,-122.9,41.392,-122.854,1057,0.4933,151
SCOT,scot,41.80_-123.30,41.8,-123.3,41.392,-122.854,2480,0.3409,151
SCOT,scot,41.80_-123.40,41.8,-123.4,41.392,-122.854,2426,0.2415,151
SCOT,scot,42.00_-123.40,42.0,-123.4,41.392,-122.854,2080,0.1622,151
SCOT,scot,42.00_-123.60,42.0,-123.6,41.392,-122.854,874,0.3934,151
SCOT,scot,42.10_-123.20,42.1,-123.2,41.392,-122.854,2566,0.3778,151
SCOT,scot,42.10_-123.40,42.1,-123.4,41.392,-122.854,2100,0.2685,151
SCOT,scot,42.10_-123.50,42.1,-123.5,41.392,-122.854,2420,0.2267,151
SCOT,scot,42.20_-123.20,42.2,-123.2,41.392,-122.854,1828,0.3353,151
SCOT,scot,42.20_-123.30,42.2,-123.3,41.392,-122.854,1998,0.3566,151
SCOT,scot,42.20_-123.40,42.2,-123.4,41.392,-122.854,362,0.2914,151
SEAS2,seas2,45.10_-123.20,45.1,-123.2,46.036,-123.896,370,0.4846,152
SEAS2,seas2,45.10_-123.40,45.1,-123.4,46.036,-123.896,370,0.4589,152
SEAS2,seas2,45.10_-123.50,45.1,-123.5,46.036,-123.896,370,0.5412,152
SEAS2,seas2,45.20_-123.00,45.2,-123.0,46.036,-123.896,370,0.5244,152
SEAS2,seas2,45.20_-123.10,45.2,-123.1,46.036,-123.896,370,0.4602,152
SEAS2,seas2,45.20_-123.20,45.2,-123.2,46.036,-123.896,370,0.6342,152
SEAS2,seas2,45.20_-123.30,45.2,-123.3,46.036,-123.896,370,0.483,152
SEAS2,seas2,45.20_-123.40,45.2,-123.4,46.036,-123.896,370,0.5274,152
SEAS2,seas2,45.20_-123.50,45.2,-123.5,46.036,-123.896,370,0.4917,152
SEAS2,seas2,45.20_-123.60,45.2,-123.6,46.036,-123.896,370,0.5643,152
SEAS2,seas2,45.20_-123.80,45.2,-123.8,46.036,-123.896,94,0.5906,152
SEAS2,seas2,45.30_-123.00,45.3,-123.0,46.036,-123.896,370,0.5584,152
SEAS2,seas2,45.30_-123.20,45.3,-123.2,46.036,-123.896,364,1.0374,152
SEAS2,seas2,45.30_-123.30,45.3,-123.3,46.036,-123.896,370,0.6134,152
SEAS2,seas2,45.30_-123.40,45.3,-123.4,46.036,-123.896,369,0.5473,152
SEAS2,seas2,45.30_-123.60,45.3,-123.6,46.036,-123.896,370,0.5909,152
SEAS2,seas2,45.30_-123.70,45.3,-123.7,46.036,-123.896,370,0.3854,152
SEAS2,seas2,45.40_-123.00,45.4,-123.0,46.036,-123.896,370,0.4981,152
SEAS2,seas2,45.40_-123.10,45.4,-123.1,46.036,-123.896,370,0.528,152
SEAS2,seas2,45.40_-123.20,45.4,-123.2,46.036,-123.896,370,0.5935,152
SEAS2,seas2,45.40_-123.30,45.4,-123.3,46.036,-123.896,370,0.4432,152
SEAS2,seas2,45.40_-123.40,45.4,-123.4,46.036,-123.896,370,0.5419,152
SEAS2,seas2,45.40_-123.50,45.4,-123.5,46.036,-123.896,370,0.5049,152
SEAS2,seas2,45.40_-123.60,45.4,-123.6,46.036,-123.896,370,0.4633,152
SEAS2,seas2,45.40_-124.00,45.4,-124.0,46.036,-123.896,370,0.5195,152
SEAS2,seas2,45.50_-122.80,45.5,-122.8,46.036,-123.896,370,0.5193,152
SEAS2,seas2,45.50_-123.20,45.5,-123.2,46.036,-123.896,370,0.6569,152
SEAS2,seas2,45.50_-123.30,45.5,-123.3,46.036,-123.896,370,0.6009,152
SEAS2,seas2,45.50_-123.40,45.5,-123.4,46.036,-123.896,370,0.5044,152
SEAS2,seas2,45.50_-123.50,45.5,-123.5,46.036,-123.896,370,0.5155,152
SEAS2,seas2,45.50_-123.60,45.5,-123.6,46.036,-123.896,370,0.5485,152
SEAS2,seas2,45.60_-123.10,45.6,-123.1,46.036,-123.896,370,0.5121,152
SEAS2,seas2,45.60_-123.20,45.6,-123.2,46.036,-123.896,370,0.5731,152
SEAS2,seas2,45.60_-123.30,45.6,-123.3,46.036,-123.896,370,0.5085,152
SEAS2,seas2,45.60_-123.40,45.6,-123.4,46.036,-123.896,370,0.5637,152
SEAS2,seas2,45.60_-123.50,45.6,-123.5,46.036,-123.896,370,0.6609,152
SEAS2,seas2,45.70_-123.10,45.7,-123.1,46.036,-123.896,369,0.6506,152
SEAS2,seas2,45.70_-123.20,45.7,-123.2,46.036,-123.896,370,0.659,152
SEAS2,seas2,45.70_-123.40,45.7,-123.4,46.036,-123.896,370,0.3775,152
SEAS2,seas2,45.80_-123.00,45.8,-123.0,46.036,-123.896,370,0.487,152
SEAS2,seas2,45.80_-123.10,45.8,-123.1,46.036,-123.896,370,0.5198,152
SEAS2,seas2,45.80_-123.20,45.8,-123.2,46.036,-123.896,370,0.6479,152
SEAS2,seas2,45.90_-123.00,45.9,-123.0,46.036,-123.896,370,0.4469,152
SEAS2,seas2,45.90_-123.20,45.9,-123.2,46.036,-123.896,370,0.449,152
SEAS2,seas2,45.90_-123.30,45.9,-123.3,46.036,-123.896,370,0.4391,152
SEAS2,seas2,45.90_-123.40,45.9,-123.4,46.036,-123.896,370,0.4044,152
SEAS2,seas2,46.00_-123.00,46.0,-123.0,46.036,-123.896,370,0.5426,152
SEAS2,seas2,46.00_-123.20,46.0,-123.2,46.036,-123.896,370,0.5745,152
SEAS2,seas2,46.00_-123.30,46.0,-123.3,46.036,-123.896,370,0.5449,152
SEAS2,seas2,46.10_-122.90,46.1,-122.9,46.036,-123.896,370,0.573,152
SEAS2,seas2,46.10_-123.00,46.1,-123.0,46.036,-123.896,370,0.7379,152
SEAS2,seas2,46.10_-123.20,46.1,-123.2,46.036,-123.896,369,0.6196,152
SEAS2,seas2,46.10_-123.50,46.1,-123.5,46.036,-123.896,369,0.8982,152
SEAS2,seas2,46.20_-123.00,46.2,-123.0,46.036,-123.896,370,0.5738,152
SEAS2,seas2,46.20_-123.10,46.2,-123.1,46.036,-123.896,327,0.596,152
SEAS2,seas2,46.20_-123.20,46.2,-123.2,46.036,-123.896,370,0.5958,152
SEAS2,seas2,46.20_-123.30,46.2,-123.3,46.036,-123.896,263,0.3056,152
SEAS2,seas2,46.20_-123.50,46.2,-123.5,46.036,-123.896,370,0.3999,152
SEAS2,seas2,46.30_-123.00,46.3,-123.0,46.036,-123.896,370,0.4471,152
SEAS2,seas2,46.30_-123.10,46.3,-123.1,46.036,-123.896,370,0.3405,152
SEAS2,seas2,46.30_-123.20,46.3,-123.2,46.036,-123.896,370,0.4581,152
SEAS2,seas2,46.40_-122.90,46.4,-122.9,46.036,-123.896,370,0.6427,152
SEAS2,seas2,46.40_-123.00,46.4,-123.0,46.036,-123.896,369,0.5454,152
SEAS2,seas2,46.40_-123.10,46.4,-123.1,46.036,-123.896,370,0.469,152
SEAS2,seas2,46.40_-123.20,46.4,-123.2,46.036,-123.896,370,0.4973,152
SEAS2,seas2,46.40_-123.30,46.4,-123.3,46.036,-123.896,370,0.7141,152
SEAS2,seas2,46.40_-123.40,46.4,-123.4,46.036,-123.896,370,0.4938,152
SEAS2,seas2,46.50_-122.80,46.5,-122.8,46.036,-123.896,370,0.4748,152
SEAS2,seas2,46.50_-123.00,46.5,-123.0,46.036,-123.896,370,0.527,152
SEAS2,seas2,46.50_-123.10,46.5,-123.1,46.036,-123.896,370,0.3934,152
SEAS2,seas2,46.50_-123.20,46.5,-123.2,46.036,-123.896,370,0.4662,152
SEAS2,seas2,46.60_-122.80,46.6,-122.8,46.036,-123.896,370,0.4794,152
SEAS2,seas2,46.60_-123.00,46.6,-123.0,46.036,-123.896,370,0.5454,152
SEAS2,seas2,46.60_-123.10,46.6,-123.1,46.036,-123.896,370,0.538,152
SEAS2,seas2,46.60_-123.20,46.6,-123.2,46.036,-123.896,370,0.526,152
SEAS2,seas2,46.70_-122.80,46.7,-122.8,46.036,-123.896,370,0.5211,152
SEAS2,seas2,46.70_-122.90,46.7,-122.9,46.036,-123.896,367,0.8973,152
SEAS2,seas2,46.70_-123.20,46.7,-123.2,46.036,-123.896,199,0.5239,152
SEAS2,seas2,46.70_-123.30,46.7,-123.3,46.036,-123.896,366,0.887,152
SEAS2,seas2,46.70_-123.50,46.7,-123.5,46.036,-123.896,369,0.4369,152
SEAS2,seas2,46.80_-122.80,46.8,-122.8,46.036,-123.896,370,0.535,152
SEAS2,seas2,46.80_-122.90,46.8,-122.9,46.036,-123.896,370,0.6558,152
SEAS2,seas2,46.80_-123.00,46.8,-123.0,46.036,-123.896,370,0.5584,152
SEAS2,seas2,46.80_-123.10,46.8,-123.1,46.036,-123.896,370,0.4053,152
SEAS2,seas2,46.80_-123.20,46.8,-123.2,46.036,-123.896,370,0.6315,152
SEAS2,seas2,46.80_-123.30,46.8,-123.3,46.036,-123.896,370,0.5158,152
SEAS2,seas2,46.90_-122.60,46.9,-122.6,46.036,-123.896,368,0.6495,152
SEAS2,seas2,46.90_-122.80,46.9,-122.8,46.036,-123.896,370,0.4605,152
SEAS2,seas2,46.90_-123.00,46.9,-123.0,46.036,-123.896,370,0.4712,152
SEAS2,seas2,46.90_-123.40,46.9,-123.4,46.036,-123.896,370,0.5107,152
SEAS2,seas2,47.00_-122.60,47.0,-122.6,46.036,-123.896,351,0.7043,152
SEAS2,seas2,47.00_-122.80,47.0,-122.8,46.036,-123.896,370,0.7595,152
SHB,shb,48.70_-124.20,48.7,-124.2,49.599,-123.877,2627,0.2359,153
SHB,shb,48.80_-124.20,48.8,-124.2,49.599,-123.877,2979,0.2604,153
SHB,shb,48.80_-124.60,48.8,-124.6,49.599,-123.877,2151,0.267,153
SHB,shb,48.80_-124.80,48.8,-124.8,49.599,-123.877,1979,0.1975,153
SHB,shb,48.90_-124.30,48.9,-124.3,49.599,-123.877,1715,0.3662,153
SHB,shb,48.90_-124.50,48.9,-124.5,49.599,-123.877,2015,0.3014,153
SHB,shb,48.90_-124.60,48.9,-124.6,49.599,-123.877,2809,0.247,153
SHB,shb,48.90_-124.70,48.9,-124.7,49.599,-123.877,2916,0.2202,153
SHB,shb,48.90_-124.80,48.9,-124.8,49.599,-123.877,1987,0.187,153
SHB,shb,49.00_-124.20,49.0,-124.2,49.599,-123.877,2482,0.1317,153
SHB,shb,49.00_-124.30,49.0,-124.3,49.599,-123.877,2671,0.2273,153
SHB,shb,49.00_-124.40,49.0,-124.4,49.599,-123.877,3152,0.1795,153
SHB,shb,49.00_-124.50,49.0,-124.5,49.599,-123.877,2719,0.2077,153
SHB,shb,49.00_-124.60,49.0,-124.6,49.599,-123.877,3169,0.2084,153
SHB,shb,49.00_-124.70,49.0,-124.7,49.599,-123.877,3106,0.2117,153
SHB,shb,49.00_-124.80,49.0,-124.8,49.599,-123.877,3198,0.1731,153
SHB,shb,49.10_-124.60,49.1,-124.6,49.599,-123.877,3172,0.222,153
SHB,shb,49.20_-124.60,49.2,-124.6,49.599,-123.877,878,0.4327,153
SHB,shb,49.20_-124.90,49.2,-124.9,49.599,-123.877,2300,0.2873,153
SHB,shb,49.20_-125.00,49.2,-125.0,49.599,-123.877,826,0.2611,153
SHB,shb,49.30_-124.80,49.3,-124.8,49.599,-123.877,956,0.2259,153
SHB,shb,49.30_-125.00,49.3,-125.0,49.599,-123.877,3196,0.1384,153
SHB,shb,49.40_-125.00,49.4,-125.0,49.599,-123.877,2617,0.2093,153
SHB,shb,49.40_-125.10,49.4,-125.1,49.599,-123.877,3043,0.1587,153
SHB,shb,49.40_-125.20,49.4,-125.2,49.599,-123.877,1519,0.2215,153
SHBhhz,shbhhz,48.80_-124.20,48.8,-124.2,49.599,-123.877,1200,0.1779,153
SHBhhz,shbhhz,48.80_-124.40,48.8,-124.4,49.599,-123.877,972,0.1881,153
SHBhhz,shbhhz,48.80_-124.60,48.8,-124.6,49.599,-123.877,1016,0.1642,153
SHBhhz,shbhhz,48.80_-124.80,48.8,-124.8,49.599,-123.877,875,0.1164,153
SHBhhz,shbhhz,48.90_-124.30,48.9,-124.3,49.599,-123.877,905,0.1971,153
SHBhhz,shbhhz,48.90_-124.40,48.9,-124.4,49.599,-123.877,96,0.1602,153
SHBhhz,shbhhz,48.90_-124.50,48.9,-124.5,49.599,-123.877,824,0.1716,153
SHBhhz,shbhhz,48.90_-124.60,48.9,-124.6,49.599,-123.877,1170,0.1413,153
SHBhhz,shbhhz,48.90_-124.70,48.9,-124.7,49.599,-123.877,1186,0.1662,153
SHBhhz,shbhhz,48.90_-124.80,48.9,-124.8,49.599,-123.877,813,0.1915,153
SHBhhz,shbhhz,49.00_-124.20,49.0,-124.2,49.599,-123.877,967,0.09,153
SHBhhz,shbhhz,49.00_-124.30,49.0,-124.3,49.599,-123.877,1037,0.2003,153
SHBhhz,shbhhz,49.00_-124.40,49.0,-124.4,49.599,-123.877,1240,0.1121,153
SHBhhz,shbhhz,49.00_-124.50,49.0,-124.5,49.599,-123.877,1122,0.1656,153
SHBhhz,shbhhz,49.00_-124.60,49.0,-124.6,49.599,-123.877,1242,0.1595,153
SHBhhz,shbhhz,49.00_-124.70,49.0,-124.7,49.599,-123.877,1214,0.1125,153
SHBhhz,shbhhz,49.00_-124.80,49.0,-124.8,49.599,-123.877,1253,0.1305,153
SHBhhz,shbhhz,49.10_-124.60,49.1,-124.6,49.599,-123.877,1188,0.1858,153
SHBhhz,shbhhz,49.20_-124.60,49.2,-124.6,49.599,-123.877,357,0.3516,153
SHBhhz,shbhhz,49.20_-124.90,49.2,-124.9,49.599,-123.877,1069,0.1645,153
SHBhhz,shbhhz,49.20_-125.00,49.2,-125.0,49.599,-123.877,287,0.48,153
SHBhhz,shbhhz,49.30_-125.00,49.3,-125.0,49.599,-123.877,1253,0.1352,153
SHBhhz,shbhhz,49.40_-125.00,49.4,-125.0,49.599,-123.877,1123,0.0992,153
SHBhhz,shbhhz,49.40_-125.10,49.4,-125.1,49.599,-123.877,1203,0.155,153
SHBhhz,shbhhz,49.40_-125.20,49.4,-125.2,49.599,-123.877,780,0.0789,153
SHW,shw,45.30_-123.00,45.3,-123.0,46.194,-122.235,1844,0.0791,155
SHW,shw,45.30_-123.20,45.3,-123.2,46.194,-122.235,1847,0.0747,155
SHW,shw,45.40_-123.00,45.4,-123.0,46.194,-122.235,1847,0.0929,155
SHW,shw,45.40_-123.10,45.4,-123.1,46.194,-122.235,1847,0.072,155
SHW,shw,45.40_-123.30,45.4,-123.3,46.194,-122.235,1848,0.1186,155
SHW,shw,45.40_-123.50,45.4,-123.5,46.194,-122.235,1848,0.0655,155
SHW,shw,45.40_-123.60,45.4,-123.6,46.194,-122.235,1847,0.0837,155
SHW,shw,45.50_-123.00,45.5,-123.0,46.194,-122.235,1848,0.0683,155
SHW,shw,45.50_-123.20,45.5,-123.2,46.194,-122.235,1848,0.0707,155
SHW,shw,45.50_-123.40,45.5,-123.4,46.194,-122.235,1848,0.0658,155
SHW,shw,45.60_-123.00,45.6,-123.0,46.194,-122.235,1848,0.0527,155
SHW,shw,45.60_-123.40,45.6,-123.4,46.194,-122.235,1847,0.0737,155
SHW,shw,45.60_-123.50,45.6,-123.5,46.194,-122.235,1848,0.068,155
SHW,shw,45.70_-123.30,45.7,-123.3,46.194,-122.235,1848,0.0832,155
SHW,shw,45.70_-123.40,45.7,-123.4,46.194,-122.235,1848,0.0763,155
SHW,shw,45.80_-123.00,45.8,-123.0,46.194,-122.235,1848,0.033,155
SHW,shw,45.80_-123.10,45.8,-123.1,46.194,-122.235,1847,0.0807,155
SHW,shw,45.80_-123.30,45.8,-123.3,46.194,-122.235,1844,0.1092,155
SHW,shw,45.90_-123.20,45.9,-123.2,46.194,-122.235,1769,0.0555,155
SHW,shw,45.90_-123.40,45.9,-123.4,46.194,-122.235,1847,0.128,155
SHW,shw,46.00_-123.00,46.0,-123.0,46.194,-122.235,1847,0.0571,155
SHW,shw,46.00_-123.20,46.0,-123.2,46.194,-122.235,1848,0.0987,155
SHW,shw,46.10_-123.20,46.1,-123.2,46.194,-122.235,1848,0.0663,155
SHW,shw,46.20_-123.00,46.2,-123.0,46.194,-122.235,1847,0.1062,155
SHW,shw,46.20_-123.40,46.2,-123.4,46.194,-122.235,1494,0.1355,155
SHW,shw,46.30_-123.20,46.3,-123.2,46.194,-122.235,1829,0.088,155
SHW,shw,46.40_-122.90,46.4,-122.9,46.194,-122.235,1848,0.0792,155
SHW,shw,46.40_-123.10,46.4,-123.1,46.194,-122.235,1848,0.086,155
SHW,shw,46.40_-123.20,46.4,-123.2,46.194,-122.235,1848,0.0895,155
SHW,shw,46.40_-123.30,46.4,-123.3,46.194,-122.235,1848,0.0825,155
SHW,shw,46.50_-122.70,46.5,-122.7,46.194,-122.235,1848,0.0766,155
SHW,shw,46.50_-122.80,46.5,-122.8,46.194,-122.235,1848,0.0612,155
SHW,shw,46.50_-123.20,46.5,-123.2,46.194,-122.235,1847,0.0886,155
SHW,shw,46.50_-123.30,46.5,-123.3,46.194,-122.235,1847,0.0859,155
SHW,shw,46.60_-122.60,46.6,-122.6,46.194,-122.235,1847,0.0665,155
SHW,shw,46.60_-122.80,46.6,-122.8,46.194,-122.235,1848,0.0883,155
SHW,shw,46.80_-123.00,46.8,-123.0,46.194,-122.235,1847,0.0768,155
SHW,shw,46.80_-123.10,46.8,-123.1,46.194,-122.235,1847,0.0948,155
SHW,shw,46.90_-123.00,46.9,-123.0,46.194,-122.235,1847,0.1113,155
SHW,shw,47.00_-122.60,47.0,-122.6,46.194,-122.235,1848,0.104,155
SHW,shw,47.00_-122.70,47.0,-122.7,46.194,-122.235,1848,0.0963,155
SHW,shw,47.00_-122.80,47.0,-122.8,46.194,-122.235,1847,0.0889,155
SHW,shw,47.00_-122.90,47.0,-122.9,46.194,-122.235,1847,0.0885,155
SHW,shw,47.00_-123.20,47.0,-123.2,46.194,-122.235,1847,0.1657,155
SIFT,sift,46.20_-123.20,46.2,-123.2,46.867,-121.953,71,0.3506,156
SIFT,sift,46.40_-123.10,46.4,-123.1,46.867,-121.953,2458,0.2085,156
SIFT,sift,46.50_-123.20,46.5,-123.2,46.867,-121.953,170,0.2736,156
SIFT,sift,46.60_-122.70,46.6,-122.7,46.867,-121.953,2311,0.4462,156
SIFT,sift,46.60_-123.00,46.6,-123.0,46.867,-121.953,2409,0.3624,156
SIFT,sift,46.80_-122.60,46.8,-122.6,46.867,-121.953,2452,0.1278,156
SIFT,sift,46.80_-122.80,46.8,-122.8,46.867,-121.953,859,0.4495,156
SIFT,sift,46.80_-123.20,46.8,-123.2,46.867,-121.953,2404,0.2142,156
SIFT,sift,46.90_-122.60,46.9,-122.6,46.867,-121.953,2400,0.244,156
SIFT,sift,46.90_-122.80,46.9,-122.8,46.867,-121.953,2153,0.2649,156
SIFT,sift,47.00_-122.70,47.0,-122.7,46.867,-121.953,2189,0.2483,156
SIFT,sift,47.00_-122.80,47.0,-122.8,46.867,-121.953,2394,0.4289,156
SIFT,sift,47.00_-123.00,47.0,-123.0,46.867,-121.953,2280,0.1736,156
SIFT,sift,47.00_-123.10,47.0,-123.1,46.867,-121.953,1694,0.2189,156
SIFT,sift,47.10_-122.80,47.1,-122.8,46.867,-121.953,2259,0.1813,156
SIFT,sift,47.10_-123.20,47.1,-123.2,46.867,-121.953,2165,0.1981,156
SIFT,sift,47.20_-123.10,47.2,-123.1,46.867,-121.953,1653,0.1934,156
SIFT,sift,47.40_-123.10,47.4,-123.1,46.867,-121.953,2464,0.2394,156
SIFT,sift,47.50_-123.00,47.5,-123.0,46.867,-121.953,2274,0.3111,156
SIFT,sift,47.60_-122.80,47.6,-122.8,46.867,-121.953,1674,0.3478,156
SIGP,sigp,41.10_-123.20,41.1,-123.2,41.873,-124.068,2389,0.168,157
SIGP,sigp,41.20_-123.00,41.2,-123.0,41.873,-124.068,2388,0.1493,157
SIGP,sigp,41.30_-123.10,41.3,-123.1,41.873,-124.068,2355,0.1595,157
SIGP,sigp,41.40_-123.00,41.4,-123.0,41.873,-124.068,2381,0.1463,157
SIGP,sigp,41.50_-123.00,41.5,-123.0,41.873,-124.068,2374,0.2441,157
SIGP,sigp,41.50_-123.40,41.5,-123.4,41.873,-124.068,2408,0.1527,157
SIGP,sigp,41.60_-123.20,41.6,-123.2,41.873,-124.068,2096,0.1807,157
SIGP,sigp,41.60_-123.30,41.6,-123.3,41.873,-124.068,2388,0.1761,157
SIGP,sigp,41.60_-123.40,41.6,-123.4,41.873,-124.068,2379,0.1565,157
SIGP,sigp,41.70_-123.20,41.7,-123.2,41.873,-124.068,2371,0.1211,157
SIGP,sigp,41.70_-123.30,41.7,-123.3,41.873,-124.068,2390,0.1329,157
SIGP,sigp,41.70_-123.40,41.7,-123.4,41.873,-124.068,2362,0.11,157
SIGP,sigp,41.70_-123.50,41.7,-123.5,41.873,-124.068,2383,0.3211,157
SIGP,sigp,41.80_-123.20,41.8,-123.2,41.873,-124.068,2384,0.1231,157
SIGP,sigp,41.80_-123.30,41.8,-123.3,41.873,-124.068,1016,0.2391,157
SIGP,sigp,41.80_-123.40,41.8,-123.4,41.873,-124.068,2396,0.129,157
SIGP,sigp,41.80_-123.50,41.8,-123.5,41.873,-124.068,2401,0.2251,157
SIGP,sigp,42.00_-123.20,42.0,-123.2,41.873,-124.068,2242,0.1022,157
SIGP,sigp,42.00_-123.30,42.0,-123.3,41.873,-124.068,1900,0.3168,157
SIGP,sigp,42.00_-123.40,42.0,-123.4,41.873,-124.068,2399,0.203,157
SIGP,sigp,42.00_-123.50,42.0,-123.5,41.873,-124.068,1955,0.1657,157
SIGP,sigp,42.00_-123.60,42.0,-123.6,41.873,-124.068,2247,0.2194,157
SIGP,sigp,42.10_-123.20,42.1,-123.2,41.873,-124.068,2377,0.1155,157
SIGP,sigp,42.10_-123.30,42.1,-123.3,41.873,-124.068,2380,0.2254,157
SIGP,sigp,42.10_-123.40,42.1,-123.4,41.873,-124.068,2402,0.1704,157
SIGP,sigp,42.10_-123.50,42.1,-123.5,41.873,-124.068,2397,0.2184,157
SIGP,sigp,42.10_-123.60,42.1,-123.6,41.873,-124.068,2395,0.1923,157
SIGP,sigp,42.10_-123.80,42.1,-123.8,41.873,-124.068,2365,0.2425,157
SIGP,sigp,42.20_-123.20,42.2,-123.2,41.873,-124.068,2399,0.1136,157
SIGP,sigp,42.20_-123.30,42.2,-123.3,41.873,-124.068,2403,0.1809,157
SIGP,sigp,42.20_-123.40,42.2,-123.4,41.873,-124.068,2393,0.2685,157
SIGP,sigp,42.20_-123.50,42.2,-123.5,41.873,-124.068,2370,0.1094,157
SIGP,sigp,42.20_-123.60,42.2,-123.6,41.873,-124.068,2390,0.1048,157
SIGP,sigp,42.20_-123.80,42.2,-123.8,41.873,-124.068,2383,0.1537,157
SIGP,sigp,42.30_-123.30,42.3,-123.3,41.873,-124.068,2383,0.2239,157
SIGP,sigp,42.30_-123.40,42.3,-123.4,41.873,-124.068,2376,0.1575,157
SIGP,sigp,42.30_-123.60,42.3,-123.6,41.873,-124.068,2376,0.2232,157
SIGP,sigp,42.40_-123.30,42.4,-123.3,41.873,-124.068,2398,0.1538,157
SIGP,sigp,42.40_-123.40,42.4,-123.4,41.873,-124.068,2405,0.1551,157
SIGP,sigp,42.40_-123.60,42.4,-123.6,41.873,-124.068,2392,0.1565,157
SIGP,sigp,42.40_-123.70,42.4,-123.7,41.873,-124.068,2390,0.1926,157
SIGP,sigp,42.40_-123.80,42.4,-123.8,41.873,-124.068,2397,0.1562,157
SIGP,sigp,42.40_-123.90,42.4,-123.9,41.873,-124.068,2383,0.1152,157
SIGP,sigp,42.50_-123.30,42.5,-123.3,41.873,-124.068,2353,0.1934,157
SIGP,sigp,42.50_-123.40,42.5,-123.4,41.873,-124.068,2384,0.1682,157
SIGP,sigp,42.50_-123.50,42.5,-123.5,41.873,-124.068,2345,0.2202,157
SIGP,sigp,42.50_-123.60,42.5,-123.6,41.873,-124.068,2394,0.1597,157
SIGP,sigp,42.50_-123.70,42.5,-123.7,41.873,-124.068,2066,0.1259,157
SIGP,sigp,42.50_-123.80,42.5,-123.8,41.873,-124.068,2409,0.131,157
SIGP,sigp,42.60_-123.30,42.6,-123.3,41.873,-124.068,2256,0.1588,157
SIGP,sigp,42.60_-123.40,42.6,-123.4,41.873,-124.068,2409,0.1819,157
SIGP,sigp,42.60_-123.60,42.6,-123.6,41.873,-124.068,2400,0.1676,157
SIGP,sigp,42.70_-123.40,42.7,-123.4,41.873,-124.068,2367,0.2213,157
SIGP,sigp,42.80_-123.30,42.8,-123.3,41.873,-124.068,2399,0.2192,157
SISQ,sisq,41.60_-123.30,41.6,-123.3,42.275,-123.632,1342,0.4145,158
SISQ,sisq,41.80_-123.50,41.8,-123.5,42.275,-123.632,2269,0.3372,158
SISQ,sisq,42.00_-123.20,42.0,-123.2,42.275,-123.632,1991,0.3589,158
SISQ,sisq,42.00_-123.30,42.0,-123.3,42.275,-123.632,1430,0.3757,158
SISQ,sisq,42.10_-123.20,42.1,-123.2,42.275,-123.632,1517,0.6179,158
SISQ,sisq,42.20_-123.30,42.2,-123.3,42.275,-123.632,1563,0.3664,158
SISQ,sisq,42.30_-123.20,42.3,-123.2,42.275,-123.632,1668,0.4588,158
SISQ,sisq,42.30_-123.30,42.3,-123.3,42.275,-123.632,2107,0.3895,158
SISQ,sisq,42.40_-123.20,42.4,-123.2,42.275,-123.632,1041,0.4682,158
SISQ,sisq,42.40_-123.30,42.4,-123.3,42.275,-123.632,1586,0.2737,158
SISQ,sisq,42.60_-123.30,42.6,-123.3,42.275,-123.632,806,0.5415,158
SISQ,sisq,42.60_-123.40,42.6,-123.4,42.275,-123.632,1837,0.2891,158
SISQ,sisq,42.80_-123.40,42.8,-123.4,42.275,-123.632,198,0.517,158
SISQ,sisq,42.80_-123.50,42.8,-123.5,42.275,-123.632,2341,0.1785,158
SKAMO,skamo,45.40_-123.40,45.4,-123.4,46.308,-123.338,1587,0.1457,159
SKAMO,skamo,45.50_-123.20,45.5,-123.2,46.308,-123.338,1570,0.2424,159
SKAMO,skamo,45.50_-123.30,45.5,-123.3,46.308,-123.338,1511,0.3288,159
SKAMO,skamo,45.50_-123.40,45.5,-123.4,46.308,-123.338,1503,0.2671,159
SKAMO,skamo,45.60_-123.00,45.6,-123.0,46.308,-123.338,1625,0.1672,159
SKAMO,skamo,45.60_-123.30,45.6,-123.3,46.308,-123.338,1641,0.1526,159
SKAMO,skamo,45.60_-123.40,45.6,-123.4,46.308,-123.338,1622,0.1296,159
SKAMO,skamo,45.70_-123.20,45.7,-123.2,46.308,-123.338,1482,0.2502,159
SKAMO,skamo,45.70_-123.40,45.7,-123.4,46.308,-123.338,1503,0.2074,159
SKAMO,skamo,45.80_-123.20,45.8,-123.2,46.308,-123.338,1481,0.1652,159
SKAMO,skamo,45.80_-123.30,45.8,-123.3,46.308,-123.338,46,0.2448,159
SKAMO,skamo,45.80_-123.40,45.8,-123.4,46.308,-123.338,1469,0.1402,159
SKAMO,skamo,45.90_-123.40,45.9,-123.4,46.308,-123.338,1647,0.1727,159
SKAMO,skamo,46.00_-123.20,46.0,-123.2,46.308,-123.338,1493,0.2705,159
SKAMO,skamo,46.00_-123.60,46.0,-123.6,46.308,-123.338,1639,0.1715,159
SKAMO,skamo,46.10_-123.30,46.1,-123.3,46.308,-123.338,1655,0.1749,159
SKAMO,skamo,46.40_-123.20,46.4,-123.2,46.308,-123.338,1421,0.265,159
SKAMO,skamo,46.50_-122.60,46.5,-122.6,46.308,-123.338,1601,0.149,159
SKAMO,skamo,46.70_-122.60,46.7,-122.6,46.308,-123.338,1612,0.2155,159
SKAMO,skamo,46.70_-122.80,46.7,-122.8,46.308,-123.338,1032,0.3839,159
SKAMO,skamo,46.80_-122.80,46.8,-122.8,46.308,-123.338,1621,0.1664,159
SKAMO,skamo,46.80_-123.00,46.8,-123.0,46.308,-123.338,1592,0.112,159
SKAMO,skamo,46.90_-122.80,46.9,-122.8,46.308,-123.338,1572,0.1377,159
SKAMO,skamo,46.90_-123.00,46.9,-123.0,46.308,-123.338,1244,0.2423,159
SKAMO,skamo,47.00_-122.80,47.0,-122.8,46.308,-123.338,1302,0.2563,159
SKAMO,skamo,47.00_-123.20,47.0,-123.2,46.308,-123.338,1203,0.1246,159
SKAMO,skamo,47.10_-122.80,47.1,-122.8,46.308,-123.338,1600,0.2523,159
SKAMO,skamo,47.10_-122.90,47.1,-122.9,46.308,-123.338,1595,0.1807,159
SKAMO,skamo,47.10_-123.40,47.1,-123.4,46.308,-123.338,1552,0.1457,159
SKAMO,skamo,47.20_-123.00,47.2,-123.0,46.308,-123.338,1625,0.2173,159
SLDQ,sldq,47.20_-123.00,47.2,-123.0,48.062,-124.141,2304,0.1868,5
SLDQ,sldq,47.40_-123.00,47.4,-123.0,48.062,-124.141,2346,0.0398,5
SLDQ,sldq,47.80_-123.00,47.8,-123.0,48.062,-124.141,2467,0.1587,5
SLDQ,sldq,47.80_-123.10,47.8,-123.1,48.062,-124.141,2431,0.2496,5
SLDQ,sldq,48.00_-123.20,48.0,-123.2,48.062,-124.141,2471,0.1735,5
SLDQ,sldq,48.00_-123.30,48.0,-123.3,48.062,-124.141,2485,0.1163,5
SLDQ,sldq,48.00_-123.40,48.0,-123.4,48.062,-124.141,2305,0.1331,5
SLDQ,sldq,48.00_-123.60,48.0,-123.6,48.062,-124.141,2478,0.1663,5
SLDQ,sldq,48.10_-123.00,48.1,-123.0,48.062,-124.141,612,0.4748,5
SLDQ,sldq,48.10_-123.20,48.1,-123.2,48.062,-124.141,2481,0.1299,5
SLDQ,sldq,48.10_-123.30,48.1,-123.3,48.062,-124.141,2484,0.1501,5
SLDQ,sldq,48.10_-123.50,48.1,-123.5,48.062,-124.141,1986,0.1829,5
SLDQ,sldq,48.10_-123.60,48.1,-123.6,48.062,-124.141,2476,0.1192,5
SLDQ,sldq,48.20_-123.00,48.2,-123.0,48.062,-124.141,2471,0.05,5
SLDQ,sldq,48.20_-123.10,48.2,-123.1,48.062,-124.141,2048,0.2011,5
SLDQ,sldq,48.20_-123.20,48.2,-123.2,48.062,-124.141,2483,0.087,5
SLDQ,sldq,48.20_-123.40,48.2,-123.4,48.062,-124.141,2479,0.1245,5
SLDQ,sldq,48.20_-123.50,48.2,-123.5,48.062,-124.141,2344,0.1221,5
SLDQ,sldq,48.20_-123.60,48.2,-123.6,48.062,-124.141,2483,0.0837,5
SLDQ,sldq,48.20_-123.70,48.2,-123.7,48.062,-124.141,2278,0.1121,5
SLDQ,sldq,48.20_-123.80,48.2,-123.8,48.062,-124.141,2479,0.1607,5
SLDQ,sldq,48.30_-123.40,48.3,-123.4,48.062,-124.141,2227,0.1035,5
SLDQ,sldq,48.30_-123.60,48.3,-123.6,48.062,-124.141,2477,0.0889,5
SLDQ,sldq,48.30_-123.80,48.3,-123.8,48.062,-124.141,2462,0.1347,5
SLDQ,sldq,48.40_-123.30,48.4,-123.3,48.062,-124.141,2297,0.1604,5
SLDQ,sldq,48.40_-123.60,48.4,-123.6,48.062,-124.141,800,0.2688,5
SLDQ,sldq,48.40_-123.80,48.4,-123.8,48.062,-124.141,2485,0.1029,5
SLDQ,sldq,48.40_-123.90,48.4,-123.9,48.062,-124.141,2475,0.1515,5
SLDQ,sldq,48.50_-123.60,48.5,-123.6,48.062,-124.141,165,0.4576,5
SLDQ,sldq,48.50_-123.80,48.5,-123.8,48.062,-124.141,2479,0.1309,5
SLDQ,sldq,48.50_-123.90,48.5,-123.9,48.062,-124.141,2334,0.0715,5
SLDQ,sldq,48.50_-124.00,48.5,-124.0,48.062,-124.141,2477,0.1124,5
SLDQ,sldq,48.60_-124.00,48.6,-124.0,48.062,-124.141,1516,0.1452,5
SLDQ,sldq,48.70_-123.80,48.7,-123.8,48.062,-124.141,2457,0.1097,5
SLDQ,sldq,48.80_-124.20,48.8,-124.2,48.062,-124.141,2428,0.1531,5
SLDQ,sldq,48.80_-124.30,48.8,-124.3,48.062,-124.141,2463,0.1749,5
SNB,snb,48.00_-123.30,48.0,-123.3,48.775,-123.172,3401,0.2317,161
SNB,snb,48.10_-123.30,48.1,-123.3,48.775,-123.172,3422,0.1671,161
SNB,snb,48.10_-123.40,48.1,-123.4,48.775,-123.172,3416,0.2846,161
SNB,snb,48.10_-123.50,48.1,-123.5,48.775,-123.172,3418,0.1761,161
SNB,snb,48.20_-123.00,48.2,-123.0,48.775,-123.172,3422,0.1675,161
SNB,snb,48.20_-123.20,48.2,-123.2,48.775,-123.172,3422,0.2079,161
SNB,snb,48.20_-123.40,48.2,-123.4,48.775,-123.172,3422,0.1718,161
SNB,snb,48.20_-123.50,48.2,-123.5,48.775,-123.172,3426,0.1592,161
SNB,snb,48.20_-123.60,48.2,-123.6,48.775,-123.172,3425,0.1616,161
SNB,snb,48.20_-123.70,48.2,-123.7,48.775,-123.172,2040,0.2823,161
SNB,snb,48.20_-123.80,48.2,-123.8,48.775,-123.172,3416,0.2316,161
SNB,snb,48.30_-123.20,48.3,-123.2,48.775,-123.172,3422,0.1306,161
SNB,snb,48.30_-123.40,48.3,-123.4,48.775,-123.172,3422,0.1597,161
SNB,snb,48.30_-123.60,48.3,-123.6,48.775,-123.172,3418,0.1824,161
SNB,snb,48.30_-123.70,48.3,-123.7,48.775,-123.172,3413,0.2365,161
SNB,snb,48.30_-123.80,48.3,-123.8,48.775,-123.172,3422,0.1638,161
SNB,snb,48.40_-122.80,48.4,-122.8,48.775,-123.172,3414,0.1807,161
SNB,snb,48.40_-123.60,48.4,-123.6,48.775,-123.172,3421,0.1517,161
SNB,snb,48.40_-123.70,48.4,-123.7,48.775,-123.172,3420,0.1461,161
SNB,snb,48.40_-123.80,48.4,-123.8,48.775,-123.172,3422,0.1912,161
SNB,snb,48.50_-123.60,48.5,-123.6,48.775,-123.172,3421,0.2023,161
SNB,snb,48.50_-123.70,48.5,-123.7,48.775,-123.172,3404,0.2257,161
SNB,snb,48.50_-123.80,48.5,-123.8,48.775,-123.172,3421,0.1483,161
SNB,snb,48.50_-123.90,48.5,-123.9,48.775,-123.172,3421,0.1361,161
SNB,snb,48.50_-124.00,48.5,-124.0,48.775,-123.172,3426,0.1288,161
SNB,snb,48.60_-123.80,48.6,-123.8,48.775,-123.172,3422,0.2029,161
SNB,snb,48.60_-123.90,48.6,-123.9,48.775,-123.172,3422,0.174,161
SNB,snb,48.60_-124.00,48.6,-124.0,48.775,-123.172,3419,0.1709,161
SNB,snb,48.60_-124.10,48.6,-124.1,48.775,-123.172,3423,0.1882,161
SNB,snb,48.60_-124.30,48.6,-124.3,48.775,-123.172,3421,0.2491,161
SNB,snb,48.70_-123.80,48.7,-123.8,48.775,-123.172,3423,0.2105,161
SNB,snb,48.70_-124.00,48.7,-124.0,48.775,-123.172,3425,0.1674,161
SNB,snb,48.70_-124.10,48.7,-124.1,48.775,-123.172,3426,0.1653,161
SNB,snb,48.70_-124.20,48.7,-124.2,48.775,-123.172,3426,0.1437,161
SNB,snb,48.70_-124.30,48.7,-124.3,48.775,-123.172,3421,0.2003,161
SNB,snb,48.80_-123.70,48.8,-123.7,48.775,-123.172,3385,0.325,161
SNB,snb,48.80_-123.80,48.8,-123.8,48.775,-123.172,3426,0.1946,161
SNB,snb,48.80_-123.90,48.8,-123.9,48.775,-123.172,3392,0.1648,161
SNB,snb,48.80_-124.00,48.8,-124.0,48.775,-123.172,3424,0.2032,161
SNB,snb,48.80_-124.10,48.8,-124.1,48.775,-123.172,3422,0.1661,161
SNB,snb,48.80_-124.20,48.8,-124.2,48.775,-123.172,3422,0.2139,161
SNB,snb,48.80_-124.30,48.8,-124.3,48.775,-123.172,3437,0.1684,161
SNB,snb,48.80_-124.40,48.8,-124.4,48.775,-123.172,3425,0.1585,161
SNB,snb,48.90_-123.70,48.9,-123.7,48.775,-123.172,3414,0.1754,161
SNB,snb,48.90_-124.20,48.9,-124.2,48.775,-123.172,3422,0.2151,161
SNB,snb,48.90_-124.30,48.9,-124.3,48.775,-123.172,3424,0.2208,161
SNB,snb,48.90_-124.40,48.9,-124.4,48.775,-123.172,3443,0.2161,161
SNB,snb,49.00_-123.80,49.0,-123.8,48.775,-123.172,3420,0.157,161
SNB,snb,49.00_-123.90,49.0,-123.9,48.775,-123.172,3416,0.1424,161
SNB,snb,49.00_-124.50,49.0,-124.5,48.775,-123.172,3428,0.1618,161
SNB,snb,49.10_-124.50,49.1,-124.5,48.775,-123.172,2261,0.229,161
SP2,sp2,46.60_-122.70,46.6,-122.7,47.556,-122.249,2978,0.0162,162
SP2,sp2,46.70_-122.60,46.7,-122.6,47.556,-122.249,2976,0.0231,162
SP2,sp2,46.80_-122.60,46.8,-122.6,47.556,-122.249,2978,0.0143,162
SP2,sp2,46.80_-122.70,46.8,-122.7,47.556,-122.249,2979,0.0285,162
SP2,sp2,46.80_-123.20,46.8,-123.2,47.556,-122.249,2977,0.0268,162
SP2,sp2,46.90_-122.80,46.9,-122.8,47.556,-122.249,2979,0.0228,162
SP2,sp2,46.90_-122.90,46.9,-122.9,47.556,-122.249,2975,0.0192,162
SP2,sp2,47.00_-122.70,47.0,-122.7,47.556,-122.249,2975,0.027,162
SP2,sp2,47.00_-122.80,47.0,-122.8,47.556,-122.249,2978,0.0221,162
SP2,sp2,47.00_-123.00,47.0,-123.0,47.556,-122.249,2976,0.027,162
SP2,sp2,47.10_-122.60,47.1,-122.6,47.556,-122.249,2976,0.0218,162
SP2,sp2,47.10_-122.80,47.1,-122.8,47.556,-122.249,2958,0.037,162
SP2,sp2,47.10_-123.00,47.1,-123.0,47.556,-122.249,2975,0.0215,162
SP2,sp2,47.20_-122.60,47.2,-122.6,47.556,-122.249,2977,0.0154,162
SP2,sp2,47.20_-122.90,47.2,-122.9,47.556,-122.249,2977,0.016,162
SP2,sp2,47.20_-123.10,47.2,-123.1,47.556,-122.249,2978,0.0211,162
SP2,sp2,47.30_-122.60,47.3,-122.6,47.556,-122.249,2976,0.0172,162
SP2,sp2,47.30_-122.80,47.3,-122.8,47.556,-122.249,2977,0.0197,162
SP2,sp2,47.30_-122.90,47.3,-122.9,47.556,-122.249,2978,0.0281,162
SP2,sp2,47.30_-123.20,47.3,-123.2,47.556,-122.249,2977,0.0144,162
SP2,sp2,47.40_-122.60,47.4,-122.6,47.556,-122.249,2979,0.0212,162
SP2,sp2,47.40_-122.80,47.4,-122.8,47.556,-122.249,2979,0.0174,162
SP2,sp2,47.40_-122.90,47.4,-122.9,47.556,-122.249,2978,0.0224,162
SP2,sp2,47.40_-123.00,47.4,-123.0,47.556,-122.249,2978,0.0177,162
SP2,sp2,47.40_-123.30,47.4,-123.3,47.556,-122.249,2979,0.0225,162
SP2,sp2,47.50_-122.80,47.5,-122.8,47.556,-122.249,2978,0.0173,162
SP2,sp2,47.50_-123.10,47.5,-123.1,47.556,-122.249,2975,0.0302,162
SP2,sp2,47.50_-123.30,47.5,-123.3,47.556,-122.249,2979,0.0248,162
SP2,sp2,47.60_-122.60,47.6,-122.6,47.556,-122.249,2979,0.0218,162
SP2,sp2,47.60_-122.80,47.6,-122.8,47.556,-122.249,2978,0.0154,162
SP2,sp2,47.60_-123.00,47.6,-123.0,47.556,-122.249,2979,0.0213,162
SP2,sp2,47.70_-122.70,47.7,-122.7,47.556,-122.249,2976,0.0219,162
SP2,sp2,47.70_-123.00,47.7,-123.0,47.556,-122.249,2974,0.0318,162
SP2,sp2,47.80_-122.80,47.8,-122.8,47.556,-122.249,2978,0.0211,162
SP2,sp2,47.80_-123.00,47.8,-123.0,47.556,-122.249,2978,0.0106,162
SP2,sp2,47.80_-123.10,47.8,-123.1,47.556,-122.249,2974,0.0312,162
SP2,sp2,47.80_-123.20,47.8,-123.2,47.556,-122.249,2978,0.0205,162
SP2,sp2,47.80_-123.30,47.8,-123.3,47.556,-122.249,2978,0.0153,162
SP2,sp2,47.90_-122.70,47.9,-122.7,47.556,-122.249,2978,0.0259,162
SP2,sp2,47.90_-122.80,47.9,-122.8,47.556,-122.249,2977,0.0159,162
SP2,sp2,47.90_-123.00,47.9,-123.0,47.556,-122.249,2978,0.0156,162
SP2,sp2,47.90_-123.20,47.9,-123.2,47.556,-122.249,2978,0.0259,162
SP2,sp2,47.90_-123.50,47.9,-123.5,47.556,-122.249,2979,0.0185,162
SP2,sp2,48.00_-122.80,48.0,-122.8,47.556,-122.249,2979,0.0273,162
SP2,sp2,48.00_-122.90,48.0,-122.9,47.556,-122.249,2977,0.0153,162
SP2,sp2,48.00_-123.00,48.0,-123.0,47.556,-122.249,2976,0.0169,162
SP2,sp2,48.00_-123.10,48.0,-123.1,47.556,-122.249,2978,0.0254,162
SP2,sp2,48.00_-123.20,48.0,-123.2,47.556,-122.249,2978,0.0206,162
SP2,sp2,48.00_-123.30,48.0,-123.3,47.556,-122.249,2976,0.0229,162
SP2,sp2,48.00_-123.40,48.0,-123.4,47.556,-122.249,2978,0.0144,162
SP2,sp2,48.10_-122.90,48.1,-122.9,47.556,-122.249,2978,0.0225,162
SP2,sp2,48.10_-123.00,48.1,-123.0,47.556,-122.249,2974,0.0266,162
SP2,sp2,48.10_-123.10,48.1,-123.1,47.556,-122.249,2974,0.023,162
SP2,sp2,48.10_-123.20,48.1,-123.2,47.556,-122.249,2978,0.0176,162
SP2,sp2,48.10_-123.30,48.1,-123.3,47.556,-122.249,2975,0.0183,162
SP2,sp2,48.10_-123.40,48.1,-123.4,47.556,-122.249,2978,0.026,162
SP2,sp2,48.20_-122.80,48.2,-122.8,47.556,-122.249,2978,0.0215,162
SP2,sp2,48.20_-122.90,48.2,-122.9,47.556,-122.249,2976,0.0207,162
SP2,sp2,48.20_-123.00,48.2,-123.0,47.556,-122.249,2979,0.0239,162
SP2,sp2,48.20_-123.10,48.2,-123.1,47.556,-122.249,2975,0.0205,162
SP2,sp2,48.20_-123.20,48.2,-123.2,47.556,-122.249,2978,0.0155,162
SP2,sp2,48.20_-123.40,48.2,-123.4,47.556,-122.249,2977,0.0275,162
SP2,sp2,48.20_-123.60,48.2,-123.6,47.556,-122.249,2978,0.0355,162
SP2,sp2,48.30_-122.80,48.3,-122.8,47.556,-122.249,2962,0.019,162
SP2,sp2,48.30_-123.00,48.3,-123.0,47.556,-122.249,2978,0.0104,162
SP2,sp2,48.30_-123.20,48.3,-123.2,47.556,-122.249,2978,0.0296,162
SP2,sp2,48.30_-123.40,48.3,-123.4,47.556,-122.249,2977,0.013,162
SP2,sp2,48.40_-122.80,48.4,-122.8,47.556,-122.249,2978,0.0202,162
SP2,sp2,48.40_-122.90,48.4,-122.9,47.556,-122.249,2975,0.0259,162
SP2,sp2,48.40_-123.00,48.4,-123.0,47.556,-122.249,2978,0.0197,162
SP2,sp2,48.40_-123.10,48.4,-123.1,47.556,-122.249,2978,0.0201,162
SP2,sp2,48.40_-123.20,48.4,-123.2,47.556,-122.249,2978,0.0163,162
SP2,sp2,48.40_-123.40,48.4,-123.4,47.556,-122.249,2976,0.02,162
SP2,sp2,48.40_-123.50,48.4,-123.5,47.556,-122.249,2979,0.0201,162
SSO2,sso2,44.00_-123.30,44.0,-123.3,44.841,-122.483,592,0.2041,163
SSO2,sso2,44.10_-123.40,44.1,-123.4,44.841,-122.483,2189,0.1415,163
SSO2,sso2,44.10_-123.50,44.1,-123.5,44.841,-122.483,1349,0.2136,163
SSO2,sso2,44.40_-123.60,44.4,-123.6,44.841,-122.483,2171,0.1795,163
SSO2,sso2,44.50_-123.40,44.5,-123.4,44.841,-122.483,1421,0.2638,163
SSO2,sso2,44.50_-123.60,44.5,-123.6,44.841,-122.483,2028,0.1394,163
SSO2,sso2,44.50_-123.80,44.5,-123.8,44.841,-122.483,2109,0.1437,163
SSO2,sso2,44.60_-123.40,44.6,-123.4,44.841,-122.483,1909,0.1542,163
SSO2,sso2,44.60_-123.50,44.6,-123.5,44.841,-122.483,1943,0.1315,163
SSO2,sso2,44.60_-123.60,44.6,-123.6,44.841,-122.483,915,0.2149,163
SSO2,sso2,44.70_-123.40,44.7,-123.4,44.841,-122.483,2080,0.1948,163
SSO2,sso2,44.80_-123.30,44.8,-123.3,44.841,-122.483,2113,0.1128,163
SSO2,sso2,44.90_-123.30,44.9,-123.3,44.841,-122.483,1534,0.1627,163
SSO2,sso2,45.00_-123.20,45.0,-123.2,44.841,-122.483,2159,0.2181,163
SSO2,sso2,45.00_-123.30,45.0,-123.3,44.841,-122.483,2191,0.1264,163
SSO2,sso2,45.00_-123.40,45.0,-123.4,44.841,-122.483,2247,0.1102,163
SSO2,sso2,45.00_-123.50,45.0,-123.5,44.841,-122.483,2184,0.16,163
SSO2,sso2,45.00_-123.60,45.0,-123.6,44.841,-122.483,1860,0.2799,163
SSO2,sso2,45.10_-123.30,45.1,-123.3,44.841,-122.483,2051,0.1403,163
SSO2,sso2,45.10_-123.40,45.1,-123.4,44.841,-122.483,238,0.2708,163
SSO2,sso2,45.10_-123.50,45.1,-123.5,44.841,-122.483,2196,0.2052,163
SSO2,sso2,45.10_-123.60,45.1,-123.6,44.841,-122.483,2117,0.1616,163
SSO2,sso2,45.20_-123.20,45.2,-123.2,44.841,-122.483,976,0.1547,163
SSO2,sso2,45.20_-123.40,45.2,-123.4,44.841,-122.483,1851,0.1349,163
SSO2,sso2,45.30_-123.30,45.3,-123.3,44.841,-122.483,2207,0.1272,163
SSO2,sso2,45.30_-123.40,45.3,-123.4,44.841,-122.483,1646,0.2101,163
SSO2,sso2,45.40_-123.00,45.4,-123.0,44.841,-122.483,2142,0.1568,163
SSO2,sso2,45.40_-123.10,45.4,-123.1,44.841,-122.483,2207,0.1059,163
SSO2,sso2,45.40_-123.20,45.4,-123.2,44.841,-122.483,2065,0.1739,163
SSO2,sso2,45.40_-123.40,45.4,-123.4,44.841,-122.483,1846,0.1243,163
SSO2,sso2,45.50_-123.20,45.5,-123.2,44.841,-122.483,1690,0.2435,163
SSO2,sso2,45.50_-123.40,45.5,-123.4,44.841,-122.483,2175,0.3008,163
SSO2,sso2,45.60_-123.30,45.6,-123.3,44.841,-122.483,2233,0.1124,163
SSO2,sso2,45.60_-123.40,45.6,-123.4,44.841,-122.483,2161,0.205,163
STOR,stor,46.40_-123.20,46.4,-123.2,47.188,-121.989,4493,0.0682,164
STOR,stor,46.50_-122.80,46.5,-122.8,47.188,-121.989,4493,0.0865,164
STOR,stor,46.50_-123.10,46.5,-123.1,47.188,-121.989,4493,0.1422,164
STOR,stor,46.60_-123.10,46.6,-123.1,47.188,-121.989,4495,0.0723,164
STOR,stor,46.70_-122.80,46.7,-122.8,47.188,-121.989,4494,0.0759,164
STOR,stor,46.70_-123.00,46.7,-123.0,47.188,-121.989,4493,0.0716,164
STOR,stor,46.70_-123.20,46.7,-123.2,47.188,-121.989,4490,0.0704,164
STOR,stor,46.80_-122.60,46.8,-122.6,47.188,-121.989,4494,0.1381,164
STOR,stor,46.80_-122.80,46.8,-122.8,47.188,-121.989,4496,0.0759,164
STOR,stor,46.80_-123.00,46.8,-123.0,47.188,-121.989,4495,0.0961,164
STOR,stor,46.80_-123.10,46.8,-123.1,47.188,-121.989,4495,0.0764,164
STOR,stor,46.80_-123.20,46.8,-123.2,47.188,-121.989,4494,0.123,164
STOR,stor,46.90_-122.80,46.9,-122.8,47.188,-121.989,4494,0.1,164
STOR,stor,46.90_-123.00,46.9,-123.0,47.188,-121.989,4479,0.0616,164
STOR,stor,47.00_-122.60,47.0,-122.6,47.188,-121.989,4453,0.0766,164
STOR,stor,47.00_-122.80,47.0,-122.8,47.188,-121.989,4494,0.0829,164
STOR,stor,47.00_-123.00,47.0,-123.0,47.188,-121.989,4495,0.0372,164
STOR,stor,47.00_-123.10,47.0,-123.1,47.188,-121.989,4496,0.1057,164
STOR,stor,47.00_-123.20,47.0,-123.2,47.188,-121.989,4495,0.118,164
STOR,stor,47.10_-122.50,47.1,-122.5,47.188,-121.989,4495,0.1835,164
STOR,stor,47.10_-122.60,47.1,-122.6,47.188,-121.989,4482,0.0759,164
STOR,stor,47.10_-123.00,47.1,-123.0,47.188,-121.989,4495,0.0523,164
STOR,stor,47.10_-123.20,47.1,-123.2,47.188,-121.989,4494,0.1659,164
STOR,stor,47.20_-122.70,47.2,-122.7,47.188,-121.989,4494,0.1398,164
STOR,stor,47.20_-122.80,47.2,-122.8,47.188,-121.989,4474,0.0804,164
STOR,stor,47.20_-123.00,47.2,-123.0,47.188,-121.989,1672,0.2422,164
STOR,stor,47.20_-123.10,47.2,-123.1,47.188,-121.989,4495,0.0972,164
STOR,stor,47.20_-123.20,47.2,-123.2,47.188,-121.989,4493,0.0588,164
STOR,stor,47.20_-123.30,47.2,-123.3,47.188,-121.989,4495,0.1117,164
STOR,stor,47.30_-122.70,47.3,-122.7,47.188,-121.989,4493,0.0688,164
STOR,stor,47.30_-123.00,47.3,-123.0,47.188,-121.989,4490,0.129,164
STOR,stor,47.30_-123.20,47.3,-123.2,47.188,-121.989,4494,0.0892,164
STOR,stor,47.40_-122.70,47.4,-122.7,47.188,-121.989,4492,0.0847,164
STOR,stor,47.40_-122.80,47.4,-122.8,47.188,-121.989,4492,0.1122,164
STOR,stor,47.40_-122.90,47.4,-122.9,47.188,-121.989,4495,0.0575,164
STOR,stor,47.40_-123.00,47.4,-123.0,47.188,-121.989,4495,0.0567,164
STOR,stor,47.40_-123.20,47.4,-123.2,47.188,-121.989,4487,0.1051,164
STOR,stor,47.50_-122.80,47.5,-122.8,47.188,-121.989,4498,0.0519,164
STOR,stor,47.50_-122.90,47.5,-122.9,47.188,-121.989,4494,0.0505,164
STOR,stor,47.50_-123.00,47.5,-123.0,47.188,-121.989,4477,0.1347,164
STOR,stor,47.50_-123.10,47.5,-123.1,47.188,-121.989,4496,0.0884,164
STOR,stor,47.50_-123.20,47.5,-123.2,47.188,-121.989,4494,0.08,164
STOR,stor,47.60_-122.60,47.6,-122.6,47.188,-121.989,4494,0.097,164
STOR,stor,47.60_-122.80,47.6,-122.8,47.188,-121.989,4492,0.0837,164
STOR,stor,47.60_-123.00,47.6,-123.0,47.188,-121.989,4494,0.1382,164
STOR,stor,47.60_-123.30,47.6,-123.3,47.188,-121.989,4495,0.0948,164
STOR,stor,47.70_-122.60,47.7,-122.6,47.188,-121.989,4485,0.0956,164
STOR,stor,47.70_-122.70,47.7,-122.7,47.188,-121.989,4496,0.1263,164
STOR,stor,47.70_-122.80,47.7,-122.8,47.188,-121.989,4496,0.1028,164
STOR,stor,47.70_-122.90,47.7,-122.9,47.188,-121.989,4494,0.1112,164
STOR,stor,47.80_-122.80,47.8,-122.8,47.188,-121.989,4494,0.0678,164
STOR,stor,47.80_-123.00,47.8,-123.0,47.188,-121.989,4498,0.0734,164
STOR,stor,47.80_-123.20,47.8,-123.2,47.188,-121.989,4495,0.0619,164
STOR,stor,47.90_-123.00,47.9,-123.0,47.188,-121.989,4495,0.0714,164
STOR,stor,47.90_-123.20,47.9,-123.2,47.188,-121.989,4496,0.1062,164
STOR,stor,48.00_-122.90,48.0,-122.9,47.188,-121.989,4495,0.1094,164
STOR,stor,48.00_-123.00,48.0,-123.0,47.188,-121.989,4497,0.0529,164
STOR,stor,48.00_-123.10,48.0,-123.1,47.188,-121.989,4494,0.1308,164
STOR,stor,48.00_-123.20,48.0,-123.2,47.188,-121.989,4495,0.0524,164
STOR,stor,48.00_-123.30,48.0,-123.3,47.188,-121.989,4495,0.0615,164
STOR,stor,48.10_-123.00,48.1,-123.0,47.188,-121.989,4493,0.0774,164
SWF2,swf2,45.30_-123.20,45.3,-123.2,46.178,-122.217,2222,0.1711,165
SWF2,swf2,45.30_-123.40,45.3,-123.4,46.178,-122.217,4136,0.1344,165
SWF2,swf2,45.40_-123.00,45.4,-123.0,46.178,-122.217,4025,0.2129,165
SWF2,swf2,45.40_-123.20,45.4,-123.2,46.178,-122.217,4125,0.1358,165
SWF2,swf2,45.40_-123.30,45.4,-123.3,46.178,-122.217,4143,0.1069,165
SWF2,swf2,45.40_-123.40,45.4,-123.4,46.178,-122.217,4130,0.187,165
SWF2,swf2,45.40_-123.60,45.4,-123.6,46.178,-122.217,4135,0.1457,165
SWF2,swf2,45.50_-123.20,45.5,-123.2,46.178,-122.217,3271,0.1892,165
SWF2,swf2,45.50_-123.30,45.5,-123.3,46.178,-122.217,3950,0.154,165
SWF2,swf2,45.50_-123.40,45.5,-123.4,46.178,-122.217,4111,0.1394,165
SWF2,swf2,45.60_-123.20,45.6,-123.2,46.178,-122.217,4130,0.1453,165
SWF2,swf2,45.60_-123.30,45.6,-123.3,46.178,-122.217,4141,0.1078,165
SWF2,swf2,45.60_-123.40,45.6,-123.4,46.178,-122.217,4109,0.1257,165
SWF2,swf2,45.70_-123.10,45.7,-123.1,46.178,-122.217,3975,0.2099,165
SWF2,swf2,45.70_-123.20,45.7,-123.2,46.178,-122.217,4054,0.1461,165
SWF2,swf2,45.70_-123.30,45.7,-123.3,46.178,-122.217,4131,0.1879,165
SWF2,swf2,45.70_-123.40,45.7,-123.4,46.178,-122.217,4144,0.1247,165
SWF2,swf2,45.80_-123.00,45.8,-123.0,46.178,-122.217,2480,0.2941,165
SWF2,swf2,45.80_-123.10,45.8,-123.1,46.178,-122.217,4090,0.1466,165
SWF2,swf2,45.80_-123.20,45.8,-123.2,46.178,-122.217,4128,0.1976,165
SWF2,swf2,45.80_-123.30,45.8,-123.3,46.178,-122.217,4105,0.1749,165
SWF2,swf2,45.80_-123.40,45.8,-123.4,46.178,-122.217,3733,0.1618,165
SWF2,swf2,45.90_-123.00,45.9,-123.0,46.178,-122.217,4081,0.1518,165
SWF2,swf2,45.90_-123.20,45.9,-123.2,46.178,-122.217,4071,0.1482,165
SWF2,swf2,45.90_-123.30,45.9,-123.3,46.178,-122.217,3024,0.2312,165
SWF2,swf2,46.00_-123.00,46.0,-123.0,46.178,-122.217,3987,0.1928,165
SWF2,swf2,46.00_-123.20,46.0,-123.2,46.178,-122.217,4085,0.1634,165
SWF2,swf2,46.00_-123.30,46.0,-123.3,46.178,-122.217,4122,0.1348,165
SWF2,swf2,46.40_-123.20,46.4,-123.2,46.178,-122.217,4048,0.1386,165
SWF2,swf2,46.50_-122.90,46.5,-122.9,46.178,-122.217,2460,0.2211,165
SWF2,swf2,46.50_-123.10,46.5,-123.1,46.178,-122.217,4111,0.1802,165
SWF2,swf2,46.70_-122.60,46.7,-122.6,46.178,-122.217,4129,0.1708,165
SWF2,swf2,46.70_-123.00,46.7,-123.0,46.178,-122.217,3998,0.1688,165
SWF2,swf2,46.80_-122.80,46.8,-122.8,46.178,-122.217,4087,0.176,165
SWF2,swf2,46.80_-123.00,46.8,-123.0,46.178,-122.217,4075,0.1506,165
SWF2,swf2,46.90_-122.80,46.9,-122.8,46.178,-122.217,3186,0.221,165
SWF2,swf2,47.00_-122.80,47.0,-122.8,46.178,-122.217,4048,0.1353,165
SWF2,swf2,47.00_-122.90,47.0,-122.9,46.178,-122.217,4092,0.1692,165
SWF2,swf2,47.00_-123.00,47.0,-123.0,46.178,-122.217,1581,0.1703,165
SWF2,swf2,47.00_-123.10,47.0,-123.1,46.178,-122.217,4096,0.1558,165
TOFB,tofb,48.80_-124.60,48.8,-124.6,49.154,-125.908,930,0.1669,166
TOFB,tofb,48.90_-124.80,48.9,-124.8,49.154,-125.908,943,0.1531,166
TOFB,tofb,49.00_-124.60,49.0,-124.6,49.154,-125.908,943,0.1348,166
TOFB,tofb,49.00_-124.70,49.0,-124.7,49.154,-125.908,929,0.153,166
TOFB,tofb,49.00_-124.80,49.0,-124.8,49.154,-125.908,874,0.1211,166
TOFB,tofb,49.00_-124.90,49.0,-124.9,49.154,-125.908,943,0.1941,166
TOFB,tofb,49.10_-124.60,49.1,-124.6,49.154,-125.908,943,0.1352,166
TOFB,tofb,49.10_-124.80,49.1,-124.8,49.154,-125.908,943,0.1594,166
TOFB,tofb,49.10_-124.90,49.1,-124.9,49.154,-125.908,941,0.1261,166
TOFB,tofb,49.10_-125.00,49.1,-125.0,49.154,-125.908,943,0.1544,166
TOFB,tofb,49.20_-124.60,49.2,-124.6,49.154,-125.908,943,0.161,166
TOFB,tofb,49.20_-124.90,49.2,-124.9,49.154,-125.908,943,0.139,166
TOFB,tofb,49.20_-125.00,49.2,-125.0,49.154,-125.908,943,0.1184,166
TOFB,tofb,49.20_-125.10,49.2,-125.1,49.154,-125.908,904,0.2558,166
TOFB,tofb,49.20_-125.20,49.2,-125.2,49.154,-125.908,943,0.1594,166
TOFB,tofb,49.30_-124.80,49.3,-124.8,49.154,-125.908,933,0.1041,166
TOFB,tofb,49.30_-125.00,49.3,-125.0,49.154,-125.908,937,0.1406,166
TOFB,tofb,49.30_-125.20,49.3,-125.2,49.154,-125.908,943,0.2161,166
TOFB,tofb,49.40_-124.70,49.4,-124.7,49.154,-125.908,853,0.4088,166
TOFB,tofb,49.40_-124.90,49.4,-124.9,49.154,-125.908,943,0.1451,166
TOFB,tofb,49.40_-125.00,49.4,-125.0,49.154,-125.908,943,0.1364,166
TOFB,tofb,49.40_-125.10,49.4,-125.1,49.154,-125.908,943,0.1218,166
TOFB,tofb,49.40_-125.20,49.4,-125.2,49.154,-125.908,943,0.1529,166
TOFB,tofb,49.40_-125.30,49.4,-125.3,49.154,-125.908,940,0.1336,166
TOFB,tofb,49.40_-125.40,49.4,-125.4,49.154,-125.908,943,0.1489,166
TOFB,tofb,49.40_-125.50,49.4,-125.5,49.154,-125.908,943,0.1408,166
TOFB,tofb,49.40_-125.60,49.4,-125.6,49.154,-125.908,394,0.2649,166
TOFB,tofb,49.50_-125.20,49.5,-125.2,49.154,-125.908,943,0.1325,166
TOFB,tofb,49.50_-125.60,49.5,-125.6,49.154,-125.908,886,0.2014,166
TOFB,tofb,49.60_-125.20,49.6,-125.2,49.154,-125.908,943,0.164,166
TOFB,tofb,49.80_-126.30,49.8,-126.3,49.154,-125.908,108,0.4096,166
TOFB,tofb,50.00_-126.60,50.0,-126.6,49.154,-125.908,921,0.1585,166
TOLE,tole,45.60_-123.20,45.6,-123.2,46.453,-122.845,2467,0.0184,167
TOLE,tole,45.60_-123.40,45.6,-123.4,46.453,-122.845,2441,0.0319,167
TOLE,tole,45.70_-123.20,45.7,-123.2,46.453,-122.845,2468,0.0274,167
TOLE,tole,45.70_-123.30,45.7,-123.3,46.453,-122.845,2468,0.0298,167
TOLE,tole,45.70_-123.40,45.7,-123.4,46.453,-122.845,2464,0.0238,167
TOLE,tole,45.80_-123.20,45.8,-123.2,46.453,-122.845,2468,0.0204,167
TOLE,tole,45.80_-123.30,45.8,-123.3,46.453,-122.845,2458,0.0215,167
TOLE,tole,45.90_-123.00,45.9,-123.0,46.453,-122.845,2468,0.0246,167
TOLE,tole,45.90_-123.20,45.9,-123.2,46.453,-122.845,2468,0.0288,167
TOLE,tole,45.90_-123.40,45.9,-123.4,46.453,-122.845,2467,0.022,167
TOLE,tole,45.90_-123.50,45.9,-123.5,46.453,-122.845,2448,0.0188,167
TOLE,tole,45.90_-123.60,45.9,-123.6,46.453,-122.845,1990,0.013,167
TOLE,tole,46.00_-123.00,46.0,-123.0,46.453,-122.845,2468,0.0284,167
TOLE,tole,46.00_-123.10,46.0,-123.1,46.453,-122.845,2444,0.0226,167
TOLE,tole,46.00_-123.20,46.0,-123.2,46.453,-122.845,2468,0.0273,167
TOLE,tole,46.00_-123.30,46.0,-123.3,46.453,-122.845,2350,0.0198,167
TOLE,tole,46.00_-123.50,46.0,-123.5,46.453,-122.845,2468,0.0246,167
TOLE,tole,46.10_-123.00,46.1,-123.0,46.453,-122.845,2468,0.0238,167
TOLE,tole,46.10_-123.20,46.1,-123.2,46.453,-122.845,2468,0.0302,167
TOLE,tole,46.10_-123.30,46.1,-123.3,46.453,-122.845,2468,0.028,167
TOLE,tole,46.20_-122.80,46.2,-122.8,46.453,-122.845,2468,0.0263,167
TOLE,tole,46.20_-123.00,46.2,-123.0,46.453,-122.845,2468,0.0261,167
TOLE,tole,46.20_-123.20,46.2,-123.2,46.453,-122.845,2011,0.0252,167
TOLE,tole,46.30_-123.20,46.3,-123.2,46.453,-122.845,2442,0.0256,167
TOLE,tole,46.40_-123.00,46.4,-123.0,46.453,-122.845,2468,0.0217,167
TOLE,tole,46.40_-123.10,46.4,-123.1,46.453,-122.845,2468,0.026,167
TOLE,tole,46.40_-123.20,46.4,-123.2,46.453,-122.845,2468,0.0243,167
TOLE,tole,46.40_-123.30,46.4,-123.3,46.453,-122.845,2463,0.018,167
TOLE,tole,46.50_-122.70,46.5,-122.7,46.453,-122.845,2462,0.0435,167
TOLE,tole,46.50_-123.10,46.5,-123.1,46.453,-122.845,2409,0.026,167
TOLE,tole,46.50_-123.20,46.5,-123.2,46.453,-122.845,2468,0.0225,167
TOLE,tole,46.50_-123.30,46.5,-123.3,46.453,-122.845,2468,0.0361,167
TOLE,tole,46.60_-122.80,46.6,-122.8,46.453,-122.845,2424,0.0279,167
TOLE,tole,46.60_-123.00,46.6,-123.0,46.453,-122.845,2436,0.0196,167
TOLE,tole,46.60_-123.10,46.6,-123.1,46.453,-122.845,2461,0.0338,167
TOLE,tole,46.70_-122.60,46.7,-122.6,46.453,-122.845,2445,0.0203,167
TOLE,tole,46.70_-122.80,46.7,-122.8,46.453,-122.845,2468,0.0212,167
TOLE,tole,46.80_-122.40,46.8,-122.4,46.453,-122.845,2468,0.0215,167
TOLE,tole,46.80_-122.60,46.8,-122.6,46.453,-122.845,2247,0.0184,167
TOLE,tole,46.80_-122.80,46.8,-122.8,46.453,-122.845,2468,0.0237,167
TOLE,tole,46.80_-123.10,46.8,-123.1,46.453,-122.845,2421,0.036,167
TOLE,tole,46.90_-122.60,46.9,-122.6,46.453,-122.845,2467,0.02,167
TOLE,tole,46.90_-122.80,46.9,-122.8,46.453,-122.845,2465,0.0211,167
TOLE,tole,46.90_-122.90,46.9,-122.9,46.453,-122.845,2450,0.02,167
TOLE,tole,46.90_-123.20,46.9,-123.2,46.453,-122.845,2452,0.0253,167
TOLE,tole,47.00_-122.50,47.0,-122.5,46.453,-122.845,2468,0.0228,167
TOLE,tole,47.00_-122.60,47.0,-122.6,46.453,-122.845,2468,0.0226,167
TOLE,tole,47.00_-122.80,47.0,-122.8,46.453,-122.845,2468,0.0215,167
TOLE,tole,47.00_-122.90,47.0,-122.9,46.453,-122.845,2468,0.0192,167
TOLE,tole,47.00_-123.00,47.0,-123.0,46.453,-122.845,2422,0.0227,167
TOLE,tole,47.00_-123.20,47.0,-123.2,46.453,-122.845,2468,0.0256,167
TOLE,tole,47.10_-122.60,47.1,-122.6,46.453,-122.845,2414,0.0192,167
TOLE,tole,47.10_-122.70,47.1,-122.7,46.453,-122.845,2377,0.021,167
TOLE,tole,47.10_-122.80,47.1,-122.8,46.453,-122.845,2467,0.022,167
TOLE,tole,47.10_-122.90,47.1,-122.9,46.453,-122.845,2468,0.0224,167
TOLE,tole,47.10_-123.00,47.1,-123.0,46.453,-122.845,2464,0.0233,167
TOLE,tole,47.10_-123.10,47.1,-123.1,46.453,-122.845,2467,0.0404,167
TOLE,tole,47.10_-123.20,47.1,-123.2,46.453,-122.845,2463,0.0221,167
TOLE,tole,47.20_-122.50,47.2,-122.5,46.453,-122.845,2391,0.0181,167
TOLE,tole,47.20_-122.60,47.2,-122.6,46.453,-122.845,2464,0.0223,167
TOLE,tole,47.20_-122.70,47.2,-122.7,46.453,-122.845,2457,0.0247,167
TOLE,tole,47.20_-122.80,47.2,-122.8,46.453,-122.845,2468,0.0224,167
TOLE,tole,47.20_-123.00,47.2,-123.0,46.453,-122.845,2468,0.0222,167
TOLE,tole,47.20_-123.10,47.2,-123.1,46.453,-122.845,2434,0.023,167
TOLE,tole,47.20_-123.20,47.2,-123.2,46.453,-122.845,2468,0.0291,167
TOLE,tole,47.30_-122.40,47.3,-122.4,46.453,-122.845,2406,0.0201,167
TOLE,tole,47.30_-122.60,47.3,-122.6,46.453,-122.845,2468,0.019,167
TOLE,tole,47.30_-122.70,47.3,-122.7,46.453,-122.845,2468,0.0215,167
TOLE,tole,47.30_-122.80,47.3,-122.8,46.453,-122.845,2464,0.0212,167
TOLE,tole,47.30_-123.10,47.3,-123.1,46.453,-122.845,2451,0.0219,167
TOLE,tole,47.40_-122.50,47.4,-122.5,46.453,-122.845,2468,0.0277,167
TOLE,tole,47.40_-122.60,47.4,-122.6,46.453,-122.845,2400,0.0204,167
TOLE,tole,47.40_-122.80,47.4,-122.8,46.453,-122.845,2467,0.0229,167
TOLE,tole,47.40_-123.00,47.4,-123.0,46.453,-122.845,2459,0.0246,167
TRIN,trin,40.20_-122.90,40.2,-122.9,40.974,-122.705,2781,0.3577,168
TRIN,trin,40.30_-122.70,40.3,-122.7,40.974,-122.705,670,0.4015,168
TRIN,trin,40.30_-122.80,40.3,-122.8,40.974,-122.705,1951,0.4962,168
TRIN,trin,40.40_-122.40,40.4,-122.4,40.974,-122.705,310,0.7892,168
TRIN,trin,40.40_-122.50,40.4,-122.5,40.974,-122.705,509,0.4815,168
TRIN,trin,40.40_-122.60,40.4,-122.6,40.974,-122.705,2524,0.2636,168
TRIN,trin,40.40_-122.70,40.4,-122.7,40.974,-122.705,1979,0.3042,168
TRIN,trin,40.50_-122.40,40.5,-122.4,40.974,-122.705,1894,0.311,168
TRIN,trin,40.70_-122.60,40.7,-122.6,40.974,-122.705,2454,0.2974,168
TRIN,trin,41.20_-123.00,41.2,-123.0,40.974,-122.705,1366,0.2985,168
TRIN,trin,41.40_-123.10,41.4,-123.1,40.974,-122.705,126,0.2838,168
TRIN,trin,41.50_-123.30,41.5,-123.3,40.974,-122.705,2231,0.3617,168
TRIN,trin,41.60_-123.00,41.6,-123.0,40.974,-122.705,2401,0.3671,168
TRIN,trin,41.60_-123.10,41.6,-123.1,40.974,-122.705,1125,0.3915,168
TRIN,trin,41.60_-123.20,41.6,-123.2,40.974,-122.705,2689,0.2327,168
TRIN,trin,41.60_-123.30,41.6,-123.3,40.974,-122.705,875,0.4756,168
TRIN,trin,41.60_-123.40,41.6,-123.4,40.974,-122.705,1938,0.382,168
TRIN,trin,41.70_-123.20,41.7,-123.2,40.974,-122.705,2302,0.2919,168
TRIN,trin,41.70_-123.40,41.7,-123.4,40.974,-122.705,220,0.5605,168
TRIN,trin,41.80_-123.30,41.8,-123.3,40.974,-122.705,2665,0.3543,168
TRIN,trin,41.80_-123.40,41.8,-123.4,40.974,-122.705,2400,0.3135,168
TRIPT,tript,45.20_-123.00,45.2,-123.0,45.63,-123.644,1547,0.1855,169
TRIPT,tript,45.20_-123.10,45.2,-123.1,45.63,-123.644,1504,0.2325,169
TRIPT,tript,45.20_-123.20,45.2,-123.2,45.63,-123.644,1578,0.1002,169
TRIPT,tript,45.30_-123.20,45.3,-123.2,45.63,-123.644,1572,0.1341,169
TRIPT,tript,45.40_-122.90,45.4,-122.9,45.63,-123.644,1540,0.1671,169
TRIPT,tript,45.40_-123.20,45.4,-123.2,45.63,-123.644,1542,0.2083,169
TRIPT,tript,45.50_-123.20,45.5,-123.2,45.63,-123.644,1562,0.1202,169
TRIPT,tript,45.80_-123.20,45.8,-123.2,45.63,-123.644,1320,0.137,169
TRIPT,tript,45.90_-123.00,45.9,-123.0,45.63,-123.644,1583,0.1398,169
TRIPT,tript,46.00_-123.10,46.0,-123.1,45.63,-123.644,1304,0.1797,169
TRIPT,tript,46.00_-123.20,46.0,-123.2,45.63,-123.644,1575,0.1103,169
TXDB,txdb,48.80_-123.80,48.8,-123.8,49.698,-124.438,1888,0.1501,170
TXDB,txdb,48.80_-124.10,48.8,-124.1,49.698,-124.438,1888,0.1723,170
TXDB,txdb,48.80_-124.20,48.8,-124.2,49.698,-124.438,1888,0.1573,170
TXDB,txdb,48.80_-124.30,48.8,-124.3,49.698,-124.438,1888,0.162,170
TXDB,txdb,48.80_-124.40,48.8,-124.4,49.698,-124.438,1888,0.1694,170
TXDB,txdb,48.80_-124.50,48.8,-124.5,49.698,-124.438,1888,0.1311,170
TXDB,txdb,48.80_-124.60,48.8,-124.6,49.698,-124.438,1888,0.2049,170
TXDB,txdb,48.90_-123.60,48.9,-123.6,49.698,-124.438,1885,0.1028,170
TXDB,txdb,48.90_-123.70,48.9,-123.7,49.698,-124.438,1888,0.1052,170
TXDB,txdb,48.90_-123.80,48.9,-123.8,49.698,-124.438,1888,0.1763,170
TXDB,txdb,48.90_-123.90,48.9,-123.9,49.698,-124.438,1888,0.1868,170
TXDB,txdb,48.90_-124.30,48.9,-124.3,49.698,-124.438,1888,0.2464,170
TXDB,txdb,48.90_-124.40,48.9,-124.4,49.698,-124.438,1888,0.1853,170
TXDB,txdb,48.90_-124.50,48.9,-124.5,49.698,-124.438,1888,0.1999,170
TXDB,txdb,48.90_-124.70,48.9,-124.7,49.698,-124.438,1887,0.2001,170
TXDB,txdb,49.00_-123.80,49.0,-123.8,49.698,-124.438,1888,0.1724,170
TXDB,txdb,49.00_-123.90,49.0,-123.9,49.698,-124.438,1888,0.1826,170
TXDB,txdb,49.00_-124.10,49.0,-124.1,49.698,-124.438,1888,0.241,170
TXDB,txdb,49.00_-124.30,49.0,-124.3,49.698,-124.438,1880,0.1241,170
TXDB,txdb,49.00_-124.40,49.0,-124.4,49.698,-124.438,1888,0.154,170
TXDB,txdb,49.00_-124.50,49.0,-124.5,49.698,-124.438,1888,0.1768,170
TXDB,txdb,49.00_-124.60,49.0,-124.6,49.698,-124.438,1888,0.1324,170
TXDB,txdb,49.00_-124.70,49.0,-124.7,49.698,-124.438,1888,0.151,170
TXDB,txdb,49.00_-124.80,49.0,-124.8,49.698,-124.438,1888,0.1862,170
TXDB,txdb,49.00_-124.90,49.0,-124.9,49.698,-124.438,1887,0.1651,170
TXDB,txdb,49.10_-124.60,49.1,-124.6,49.698,-124.438,1888,0.1587,170
TXDB,txdb,49.10_-124.70,49.1,-124.7,49.698,-124.438,1887,0.1864,170
TXDB,txdb,49.10_-124.80,49.1,-124.8,49.698,-124.438,1888,0.15,170
TXDB,txdb,49.10_-124.90,49.1,-124.9,49.698,-124.438,1888,0.18,170
TXDB,txdb,49.10_-125.00,49.1,-125.0,49.698,-124.438,1888,0.1931,170
TXDB,txdb,49.10_-125.10,49.1,-125.1,49.698,-124.438,1829,0.1494,170
TXDB,txdb,49.20_-124.60,49.2,-124.6,49.698,-124.438,1888,0.1883,170
TXDB,txdb,49.20_-124.70,49.2,-124.7,49.698,-124.438,1888,0.1942,170
TXDB,txdb,49.20_-124.80,49.2,-124.8,49.698,-124.438,1888,0.1634,170
TXDB,txdb,49.20_-125.00,49.2,-125.0,49.698,-124.438,1888,0.1802,170
TXDB,txdb,49.20_-125.10,49.2,-125.1,49.698,-124.438,1887,0.1667,170
TXDB,txdb,49.30_-124.80,49.3,-124.8,49.698,-124.438,476,0.2658,170
TXDB,txdb,49.30_-125.00,49.3,-125.0,49.698,-124.438,1888,0.1417,170
TXDB,txdb,49.30_-125.10,49.3,-125.1,49.698,-124.438,1888,0.231,170
TXDB,txdb,49.30_-125.20,49.3,-125.2,49.698,-124.438,1888,0.1643,170
TXDB,txdb,49.30_-125.60,49.3,-125.6,49.698,-124.438,1888,0.1778,170
TXDB,txdb,49.40_-124.80,49.4,-124.8,49.698,-124.438,1887,0.2466,170
TXDB,txdb,49.40_-125.00,49.4,-125.0,49.698,-124.438,1888,0.1738,170
TXDB,txdb,49.40_-125.10,49.4,-125.1,49.698,-124.438,1888,0.239,170
TXDB,txdb,49.40_-125.20,49.4,-125.2,49.698,-124.438,1888,0.1899,170
TXDB,txdb,49.40_-125.30,49.4,-125.3,49.698,-124.438,1888,0.181,170
TXDB,txdb,49.40_-125.40,49.4,-125.4,49.698,-124.438,1888,0.1092,170
TXDB,txdb,49.40_-125.50,49.4,-125.5,49.698,-124.438,1888,0.1687,170
TXDB,txdb,49.40_-125.60,49.4,-125.6,49.698,-124.438,1888,0.1788,170
TXDB,txdb,49.40_-125.70,49.4,-125.7,49.698,-124.438,1888,0.1053,170
TXDB,txdb,49.50_-125.20,49.5,-125.2,49.698,-124.438,1888,0.173,170
TXDB,txdb,49.50_-125.60,49.5,-125.6,49.698,-124.438,1888,0.2434,170
TXDB,txdb,49.60_-125.80,49.6,-125.8,49.698,-124.438,1882,0.1726,170
UCHR,uchr,44.10_-123.40,44.1,-123.4,44.835,-123.871,528,0.3206,171
UCHR,uchr,44.40_-123.60,44.4,-123.6,44.835,-123.871,380,0.4524,171
UCHR,uchr,44.50_-123.60,44.5,-123.6,44.835,-123.871,1061,0.2913,171
UCHR,uchr,44.60_-123.60,44.6,-123.6,44.835,-123.871,525,0.3518,171
UCHR,uchr,44.60_-124.00,44.6,-124.0,44.835,-123.871,248,0.603,171
UCHR,uchr,45.10_-123.40,45.1,-123.4,44.835,-123.871,1217,0.1429,171
UCHR,uchr,45.20_-123.20,45.2,-123.2,44.835,-123.871,488,0.1477,171
UCHR,uchr,45.30_-123.20,45.3,-123.2,44.835,-123.871,1185,0.1314,171
UCHR,uchr,45.40_-123.00,45.4,-123.0,44.835,-123.871,1055,0.209,171
UCHR,uchr,45.40_-123.30,45.4,-123.3,44.835,-123.871,1113,0.1633,171
UCHR,uchr,45.50_-123.20,45.5,-123.2,44.835,-123.871,807,0.2245,171
VERN,vern,45.00_-123.30,45.0,-123.3,45.853,-123.248,2519,0.2373,172
VERN,vern,45.00_-123.40,45.0,-123.4,45.853,-123.248,1717,0.2018,172
VERN,vern,45.00_-123.50,45.0,-123.5,45.853,-123.248,962,0.2352,172
VERN,vern,45.10_-123.20,45.1,-123.2,45.853,-123.248,1164,0.3762,172
VERN,vern,45.10_-123.30,45.1,-123.3,45.853,-123.248,2603,0.1264,172
VERN,vern,45.10_-123.40,45.1,-123.4,45.853,-123.248,2669,0.1047,172
VERN,vern,45.20_-123.00,45.2,-123.0,45.853,-123.248,1086,0.5209,172
VERN,vern,45.20_-123.20,45.2,-123.2,45.853,-123.248,2568,0.1355,172
VERN,vern,45.20_-123.30,45.2,-123.3,45.853,-123.248,2646,0.1495,172
VERN,vern,45.30_-123.20,45.3,-123.2,45.853,-123.248,2695,0.124,172
VERN,vern,45.30_-123.40,45.3,-123.4,45.853,-123.248,2352,0.1964,172
VERN,vern,45.40_-123.00,45.4,-123.0,45.853,-123.248,2002,0.149,172
VERN,vern,45.40_-123.10,45.4,-123.1,45.853,-123.248,2696,0.1172,172
VERN,vern,45.40_-123.20,45.4,-123.2,45.853,-123.248,2591,0.1553,172
VERN,vern,45.40_-123.30,45.4,-123.3,45.853,-123.248,2748,0.1337,172
VERN,vern,45.40_-123.40,45.4,-123.4,45.853,-123.248,2407,0.2029,172
VERN,vern,45.40_-123.50,45.4,-123.5,45.853,-123.248,2135,0.1995,172
VERN,vern,45.50_-123.30,45.5,-123.3,45.853,-123.248,2701,0.1139,172
VERN,vern,45.50_-123.40,45.5,-123.4,45.853,-123.248,2453,0.2251,172
VERN,vern,45.60_-123.00,45.6,-123.0,45.853,-123.248,2344,0.2187,172
VERN,vern,45.60_-123.20,45.6,-123.2,45.853,-123.248,2491,0.1617,172
VERN,vern,45.60_-123.30,45.6,-123.3,45.853,-123.248,2745,0.1422,172
VERN,vern,45.60_-123.40,45.6,-123.4,45.853,-123.248,2611,0.1801,172
VERN,vern,45.70_-123.30,45.7,-123.3,45.853,-123.248,2719,0.1238,172
VERN,vern,45.70_-123.40,45.7,-123.4,45.853,-123.248,1974,0.2563,172
VERN,vern,45.80_-123.20,45.8,-123.2,45.853,-123.248,2681,0.1356,172
VERN,vern,45.80_-123.30,45.8,-123.3,45.853,-123.248,2748,0.1155,172
VERN,vern,45.80_-123.40,45.8,-123.4,45.853,-123.248,2638,0.173,172
VERN,vern,45.90_-123.20,45.9,-123.2,45.853,-123.248,443,0.3189,172
VERN,vern,46.50_-123.20,46.5,-123.2,45.853,-123.248,2308,0.1518,172
VGZ,vgz,48.00_-123.10,48.0,-123.1,48.413,-123.325,3795,0.3988,173
VGZ,vgz,48.20_-123.00,48.2,-123.0,48.413,-123.325,5185,0.2682,173
VGZ,vgz,48.50_-123.90,48.5,-123.9,48.413,-123.325,5421,0.0879,173
VGZ,vgz,48.60_-124.20,48.6,-124.2,48.413,-123.325,4909,0.2162,173
VGZ,vgz,48.80_-124.20,48.8,-124.2,48.413,-123.325,4540,0.1664,173
VGZ,vgz,48.80_-124.30,48.8,-124.3,48.413,-123.325,4384,0.1984,173
VGZ,vgz,48.80_-124.40,48.8,-124.4,48.413,-123.325,5600,0.1574,173
VGZ,vgz,49.00_-124.20,49.0,-124.2,48.413,-123.325,3262,0.2,173
VGZ,vgz,49.00_-124.40,49.0,-124.4,48.413,-123.325,5178,0.3581,173
VGZ,vgz,49.00_-124.60,49.0,-124.6,48.413,-123.325,5608,0.1858,173
VGZ,vgz,49.10_-124.60,49.1,-124.6,48.413,-123.325,3931,0.2625,173
VINO,vino,42.50_-123.40,42.5,-123.4,43.428,-123.422,2180,0.1337,174
VINO,vino,42.60_-123.30,42.6,-123.3,43.428,-123.422,2180,0.1245,174
VINO,vino,42.60_-123.40,42.6,-123.4,43.428,-123.422,2180,0.1385,174
VINO,vino,42.60_-123.50,42.6,-123.5,43.428,-123.422,2180,0.1527,174
VINO,vino,42.60_-123.60,42.6,-123.6,43.428,-123.422,2175,0.1242,174
VINO,vino,42.70_-123.60,42.7,-123.6,43.428,-123.422,2180,0.1166,174
VINO,vino,42.80_-123.20,42.8,-123.2,43.428,-123.422,2180,0.0549,174
VINO,vino,42.80_-123.40,42.8,-123.4,43.428,-123.422,2180,0.1888,174
VINO,vino,42.80_-123.50,42.8,-123.5,43.428,-123.422,2180,0.0858,174
VINO,vino,42.90_-123.20,42.9,-123.2,43.428,-123.422,2180,0.2121,174
VINO,vino,42.90_-123.40,42.9,-123.4,43.428,-123.422,2180,0.0459,174
VINO,vino,43.00_-123.40,43.0,-123.4,43.428,-123.422,2180,0.1782,174
VINO,vino,43.00_-123.50,43.0,-123.5,43.428,-123.422,2180,0.1345,174
VINO,vino,43.00_-123.60,43.0,-123.6,43.428,-123.422,2180,0.1523,174
VINO,vino,43.00_-123.70,43.0,-123.7,43.428,-123.422,1410,0.2352,174
VINO,vino,43.10_-123.30,43.1,-123.3,43.428,-123.422,2180,0.1026,174
VINO,vino,43.10_-123.40,43.1,-123.4,43.428,-123.422,2180,0.0821,174
VINO,vino,43.10_-123.50,43.1,-123.5,43.428,-123.422,2180,0.1337,174
VINO,vino,43.10_-123.60,43.1,-123.6,43.428,-123.422,2180,0.0923,174
VINO,vino,43.20_-123.30,43.2,-123.3,43.428,-123.422,2154,0.1806,174
VINO,vino,43.20_-123.40,43.2,-123.4,43.428,-123.422,2180,0.126,174
VINO,vino,43.20_-123.50,43.2,-123.5,43.428,-123.422,2180,0.1358,174
VINO,vino,43.20_-123.60,43.2,-123.6,43.428,-123.422,2180,0.0907,174
VINO,vino,43.30_-123.40,43.3,-123.4,43.428,-123.422,2143,0.125,174
VINO,vino,43.30_-123.70,43.3,-123.7,43.428,-123.422,2130,0.1847,174
VINO,vino,43.40_-123.30,43.4,-123.3,43.428,-123.422,2180,0.0607,174
VINO,vino,43.40_-123.40,43.4,-123.4,43.428,-123.422,2180,0.1801,174
VINO,vino,43.40_-123.60,43.4,-123.6,43.428,-123.422,2180,0.091,174
VINO,vino,43.40_-123.90,43.4,-123.9,43.428,-123.422,2180,0.1387,174
VINO,vino,43.50_-123.60,43.5,-123.6,43.428,-123.422,2180,0.1546,174
VINO,vino,43.60_-123.30,43.6,-123.3,43.428,-123.422,2178,0.109,174
VINO,vino,43.60_-123.40,43.6,-123.4,43.428,-123.422,2180,0.1619,174
VINO,vino,43.60_-123.60,43.6,-123.6,43.428,-123.422,2180,0.101,174
VINO,vino,43.70_-123.60,43.7,-123.6,43.428,-123.422,2180,0.095,174
VINO,vino,43.80_-123.40,43.8,-123.4,43.428,-123.422,2180,0.1618,174
VINO,vino,43.80_-123.50,43.8,-123.5,43.428,-123.422,2180,0.1252,174
VINO,vino,43.80_-124.00,43.8,-124.0,43.428,-123.422,1931,0.362,174
VINO,vino,44.00_-123.60,44.0,-123.6,43.428,-123.422,496,0.1692,174
VINO,vino,44.10_-123.60,44.1,-123.6,43.428,-123.422,2180,0.1701,174
VINO,vino,44.20_-123.60,44.2,-123.6,43.428,-123.422,2179,0.1905,174
VINO,vino,44.20_-123.80,44.2,-123.8,43.428,-123.422,829,0.2149,174
VINO,vino,44.30_-123.60,44.3,-123.6,43.428,-123.422,2179,0.1627,174
VITI,viti,43.40_-123.40,43.4,-123.4,44.282,-123.318,2253,0.1169,175
VITI,viti,43.40_-123.60,43.4,-123.6,44.282,-123.318,2246,0.1099,175
VITI,viti,43.50_-123.40,43.5,-123.4,44.282,-123.318,2251,0.1129,175
VITI,viti,43.50_-123.60,43.5,-123.6,44.282,-123.318,2253,0.065,175
VITI,viti,43.50_-123.80,43.5,-123.8,44.282,-123.318,2253,0.1033,175
VITI,viti,43.60_-123.30,43.6,-123.3,44.282,-123.318,2250,0.1006,175
VITI,viti,43.60_-123.40,43.6,-123.4,44.282,-123.318,2251,0.0732,175
VITI,viti,43.60_-123.50,43.6,-123.5,44.282,-123.318,2253,0.0996,175
VITI,viti,43.60_-123.60,43.6,-123.6,44.282,-123.318,2251,0.0936,175
VITI,viti,43.60_-123.80,43.6,-123.8,44.282,-123.318,2251,0.1346,175
VITI,viti,43.70_-123.60,43.7,-123.6,44.282,-123.318,2253,0.1323,175
VITI,viti,43.80_-123.30,43.8,-123.3,44.282,-123.318,2253,0.0916,175
VITI,viti,43.80_-123.40,43.8,-123.4,44.282,-123.318,2253,0.1403,175
VITI,viti,43.80_-123.60,43.8,-123.6,44.282,-123.318,2251,0.0841,175
VITI,viti,43.80_-123.80,43.8,-123.8,44.282,-123.318,2090,0.1123,175
VITI,viti,43.90_-123.20,43.9,-123.2,44.282,-123.318,2253,0.1015,175
VITI,viti,43.90_-123.40,43.9,-123.4,44.282,-123.318,2253,0.1515,175
VITI,viti,44.00_-123.20,44.0,-123.2,44.282,-123.318,2250,0.0963,175
VITI,viti,44.00_-123.30,44.0,-123.3,44.282,-123.318,2253,0.0799,175
VITI,viti,44.00_-123.40,44.0,-123.4,44.282,-123.318,2249,0.0714,175
VITI,viti,44.00_-123.50,44.0,-123.5,44.282,-123.318,2252,0.1138,175
VITI,viti,44.00_-123.60,44.0,-123.6,44.282,-123.318,2251,0.0853,175
VITI,viti,44.00_-123.70,44.0,-123.7,44.282,-123.318,2251,0.0556,175
VITI,viti,44.10_-123.30,44.1,-123.3,44.282,-123.318,2253,0.1185,175
VITI,viti,44.10_-123.40,44.1,-123.4,44.282,-123.318,2253,0.1412,175
VITI,viti,44.10_-123.60,44.1,-123.6,44.282,-123.318,2252,0.165,175
VITI,viti,44.20_-123.40,44.2,-123.4,44.282,-123.318,2253,0.1596,175
VITI,viti,44.20_-123.50,44.2,-123.5,44.282,-123.318,2253,0.0834,175
VITI,viti,44.20_-123.60,44.2,-123.6,44.282,-123.318,2252,0.0815,175
VITI,viti,44.30_-123.30,44.3,-123.3,44.282,-123.318,2251,0.1371,175
VITI,viti,44.30_-123.50,44.3,-123.5,44.282,-123.318,2251,0.085,175
VITI,viti,44.30_-123.70,44.3,-123.7,44.282,-123.318,2251,0.1246,175
VITI,viti,44.30_-123.80,44.3,-123.8,44.282,-123.318,2253,0.1113,175
VITI,viti,44.40_-123.40,44.4,-123.4,44.282,-123.318,2252,0.0775,175
VITI,viti,44.40_-123.50,44.4,-123.5,44.282,-123.318,2252,0.1633,175
VITI,viti,44.40_-123.60,44.4,-123.6,44.282,-123.318,2253,0.0823,175
VITI,viti,44.40_-123.70,44.4,-123.7,44.282,-123.318,2249,0.0852,175
VITI,viti,44.40_-123.80,44.4,-123.8,44.282,-123.318,2251,0.1153,175
VITI,viti,44.50_-123.20,44.5,-123.2,44.282,-123.318,2250,0.0975,175
VITI,viti,44.50_-123.30,44.5,-123.3,44.282,-123.318,2253,0.0436,175
VITI,viti,44.50_-123.40,44.5,-123.4,44.282,-123.318,2253,0.1415,175
VITI,viti,44.50_-123.60,44.5,-123.6,44.282,-123.318,2253,0.1173,175
VITI,viti,44.50_-123.70,44.5,-123.7,44.282,-123.318,2250,0.0949,175
VITI,viti,44.50_-123.90,44.5,-123.9,44.282,-123.318,2253,0.0993,175
VITI,viti,44.50_-124.00,44.5,-124.0,44.282,-123.318,2251,0.1225,175
VITI,viti,44.60_-123.40,44.6,-123.4,44.282,-123.318,2250,0.0677,175
VITI,viti,44.60_-123.60,44.6,-123.6,44.282,-123.318,2253,0.0453,175
VITI,viti,44.60_-123.70,44.6,-123.7,44.282,-123.318,2251,0.0836,175
VITI,viti,44.60_-123.80,44.6,-123.8,44.282,-123.318,2253,0.063,175
VITI,viti,44.70_-123.60,44.7,-123.6,44.282,-123.318,2251,0.0452,175
VITI,viti,44.70_-123.70,44.7,-123.7,44.282,-123.318,2251,0.1426,175
VITI,viti,44.80_-123.20,44.8,-123.2,44.282,-123.318,2251,0.0849,175
VITI,viti,44.80_-123.30,44.8,-123.3,44.282,-123.318,2252,0.0836,175
VITI,viti,44.80_-123.50,44.8,-123.5,44.282,-123.318,2253,0.0948,175
VITI,viti,44.80_-123.60,44.8,-123.6,44.282,-123.318,2252,0.1127,175
VITI,viti,44.90_-123.30,44.9,-123.3,44.282,-123.318,1820,0.1336,175
VITI,viti,44.90_-123.40,44.9,-123.4,44.282,-123.318,2251,0.0731,175
VITI,viti,44.90_-123.60,44.9,-123.6,44.282,-123.318,2253,0.2599,175
VITI,viti,44.90_-123.70,44.9,-123.7,44.282,-123.318,2253,0.1502,175
VITI,viti,45.00_-123.20,45.0,-123.2,44.282,-123.318,2253,0.0866,175
VITI,viti,45.00_-123.30,45.0,-123.3,44.282,-123.318,2253,0.0777,175
VITI,viti,45.00_-123.60,45.0,-123.6,44.282,-123.318,2253,0.1872,175
VITI,viti,45.00_-123.70,45.0,-123.7,44.282,-123.318,2253,0.1379,175
VITI,viti,45.10_-123.20,45.1,-123.2,44.282,-123.318,2231,0.0682,175
VITI,viti,45.10_-123.30,45.1,-123.3,44.282,-123.318,2253,0.0578,175
VITI,viti,45.10_-123.50,45.1,-123.5,44.282,-123.318,2253,0.1423,175
VITI,viti,45.10_-123.60,45.1,-123.6,44.282,-123.318,2252,0.0696,175
VOIT,voit,46.20_-123.20,46.2,-123.2,46.966,-121.983,2128,0.0964,176
VOIT,voit,46.40_-123.20,46.4,-123.2,46.966,-121.983,2128,0.0604,176
VOIT,voit,46.50_-123.30,46.5,-123.3,46.966,-121.983,2128,0.0994,176
VOIT,voit,46.70_-123.10,46.7,-123.1,46.966,-121.983,2127,0.0838,176
VOIT,voit,46.80_-122.80,46.8,-122.8,46.966,-121.983,2128,0.0872,176
VOIT,voit,46.80_-123.00,46.8,-123.0,46.966,-121.983,2128,0.0736,176
VOIT,voit,46.80_-123.20,46.8,-123.2,46.966,-121.983,2128,0.1183,176
VOIT,voit,46.90_-122.70,46.9,-122.7,46.966,-121.983,2128,0.0796,176
VOIT,voit,46.90_-122.80,46.9,-122.8,46.966,-121.983,2127,0.079,176
VOIT,voit,46.90_-123.00,46.9,-123.0,46.966,-121.983,2115,0.1168,176
VOIT,voit,47.00_-122.80,47.0,-122.8,46.966,-121.983,2119,0.0602,176
VOIT,voit,47.00_-123.00,47.0,-123.0,46.966,-121.983,2128,0.0716,176
VOIT,voit,47.00_-123.20,47.0,-123.2,46.966,-121.983,2128,0.064,176
VOIT,voit,47.10_-122.80,47.1,-122.8,46.966,-121.983,2128,0.0743,176
VOIT,voit,47.10_-123.00,47.1,-123.0,46.966,-121.983,2127,0.0783,176
VOIT,voit,47.10_-123.10,47.1,-123.1,46.966,-121.983,2126,0.0579,176
VOIT,voit,47.10_-123.20,47.1,-123.2,46.966,-121.983,2128,0.0643,176
VOIT,voit,47.20_-122.70,47.2,-122.7,46.966,-121.983,2116,0.1663,176
VOIT,voit,47.20_-122.90,47.2,-122.9,46.966,-121.983,2128,0.0921,176
VOIT,voit,47.20_-123.00,47.2,-123.0,46.966,-121.983,2128,0.0813,176
VOIT,voit,47.20_-123.10,47.2,-123.1,46.966,-121.983,2128,0.1113,176
VOIT,voit,47.20_-123.20,47.2,-123.2,46.966,-121.983,2128,0.1055,176
VOIT,voit,47.30_-123.00,47.3,-123.0,46.966,-121.983,2128,0.0617,176
VOIT,voit,47.30_-123.10,47.3,-123.1,46.966,-121.983,2121,0.0576,176
VOIT,voit,47.40_-122.60,47.4,-122.6,46.966,-121.983,2127,0.1354,176
VOIT,voit,47.40_-122.80,47.4,-122.8,46.966,-121.983,2102,0.0818,176
VOIT,voit,47.40_-122.90,47.4,-122.9,46.966,-121.983,2128,0.095,176
VOIT,voit,47.40_-123.00,47.4,-123.0,46.966,-121.983,2128,0.0828,176
VOIT,voit,47.40_-123.10,47.4,-123.1,46.966,-121.983,2104,0.0804,176
VOIT,voit,47.50_-123.10,47.5,-123.1,46.966,-121.983,2127,0.1221,176
VOIT,voit,47.60_-122.70,47.6,-122.7,46.966,-121.983,2128,0.0791,176
VOIT,voit,47.60_-123.00,47.6,-123.0,46.966,-121.983,2128,0.1405,176
VOIT,voit,47.60_-123.10,47.6,-123.1,46.966,-121.983,2128,0.0994,176
VOIT,voit,47.70_-123.20,47.7,-123.2,46.966,-121.983,2128,0.075,176
VOIT,voit,47.80_-122.80,47.8,-122.8,46.966,-121.983,2127,0.145,176
VOIT,voit,47.80_-123.00,47.8,-123.0,46.966,-121.983,2128,0.1124,176
VOIT,voit,47.80_-123.10,47.8,-123.1,46.966,-121.983,2128,0.1348,176
VOIT,voit,47.80_-123.20,47.8,-123.2,46.966,-121.983,2128,0.0522,176
VOIT,voit,47.80_-123.30,47.8,-123.3,46.966,-121.983,2120,0.051,176
WHGC,whgc,45.80_-123.10,45.8,-123.1,46.656,-123.73,1600,0.0649,177
WHGC,whgc,45.80_-123.20,45.8,-123.2,46.656,-123.73,1605,0.086,177
WHGC,whgc,45.90_-123.00,45.9,-123.0,46.656,-123.73,1557,0.0668,177
WHGC,whgc,45.90_-123.20,45.9,-123.2,46.656,-123.73,1237,0.1445,177
WHGC,whgc,45.90_-123.40,45.9,-123.4,46.656,-123.73,1348,0.1299,177
WHGC,whgc,46.10_-123.20,46.1,-123.2,46.656,-123.73,1222,0.0929,177
WHGC,whgc,46.20_-123.10,46.2,-123.1,46.656,-123.73,1259,0.1008,177
WHGC,whgc,46.30_-123.00,46.3,-123.0,46.656,-123.73,1558,0.1589,177
WHGC,whgc,46.30_-123.20,46.3,-123.2,46.656,-123.73,1358,0.1265,177
WHGC,whgc,46.30_-123.30,46.3,-123.3,46.656,-123.73,1516,0.1738,177
WHGC,whgc,46.50_-122.80,46.5,-122.8,46.656,-123.73,1325,0.1208,177
WHGC,whgc,46.50_-123.00,46.5,-123.0,46.656,-123.73,1610,0.1095,177
WHGC,whgc,46.50_-123.20,46.5,-123.2,46.656,-123.73,1563,0.0614,177
WHGC,whgc,46.50_-123.30,46.5,-123.3,46.656,-123.73,56,0.1418,177
WHGC,whgc,46.60_-123.10,46.6,-123.1,46.656,-123.73,423,0.2657,177
WHGC,whgc,46.60_-123.20,46.6,-123.2,46.656,-123.73,1613,0.0707,177
WHGC,whgc,46.80_-122.60,46.8,-122.6,46.656,-123.73,1617,0.0712,177
WHGC,whgc,46.80_-122.70,46.8,-122.7,46.656,-123.73,1595,0.0696,177
WHGC,whgc,46.80_-123.00,46.8,-123.0,46.656,-123.73,1532,0.2312,177
WHGC,whgc,47.00_-122.70,47.0,-122.7,46.656,-123.73,1597,0.1235,177
WHGC,whgc,47.00_-122.80,47.0,-122.8,46.656,-123.73,1244,0.1207,177
WHGC,whgc,47.10_-122.80,47.1,-122.8,46.656,-123.73,1574,0.0936,177
WHGC,whgc,47.10_-123.00,47.1,-123.0,46.656,-123.73,1598,0.0655,177
WHGC,whgc,47.10_-123.20,47.1,-123.2,46.656,-123.73,1476,0.1757,177
WHGC,whgc,47.20_-123.00,47.2,-123.0,46.656,-123.73,1583,0.1412,177
WHGC,whgc,47.30_-122.60,47.3,-122.6,46.656,-123.73,1507,0.0758,177
WHGC,whgc,47.30_-123.30,47.3,-123.3,46.656,-123.73,1611,0.0721,177
WHGC,whgc,47.40_-122.60,47.4,-122.6,46.656,-123.73,1617,0.0795,177
WHGC,whgc,47.40_-122.80,47.4,-122.8,46.656,-123.73,1602,0.0796,177
WHGC,whgc,47.40_-122.90,47.4,-122.9,46.656,-123.73,1489,0.1952,177
WHGC,whgc,47.40_-123.00,47.4,-123.0,46.656,-123.73,1506,0.1142,177
WHGC,whgc,47.50_-122.70,47.5,-122.7,46.656,-123.73,1307,0.0809,177
WHGC,whgc,47.50_-122.80,47.5,-122.8,46.656,-123.73,1619,0.1106,177
WHGC,whgc,47.50_-123.00,47.5,-123.0,46.656,-123.73,1605,0.0816,177
WIKI,wiki,45.20_-123.10,45.2,-123.1,46.106,-123.585,2064,0.2165,178
WIKI,wiki,45.20_-123.30,45.2,-123.3,46.106,-123.585,2020,0.2821,178
WIKI,wiki,45.20_-123.40,45.2,-123.4,46.106,-123.585,2031,0.1494,178
WIKI,wiki,45.30_-123.20,45.3,-123.2,46.106,-123.585,2059,0.1642,178
WIKI,wiki,45.40_-123.20,45.4,-123.2,46.106,-123.585,2060,0.1241,178
WIKI,wiki,45.40_-123.30,45.4,-123.3,46.106,-123.585,2062,0.1685,178
WIKI,wiki,45.40_-123.40,45.4,-123.4,46.106,-123.585,1078,0.3911,178
WIKI,wiki,45.50_-123.40,45.5,-123.4,46.106,-123.585,2063,0.1133,178
WIKI,wiki,45.60_-123.20,45.6,-123.2,46.106,-123.585,2053,0.1128,178
WIKI,wiki,45.60_-123.40,45.6,-123.4,46.106,-123.585,2063,0.1272,178
WIKI,wiki,45.80_-123.30,45.8,-123.3,46.106,-123.585,2053,0.1669,178
WIKI,wiki,46.40_-123.30,46.4,-123.3,46.106,-123.585,2060,0.1567,178
WIKI,wiki,46.50_-123.20,46.5,-123.2,46.106,-123.585,2020,0.1207,178
WIKI,wiki,46.50_-123.30,46.5,-123.3,46.106,-123.585,2061,0.1492,178
WIKI,wiki,46.60_-123.00,46.6,-123.0,46.106,-123.585,2061,0.1482,178
WIKI,wiki,46.80_-123.20,46.8,-123.2,46.106,-123.585,2064,0.1602,178
WIKI,wiki,46.80_-123.30,46.8,-123.3,46.106,-123.585,2062,0.1298,178
WIKI,wiki,46.90_-123.00,46.9,-123.0,46.106,-123.585,2059,0.0942,178
WIKI,wiki,47.00_-123.40,47.0,-123.4,46.106,-123.585,2062,0.2846,178
WINDI,windi,47.50_-123.00,47.5,-123.0,47.314,-123.332,1551,0.1487,179
WINDI,windi,47.60_-122.80,47.6,-122.8,47.314,-123.332,1642,0.1284,179
WINDI,windi,47.60_-123.00,47.6,-123.0,47.314,-123.332,1664,0.2402,179
WINDI,windi,47.70_-122.70,47.7,-122.7,47.314,-123.332,1008,0.2527,179
WINDI,windi,47.70_-122.80,47.7,-122.8,47.314,-123.332,1607,0.1102,179
WINDI,windi,47.70_-123.10,47.7,-123.1,47.314,-123.332,1580,0.1585,179
WINDI,windi,47.70_-123.30,47.7,-123.3,47.314,-123.332,1452,0.2254,179
WINDI,windi,47.80_-122.80,47.8,-122.8,47.314,-123.332,1414,0.1626,179
WINDI,windi,47.80_-122.90,47.8,-122.9,47.314,-123.332,1498,0.1449,179
WINDI,windi,47.80_-123.00,47.8,-123.0,47.314,-123.332,1630,0.1649,179
WINDI,windi,47.80_-123.10,47.8,-123.1,47.314,-123.332,1636,0.1039,179
WINDI,windi,47.80_-123.20,47.8,-123.2,47.314,-123.332,1664,0.1407,179
WINDI,windi,47.80_-123.30,47.8,-123.3,47.314,-123.332,1608,0.1828,179
WINDI,windi,47.80_-123.40,47.8,-123.4,47.314,-123.332,1660,0.1926,179
WINDI,windi,47.90_-122.80,47.9,-122.8,47.314,-123.332,1649,0.1542,179
WINDI,windi,47.90_-123.20,47.9,-123.2,47.314,-123.332,1665,0.099,179
WINDI,windi,47.90_-123.30,47.9,-123.3,47.314,-123.332,1549,0.1544,179
WINDI,windi,48.00_-122.80,48.0,-122.8,47.314,-123.332,1505,0.1244,179
WINDI,windi,48.00_-122.90,48.0,-122.9,47.314,-123.332,1565,0.1006,179
WINDI,windi,48.00_-123.00,48.0,-123.0,47.314,-123.332,1615,0.1338,179
WINDI,windi,48.00_-123.20,48.0,-123.2,47.314,-123.332,1662,0.1117,179
WINDI,windi,48.00_-123.30,48.0,-123.3,47.314,-123.332,1649,0.133,179
WINDI,windi,48.00_-123.50,48.0,-123.5,47.314,-123.332,1645,0.1217,179
WINDI,windi,48.10_-123.20,48.1,-123.2,47.314,-123.332,1583,0.158,179
WINDI,windi,48.10_-123.30,48.1,-123.3,47.314,-123.332,960,0.2475,179
WINDI,windi,48.20_-123.20,48.2,-123.2,47.314,-123.332,1648,0.1028,179
WISH,wish,46.20_-123.10,46.2,-123.1,47.116,-123.771,3578,0.174,180
WISH,wish,46.40_-123.30,46.4,-123.3,47.116,-123.771,3563,0.1878,180
WISH,wish,46.60_-122.90,46.6,-122.9,47.116,-123.771,3394,0.1554,180
WISH,wish,46.60_-123.20,46.6,-123.2,47.116,-123.771,3255,0.1758,180
WISH,wish,46.70_-122.70,46.7,-122.7,47.116,-123.771,2830,0.1426,180
WISH,wish,46.80_-122.80,46.8,-122.8,47.116,-123.771,3570,0.2612,180
WISH,wish,46.80_-123.00,46.8,-123.0,47.116,-123.771,3497,0.2108,180
WISH,wish,46.80_-123.20,46.8,-123.2,47.116,-123.771,3356,0.183,180
WISH,wish,46.90_-122.60,46.9,-122.6,47.116,-123.771,3354,0.2165,180
WISH,wish,46.90_-122.80,46.9,-122.8,47.116,-123.771,3639,0.1856,180
WISH,wish,46.90_-123.00,46.9,-123.0,47.116,-123.771,3361,0.1402,180
WISH,wish,46.90_-123.20,46.9,-123.2,47.116,-123.771,3648,0.1304,180
WISH,wish,47.00_-122.60,47.0,-122.6,47.116,-123.771,3341,0.1721,180
WISH,wish,47.00_-122.70,47.0,-122.7,47.116,-123.771,3337,0.204,180
WISH,wish,47.00_-122.80,47.0,-122.8,47.116,-123.771,2651,0.1066,180
WISH,wish,47.00_-122.90,47.0,-122.9,47.116,-123.771,3533,0.2407,180
WISH,wish,47.00_-123.00,47.0,-123.0,47.116,-123.771,3535,0.1487,180
WISH,wish,47.00_-123.10,47.0,-123.1,47.116,-123.771,3493,0.206,180
WISH,wish,47.00_-123.20,47.0,-123.2,47.116,-123.771,3535,0.181,180
WISH,wish,47.10_-122.80,47.1,-122.8,47.116,-123.771,3545,0.1616,180
WISH,wish,47.10_-123.00,47.1,-123.0,47.116,-123.771,3378,0.1668,180
WISH,wish,47.10_-123.10,47.1,-123.1,47.116,-123.771,1190,0.2022,180
WISH,wish,47.10_-123.20,47.1,-123.2,47.116,-123.771,3452,0.1924,180
WISH,wish,47.20_-122.60,47.2,-122.6,47.116,-123.771,3442,0.1683,180
WISH,wish,47.20_-122.80,47.2,-122.8,47.116,-123.771,3188,0.2025,180
WISH,wish,47.20_-122.90,47.2,-122.9,47.116,-123.771,3273,0.156,180
WISH,wish,47.20_-123.00,47.2,-123.0,47.116,-123.771,3606,0.2272,180
WISH,wish,47.20_-123.10,47.2,-123.1,47.116,-123.771,3341,0.1848,180
WISH,wish,47.20_-123.20,47.2,-123.2,47.116,-123.771,3557,0.2456,180
WISH,wish,47.20_-123.30,47.2,-123.3,47.116,-123.771,3463,0.1809,180
WISH,wish,47.30_-122.60,47.3,-122.6,47.116,-123.771,3582,0.2459,180
WISH,wish,47.30_-122.70,47.3,-122.7,47.116,-123.771,1850,0.2502,180
WISH,wish,47.30_-122.80,47.3,-122.8,47.116,-123.771,2391,0.0751,180
WISH,wish,47.30_-122.90,47.3,-122.9,47.116,-123.771,3388,0.219,180
WISH,wish,47.30_-123.00,47.3,-123.0,47.116,-123.771,3565,0.1363,180
WISH,wish,47.30_-123.10,47.3,-123.1,47.116,-123.771,1838,0.2918,180
WISH,wish,47.30_-123.20,47.3,-123.2,47.116,-123.771,3426,0.1439,180
WISH,wish,47.40_-122.60,47.4,-122.6,47.116,-123.771,3454,0.1122,180
WISH,wish,47.40_-122.70,47.4,-122.7,47.116,-123.771,3111,0.2159,180
WISH,wish,47.40_-122.80,47.4,-122.8,47.116,-123.771,3600,0.1395,180
WISH,wish,47.40_-122.90,47.4,-122.9,47.116,-123.771,3587,0.3457,180
WISH,wish,47.40_-123.00,47.4,-123.0,47.116,-123.771,3594,0.136,180
WISH,wish,47.40_-123.20,47.4,-123.2,47.116,-123.771,3655,0.1611,180
WISH,wish,47.40_-123.30,47.4,-123.3,47.116,-123.771,3517,0.1886,180
WISH,wish,47.50_-122.70,47.5,-122.7,47.116,-123.771,3521,0.2627,180
WISH,wish,47.50_-122.80,47.5,-122.8,47.116,-123.771,3570,0.2423,180
WISH,wish,47.50_-122.90,47.5,-122.9,47.116,-123.771,3255,0.1955,180
WISH,wish,47.50_-123.00,47.5,-123.0,47.116,-123.771,3582,0.1441,180
WISH,wish,47.50_-123.10,47.5,-123.1,47.116,-123.771,3516,0.2808,180
WISH,wish,47.50_-123.20,47.5,-123.2,47.116,-123.771,3604,0.2186,180
WISH,wish,47.50_-123.30,47.5,-123.3,47.116,-123.771,3522,0.2336,180
WISH,wish,47.50_-123.40,47.5,-123.4,47.116,-123.771,3530,0.203,180
WISH,wish,47.60_-122.60,47.6,-122.6,47.116,-123.771,3586,0.1646,180
WISH,wish,47.60_-122.80,47.6,-122.8,47.116,-123.771,3516,0.1448,180
WISH,wish,47.60_-123.00,47.6,-123.0,47.116,-123.771,3503,0.3212,180
WISH,wish,47.60_-123.20,47.6,-123.2,47.116,-123.771,3471,0.2022,180
WISH,wish,47.60_-123.30,47.6,-123.3,47.116,-123.771,3512,0.142,180
WISH,wish,47.60_-123.40,47.6,-123.4,47.116,-123.771,3134,0.1936,180
WISH,wish,47.70_-122.80,47.7,-122.8,47.116,-123.771,3445,0.1959,180
WISH,wish,47.70_-122.90,47.7,-122.9,47.116,-123.771,3552,0.1743,180
WISH,wish,47.70_-123.00,47.7,-123.0,47.116,-123.771,3434,0.2463,180
WISH,wish,47.70_-123.20,47.7,-123.2,47.116,-123.771,3359,0.1538,180
WISH,wish,47.80_-123.00,47.8,-123.0,47.116,-123.771,3642,0.1521,180
WISH,wish,47.80_-123.10,47.8,-123.1,47.116,-123.771,3492,0.2353,180
WISH,wish,47.80_-123.20,47.8,-123.2,47.116,-123.771,3587,0.1558,180
WISH,wish,47.80_-123.30,47.8,-123.3,47.116,-123.771,3537,0.1554,180
WISH,wish,47.80_-123.40,47.8,-123.4,47.116,-123.771,2568,0.1687,180
WISH,wish,47.90_-123.10,47.9,-123.1,47.116,-123.771,3530,0.2121,180
WISH,wish,47.90_-123.20,47.9,-123.2,47.116,-123.771,3538,0.1684,180
WISH,wish,47.90_-123.30,47.9,-123.3,47.116,-123.771,3316,0.162,180
WISH,wish,48.00_-122.80,48.0,-122.8,47.116,-123.771,3104,0.2414,180
WISH,wish,48.00_-122.90,48.0,-122.9,47.116,-123.771,3260,0.1668,180
WISH,wish,48.00_-123.00,48.0,-123.0,47.116,-123.771,3514,0.2413,180
WISH,wish,48.00_-123.10,48.0,-123.1,47.116,-123.771,3451,0.1809,180
WISH,wish,48.00_-123.20,48.0,-123.2,47.116,-123.771,3243,0.1659,180
WISH,wish,48.00_-123.30,48.0,-123.3,47.116,-123.771,3596,0.2161,180
WISH,wish,48.00_-123.40,48.0,-123.4,47.116,-123.771,3623,0.159,180
WISH,wish,48.00_-123.50,48.0,-123.5,47.116,-123.771,1781,0.2802,180
WISH,wish,48.00_-123.60,48.0,-123.6,47.116,-123.771,3609,0.2875,180
WLOO,wloo,43.60_-123.50,43.6,-123.5,44.523,-122.738,804,0.5749,181
WLOO,wloo,43.80_-123.50,43.8,-123.5,44.523,-122.738,2170,0.0918,181
WLOO,wloo,44.50_-123.60,44.5,-123.6,44.523,-122.738,287,0.5931,181
WLOO,wloo,44.60_-123.50,44.6,-123.5,44.523,-122.738,1434,0.3068,181
WLOO,wloo,44.60_-123.60,44.6,-123.6,44.523,-122.738,2312,0.1711,181
WLOO,wloo,44.70_-123.50,44.7,-123.5,44.523,-122.738,2114,0.3449,181
WLOO,wloo,44.80_-123.50,44.8,-123.5,44.523,-122.738,2661,0.2429,181
WLOO,wloo,44.90_-123.60,44.9,-123.6,44.523,-122.738,212,0.3913,181
WLOO,wloo,45.00_-123.20,45.0,-123.2,44.523,-122.738,384,0.4282,181
WLOO,wloo,45.00_-123.30,45.0,-123.3,44.523,-122.738,2843,0.1707,181
WLOO,wloo,45.00_-123.40,45.0,-123.4,44.523,-122.738,2811,0.169,181
WLOO,wloo,45.00_-123.60,45.0,-123.6,44.523,-122.738,605,0.3373,181
WLOO,wloo,45.10_-123.10,45.1,-123.1,44.523,-122.738,2635,0.2797,181
WLOO,wloo,45.10_-123.40,45.1,-123.4,44.523,-122.738,2777,0.2034,181
WLOO,wloo,45.10_-123.50,45.1,-123.5,44.523,-122.738,2562,0.1727,181
WLOO,wloo,45.20_-123.40,45.2,-123.4,44.523,-122.738,1514,0.3633,181
WLOO,wloo,45.30_-123.20,45.3,-123.2,44.523,-122.738,636,0.3231,181
WLOO,wloo,45.30_-123.40,45.3,-123.4,44.523,-122.738,295,0.3925,181
WLOO,wloo,45.40_-123.30,45.4,-123.3,44.523,-122.738,692,0.3937,181
WOOD,wood,41.40_-122.80,41.4,-122.8,42.218,-122.305,3423,0.123,182
WOOD,wood,41.40_-123.00,41.4,-123.0,42.218,-122.305,3441,0.1638,182
WOOD,wood,41.40_-123.10,41.4,-123.1,42.218,-122.305,3284,0.2221,182
WOOD,wood,41.40_-123.20,41.4,-123.2,42.218,-122.305,3427,0.1354,182
WOOD,wood,41.50_-123.00,41.5,-123.0,42.218,-122.305,3429,0.1535,182
WOOD,wood,41.50_-123.10,41.5,-123.1,42.218,-122.305,3443,0.2194,182
WOOD,wood,41.50_-123.20,41.5,-123.2,42.218,-122.305,3443,0.124,182
WOOD,wood,41.50_-123.30,41.5,-123.3,42.218,-122.305,3403,0.1551,182
WOOD,wood,41.60_-123.00,41.6,-123.0,42.218,-122.305,3439,0.1685,182
WOOD,wood,41.60_-123.10,41.6,-123.1,42.218,-122.305,3433,0.15,182
WOOD,wood,41.60_-123.20,41.6,-123.2,42.218,-122.305,3428,0.1704,182
WOOD,wood,41.60_-123.30,41.6,-123.3,42.218,-122.305,3377,0.1255,182
WOOD,wood,41.70_-122.90,41.7,-122.9,42.218,-122.305,3320,0.1355,182
WOOD,wood,41.70_-123.30,41.7,-123.3,42.218,-122.305,3247,0.0995,182
WOOD,wood,41.80_-123.00,41.8,-123.0,42.218,-122.305,3194,0.1356,182
WOOD,wood,41.80_-123.20,41.8,-123.2,42.218,-122.305,3427,0.1922,182
WOOD,wood,41.80_-123.40,41.8,-123.4,42.218,-122.305,3439,0.1266,182
WOOD,wood,41.90_-123.20,41.9,-123.2,42.218,-122.305,3416,0.133,182
WOOD,wood,42.00_-123.20,42.0,-123.2,42.218,-122.305,3438,0.1043,182
WOOD,wood,42.00_-123.30,42.0,-123.3,42.218,-122.305,3439,0.1209,182
WOOD,wood,42.00_-123.40,42.0,-123.4,42.218,-122.305,3435,0.1425,182
WOOD,wood,42.10_-123.20,42.1,-123.2,42.218,-122.305,3444,0.1084,182
WOOD,wood,42.10_-123.30,42.1,-123.3,42.218,-122.305,3415,0.123,182
WOOD,wood,42.10_-123.40,42.1,-123.4,42.218,-122.305,3442,0.1133,182
WOOD,wood,42.10_-123.60,42.1,-123.6,42.218,-122.305,3442,0.103,182
WOOD,wood,42.20_-123.30,42.2,-123.3,42.218,-122.305,3433,0.1124,182
WOOD,wood,42.20_-123.40,42.2,-123.4,42.218,-122.305,3417,0.1964,182
WOOD,wood,42.20_-123.50,42.2,-123.5,42.218,-122.305,3404,0.241,182
WOOD,wood,42.30_-123.20,42.3,-123.2,42.218,-122.305,3428,0.1216,182
WOOD,wood,42.30_-123.30,42.3,-123.3,42.218,-122.305,3442,0.1197,182
WOOD,wood,42.30_-123.40,42.3,-123.4,42.218,-122.305,3439,0.1525,182
WOOD,wood,42.30_-123.50,42.3,-123.5,42.218,-122.305,3440,0.1633,182
WOOD,wood,42.40_-123.20,42.4,-123.2,42.218,-122.305,3436,0.1131,182
WOOD,wood,42.40_-123.30,42.4,-123.3,42.218,-122.305,3440,0.11,182
WOOD,wood,42.40_-123.40,42.4,-123.4,42.218,-122.305,3442,0.096,182
WOOD,wood,42.40_-123.50,42.4,-123.5,42.218,-122.305,3420,0.1524,182
WOOD,wood,42.40_-123.60,42.4,-123.6,42.218,-122.305,3437,0.1802,182
WOOD,wood,42.50_-123.20,42.5,-123.2,42.218,-122.305,3432,0.1273,182
WOOD,wood,42.50_-123.30,42.5,-123.3,42.218,-122.305,3377,0.1047,182
WOOD,wood,42.50_-123.40,42.5,-123.4,42.218,-122.305,3397,0.2478,182
WOOD,wood,42.50_-123.50,42.5,-123.5,42.218,-122.305,3442,0.0942,182
WOOD,wood,42.50_-123.60,42.5,-123.6,42.218,-122.305,3441,0.1552,182
WOOD,wood,42.60_-123.20,42.6,-123.2,42.218,-122.305,3440,0.1906,182
WOOD,wood,42.60_-123.30,42.6,-123.3,42.218,-122.305,3336,0.2493,182
WOOD,wood,42.60_-123.40,42.6,-123.4,42.218,-122.305,3443,0.0786,182
WOOD,wood,42.60_-123.50,42.6,-123.5,42.218,-122.305,3437,0.2254,182
WOOD,wood,42.60_-123.60,42.6,-123.6,42.218,-122.305,3436,0.1903,182
WOOD,wood,42.70_-123.30,42.7,-123.3,42.218,-122.305,3388,0.1657,182
WOOD,wood,42.70_-123.40,42.7,-123.4,42.218,-122.305,3342,0.1149,182
WOOD,wood,42.70_-123.60,42.7,-123.6,42.218,-122.305,3429,0.1924,182
WOOD,wood,42.80_-123.30,42.8,-123.3,42.218,-122.305,3438,0.1408,182
WOOD,wood,42.80_-123.40,42.8,-123.4,42.218,-122.305,3434,0.1318,182
WOOD,wood,42.80_-123.50,42.8,-123.5,42.218,-122.305,3433,0.1582,182
WOOD,wood,42.80_-123.60,42.8,-123.6,42.218,-122.305,3394,0.2177,182
WOOD,wood,42.90_-123.60,42.9,-123.6,42.218,-122.305,3405,0.0911,182
WYLD,wyld,42.30_-123.30,42.3,-123.3,43.144,-123.429,2524,0.0126,183
WYLD,wyld,42.40_-123.20,42.4,-123.2,43.144,-123.429,1578,0.0275,183
WYLD,wyld,42.40_-123.50,42.4,-123.5,43.144,-123.429,1246,0.0392,183
WYLD,wyld,42.40_-123.60,42.4,-123.6,43.144,-123.429,2524,0.0104,183
WYLD,wyld,42.50_-123.40,42.5,-123.4,43.144,-123.429,2524,0.0121,183
WYLD,wyld,42.50_-123.50,42.5,-123.5,43.144,-123.429,2245,0.0284,183
WYLD,wyld,42.50_-123.60,42.5,-123.6,43.144,-123.429,2524,0.016,183
WYLD,wyld,42.60_-123.40,42.6,-123.4,43.144,-123.429,2347,0.0168,183
WYLD,wyld,42.60_-123.50,42.6,-123.5,43.144,-123.429,1490,0.0389,183
WYLD,wyld,42.80_-123.50,42.8,-123.5,43.144,-123.429,2524,0.0139,183
WYLD,wyld,42.90_-123.30,42.9,-123.3,43.144,-123.429,2524,0.0127,183
WYLD,wyld,42.90_-123.40,42.9,-123.4,43.144,-123.429,2520,0.0096,183
WYLD,wyld,43.10_-123.40,43.1,-123.4,43.144,-123.429,2524,0.0347,183
WYLD,wyld,44.00_-123.60,44.0,-123.6,43.144,-123.429,2524,0.0213,183
WYNO,wyno,46.70_-123.00,46.7,-123.0,47.434,-123.613,1614,0.0783,184
WYNO,wyno,46.80_-122.80,46.8,-122.8,47.434,-123.613,1772,0.1372,184
WYNO,wyno,46.80_-123.00,46.8,-123.0,47.434,-123.613,1800,0.041,184
WYNO,wyno,46.80_-123.10,46.8,-123.1,47.434,-123.613,1721,0.0264,184
WYNO,wyno,46.80_-123.20,46.8,-123.2,47.434,-123.613,1830,0.0361,184
WYNO,wyno,47.00_-122.70,47.0,-122.7,47.434,-123.613,278,0.4729,184
WYNO,wyno,47.00_-122.80,47.0,-122.8,47.434,-123.613,1530,0.1043,184
WYNO,wyno,47.00_-123.00,47.0,-123.0,47.434,-123.613,1813,0.0245,184
WYNO,wyno,47.00_-123.20,47.0,-123.2,47.434,-123.613,1488,0.0216,184
WYNO,wyno,47.10_-122.80,47.1,-122.8,47.434,-123.613,1372,0.1354,184
WYNO,wyno,47.10_-123.00,47.1,-123.0,47.434,-123.613,1686,0.0605,184
WYNO,wyno,47.10_-123.10,47.1,-123.1,47.434,-123.613,1569,0.0687,184
WYNO,wyno,47.10_-123.20,47.1,-123.2,47.434,-123.613,1793,0.1241,184
WYNO,wyno,47.20_-123.10,47.2,-123.1,47.434,-123.613,1496,0.0588,184
WYNO,wyno,47.20_-123.20,47.2,-123.2,47.434,-123.613,1696,0.0336,184
WYNO,wyno,47.30_-123.20,47.3,-123.2,47.434,-123.613,1634,0.0897,184
WYNO,wyno,47.40_-122.70,47.4,-122.7,47.434,-123.613,1724,0.0309,184
WYNO,wyno,47.40_-122.90,47.4,-122.9,47.434,-123.613,1799,0.0755,184
WYNO,wyno,47.40_-123.00,47.4,-123.0,47.434,-123.613,1796,0.0339,184
WYNO,wyno,47.50_-123.00,47.5,-123.0,47.434,-123.613,1245,0.1589,184
WYNO,wyno,47.80_-122.60,47.8,-122.6,47.434,-123.613,1694,0.0266,184
WYNO,wyno,47.90_-123.00,47.9,-123.0,47.434,-123.613,1613,0.0399,184
WYNO,wyno,48.10_-123.40,48.1,-123.4,47.434,-123.613,725,0.3239,184
WYNO,wyno,48.20_-123.00,48.2,-123.0,47.434,-123.613,442,0.5141,184
WYNO,wyno,48.20_-123.60,48.2,-123.6,47.434,-123.613,1451,0.1208,184
WYNO,wyno,48.20_-123.70,48.2,-123.7,47.434,-123.613,1125,0.0928,184
WYNO,wyno,48.30_-123.70,48.3,-123.7,47.434,-123.613,1401,0.0311,184
YACT,yact,45.00_-123.40,45.0,-123.4,45.932,-122.419,3693,0.0905,185
YACT,yact,45.10_-123.20,45.1,-123.2,45.932,-122.419,3701,0.1137,185
YACT,yact,45.10_-123.30,45.1,-123.3,45.932,-122.419,3720,0.0835,185
YACT,yact,45.10_-123.40,45.1,-123.4,45.932,-122.419,3711,0.1411,185
YACT,yact,45.10_-123.50,45.1,-123.5,45.932,-122.419,3715,0.0971,185
YACT,yact,45.20_-123.00,45.2,-123.0,45.932,-122.419,3625,0.0925,185
YACT,yact,45.20_-123.20,45.2,-123.2,45.932,-122.419,3679,0.1168,185
YACT,yact,45.20_-123.30,45.2,-123.3,45.932,-122.419,3610,0.1267,185
YACT,yact,45.20_-123.40,45.2,-123.4,45.932,-122.419,3713,0.089,185
YACT,yact,45.30_-123.00,45.3,-123.0,45.932,-122.419,3670,0.1001,185
YACT,yact,45.30_-123.30,45.3,-123.3,45.932,-122.419,3671,0.0864,185
YACT,yact,45.30_-123.40,45.3,-123.4,45.932,-122.419,3714,0.0602,185
YACT,yact,45.30_-123.60,45.3,-123.6,45.932,-122.419,3684,0.1086,185
YACT,yact,45.40_-123.00,45.4,-123.0,45.932,-122.419,3718,0.1113,185
YACT,yact,45.40_-123.20,45.4,-123.2,45.932,-122.419,3695,0.1135,185
YACT,yact,45.50_-123.30,45.5,-123.3,45.932,-122.419,3706,0.1089,185
YACT,yact,45.50_-123.40,45.5,-123.4,45.932,-122.419,3725,0.0973,185
YACT,yact,45.50_-123.60,45.5,-123.6,45.932,-122.419,3687,0.1067,185
YACT,yact,45.60_-123.20,45.6,-123.2,45.932,-122.419,3717,0.1153,185
YACT,yact,45.60_-123.40,45.6,-123.4,45.932,-122.419,3761,0.0834,185
YACT,yact,45.70_-123.10,45.7,-123.1,45.932,-122.419,3628,0.1209,185
YACT,yact,45.70_-123.30,45.7,-123.3,45.932,-122.419,3669,0.1465,185
YACT,yact,45.70_-123.50,45.7,-123.5,45.932,-122.419,3698,0.1101,185
YACT,yact,45.80_-123.20,45.8,-123.2,45.932,-122.419,3704,0.0941,185
YACT,yact,45.80_-123.30,45.8,-123.3,45.932,-122.419,3712,0.0863,185
YACT,yact,45.90_-123.20,45.9,-123.2,45.932,-122.419,3709,0.1301,185
YACT,yact,46.20_-123.00,46.2,-123.0,45.932,-122.419,3716,0.1147,185
YACT,yact,46.40_-123.20,46.4,-123.2,45.932,-122.419,3004,0.1077,185
YACT,yact,46.50_-122.80,46.5,-122.8,45.932,-122.419,3707,0.1081,185
YACT,yact,46.50_-123.20,46.5,-123.2,45.932,-122.419,3700,0.0733,185
YACT,yact,46.60_-123.20,46.6,-123.2,45.932,-122.419,3654,0.0741,185
YACT,yact,46.80_-122.80,46.8,-122.8,45.932,-122.419,3693,0.1374,185
YBH,ybh,40.80_-122.80,40.8,-122.8,41.732,-122.71,4254,0.2618,186
YBH,ybh,40.80_-122.90,40.8,-122.9,41.732,-122.71,6105,0.026,186
YBH,ybh,40.90_-122.80,40.9,-122.8,41.732,-122.71,6123,0.167,186
YBH,ybh,40.90_-122.90,40.9,-122.9,41.732,-122.71,6153,0.0273,186
YBH,ybh,40.90_-123.00,40.9,-123.0,41.732,-122.71,4804,0.2438,186
YBH,ybh,40.90_-123.20,40.9,-123.2,41.732,-122.71,3447,0.2614,186
YBH,ybh,41.00_-122.60,41.0,-122.6,41.732,-122.71,3932,0.1224,186
YBH,ybh,41.00_-122.70,41.0,-122.7,41.732,-122.71,2718,0.2163,186
YBH,ybh,41.00_-122.80,41.0,-122.8,41.732,-122.71,6147,0.2034,186
YBH,ybh,41.00_-122.90,41.0,-122.9,41.732,-122.71,4855,0.2419,186
YBH,ybh,41.10_-122.80,41.1,-122.8,41.732,-122.71,2664,0.1838,186
YBH,ybh,41.10_-122.90,41.1,-122.9,41.732,-122.71,4807,0.0793,186
YBH,ybh,41.10_-123.00,41.1,-123.0,41.732,-122.71,3698,0.1917,186
YBH,ybh,41.10_-123.10,41.1,-123.1,41.732,-122.71,5815,0.1391,186
YBH,ybh,41.10_-123.20,41.1,-123.2,41.732,-122.71,1418,0.2773,186
YBH,ybh,41.20_-122.80,41.2,-122.8,41.732,-122.71,5686,0.3141,186
YBH,ybh,41.20_-123.00,41.2,-123.0,41.732,-122.71,6157,0.2418,186
YBH,ybh,41.20_-123.20,41.2,-123.2,41.732,-122.71,3600,0.1629,186
YBH,ybh,41.20_-123.30,41.2,-123.3,41.732,-122.71,5229,0.3493,186
YBH,ybh,41.30_-123.00,41.3,-123.0,41.732,-122.71,6236,0.0816,186
YBH,ybh,41.30_-123.20,41.3,-123.2,41.732,-122.71,5252,0.2147,186
YBH,ybh,41.40_-123.00,41.4,-123.0,41.732,-122.71,5743,0.1827,186
YBH,ybh,41.40_-123.10,41.4,-123.1,41.732,-122.71,4518,0.1919,186
YBH,ybh,41.40_-123.20,41.4,-123.2,41.732,-122.71,2033,0.2271,186
YBH,ybh,41.50_-123.20,41.5,-123.2,41.732,-122.71,1707,0.2772,186
YBH,ybh,41.60_-123.20,41.6,-123.2,41.732,-122.71,6280,0.1,186
YBH,ybh,41.60_-123.40,41.6,-123.4,41.732,-122.71,4369,0.1697,186
YBH,ybh,41.70_-123.30,41.7,-123.3,41.732,-122.71,4835,0.2834,186
YBH,ybh,42.10_-123.30,42.1,-123.3,41.732,-122.71,5046,0.1316,186
YBH,ybh,42.40_-123.30,42.4,-123.3,41.732,-122.71,3368,0.2213,186
YBH,ybh,42.40_-123.40,42.4,-123.4,41.732,-122.71,6080,0.1327,186
YBH,ybh,42.40_-123.50,42.4,-123.5,41.732,-122.71,5090,0.1522,186
YBH,ybh,42.50_-123.30,42.5,-123.3,41.732,-122.71,6202,0.1658,186
YBH,ybh,42.50_-123.40,42.5,-123.4,41.732,-122.71,6234,0.1432,186
YBH,ybh,42.50_-123.50,42.5,-123.5,41.732,-122.71,5311,0.1118,186
YBH,ybh,42.50_-123.60,42.5,-123.6,41.732,-122.71,5908,0.1432,186
YBH,ybh,42.60_-123.40,42.6,-123.4,41.732,-122.71,4187,0.2107,186
YBH,ybh,42.60_-123.50,42.6,-123.5,41.732,-122.71,6221,0.1485,186
YELM,yelm,46.20_-123.00,46.2,-123.0,46.94,-122.591,1703,0.0571,187
YELM,yelm,46.20_-123.20,46.2,-123.2,46.94,-122.591,1703,0.1172,187
YELM,yelm,46.20_-123.30,46.2,-123.3,46.94,-122.591,1703,0.0802,187
YELM,yelm,46.30_-123.10,46.3,-123.1,46.94,-122.591,1703,0.0668,187
YELM,yelm,46.30_-123.20,46.3,-123.2,46.94,-122.591,1703,0.0563,187
YELM,yelm,46.30_-123.30,46.3,-123.3,46.94,-122.591,1703,0.0642,187
YELM,yelm,46.40_-123.20,46.4,-123.2,46.94,-122.591,1703,0.0477,187
YELM,yelm,46.40_-123.30,46.4,-123.3,46.94,-122.591,1703,0.0447,187
YELM,yelm,46.50_-122.60,46.5,-122.6,46.94,-122.591,1703,0.0534,187
YELM,yelm,46.50_-122.80,46.5,-122.8,46.94,-122.591,1703,0.0866,187
YELM,yelm,46.50_-122.90,46.5,-122.9,46.94,-122.591,1703,0.0493,187
YELM,yelm,46.50_-123.00,46.5,-123.0,46.94,-122.591,1407,0.21,187
YELM,yelm,46.50_-123.20,46.5,-123.2,46.94,-122.591,1703,0.0605,187
YELM,yelm,46.60_-122.70,46.6,-122.7,46.94,-122.591,1703,0.0614,187
YELM,yelm,46.60_-122.80,46.6,-122.8,46.94,-122.591,1703,0.0736,187
YELM,yelm,46.60_-123.00,46.6,-123.0,46.94,-122.591,1703,0.0984,187
YELM,yelm,46.60_-123.10,46.6,-123.1,46.94,-122.591,1703,0.0735,187
YELM,yelm,46.70_-122.60,46.7,-122.6,46.94,-122.591,1703,0.1021,187
YELM,yelm,46.70_-122.70,46.7,-122.7,46.94,-122.591,1703,0.0407,187
YELM,yelm,46.70_-122.90,46.7,-122.9,46.94,-122.591,1703,0.058,187
YELM,yelm,46.80_-122.70,46.8,-122.7,46.94,-122.591,1703,0.0787,187
YELM,yelm,46.80_-122.80,46.8,-122.8,46.94,-122.591,1703,0.0412,187
YELM,yelm,46.80_-122.90,46.8,-122.9,46.94,-122.591,1703,0.1106,187
YELM,yelm,46.80_-123.00,46.8,-123.0,46.94,-122.591,1703,0.0659,187
YELM,yelm,46.80_-123.20,46.8,-123.2,46.94,-122.591,1703,0.0625,187
YELM,yelm,46.90_-122.60,46.9,-122.6,46.94,-122.591,1703,0.0535,187
YELM,yelm,46.90_-122.70,46.9,-122.7,46.94,-122.591,1703,0.0857,187
YELM,yelm,46.90_-122.80,46.9,-122.8,46.94,-122.591,1703,0.046,187
YELM,yelm,46.90_-122.90,46.9,-122.9,46.94,-122.591,1703,0.0585,187
YELM,yelm,46.90_-123.00,46.9,-123.0,46.94,-122.591,1703,0.0499,187
YELM,yelm,46.90_-123.20,46.9,-123.2,46.94,-122.591,1703,0.0739,187
YELM,yelm,47.00_-122.40,47.0,-122.4,46.94,-122.591,1703,0.0846,187
YELM,yelm,47.00_-122.60,47.0,-122.6,46.94,-122.591,1703,0.0541,187
YELM,yelm,47.00_-122.70,47.0,-122.7,46.94,-122.591,1703,0.0535,187
YELM,yelm,47.00_-122.80,47.0,-122.8,46.94,-122.591,1703,0.0653,187
YELM,yelm,47.00_-122.90,47.0,-122.9,46.94,-122.591,1703,0.0645,187
YELM,yelm,47.00_-123.00,47.0,-123.0,46.94,-122.591,1703,0.0591,187
YELM,yelm,47.00_-123.10,47.0,-123.1,46.94,-122.591,1703,0.0834,187
YELM,yelm,47.00_-123.20,47.0,-123.2,46.94,-122.591,1703,0.062,187
YELM,yelm,47.10_-122.60,47.1,-122.6,46.94,-122.591,1703,0.0794,187
YELM,yelm,47.10_-122.70,47.1,-122.7,46.94,-122.591,1703,0.0729,187
YELM,yelm,47.10_-122.80,47.1,-122.8,46.94,-122.591,1703,0.0501,187
YELM,yelm,47.10_-123.00,47.1,-123.0,46.94,-122.591,1703,0.0586,187
YELM,yelm,47.10_-123.20,47.1,-123.2,46.94,-122.591,1703,0.0725,187
YELM,yelm,47.20_-122.50,47.2,-122.5,46.94,-122.591,1703,0.057,187
YELM,yelm,47.20_-122.60,47.2,-122.6,46.94,-122.591,1703,0.0998,187
YELM,yelm,47.20_-122.80,47.2,-122.8,46.94,-122.591,1703,0.0423,187
YELM,yelm,47.20_-122.90,47.2,-122.9,46.94,-122.591,1703,0.0585,187
YELM,yelm,47.20_-123.00,47.2,-123.0,46.94,-122.591,1703,0.0536,187
YELM,yelm,47.20_-123.20,47.2,-123.2,46.94,-122.591,1703,0.0748,187
YELM,yelm,47.30_-122.50,47.3,-122.5,46.94,-122.591,1703,0.0949,187
YELM,yelm,47.30_-122.90,47.3,-122.9,46.94,-122.591,1703,0.0728,187
YELM,yelm,47.30_-123.00,47.3,-123.0,46.94,-122.591,1703,0.0653,187
YELM,yelm,47.30_-123.20,47.3,-123.2,46.94,-122.591,1703,0.061,187
YELM,yelm,47.40_-122.40,47.4,-122.4,46.94,-122.591,1703,0.0625,187
YELM,yelm,47.40_-122.50,47.4,-122.5,46.94,-122.591,1703,0.0539,187
YELM,yelm,47.40_-122.60,47.4,-122.6,46.94,-122.591,1703,0.058,187
YELM,yelm,47.40_-122.70,47.4,-122.7,46.94,-122.591,1703,0.0657,187
YELM,yelm,47.40_-122.80,47.4,-122.8,46.94,-122.591,1703,0.043,187
YELM,yelm,47.40_-123.00,47.4,-123.0,46.94,-122.591,1703,0.0506,187
YELM,yelm,47.40_-123.10,47.4,-123.1,46.94,-122.591,1703,0.0519,187
YELM,yelm,47.40_-123.20,47.4,-123.2,46.94,-122.591,1703,0.0595,187
YELM,yelm,47.40_-123.50,47.4,-123.5,46.94,-122.591,1703,0.0602,187
YELM,yelm,47.50_-122.60,47.5,-122.6,46.94,-122.591,1703,0.0612,187
YELM,yelm,47.50_-122.80,47.5,-122.8,46.94,-122.591,1703,0.0616,187
YELM,yelm,47.50_-123.00,47.5,-123.0,46.94,-122.591,1703,0.0442,187
YELM,yelm,47.50_-123.20,47.5,-123.2,46.94,-122.591,1703,0.0636,187
YELM,yelm,47.60_-122.60,47.6,-122.6,46.94,-122.591,1703,0.0633,187
YELM,yelm,47.60_-122.70,47.6,-122.7,46.94,-122.591,1703,0.0885,187
YELM,yelm,47.60_-122.80,47.6,-122.8,46.94,-122.591,1703,0.0461,187
YELM,yelm,47.60_-122.90,47.6,-122.9,46.94,-122.591,1703,0.0643,187
YELM,yelm,47.60_-123.00,47.6,-123.0,46.94,-122.591,1703,0.0613,187
YELM,yelm,47.60_-123.20,47.6,-123.2,46.94,-122.591,1703,0.0495,187
YELM,yelm,47.60_-123.30,47.6,-123.3,46.94,-122.591,1703,0.0726,187
YELM,yelm,47.70_-122.60,47.7,-122.6,46.94,-122.591,1703,0.0519,187
YELM,yelm,47.70_-122.70,47.7,-122.7,46.94,-122.591,1703,0.1016,187
YELM,yelm,47.70_-122.80,47.7,-122.8,46.94,-122.591,1703,0.0643,187
YELM,yelm,47.70_-123.00,47.7,-123.0,46.94,-122.591,1703,0.0718,187
YELM,yelm,47.70_-123.30,47.7,-123.3,46.94,-122.591,1703,0.07,187
YELM,yelm,47.80_-122.60,47.8,-122.6,46.94,-122.591,1703,0.0503,187
YELM,yelm,47.80_-122.70,47.8,-122.7,46.94,-122.591,1703,0.0914,187
YELM,yelm,47.80_-122.80,47.8,-122.8,46.94,-122.591,1703,0.0537,187
YELM,yelm,47.80_-122.90,47.8,-122.9,46.94,-122.591,1703,0.0866,187
YELM,yelm,47.80_-123.00,47.8,-123.0,46.94,-122.591,1703,0.0668,187
YELM,yelm,47.80_-123.20,47.8,-123.2,46.94,-122.591,1703,0.0661,187
YELM,yelm,47.80_-123.60,47.8,-123.6,46.94,-122.591,1703,0.0723,187
