tag,stem,cell,cell_lat,cell_lon,src_lat,src_lon,src_dep,n_fam,sta_lat,sta_lon,n_days,sigma_daily,site
ALSE,alse,43.60_-123.20,43.6,-123.2,43.7,-123.4,23.33,1,44.382,-123.59,2139,0.1345,0
ALSE,alse,43.60_-123.60,43.6,-123.6,43.675,-123.6,28.9,10,44.382,-123.59,2599,0.1182,0
ALSE,alse,44.00_-123.60,44.0,-123.6,44.025,-123.575,26.17,4,44.382,-123.59,2592,0.2076,0
ALSE,alse,44.40_-123.20,44.4,-123.2,44.55,-123.4,28.14,1,44.382,-123.59,2109,0.2352,0
ALSE,alse,44.40_-123.60,44.4,-123.6,44.5,-123.6,29.35,18,44.382,-123.59,2598,0.159,0
ALSE,alse,44.40_-124.00,44.4,-124.0,44.55,-123.8,17.33,1,44.382,-123.59,2297,0.2207,0
ALSE,alse,44.80_-122.80,44.8,-122.8,44.8,-122.95,41.44,1,44.382,-123.59,2583,0.1789,0
ALSE,alse,44.80_-123.20,44.8,-123.2,44.7,-123.35,29.65,15,44.382,-123.59,2598,0.1407,0
ALSE,alse,44.80_-123.60,44.8,-123.6,44.8,-123.55,26.5,34,44.382,-123.59,2599,0.1503,0
ALSE,alse,44.80_-124.00,44.8,-124.0,44.6,-123.85,20.55,2,44.382,-123.59,2135,0.2127,0
ALSE,alse,45.20_-123.20,45.2,-123.2,45.1,-123.35,27.59,5,44.382,-123.59,2598,0.0984,0
ALSE,alse,45.20_-123.60,45.2,-123.6,45.15,-123.5,37.41,3,44.382,-123.59,2594,0.1078,0
ANGUS,angus,46.40_-123.20,46.4,-123.2,46.55,-123.15,45.28,1,47.101,-123.493,1405,0.4201,1
ANGUS,angus,46.80_-122.80,46.8,-122.8,46.85,-122.8,40.13,3,47.101,-123.493,1603,0.144,1
ANGUS,angus,47.20_-122.80,47.2,-122.8,47.375,-122.9,29.76,8,47.101,-123.493,1583,0.1896,1
ANGUS,angus,47.20_-123.20,47.2,-123.2,47.2,-123.15,41.68,11,47.101,-123.493,1583,0.1351,1
ANGUS,angus,47.60_-122.80,47.6,-122.8,47.5,-122.8,20.91,9,47.101,-123.493,1599,0.1526,1
ANGUS,angus,47.60_-123.20,47.6,-123.2,47.65,-123.15,43.18,13,47.101,-123.493,1607,0.1501,1
ANGUS,angus,47.60_-123.60,47.6,-123.6,47.75,-123.5,34.68,1,47.101,-123.493,528,0.3036,1
ANGUS,angus,48.00_-122.80,48.0,-122.8,47.85,-122.85,15.39,1,47.101,-123.493,1584,0.1822,1
ANGUS,angus,48.00_-123.20,48.0,-123.2,47.85,-123.2,42.56,13,47.101,-123.493,1608,0.143,1
AONC,aonc,40.00_-122.40,40.0,-122.4,40.15,-122.35,25.03,3,39.94,-122.061,2225,0.0405,2
AONC,aonc,40.40_-122.40,40.4,-122.4,40.4,-122.55,20.82,15,39.94,-122.061,2225,0.0236,2
AONC,aonc,40.40_-122.80,40.4,-122.8,40.5,-122.8,26.81,11,39.94,-122.061,2225,0.036,2
AONC,aonc,40.80_-122.40,40.8,-122.4,40.65,-122.45,23.53,1,39.94,-122.061,2225,0.027,2
AONC,aonc,40.80_-122.80,40.8,-122.8,40.7,-122.7,20.15,17,39.94,-122.061,2225,0.0327,2
AONC,aonc,40.80_-123.20,40.8,-123.2,40.8,-123.05,27.99,6,39.94,-122.061,2225,0.0336,2
ARTIC,artic,46.00_-122.80,46.0,-122.8,46.05,-122.85,23.82,1,46.805,-123.759,1853,0.0705,3
ARTIC,artic,46.00_-123.20,46.0,-123.2,45.975,-123.1,24.38,6,46.805,-123.759,1928,0.0485,3
ARTIC,artic,46.40_-122.40,46.4,-122.4,46.6,-122.6,19.82,1,46.805,-123.759,1922,0.0653,3
ARTIC,artic,46.40_-122.80,46.4,-122.8,46.5,-122.875,26.73,4,46.805,-123.759,1927,0.0539,3
ARTIC,artic,46.40_-123.20,46.4,-123.2,46.4,-123.1,36.71,7,46.805,-123.759,1926,0.0712,3
ARTIC,artic,46.80_-122.80,46.8,-122.8,46.9,-122.8,40.13,21,46.805,-123.759,1927,0.0505,3
ARTIC,artic,46.80_-123.20,46.8,-123.2,46.85,-123.15,38.09,3,46.805,-123.759,1924,0.0485,3
ARTIC,artic,47.20_-122.40,47.2,-122.4,47.35,-122.5,35.8,1,46.805,-123.759,1926,0.0939,3
ARTIC,artic,47.20_-122.80,47.2,-122.8,47.3,-122.8,40.46,21,46.805,-123.759,1927,0.0408,3
ARTIC,artic,47.20_-123.20,47.2,-123.2,47.2,-123.05,41.7,13,46.805,-123.759,1928,0.048,3
ARTIC,artic,47.60_-122.80,47.6,-122.8,47.625,-122.85,26.6,16,46.805,-123.759,1926,0.0476,3
ARTIC,artic,47.60_-123.20,47.6,-123.2,47.5,-123.1,37.72,9,46.805,-123.759,1928,0.0544,3
B001p90f40,b001,47.60_-122.80,47.6,-122.8,47.8,-122.95,47.72,1,48.0431,-123.1314,5948,0.0954,4
B001p90f40,b001,47.60_-123.20,47.6,-123.2,47.8,-123.15,28.83,5,48.0431,-123.1314,5948,0.0723,4
B001p90f40,b001,48.00_-122.80,48.0,-122.8,48.0,-122.95,48.77,14,48.0431,-123.1314,5948,0.0952,4
B001p90f40,b001,48.00_-123.20,48.0,-123.2,48.1,-123.15,39.82,36,48.0431,-123.1314,5948,0.0864,4
B001p90f40,b001,48.00_-123.60,48.0,-123.6,48.15,-123.5,44.43,5,48.0431,-123.1314,5948,0.0957,4
B001p90f40,b001,48.40_-122.80,48.4,-122.8,48.35,-122.85,30.9,1,48.0431,-123.1314,5948,0.1001,4
B001p90f40,b001,48.40_-123.20,48.4,-123.2,48.25,-123.15,24.22,18,48.0431,-123.1314,5948,0.0986,4
B001p90f40,b001,48.40_-123.60,48.4,-123.6,48.325,-123.575,28.07,6,48.0431,-123.1314,5948,0.0903,4
B001p90f40,b001,48.40_-124.00,48.4,-124.0,48.45,-123.85,35.4,9,48.0431,-123.1314,5948,0.0995,4
B001p90f40,b001,48.80_-123.60,48.8,-123.6,48.8,-123.55,34.29,1,48.0431,-123.1314,5948,0.1003,4
B001p90f40,b001,48.80_-124.00,48.8,-124.0,48.6,-123.8,26.96,2,48.0431,-123.1314,5948,0.0922,4
B003p90f40,b003,48.00_-123.20,48.0,-123.2,48.2,-123.4,33.37,2,48.0624,-124.1409,5289,0.0618,5
B003p90f40,b003,48.00_-123.60,48.0,-123.6,48.15,-123.5,44.19,7,48.0624,-124.1409,5472,0.0282,5
B003p90f40,b003,48.00_-124.00,48.0,-124.0,48.2,-123.825,31.34,2,48.0624,-124.1409,4585,0.1009,5
B003p90f40,b003,48.40_-123.20,48.4,-123.2,48.275,-123.4,37.31,4,48.0624,-124.1409,5446,0.0476,5
B003p90f40,b003,48.40_-123.60,48.4,-123.6,48.4,-123.65,26.24,38,48.0624,-124.1409,5485,0.0338,5
B003p90f40,b003,48.40_-124.00,48.4,-124.0,48.5,-123.9,31.28,23,48.0624,-124.1409,5475,0.0428,5
B003p90f40,b003,48.80_-124.00,48.8,-124.0,48.625,-123.925,25.68,4,48.0624,-124.1409,5453,0.0656,5
B003p90f40,b003,48.80_-124.40,48.8,-124.4,48.75,-124.3,21.55,3,48.0624,-124.1409,5418,0.0546,5
B004p90f40,b004,48.00_-123.20,48.0,-123.2,48.15,-123.4,37.15,3,48.2019,-124.427,3633,0.27,6
B004p90f40,b004,48.00_-123.60,48.0,-123.6,48.15,-123.6,36.4,3,48.2019,-124.427,3967,0.195,6
B004p90f40,b004,48.40_-123.20,48.4,-123.2,48.25,-123.325,41.13,2,48.2019,-124.427,3078,0.3651,6
B004p90f40,b004,48.40_-123.60,48.4,-123.6,48.275,-123.6,32.71,8,48.2019,-124.427,4420,0.1849,6
B004p90f40,b004,48.40_-124.00,48.4,-124.0,48.475,-123.85,31.27,12,48.2019,-124.427,4073,0.2666,6
B004p90f40,b004,48.80_-124.00,48.8,-124.0,48.7,-124.1,26.01,11,48.2019,-124.427,4086,0.1712,6
B004p90f40,b004,48.80_-124.40,48.8,-124.4,48.75,-124.35,29.75,20,48.2019,-124.427,4219,0.1799,6
B004p90f40,b004,48.80_-124.80,48.8,-124.8,48.9,-124.75,29.59,3,48.2019,-124.427,4029,0.1852,6
B004p90f40,b004,49.20_-124.80,49.2,-124.8,49.075,-124.725,41.2,2,48.2019,-124.427,4151,0.3261,6
B005p90f40,b005,47.20_-122.80,47.2,-122.8,47.4,-122.8,31.15,1,48.0595,-123.5033,5810,0.0629,7
B005p90f40,b005,47.20_-123.20,47.2,-123.2,47.25,-123.1,38.21,1,48.0595,-123.5033,5871,0.0895,7
B005p90f40,b005,47.60_-122.80,47.6,-122.8,47.6,-122.85,21.59,4,48.0595,-123.5033,5879,0.0859,7
B005p90f40,b005,47.60_-123.20,47.6,-123.2,47.6,-123.175,43.73,10,48.0595,-123.5033,5879,0.0953,7
B005p90f40,b005,47.60_-123.60,47.6,-123.6,47.8,-123.45,39.7,1,48.0595,-123.5033,5869,0.1325,7
B005p90f40,b005,48.00_-122.80,48.0,-122.8,47.95,-122.9,26.32,3,48.0595,-123.5033,5879,0.102,7
B005p90f40,b005,48.00_-123.20,48.0,-123.2,48.15,-123.275,42.68,8,48.0595,-123.5033,5879,0.0738,7
B005p90f40,b005,48.00_-123.60,48.0,-123.6,48.05,-123.5,39.53,9,48.0595,-123.5033,5879,0.087,7
B005p90f40,b005,48.40_-123.60,48.4,-123.6,48.4,-123.7,21.92,13,48.0595,-123.5033,5879,0.0875,7
B005p90f40,b005,48.40_-124.00,48.4,-124.0,48.4,-123.9,37.2,8,48.0595,-123.5033,5879,0.1072,7
B005p90f40,b005,48.80_-123.20,48.8,-123.2,48.65,-123.4,51.38,1,48.0595,-123.5033,5856,0.1506,7
B005p90f40,b005,48.80_-123.60,48.8,-123.6,48.65,-123.65,23.94,5,48.0595,-123.5033,5879,0.0713,7
B005p90f40,b005,48.80_-124.00,48.8,-124.0,48.7,-124.025,26.71,16,48.0595,-123.5033,5879,0.1077,7
B005p90f40,b005,48.80_-124.40,48.8,-124.4,48.8,-124.35,29.94,14,48.0595,-123.5033,5879,0.0887,7
B005p90f40,b005,48.80_-124.80,48.8,-124.8,48.9,-124.7,30.22,3,48.0595,-123.5033,5878,0.1123,7
B009p90f40,b009,48.00_-123.20,48.0,-123.2,48.2,-123.0,22.43,1,48.649,-123.451,3845,0.2654,8
B009p90f40,b009,48.00_-123.60,48.0,-123.6,48.0,-123.6,39.37,1,48.649,-123.451,5967,0.0809,8
B009p90f40,b009,48.40_-123.20,48.4,-123.2,48.25,-123.4,41.26,3,48.649,-123.451,5959,0.1125,8
B009p90f40,b009,48.40_-123.60,48.4,-123.6,48.325,-123.475,23.2,2,48.649,-123.451,5836,0.2374,8
B009p90f40,b009,48.40_-124.00,48.4,-124.0,48.5,-123.9,35.62,2,48.649,-123.451,5553,0.2335,8
B009p90f40,b009,48.80_-124.40,48.8,-124.4,48.7,-124.55,38.41,1,48.649,-123.451,1085,0.4271,8
B010p90f40,b010,48.00_-123.20,48.0,-123.2,48.2,-123.375,35.1,6,48.65,-123.451,5807,0.123,8
B010p90f40,b010,48.00_-123.60,48.0,-123.6,48.2,-123.575,37.26,12,48.65,-123.451,5806,0.1202,8
B010p90f40,b010,48.00_-124.00,48.0,-124.0,48.2,-123.8,31.34,1,48.65,-123.451,5801,0.1742,8
B010p90f40,b010,48.40_-123.20,48.4,-123.2,48.3,-123.35,33.35,1,48.65,-123.451,4892,0.1929,8
B010p90f40,b010,48.40_-123.60,48.4,-123.6,48.3,-123.65,27.28,15,48.65,-123.451,5807,0.1062,8
B010p90f40,b010,48.40_-124.00,48.4,-124.0,48.4,-123.85,34.0,11,48.65,-123.451,5807,0.1017,8
B010p90f40,b010,48.80_-123.60,48.8,-123.6,48.625,-123.725,20.21,2,48.65,-123.451,5806,0.1145,8
B010p90f40,b010,48.80_-124.00,48.8,-124.0,48.675,-124.15,30.27,10,48.65,-123.451,5807,0.1054,8
B010p90f40,b010,48.80_-124.40,48.8,-124.4,48.8,-124.4,34.53,20,48.65,-123.451,5807,0.1164,8
B010p90f40,b010,48.80_-124.80,48.8,-124.8,48.9,-124.7,33.2,5,48.65,-123.451,5806,0.1443,8
B010p90f40,b010,49.20_-124.40,49.2,-124.4,49.05,-124.5,27.49,1,48.65,-123.451,5806,0.195,8
B010p90f40,b010,49.20_-124.80,49.2,-124.8,49.05,-124.7,40.23,1,48.65,-123.451,5802,0.1569,8
B011p90f40,b011,47.60_-123.20,47.6,-123.2,47.8,-123.1,43.58,1,48.6495,-123.4482,5904,0.152,8
B011p90f40,b011,48.00_-122.80,48.0,-122.8,48.0,-122.95,49.73,1,48.6495,-123.4482,5905,0.1205,8
B011p90f40,b011,48.00_-123.20,48.0,-123.2,47.9,-123.25,42.49,7,48.6495,-123.4482,5907,0.0925,8
B011p90f40,b011,48.00_-123.60,48.0,-123.6,48.1,-123.55,44.43,7,48.6495,-123.4482,5908,0.0745,8
B011p90f40,b011,48.00_-124.00,48.0,-124.0,48.2,-123.8,31.34,1,48.6495,-123.4482,5906,0.1162,8
B011p90f40,b011,48.40_-122.80,48.4,-122.8,48.35,-122.85,30.28,4,48.6495,-123.4482,5908,0.0862,8
B011p90f40,b011,48.40_-123.20,48.4,-123.2,48.275,-123.05,25.08,2,48.6495,-123.4482,5907,0.0854,8
B011p90f40,b011,48.40_-123.60,48.4,-123.6,48.35,-123.625,26.8,10,48.6495,-123.4482,5907,0.0767,8
B011p90f40,b011,48.40_-124.00,48.4,-124.0,48.5,-123.95,25.74,9,48.6495,-123.4482,5908,0.0854,8
B011p90f40,b011,48.80_-123.60,48.8,-123.6,48.775,-123.725,28.94,4,48.6495,-123.4482,5904,0.0865,8
B011p90f40,b011,48.80_-124.00,48.8,-124.0,48.65,-124.15,30.5,9,48.6495,-123.4482,5908,0.0905,8
B011p90f40,b011,48.80_-124.40,48.8,-124.4,48.85,-124.45,35.57,32,48.6495,-123.4482,5907,0.0766,8
B011p90f40,b011,48.80_-124.80,48.8,-124.8,48.95,-124.725,30.22,18,48.6495,-123.4482,5907,0.083,8
B011p90f40,b011,49.20_-124.40,49.2,-124.4,49.1,-124.55,42.09,5,48.6495,-123.4482,5903,0.0796,8
B011p90f40,b011,49.20_-124.80,49.2,-124.8,49.1,-124.7,40.48,9,48.6495,-123.4482,5908,0.0726,8
B012p90f40,b012,48.80_-124.00,48.8,-124.0,48.75,-124.2,20.89,1,48.925,-125.542,3430,0.3189,11
B012p90f40,b012,48.80_-124.40,48.8,-124.4,48.9,-124.4,29.08,3,48.925,-125.542,3615,0.2325,11
B012p90f40,b012,48.80_-124.80,48.8,-124.8,48.95,-124.75,28.73,28,48.925,-125.542,4151,0.2,11
B012p90f40,b012,49.20_-124.40,49.2,-124.4,49.1,-124.6,42.49,3,48.925,-125.542,3728,0.1948,11
B012p90f40,b012,49.20_-124.80,49.2,-124.8,49.15,-124.85,36.01,24,48.925,-125.542,4174,0.1988,11
B012p90f40,b012,49.20_-125.20,49.2,-125.2,49.25,-125.15,35.95,28,48.925,-125.542,4169,0.2133,11
B013p90f40,b013,47.20_-122.80,47.2,-122.8,47.35,-122.9,40.0,3,47.813,-122.9108,5732,0.0951,12
B013p90f40,b013,47.20_-123.20,47.2,-123.2,47.35,-123.1,44.99,1,47.813,-122.9108,5886,0.1084,12
B013p90f40,b013,47.60_-122.80,47.6,-122.8,47.675,-122.875,17.45,2,47.813,-122.9108,5888,0.0735,12
B013p90f40,b013,47.60_-123.20,47.6,-123.2,47.625,-123.125,45.65,4,47.813,-122.9108,5827,0.1338,12
B013p90f40,b013,48.00_-122.80,48.0,-122.8,47.95,-122.9,44.94,1,47.813,-122.9108,3988,0.1779,12
B013p90f40,b013,48.00_-123.20,48.0,-123.2,47.925,-123.15,44.47,16,47.813,-122.9108,5949,0.0647,12
B013p90f40,b013,48.00_-123.60,48.0,-123.6,48.2,-123.5,41.04,3,47.813,-122.9108,5869,0.1106,12
B013p90f40,b013,48.40_-123.20,48.4,-123.2,48.3,-123.1,41.26,3,47.813,-122.9108,5855,0.113,12
B013p90f40,b013,48.40_-123.60,48.4,-123.6,48.3,-123.5,27.28,9,47.813,-122.9108,5914,0.0771,12
B017p90f40,b017,46.80_-122.80,46.8,-122.8,46.85,-122.85,29.49,3,46.996,-123.5575,5613,0.0455,13
B017p90f40,b017,46.80_-123.20,46.8,-123.2,46.9,-123.0,41.72,11,46.996,-123.5575,5947,0.0644,13
B017p90f40,b017,47.20_-122.80,47.2,-122.8,47.225,-122.8,40.3,8,46.996,-123.5575,5942,0.0841,13
B017p90f40,b017,47.20_-123.20,47.2,-123.2,47.1,-123.05,41.87,14,46.996,-123.5575,6003,0.0955,13
B017p90f40,b017,47.60_-122.80,47.6,-122.8,47.65,-122.8,29.76,6,46.996,-123.5575,5805,0.1065,13
B017p90f40,b017,47.60_-123.20,47.6,-123.2,47.7,-123.15,44.57,6,46.996,-123.5575,5939,0.1046,13
B017p90f40,b017,48.00_-123.20,48.0,-123.2,47.85,-123.1,42.56,3,46.996,-123.5575,4874,0.0831,13
B018p90f40,b018,46.00_-123.20,46.0,-123.2,46.15,-123.15,18.68,1,46.9795,-123.0203,5998,0.0789,14
B018p90f40,b018,46.40_-123.20,46.4,-123.2,46.5,-123.1,47.81,3,46.9795,-123.0203,5997,0.0455,14
B018p90f40,b018,46.80_-122.80,46.8,-122.8,46.9,-122.7,37.66,3,46.9795,-123.0203,6001,0.0394,14
B018p90f40,b018,46.80_-123.20,46.8,-123.2,46.825,-123.125,40.1,6,46.9795,-123.0203,6001,0.0361,14
B018p90f40,b018,47.20_-122.80,47.2,-122.8,47.275,-122.825,40.23,14,46.9795,-123.0203,6001,0.0464,14
B018p90f40,b018,47.20_-123.20,47.2,-123.2,47.3,-123.05,42.51,12,46.9795,-123.0203,6001,0.0531,14
B018p90f40,b018,47.60_-122.80,47.6,-122.8,47.6,-122.75,21.99,9,46.9795,-123.0203,6001,0.0641,14
B018p90f40,b018,47.60_-123.20,47.6,-123.2,47.675,-123.125,43.61,24,46.9795,-123.0203,6001,0.0414,14
B018p90f40,b018,47.60_-123.60,47.6,-123.6,47.725,-123.475,35.99,2,46.9795,-123.0203,5997,0.0662,14
B018p90f40,b018,48.00_-122.80,48.0,-122.8,47.85,-122.8,30.01,1,46.9795,-123.0203,5894,0.0529,14
B018p90f40,b018,48.00_-123.20,48.0,-123.2,47.85,-123.2,41.69,3,46.9795,-123.0203,6000,0.0624,14
B022p90f40,b022,45.60_-123.20,45.6,-123.2,45.8,-123.3,33.99,3,45.9546,-123.931,5898,0.0799,15
B022p90f40,b022,46.00_-123.20,46.0,-123.2,45.9,-123.25,40.62,21,45.9546,-123.931,5903,0.0665,15
B023p90f40,b023,45.20_-122.80,45.2,-122.8,45.325,-122.9,23.07,2,46.1112,-123.0787,5418,0.1119,16
B023p90f40,b023,45.20_-123.20,45.2,-123.2,45.3,-123.15,25.1,3,46.1112,-123.0787,5541,0.1123,16
B023p90f40,b023,45.20_-123.60,45.2,-123.6,45.25,-123.5,45.1,3,46.1112,-123.0787,5559,0.1043,16
B023p90f40,b023,45.60_-122.80,45.6,-122.8,45.625,-122.875,20.12,2,46.1112,-123.0787,5550,0.0985,16
B023p90f40,b023,45.60_-123.20,45.6,-123.2,45.65,-123.3,33.06,8,46.1112,-123.0787,5536,0.1142,16
B023p90f40,b023,45.60_-123.60,45.6,-123.6,45.675,-123.475,31.41,2,46.1112,-123.0787,5567,0.0646,16
B023p90f40,b023,46.40_-122.80,46.4,-122.8,46.6,-122.85,48.91,3,46.1112,-123.0787,5494,0.1351,16
B023p90f40,b023,46.40_-123.20,46.4,-123.2,46.35,-123.2,25.42,3,46.1112,-123.0787,5530,0.1032,16
B023p90f40,b023,46.80_-122.40,46.8,-122.4,46.775,-122.575,22.3,2,46.1112,-123.0787,5421,0.1596,16
B023p90f40,b023,46.80_-122.80,46.8,-122.8,46.9,-122.825,37.54,12,46.1112,-123.0787,5554,0.0974,16
B023p90f40,b023,46.80_-123.20,46.8,-123.2,46.9,-123.125,41.36,4,46.1112,-123.0787,5545,0.0989,16
B023p90f40,b023,47.20_-122.40,47.2,-122.4,47.0,-122.4,40.0,1,46.1112,-123.0787,5440,0.1135,16
B023p90f40,b023,47.20_-122.80,47.2,-122.8,47.0,-122.775,45.33,4,46.1112,-123.0787,5531,0.0842,16
B024p90f40,b024,44.80_-123.20,44.8,-123.2,45.0,-123.4,16.95,1,45.638,-123.856,4948,0.191,17
B024p90f40,b024,45.20_-122.80,45.2,-122.8,45.3,-122.925,23.79,2,45.638,-123.856,4949,0.1596,17
B024p90f40,b024,45.20_-123.20,45.2,-123.2,45.3,-123.3,25.33,21,45.638,-123.856,4949,0.0876,17
B024p90f40,b024,45.20_-123.60,45.2,-123.6,45.2,-123.5,37.38,23,45.638,-123.856,4949,0.1179,17
B024p90f40,b024,45.60_-123.20,45.6,-123.2,45.6,-123.3,34.52,38,45.638,-123.856,4949,0.0969,17
B024p90f40,b024,45.60_-123.60,45.6,-123.6,45.5,-123.5,40.64,11,45.638,-123.856,4949,0.1271,17
B024p90f40,b024,46.00_-123.20,46.0,-123.2,45.925,-123.25,38.12,4,45.638,-123.856,4949,0.1136,17
B027p90f40,b027,44.80_-123.20,44.8,-123.2,45.0,-123.4,16.95,4,44.497,-122.962,5707,0.1549,18
B027p90f40,b027,44.80_-123.60,44.8,-123.6,44.8,-123.5,32.71,1,44.497,-122.962,5082,0.0775,18
B027p90f40,b027,45.20_-123.20,45.2,-123.2,45.1,-123.4,27.13,6,44.497,-122.962,5906,0.0545,18
B027p90f40,b027,45.20_-123.60,45.2,-123.6,45.075,-123.475,24.73,2,44.497,-122.962,5849,0.05,18
B031p90f40,b031,43.20_-123.60,43.2,-123.6,43.4,-123.6,28.8,3,43.664,-123.397,2145,0.0927,19
B031p90f40,b031,43.20_-124.00,43.2,-124.0,43.25,-123.85,29.38,2,43.664,-123.397,1696,0.0722,19
B031p90f40,b031,43.60_-123.20,43.6,-123.2,43.6,-123.4,26.41,7,43.664,-123.397,2205,0.0991,19
B031p90f40,b031,43.60_-123.60,43.6,-123.6,43.6,-123.55,27.34,38,43.664,-123.397,3554,0.0794,19
B031p90f40,b031,43.60_-124.00,43.6,-124.0,43.45,-123.8,30.84,1,43.664,-123.397,1891,0.1,19
B031p90f40,b031,44.00_-123.20,44.0,-123.2,43.925,-123.3,21.01,10,43.664,-123.397,2404,0.0799,19
B031p90f40,b031,44.00_-123.60,44.0,-123.6,43.9,-123.675,30.83,12,43.664,-123.397,1901,0.0812,19
B032p90f40,b032,42.80_-123.60,42.8,-123.6,42.8,-123.5,32.0,1,43.668,-123.3923,5803,0.1534,19
B032p90f40,b032,43.20_-123.20,43.2,-123.2,43.2,-123.4,37.77,3,43.668,-123.3923,5806,0.0626,19
B032p90f40,b032,43.20_-123.60,43.2,-123.6,43.2,-123.5,34.37,7,43.668,-123.3923,5806,0.1317,19
B032p90f40,b032,43.60_-123.20,43.6,-123.2,43.525,-123.35,32.89,2,43.668,-123.3923,5807,0.059,19
B032p90f40,b032,43.60_-123.60,43.6,-123.6,43.65,-123.5,25.86,9,43.668,-123.3923,5805,0.065,19
B032p90f40,b032,44.00_-123.20,44.0,-123.2,44.0,-123.3,18.22,6,43.668,-123.3923,5799,0.105,19
B032p90f40,b032,44.00_-123.60,44.0,-123.6,44.05,-123.55,26.77,4,43.668,-123.3923,5806,0.0687,19
B032p90f40,b032,44.40_-123.20,44.4,-123.2,44.55,-123.3,37.32,1,43.668,-123.3923,4383,0.1835,19
B032p90f40,b032,44.40_-123.60,44.4,-123.6,44.475,-123.575,28.57,12,43.668,-123.3923,5806,0.0909,19
B033p90f40,b033,42.40_-123.60,42.4,-123.6,42.6,-123.5,29.71,1,43.2917,-123.1245,5999,0.096,21
B033p90f40,b033,42.80_-123.60,42.8,-123.6,42.95,-123.5,32.59,7,43.2917,-123.1245,5997,0.1046,21
B033p90f40,b033,43.20_-123.20,43.2,-123.2,43.15,-123.4,37.47,5,43.2917,-123.1245,5998,0.103,21
B033p90f40,b033,43.20_-123.60,43.2,-123.6,43.15,-123.55,32.67,25,43.2917,-123.1245,6000,0.0792,21
B033p90f40,b033,43.20_-124.00,43.2,-124.0,43.25,-123.8,29.6,4,43.2917,-123.1245,5999,0.1014,21
B033p90f40,b033,43.60_-123.20,43.6,-123.2,43.55,-123.4,28.94,1,43.2917,-123.1245,5987,0.1255,21
B033p90f40,b033,43.60_-123.60,43.6,-123.6,43.575,-123.575,28.13,10,43.2917,-123.1245,6000,0.0993,21
B033p90f40,b033,44.00_-123.60,44.0,-123.6,43.85,-123.5,23.75,1,43.2917,-123.1245,5996,0.081,21
B033p90f40,b033,44.00_-124.00,44.0,-124.0,43.95,-123.8,33.67,1,43.2917,-123.1245,5994,0.1193,21
B035p90f40,b035,41.60_-122.80,41.6,-122.8,41.7,-122.85,16.79,1,42.504,-123.383,3082,0.1822,22
B035p90f40,b035,41.60_-123.20,41.6,-123.2,41.7,-123.3,35.27,2,42.504,-123.383,4728,0.1306,22
B035p90f40,b035,42.00_-123.20,42.0,-123.2,42.05,-123.3,36.56,13,42.504,-123.383,5842,0.046,22
B035p90f40,b035,42.00_-123.60,42.0,-123.6,42.025,-123.475,42.97,4,42.504,-123.383,5736,0.0259,22
B035p90f40,b035,42.00_-124.00,42.0,-124.0,42.025,-123.8,37.47,4,42.504,-123.383,5771,0.0934,22
B035p90f40,b035,42.40_-123.20,42.4,-123.2,42.4,-123.25,30.9,27,42.504,-123.383,5863,0.082,22
B035p90f40,b035,42.40_-123.60,42.4,-123.6,42.4,-123.55,37.46,23,42.504,-123.383,5862,0.0794,22
B035p90f40,b035,42.40_-124.00,42.4,-124.0,42.4,-123.8,35.96,5,42.504,-123.383,5863,0.0196,22
B035p90f40,b035,42.80_-123.20,42.8,-123.2,42.825,-123.35,35.61,12,42.504,-123.383,5822,0.0708,22
B035p90f40,b035,42.80_-123.60,42.8,-123.6,42.75,-123.525,30.71,14,42.504,-123.383,5863,0.0347,22
B035p90f40,b035,42.80_-124.00,42.8,-124.0,42.65,-123.85,25.47,1,42.504,-123.383,4891,0.0204,22
B035p90f40,b035,43.20_-123.60,43.2,-123.6,43.05,-123.55,31.48,7,42.504,-123.383,5738,0.0974,22
B036p90f40,b036,41.60_-123.60,41.6,-123.6,41.8,-123.45,41.2,1,42.5058,-123.3817,5915,1.6496,22
B036p90f40,b036,42.00_-123.20,42.0,-123.2,42.075,-123.3,37.6,8,42.5058,-123.3817,5943,0.217,22
B036p90f40,b036,42.00_-123.60,42.0,-123.6,42.1,-123.6,44.35,10,42.5058,-123.3817,5943,0.1561,22
B036p90f40,b036,42.40_-123.20,42.4,-123.2,42.4,-123.35,30.73,22,42.5058,-123.3817,5943,0.0946,22
B036p90f40,b036,42.40_-123.60,42.4,-123.6,42.5,-123.525,36.32,20,42.5058,-123.3817,5943,0.1227,22
B036p90f40,b036,42.40_-124.00,42.4,-124.0,42.45,-123.85,35.4,16,42.5058,-123.3817,5943,0.0259,22
B036p90f40,b036,42.80_-123.20,42.8,-123.2,42.7,-123.3,31.02,4,42.5058,-123.3817,5928,0.3083,22
B036p90f40,b036,42.80_-123.60,42.8,-123.6,42.775,-123.55,30.17,12,42.5058,-123.3817,5943,0.0679,22
B036p90f40,b036,43.20_-123.60,43.2,-123.6,43.0,-123.6,30.08,3,42.5058,-123.3817,5943,0.1787,22
B039p90f40,b039,41.20_-122.80,41.2,-122.8,41.3,-122.9,20.88,10,41.4667,-122.4847,5563,0.033,24
B039p90f40,b039,41.20_-123.20,41.2,-123.2,41.3,-123.1,31.9,26,41.4667,-122.4847,5563,0.0367,24
B039p90f40,b039,41.60_-122.80,41.6,-122.8,41.65,-122.85,18.47,20,41.4667,-122.4847,5564,0.0278,24
B039p90f40,b039,41.60_-123.20,41.6,-123.2,41.6,-123.1,30.91,26,41.4667,-122.4847,5564,0.0379,24
B039p90f40,b039,42.00_-123.20,42.0,-123.2,42.15,-123.35,40.47,1,41.4667,-122.4847,5562,0.0628,24
B039p90f40,b039,42.40_-123.20,42.4,-123.2,42.225,-123.3,38.39,2,41.4667,-122.4847,5562,0.077,24
B039p90f40,b039,42.40_-123.60,42.4,-123.6,42.35,-123.45,39.78,1,41.4667,-122.4847,5562,0.0459,24
B040p90f40,b040,41.20_-122.80,41.2,-122.8,41.2,-122.9,21.19,9,41.8308,-122.4205,5938,0.1574,25
B040p90f40,b040,41.20_-123.20,41.2,-123.2,41.325,-123.1,35.26,26,41.8308,-122.4205,5939,0.138,25
B040p90f40,b040,41.60_-122.80,41.6,-122.8,41.6,-122.9,20.16,3,41.8308,-122.4205,5937,0.1821,25
B040p90f40,b040,41.60_-123.20,41.6,-123.2,41.55,-123.2,33.48,31,41.8308,-122.4205,5939,0.1583,25
B040p90f40,b040,41.60_-123.60,41.6,-123.6,41.65,-123.45,38.65,2,41.8308,-122.4205,3842,0.2753,25
B040p90f40,b040,42.00_-123.20,42.0,-123.2,42.025,-123.325,37.1,4,41.8308,-122.4205,5920,0.1716,25
B040p90f40,b040,42.00_-123.60,42.0,-123.6,41.9,-123.475,43.23,2,41.8308,-122.4205,5936,0.1796,25
B040p90f40,b040,42.40_-123.20,42.4,-123.2,42.2,-123.275,36.89,2,41.8308,-122.4205,5932,0.18,25
B040p90f40,b040,42.40_-123.60,42.4,-123.6,42.5,-123.45,32.81,1,41.8308,-122.4205,5708,0.1994,25
B045p90f40,b045,40.80_-122.80,40.8,-122.8,40.95,-122.9,21.41,1,40.436,-123.9965,5690,0.0961,26
B045p90f40,b045,41.20_-123.20,41.2,-123.2,41.2,-123.1,34.82,3,40.436,-123.9965,5704,0.0484,26
B201p90f40,b201,45.60_-123.20,45.6,-123.2,45.65,-123.3,31.4,16,46.3033,-122.2648,4394,0.1373,27
B201p90f40,b201,46.00_-123.20,46.0,-123.2,45.9,-123.2,33.77,9,46.3033,-122.2648,4449,0.1555,27
B201p90f40,b201,46.40_-123.20,46.4,-123.2,46.35,-123.2,25.01,5,46.3033,-122.2648,4700,0.1122,27
B201p90f40,b201,46.80_-122.80,46.8,-122.8,46.9,-122.85,39.85,5,46.3033,-122.2648,4506,0.1409,27
B201p90f40,b201,46.80_-123.20,46.8,-123.2,46.9,-123.0,42.86,1,46.3033,-122.2648,3315,0.1776,27
B201p90f40,b201,47.20_-123.20,47.2,-123.2,47.1,-123.05,42.18,3,46.3033,-122.2648,3853,0.14,27
B926p90f40,b926,48.00_-123.60,48.0,-123.6,48.2,-123.7,34.26,1,48.82,-124.131,4612,0.2429,28
B926p90f40,b926,48.40_-123.60,48.4,-123.6,48.45,-123.75,26.24,3,48.82,-124.131,5314,0.1212,28
B926p90f40,b926,48.40_-124.00,48.4,-124.0,48.5,-123.9,35.62,6,48.82,-124.131,5277,0.1069,28
B926p90f40,b926,48.80_-124.00,48.8,-124.0,48.65,-124.1,25.35,5,48.82,-124.131,5292,0.1226,28
B926p90f40,b926,48.80_-124.40,48.8,-124.4,48.9,-124.5,35.34,28,48.82,-124.131,5469,0.099,28
B926p90f40,b926,48.80_-124.80,48.8,-124.8,48.95,-124.75,29.59,51,48.82,-124.131,5475,0.1084,28
B926p90f40,b926,49.20_-124.40,49.2,-124.4,49.05,-124.55,42.09,6,48.82,-124.131,5401,0.1161,28
B926p90f40,b926,49.20_-124.80,49.2,-124.8,49.1,-124.725,38.6,10,48.82,-124.131,5444,0.1024,28
B927p90f40,b927,48.80_-124.40,48.8,-124.4,49.0,-124.475,41.08,6,49.2188,-124.8113,5929,0.1292,29
B927p90f40,b927,48.80_-124.80,48.8,-124.8,48.95,-124.75,29.59,4,49.2188,-124.8113,5383,0.2267,29
B927p90f40,b927,49.20_-124.40,49.2,-124.4,49.1,-124.6,42.49,23,49.2188,-124.8113,5958,0.1259,29
B927p90f40,b927,49.20_-124.80,49.2,-124.8,49.175,-124.925,32.88,14,49.2188,-124.8113,5975,0.1614,29
B927p90f40,b927,49.20_-125.20,49.2,-125.2,49.3,-125.1,40.31,8,49.2188,-124.8113,5958,0.1474,29
B928p90f40,b928,48.40_-124.00,48.4,-124.0,48.55,-123.8,18.73,1,48.8337,-125.1345,5818,0.2475,30
B928p90f40,b928,48.80_-124.00,48.8,-124.0,48.75,-124.2,20.89,3,48.8337,-125.1345,5822,0.1298,30
B928p90f40,b928,48.80_-124.40,48.8,-124.4,48.9,-124.55,32.61,17,48.8337,-125.1345,5823,0.1173,30
B928p90f40,b928,48.80_-124.80,48.8,-124.8,48.95,-124.75,29.83,63,48.8337,-125.1345,5823,0.1105,30
B928p90f40,b928,49.20_-124.40,49.2,-124.4,49.05,-124.575,42.29,4,48.8337,-125.1345,5821,0.1116,30
B928p90f40,b928,49.20_-124.80,49.2,-124.8,49.175,-124.9,35.22,18,48.8337,-125.1345,5823,0.1177,30
B935p90f40,b935,40.40_-122.40,40.4,-122.4,40.375,-122.55,29.29,2,40.4787,-123.5732,5889,0.2374,31
B935p90f40,b935,40.40_-122.80,40.4,-122.8,40.4,-122.8,28.48,15,40.4787,-123.5732,5924,0.1611,31
B935p90f40,b935,40.40_-123.20,40.4,-123.2,40.45,-123.0,39.46,1,40.4787,-123.5732,5889,0.2016,31
B935p90f40,b935,40.80_-122.40,40.8,-122.4,41.0,-122.55,16.87,1,40.4787,-123.5732,5829,0.2571,31
B935p90f40,b935,40.80_-122.80,40.8,-122.8,40.75,-122.9,18.5,24,40.4787,-123.5732,5925,0.1336,31
B935p90f40,b935,40.80_-123.20,40.8,-123.2,40.8,-123.05,32.01,39,40.4787,-123.5732,5924,0.1506,31
B935p90f40,b935,41.20_-122.80,41.2,-122.8,41.125,-122.9,21.26,6,40.4787,-123.5732,5924,0.1599,31
B935p90f40,b935,41.20_-123.20,41.2,-123.2,41.1,-123.1,31.81,10,40.4787,-123.5732,5924,0.1935,31
B941p90f40,b941,46.40_-123.20,46.4,-123.2,46.325,-123.2,24.83,2,46.9868,-122.219,6015,0.0634,32
B941p90f40,b941,46.80_-122.80,46.8,-122.8,46.85,-122.85,40.95,8,46.9868,-122.219,6015,0.0673,32
B941p90f40,b941,46.80_-123.20,46.8,-123.2,46.85,-123.0,34.63,5,46.9868,-122.219,6015,0.0812,32
B941p90f40,b941,47.20_-122.80,47.2,-122.8,47.275,-122.8,28.51,2,46.9868,-122.219,6015,0.0829,32
B941p90f40,b941,47.20_-123.20,47.2,-123.2,47.3,-123.1,46.14,3,46.9868,-122.219,6015,0.0768,32
B941p90f40,b941,47.60_-122.80,47.6,-122.8,47.55,-122.85,19.95,5,46.9868,-122.219,6015,0.0896,32
B941p90f40,b941,47.60_-123.20,47.6,-123.2,47.75,-123.15,44.6,1,46.9868,-122.219,6015,0.1819,32
B943p90f40,b943,47.20_-122.80,47.2,-122.8,47.35,-122.85,31.15,9,47.813,-122.911,5994,0.08,12
B943p90f40,b943,47.20_-123.20,47.2,-123.2,47.35,-123.025,42.24,8,47.813,-122.911,5996,0.0724,12
B943p90f40,b943,47.60_-122.80,47.6,-122.8,47.7,-122.9,30.85,9,47.813,-122.911,5986,0.0945,12
B943p90f40,b943,47.60_-123.20,47.6,-123.2,47.65,-123.25,41.91,19,47.813,-122.911,5993,0.0787,12
B943p90f40,b943,48.00_-122.80,48.0,-122.8,48.0,-122.95,32.98,4,47.813,-122.911,5975,0.1008,12
B943p90f40,b943,48.00_-123.20,48.0,-123.2,48.0,-123.15,41.69,30,47.813,-122.911,5997,0.0866,12
B943p90f40,b943,48.00_-123.60,48.0,-123.6,48.025,-123.525,38.55,4,47.813,-122.911,5936,0.1175,12
B943p90f40,b943,48.40_-122.80,48.4,-122.8,48.35,-122.8,41.83,2,47.813,-122.911,5989,0.1577,12
B943p90f40,b943,48.40_-123.20,48.4,-123.2,48.3,-123.15,29.91,7,47.813,-122.911,5990,0.092,12
B943p90f40,b943,48.40_-123.60,48.4,-123.6,48.4,-123.625,23.2,10,47.813,-122.911,5994,0.0937,12
B943p90f40,b943,48.40_-124.00,48.4,-124.0,48.5,-123.825,28.85,4,47.813,-122.911,5992,0.0674,12
B943p90f40,b943,48.80_-123.60,48.8,-123.6,48.65,-123.7,23.37,1,47.813,-122.911,3709,0.1922,12
B943p90f40,b943,48.80_-124.00,48.8,-124.0,48.65,-124.025,23.94,2,47.813,-122.911,3044,0.3094,12
BABR,babr,44.00_-123.20,44.0,-123.2,44.1,-123.3,26.89,3,44.621,-123.789,620,0.2477,34
BABR,babr,44.40_-123.60,44.4,-123.6,44.45,-123.55,29.85,5,44.621,-123.789,615,0.2514,34
BABR,babr,44.80_-123.20,44.8,-123.2,44.9,-123.4,29.65,11,44.621,-123.789,617,0.2995,34
BABR,babr,44.80_-123.60,44.8,-123.6,44.8,-123.55,29.9,22,44.621,-123.789,620,0.3001,34
BABR,babr,45.20_-123.20,45.2,-123.2,45.15,-123.4,23.51,11,44.621,-123.789,619,0.2691,34
BABR,babr,45.20_-123.60,45.2,-123.6,45.1,-123.5,34.04,9,44.621,-123.789,618,0.3157,34
BBO,bbo,42.00_-123.20,42.0,-123.2,42.125,-123.375,41.32,4,42.888,-122.68,2428,0.1945,35
BBO,bbo,42.00_-123.60,42.0,-123.6,42.15,-123.55,45.8,3,42.888,-122.68,2434,0.3286,35
BBO,bbo,42.40_-123.20,42.4,-123.2,42.4,-123.35,35.69,27,42.888,-122.68,2536,0.1883,35
BBO,bbo,42.40_-123.60,42.4,-123.6,42.5,-123.55,35.56,23,42.888,-122.68,2577,0.1931,35
BBO,bbo,42.40_-124.00,42.4,-124.0,42.45,-123.8,41.68,1,42.888,-122.68,1907,0.2176,35
BBO,bbo,42.80_-123.20,42.8,-123.2,42.8,-123.35,35.4,17,42.888,-122.68,2548,0.223,35
BBO,bbo,42.80_-123.60,42.8,-123.6,42.8,-123.5,31.11,19,42.888,-122.68,2556,0.1875,35
BBO,bbo,43.20_-123.20,43.2,-123.2,43.0,-123.375,37.73,4,42.888,-122.68,2400,0.2681,35
BBO,bbo,43.20_-123.60,43.2,-123.6,43.15,-123.6,30.67,15,42.888,-122.68,2568,0.216,35
BBO,bbo,43.20_-124.00,43.2,-124.0,43.3,-123.875,30.01,2,42.888,-122.68,2155,0.2919,35
BBO,bbo,43.60_-123.60,43.6,-123.6,43.45,-123.6,28.82,1,42.888,-122.68,2272,0.2246,35
BCCR,bccr,40.00_-122.40,40.0,-122.4,40.2,-122.35,25.83,7,39.819,-121.734,2085,0.0815,36
BCCR,bccr,40.00_-122.80,40.0,-122.8,40.15,-122.85,29.06,3,39.819,-121.734,2058,0.0739,36
BCCR,bccr,40.40_-122.40,40.4,-122.4,40.425,-122.55,20.17,28,39.819,-121.734,2086,0.0548,36
BCCR,bccr,40.40_-122.80,40.4,-122.8,40.4,-122.75,24.93,34,39.819,-121.734,2086,0.0583,36
BCCR,bccr,40.40_-123.20,40.4,-123.2,40.3,-123.0,43.01,1,39.819,-121.734,2070,0.1089,36
BCCR,bccr,40.80_-122.40,40.8,-122.4,40.65,-122.6,21.01,10,39.819,-121.734,2083,0.0567,36
BCCR,bccr,40.80_-122.80,40.8,-122.8,40.65,-122.7,20.24,38,39.819,-121.734,2087,0.0513,36
BCCR,bccr,40.80_-123.20,40.8,-123.2,40.7,-123.0,14.88,1,39.819,-121.734,2060,0.1408,36
BEER,beer,43.20_-123.60,43.2,-123.6,43.35,-123.45,33.81,3,44.108,-123.847,3391,0.1612,37
BEER,beer,43.20_-124.00,43.2,-124.0,43.3,-123.85,30.18,1,44.108,-123.847,3367,0.1575,37
BEER,beer,43.60_-123.20,43.6,-123.2,43.7,-123.4,23.33,1,44.108,-123.847,2356,0.221,37
BEER,beer,43.60_-123.60,43.6,-123.6,43.55,-123.55,27.33,2,44.108,-123.847,3348,0.2377,37
BEER,beer,43.60_-124.00,43.6,-124.0,43.45,-123.8,30.84,1,44.108,-123.847,3395,0.1889,37
BEER,beer,44.00_-123.60,44.0,-123.6,44.2,-123.55,30.36,1,44.108,-123.847,2999,0.2101,37
BEER,beer,44.40_-123.20,44.4,-123.2,44.5,-123.35,35.45,3,44.108,-123.847,3390,0.1492,37
BEER,beer,44.40_-123.60,44.4,-123.6,44.55,-123.55,29.35,40,44.108,-123.847,3401,0.1052,37
BEER,beer,44.40_-124.00,44.4,-124.0,44.45,-123.8,24.1,1,44.108,-123.847,3089,0.1739,37
BEER,beer,44.80_-123.20,44.8,-123.2,44.8,-123.375,28.99,6,44.108,-123.847,3399,0.17,37
BEER,beer,44.80_-123.60,44.8,-123.6,44.65,-123.55,28.76,45,44.108,-123.847,3401,0.1194,37
BEER,beer,44.80_-124.00,44.8,-124.0,44.625,-123.8,24.87,2,44.108,-123.847,3374,0.2441,37
BERY,bery,47.60_-122.80,47.6,-122.8,47.7,-122.8,21.59,10,48.264,-122.096,1360,0.1084,38
BERY,bery,47.60_-123.20,47.6,-123.2,47.7,-123.2,43.72,3,48.264,-122.096,1318,0.099,38
BERY,bery,48.00_-123.20,48.0,-123.2,48.1,-123.3,43.33,1,48.264,-122.096,1364,0.0866,38
BERY,bery,48.40_-123.20,48.4,-123.2,48.275,-123.325,41.26,4,48.264,-122.096,1380,0.1016,38
BERY,bery,48.40_-123.60,48.4,-123.6,48.275,-123.45,23.52,2,48.264,-122.096,953,0.0941,38
BFSB,bfsb,48.40_-124.00,48.4,-124.0,48.55,-124.0,13.56,1,48.834,-125.136,1788,0.1307,30
BFSB,bfsb,48.80_-124.00,48.8,-124.0,48.75,-124.175,25.29,2,48.834,-125.136,2868,0.1933,30
BFSB,bfsb,48.80_-124.40,48.8,-124.4,48.75,-124.35,29.61,5,48.834,-125.136,2863,0.1513,30
BFSB,bfsb,48.80_-124.80,48.8,-124.8,49.0,-124.75,29.65,3,48.834,-125.136,2871,0.145,30
BFSB,bfsb,49.20_-124.40,49.2,-124.4,49.1,-124.6,42.49,7,48.834,-125.136,2881,0.2102,30
BFSB,bfsb,49.20_-124.80,49.2,-124.8,49.2,-124.95,34.01,13,48.834,-125.136,2880,0.173,30
BFSB,bfsb,49.20_-125.20,49.2,-125.2,49.25,-125.1,32.18,12,48.834,-125.136,2877,0.1691,30
BHAM,bham,48.00_-122.80,48.0,-122.8,48.05,-122.9,35.32,2,48.787,-122.418,1787,0.0311,40
BHAM,bham,48.00_-123.20,48.0,-123.2,47.95,-123.15,40.99,6,48.787,-122.418,1789,0.0182,40
BHAM,bham,48.00_-123.60,48.0,-123.6,48.175,-123.5,38.06,2,48.787,-122.418,1789,0.0171,40
BHAM,bham,48.40_-122.80,48.4,-122.8,48.3,-122.875,29.8,2,48.787,-122.418,1789,0.0419,40
BHAM,bham,48.40_-123.20,48.4,-123.2,48.35,-123.1,31.57,9,48.787,-122.418,1789,0.0126,40
BHAM,bham,48.40_-123.60,48.4,-123.6,48.35,-123.65,24.31,8,48.787,-122.418,1789,0.0134,40
BHAM,bham,48.80_-123.20,48.8,-123.2,48.65,-123.3,23.7,1,48.787,-122.418,1713,0.0402,40
BHAM,bham,48.80_-123.60,48.8,-123.6,48.85,-123.65,41.41,3,48.787,-122.418,1789,0.0352,40
BHW,bhw,47.20_-122.80,47.2,-122.8,47.05,-122.75,45.29,3,47.836,-122.031,1363,0.0503,41
BHW,bhw,47.20_-123.20,47.2,-123.2,47.35,-123.05,45.49,3,47.836,-122.031,1363,0.0762,41
BHW,bhw,47.60_-122.80,47.6,-122.8,47.725,-122.85,40.42,4,47.836,-122.031,1363,0.0241,41
BHW,bhw,47.60_-123.20,47.6,-123.2,47.6,-123.0,41.91,1,47.836,-122.031,1363,0.0395,41
BHW,bhw,48.00_-122.80,48.0,-122.8,48.075,-122.925,38.63,2,47.836,-122.031,1363,0.0203,41
BHW,bhw,48.00_-123.20,48.0,-123.2,48.025,-123.15,47.26,2,47.836,-122.031,1363,0.0238,41
BHW,bhw,48.40_-122.80,48.4,-122.8,48.4,-122.85,54.79,1,47.836,-122.031,1363,0.0288,41
BHW,bhw,48.40_-123.20,48.4,-123.2,48.45,-123.2,38.52,4,47.836,-122.031,1363,0.0471,41
BHW,bhw,48.80_-123.20,48.8,-123.2,48.6,-123.3,44.37,1,47.836,-122.031,1363,0.0278,41
BOIS,bois,46.00_-123.20,46.0,-123.2,45.975,-123.25,32.07,2,46.551,-123.13,72,0.1577,42
BOIS,bois,46.40_-123.20,46.4,-123.2,46.35,-123.3,20.11,1,46.551,-123.13,910,0.3243,42
BOIS,bois,47.20_-122.40,47.2,-122.4,47.25,-122.6,34.18,1,46.551,-123.13,1332,0.167,42
BOIS,bois,47.20_-122.80,47.2,-122.8,47.3,-122.65,24.05,1,46.551,-123.13,454,0.3603,42
BST09,bst09,46.80_-122.80,46.8,-122.8,46.8,-122.75,37.15,1,47.654,-122.309,1893,0.0106,43
BST09,bst09,46.80_-123.20,46.8,-123.2,46.95,-123.15,41.72,1,47.654,-122.309,1894,0.0104,43
BST09,bst09,47.20_-122.80,47.2,-122.8,47.275,-122.775,41.93,4,47.654,-122.309,1895,0.0073,43
BST09,bst09,47.20_-123.20,47.2,-123.2,47.325,-123.025,42.59,6,47.654,-122.309,1894,0.0045,43
BST09,bst09,47.60_-122.80,47.6,-122.8,47.55,-122.9,20.91,9,47.654,-122.309,1894,0.0081,43
BST09,bst09,47.60_-123.20,47.6,-123.2,47.625,-123.225,40.52,6,47.654,-122.309,1894,0.0074,43
BST09,bst09,48.00_-122.80,48.0,-122.8,48.1,-122.9,25.7,3,47.654,-122.309,1894,0.0235,43
BST09,bst09,48.00_-123.20,48.0,-123.2,48.1,-123.125,35.74,8,47.654,-122.309,1894,0.0057,43
BST09,bst09,48.00_-123.60,48.0,-123.6,48.025,-123.575,41.98,4,47.654,-122.309,1894,0.0071,43
BST09,bst09,48.40_-122.80,48.4,-122.8,48.375,-122.825,30.28,8,47.654,-122.309,1895,0.0063,43
BST09,bst09,48.40_-123.20,48.4,-123.2,48.35,-123.375,28.5,4,47.654,-122.309,1895,0.0105,43
BST09,bst09,48.40_-123.60,48.4,-123.6,48.375,-123.5,23.59,8,47.654,-122.309,1895,0.0043,43
BTB,btb,48.80_-124.00,48.8,-124.0,48.7,-124.2,32.38,1,49.469,-125.523,2339,0.0789,44
BTB,btb,48.80_-124.40,48.8,-124.4,48.95,-124.4,26.65,3,49.469,-125.523,2528,0.1199,44
BTB,btb,48.80_-124.80,48.8,-124.8,49.0,-124.775,28.75,2,49.469,-125.523,2095,0.1137,44
BTB,btb,49.20_-124.00,49.2,-124.0,49.1,-124.2,39.99,1,49.469,-125.523,2147,0.1007,44
BTB,btb,49.20_-124.40,49.2,-124.4,49.1,-124.55,42.09,5,49.469,-125.523,2468,0.0782,44
BTB,btb,49.20_-124.80,49.2,-124.8,49.175,-124.75,40.36,8,49.469,-125.523,2540,0.0806,44
BTB,btb,49.20_-125.20,49.2,-125.2,49.35,-125.1,33.58,1,49.469,-125.523,2488,0.0823,44
BTB,btb,49.20_-125.60,49.2,-125.6,49.4,-125.525,39.07,2,49.469,-125.523,2426,0.1458,44
BTB,btb,49.60_-126.40,49.6,-126.4,49.775,-126.275,36.45,4,49.469,-125.523,2531,0.0904,44
BTB,btb,50.00_-126.00,50.0,-126.0,49.9,-126.0,31.76,2,49.469,-125.523,1045,0.1163,44
BTB,btb,50.00_-126.40,50.0,-126.4,49.9,-126.55,24.25,13,49.469,-125.523,2530,0.0888,44
BTB,btb,50.00_-126.80,50.0,-126.8,50.1,-126.8,24.73,19,49.469,-125.523,2539,0.0906,44
BTB,btb,50.40_-126.80,50.4,-126.8,50.2,-126.85,22.97,7,49.469,-125.523,2525,0.0943,44
BUCK,buck,43.20_-123.60,43.2,-123.6,43.4,-123.6,30.6,3,44.197,-122.986,2783,0.1052,45
BUCK,buck,43.20_-124.00,43.2,-124.0,43.35,-123.85,30.42,1,44.197,-122.986,2680,0.1414,45
BUCK,buck,43.60_-123.20,43.6,-123.2,43.6,-123.35,31.19,8,44.197,-122.986,2784,0.0552,45
BUCK,buck,43.60_-123.60,43.6,-123.6,43.6,-123.5,26.58,22,44.197,-122.986,2784,0.044,45
BUCK,buck,44.00_-123.20,44.0,-123.2,43.975,-123.3,22.48,4,44.197,-122.986,2784,0.0563,45
BUCK,buck,44.00_-123.60,44.0,-123.6,43.9,-123.525,26.72,4,44.197,-122.986,2784,0.0475,45
BUCK,buck,44.40_-123.20,44.4,-123.2,44.55,-123.3,37.32,1,44.197,-122.986,2751,0.0806,45
BUCK,buck,44.40_-123.60,44.4,-123.6,44.5,-123.6,27.88,15,44.197,-122.986,2784,0.0433,45
BUCK,buck,44.80_-123.20,44.8,-123.2,44.9,-123.4,25.97,4,44.197,-122.986,2784,0.0422,45
BUCK,buck,44.80_-123.60,44.8,-123.6,44.7,-123.55,29.69,19,44.197,-122.986,2783,0.0365,45
BUCK,buck,45.20_-123.20,45.2,-123.2,45.075,-123.4,22.68,2,44.197,-122.986,2782,0.0895,45
BUCK,buck,45.20_-123.60,45.2,-123.6,45.075,-123.475,24.96,4,44.197,-122.986,2784,0.0547,45
CARB,carb,46.00_-123.20,46.0,-123.2,46.15,-123.05,14.26,1,46.988,-122.005,2453,0.1253,46
CARB,carb,46.40_-122.80,46.4,-122.8,46.5,-122.85,30.99,1,46.988,-122.005,2239,0.0909,46
CARB,carb,46.40_-123.20,46.4,-123.2,46.35,-123.2,24.24,10,46.988,-122.005,2463,0.0453,46
CARB,carb,46.80_-122.80,46.8,-122.8,46.825,-122.75,33.13,6,46.988,-122.005,2450,0.1027,46
CARB,carb,46.80_-123.20,46.8,-123.2,46.875,-123.05,38.66,6,46.988,-122.005,2459,0.0774,46
CARB,carb,47.20_-122.40,47.2,-122.4,47.2,-122.6,41.9,4,46.988,-122.005,2473,0.0897,46
CARB,carb,47.20_-122.80,47.2,-122.8,47.25,-122.9,40.99,11,46.988,-122.005,2482,0.0787,46
CARB,carb,47.20_-123.20,47.2,-123.2,47.15,-123.15,42.18,13,46.988,-122.005,2479,0.0529,46
CARB,carb,47.60_-122.40,47.6,-122.4,47.75,-122.6,18.38,1,46.988,-122.005,2413,0.1504,46
CARB,carb,47.60_-122.80,47.6,-122.8,47.65,-122.8,31.05,20,46.988,-122.005,2481,0.0419,46
CARB,carb,47.60_-123.20,47.6,-123.2,47.75,-123.05,42.59,10,46.988,-122.005,2464,0.0708,46
CARB,carb,48.00_-122.80,48.0,-122.8,47.85,-122.8,19.67,3,46.988,-122.005,2392,0.1037,46
CARB,carb,48.00_-123.20,48.0,-123.2,47.85,-123.15,44.74,2,46.988,-122.005,2430,0.0947,46
CAVE,cave,41.20_-123.20,41.2,-123.2,41.35,-123.1,35.62,1,42.121,-123.571,3134,0.1474,47
CAVE,cave,41.60_-123.20,41.6,-123.2,41.45,-123.1,34.32,1,42.121,-123.571,649,0.2183,47
CAVE,cave,42.00_-123.20,42.0,-123.2,42.1,-123.25,35.08,2,42.121,-123.571,3089,0.1093,47
CAVE,cave,42.40_-123.20,42.4,-123.2,42.525,-123.375,28.58,4,42.121,-123.571,3297,0.1248,47
CAVE,cave,42.40_-123.60,42.4,-123.6,42.55,-123.5,32.03,3,42.121,-123.571,2697,0.2318,47
CAVE,cave,42.80_-123.20,42.8,-123.2,42.725,-123.35,31.76,2,42.121,-123.571,2541,0.2089,47
CBB,cbb,49.20_-124.80,49.2,-124.8,49.25,-124.8,30.54,21,50.032,-125.365,3406,0.1991,48
CBB,cbb,49.20_-125.20,49.2,-125.2,49.25,-125.05,33.15,14,50.032,-125.365,3416,0.2051,48
CBB,cbb,49.20_-125.60,49.2,-125.6,49.375,-125.7,38.29,2,50.032,-125.365,3376,0.2794,48
CBB,cbb,49.60_-125.20,49.6,-125.2,49.5,-125.3,27.69,9,50.032,-125.365,3408,0.2102,48
CBB,cbb,49.60_-125.60,49.6,-125.6,49.45,-125.5,41.83,6,50.032,-125.365,3386,0.2006,48
CBB,cbb,49.60_-126.00,49.6,-126.0,49.625,-126.025,36.3,2,50.032,-125.365,3346,0.2983,48
CBB,cbb,49.60_-126.40,49.6,-126.4,49.675,-126.325,35.99,4,50.032,-125.365,3390,0.1939,48
CBB,cbb,50.00_-126.00,50.0,-126.0,49.85,-126.15,37.82,1,50.032,-125.365,3193,0.2668,48
CBB,cbb,50.00_-126.40,50.0,-126.4,49.95,-126.45,25.23,20,50.032,-125.365,3399,0.1719,48
CBB,cbb,50.00_-126.80,50.0,-126.8,50.05,-126.65,18.95,5,50.032,-125.365,3405,0.21,48
CHIMA,chima,47.20_-122.40,47.2,-122.4,47.3,-122.55,31.32,1,48.011,-122.781,1843,0.0812,49
CHIMA,chima,47.20_-122.80,47.2,-122.8,47.15,-122.75,37.67,3,48.011,-122.781,1884,0.0578,49
CHIMA,chima,47.20_-123.20,47.2,-123.2,47.1,-123.05,41.13,2,48.011,-122.781,1884,0.0774,49
CHIMA,chima,47.60_-122.40,47.6,-122.4,47.45,-122.45,51.94,1,48.011,-122.781,1880,0.0585,49
CHIMA,chima,47.60_-122.80,47.6,-122.8,47.7,-122.85,26.94,7,48.011,-122.781,1884,0.051,49
CHIMA,chima,48.00_-122.80,48.0,-122.8,48.05,-122.95,48.59,7,48.011,-122.781,1884,0.0811,49
CHIMA,chima,48.00_-123.20,48.0,-123.2,48.0,-123.15,41.79,7,48.011,-122.781,1883,0.048,49
CHIMA,chima,48.00_-123.60,48.0,-123.6,48.05,-123.45,44.31,4,48.011,-122.781,1884,0.0725,49
CHIMA,chima,48.40_-122.80,48.4,-122.8,48.275,-122.925,33.75,4,48.011,-122.781,1884,0.059,49
CHIMA,chima,48.40_-123.20,48.4,-123.2,48.325,-123.15,23.86,8,48.011,-122.781,1884,0.0344,49
CHIMA,chima,48.40_-123.60,48.4,-123.6,48.325,-123.7,28.75,10,48.011,-122.781,1884,0.0385,49
CHIMA,chima,48.40_-124.00,48.4,-124.0,48.5,-123.975,26.26,4,48.011,-122.781,1884,0.03,49
CHIMA,chima,48.80_-123.60,48.8,-123.6,48.75,-123.6,21.42,9,48.011,-122.781,1884,0.0374,49
CHIMA,chima,48.80_-124.00,48.8,-124.0,48.7,-123.95,22.3,5,48.011,-122.781,1884,0.0561,49
CINE,cine,45.60_-123.20,45.6,-123.2,45.8,-123.25,32.5,1,46.557,-122.567,1960,0.1711,50
CINE,cine,46.00_-123.20,46.0,-123.2,45.9,-123.2,33.55,1,46.557,-122.567,2235,0.145,50
CINE,cine,46.40_-123.20,46.4,-123.2,46.5,-123.2,40.39,1,46.557,-122.567,329,0.1806,50
CINE,cine,46.80_-122.80,46.8,-122.8,46.95,-122.775,41.99,2,46.557,-122.567,2172,0.1745,50
CINE,cine,47.20_-122.40,47.2,-122.4,47.0,-122.55,49.11,1,46.557,-122.567,1407,0.1214,50
CINE,cine,47.20_-122.80,47.2,-122.8,47.35,-122.85,43.5,3,46.557,-122.567,2271,0.0979,50
CINE,cine,47.60_-122.80,47.6,-122.8,47.45,-122.85,26.25,3,46.557,-122.567,2277,0.1201,50
CLRS,clrs,48.80_-124.00,48.8,-124.0,48.65,-124.15,36.57,7,48.8203,-124.1309,4240,0.163,28
CLRS,clrs,48.80_-124.40,48.8,-124.4,48.8,-124.425,34.79,8,48.8203,-124.1309,4240,0.0955,28
CLRS,clrs,48.80_-124.80,48.8,-124.8,48.9,-124.7,30.34,1,48.8203,-124.1309,4233,0.1434,28
CLRSnew,clrsnew,48.00_-123.60,48.0,-123.6,48.2,-123.45,44.19,1,48.8203,-124.1309,4061,0.1936,28
CLRSnew,clrsnew,48.40_-123.60,48.4,-123.6,48.45,-123.65,24.48,1,48.8203,-124.1309,4170,0.2153,28
CLRSnew,clrsnew,48.40_-124.00,48.4,-124.0,48.55,-123.85,20.01,3,48.8203,-124.1309,4227,0.1033,28
CLRSnew,clrsnew,48.80_-124.00,48.8,-124.0,48.75,-124.175,26.01,14,48.8203,-124.1309,4229,0.094,28
CLRSnew,clrsnew,48.80_-124.40,48.8,-124.4,48.8,-124.35,28.99,18,48.8203,-124.1309,4229,0.1065,28
CLRSnew,clrsnew,48.80_-124.80,48.8,-124.8,48.9,-124.7,29.59,3,48.8203,-124.1309,4188,0.2166,28
CLRSnew,clrsnew,49.20_-124.40,49.2,-124.4,49.05,-124.55,42.09,3,48.8203,-124.1309,4227,0.1621,28
CLRSnew,clrsnew,49.20_-125.20,49.2,-125.2,49.35,-125.15,18.06,3,48.8203,-124.1309,4229,0.1351,28
CORE,core,46.40_-123.20,46.4,-123.2,46.45,-123.1,42.74,1,46.926,-123.916,1600,0.2872,53
CORE,core,46.80_-123.20,46.8,-123.2,46.85,-123.05,35.83,1,46.926,-123.916,590,0.2277,53
CORE,core,47.20_-122.80,47.2,-122.8,47.25,-122.85,37.67,5,46.926,-123.916,2075,0.0462,53
CORE,core,47.20_-123.20,47.2,-123.2,47.3,-123.1,41.6,6,46.926,-123.916,2067,0.1096,53
CORE,core,47.60_-122.80,47.6,-122.8,47.75,-122.875,34.66,2,46.926,-123.916,2041,0.1054,53
CORE,core,47.60_-123.20,47.6,-123.2,47.7,-123.35,42.04,5,46.926,-123.916,2066,0.0628,53
COWS,cows,46.80_-122.40,46.8,-122.4,46.85,-122.6,37.7,1,47.666,-121.931,1774,0.0844,54
COWS,cows,46.80_-122.80,46.8,-122.8,46.9,-122.75,37.94,4,47.666,-121.931,1775,0.0739,54
COWS,cows,47.20_-122.40,47.2,-122.4,47.3,-122.55,40.39,3,47.666,-121.931,1774,0.1069,54
COWS,cows,47.20_-122.80,47.2,-122.8,47.225,-122.75,35.55,24,47.666,-121.931,1775,0.0628,54
COWS,cows,47.20_-123.20,47.2,-123.2,47.3,-123.15,43.22,7,47.666,-121.931,1774,0.0831,54
COWS,cows,47.60_-122.40,47.6,-122.4,47.6,-122.6,18.56,1,47.666,-121.931,1774,0.1303,54
COWS,cows,47.60_-122.80,47.6,-122.8,47.575,-122.775,22.07,14,47.666,-121.931,1775,0.091,54
COWS,cows,47.60_-123.20,47.6,-123.2,47.65,-123.15,37.72,9,47.666,-121.931,1775,0.0496,54
COWS,cows,48.00_-122.80,48.0,-122.8,48.1,-122.95,39.21,5,47.666,-121.931,1775,0.1032,54
COWS,cows,48.00_-123.20,48.0,-123.2,47.95,-123.125,41.23,12,47.666,-121.931,1775,0.0711,54
COWS,cows,48.40_-122.80,48.4,-122.8,48.375,-122.825,36.42,10,47.666,-121.931,1775,0.0841,54
COWS,cows,48.40_-123.20,48.4,-123.2,48.3,-123.1,31.07,3,47.666,-121.931,1775,0.0538,54
CRBN,crbn,46.00_-123.20,46.0,-123.2,46.15,-123.15,18.68,1,46.988,-121.961,537,0.1468,55
CRBN,crbn,46.80_-122.80,46.8,-122.8,46.9,-122.75,42.4,4,46.988,-121.961,1172,0.091,55
CRBN,crbn,47.20_-123.20,47.2,-123.2,47.1,-123.05,41.13,1,46.988,-121.961,1090,0.0482,55
CRBN,crbn,47.60_-122.80,47.6,-122.8,47.45,-122.9,12.65,2,46.988,-121.961,1303,0.0666,55
CRBN,crbn,47.60_-123.20,47.6,-123.2,47.75,-123.0,46.35,3,46.988,-121.961,1516,0.094,55
CRBN,crbn,48.00_-122.80,48.0,-122.8,47.875,-122.825,37.91,2,46.988,-121.961,1537,0.1176,55
CRBN,crbn,48.00_-123.20,48.0,-123.2,47.85,-123.05,47.79,1,46.988,-121.961,1032,0.0996,55
DANT,dant,40.40_-122.40,40.4,-122.4,40.4,-122.55,19.62,1,40.295,-121.802,2689,0.1926,56
DANT,dant,40.40_-122.80,40.4,-122.8,40.45,-122.75,27.61,6,40.295,-121.802,2687,0.181,56
DANT,dant,40.80_-122.80,40.8,-122.8,40.85,-122.8,19.01,50,40.295,-121.802,2687,0.0989,56
DANT,dant,40.80_-123.20,40.8,-123.2,40.9,-123.05,35.43,20,40.295,-121.802,2687,0.1328,56
DANT,dant,41.20_-122.80,41.2,-122.8,41.1,-122.9,21.23,11,40.295,-121.802,2686,0.1462,56
DANT,dant,41.20_-123.20,41.2,-123.2,41.15,-123.075,20.87,12,40.295,-121.802,2682,0.1341,56
DBO,dbo,42.40_-123.20,42.4,-123.2,42.45,-123.4,32.06,42,43.119,-123.244,2828,0.158,57
DBO,dbo,42.40_-123.60,42.4,-123.6,42.5,-123.5,36.32,42,43.119,-123.244,2829,0.157,57
DBO,dbo,42.40_-124.00,42.4,-124.0,42.375,-123.8,33.1,2,43.119,-123.244,2666,0.1991,57
DBO,dbo,42.80_-123.20,42.8,-123.2,42.75,-123.4,33.6,4,43.119,-123.244,2271,0.1854,57
DBO,dbo,42.80_-123.60,42.8,-123.6,42.825,-123.5,31.71,8,43.119,-123.244,2487,0.2042,57
DBO,dbo,43.20_-123.20,43.2,-123.2,43.075,-123.375,37.88,2,43.119,-123.244,2223,0.1965,57
DBO,dbo,43.20_-123.60,43.2,-123.6,43.2,-123.5,34.37,3,43.119,-123.244,2597,0.1817,57
DBO,dbo,43.60_-123.60,43.6,-123.6,43.65,-123.5,25.84,1,43.119,-123.244,1708,0.3256,57
DING,ding,42.40_-123.20,42.4,-123.2,42.4,-123.35,35.92,9,42.862,-124.054,2657,0.1763,58
DING,ding,42.40_-123.60,42.4,-123.6,42.55,-123.5,33.01,4,42.862,-124.054,2709,0.1678,58
DING,ding,42.80_-123.20,42.8,-123.2,42.8,-123.4,35.4,1,42.862,-124.054,1224,0.2798,58
DING,ding,42.80_-123.60,42.8,-123.6,42.8,-123.5,31.85,6,42.862,-124.054,2709,0.1795,58
DING,ding,43.20_-123.60,43.2,-123.6,43.25,-123.6,30.97,5,42.862,-124.054,2393,0.2136,58
DING,ding,43.60_-124.00,43.6,-124.0,43.45,-123.8,30.84,1,42.862,-124.054,2611,0.1962,58
DLIK,dlik,40.00_-122.40,40.0,-122.4,40.2,-122.55,19.45,1,40.455,-122.894,497,0.5312,59
DLIK,dlik,40.00_-122.80,40.0,-122.8,40.2,-122.8,12.32,1,40.455,-122.894,142,0.4031,59
DLIK,dlik,40.40_-122.40,40.4,-122.4,40.45,-122.6,19.19,18,40.455,-122.894,1424,0.2086,59
DLIK,dlik,40.40_-122.80,40.4,-122.8,40.4,-122.75,24.93,19,40.455,-122.894,1636,0.2095,59
DLIK,dlik,40.80_-122.40,40.8,-122.4,40.675,-122.6,20.33,4,40.455,-122.894,1249,0.3229,59
DLIK,dlik,40.80_-122.80,40.8,-122.8,40.85,-122.725,19.04,24,40.455,-122.894,1491,0.2108,59
DLIK,dlik,40.80_-123.20,40.8,-123.2,40.85,-123.05,35.47,8,40.455,-122.894,1285,0.2402,59
DLIK,dlik,41.20_-122.80,41.2,-122.8,41.2,-122.9,21.19,9,40.455,-122.894,1265,0.2422,59
DLIK,dlik,41.20_-123.20,41.2,-123.2,41.2,-123.05,25.33,18,40.455,-122.894,1552,0.2057,59
DMOR,dmor,40.00_-122.80,40.0,-122.8,40.2,-122.8,12.32,1,40.71,-123.703,1521,0.2743,60
DMOR,dmor,40.40_-122.40,40.4,-122.4,40.375,-122.525,25.6,4,40.71,-123.703,1514,0.1819,60
DMOR,dmor,40.40_-122.80,40.4,-122.8,40.45,-122.75,29.39,14,40.71,-123.703,1531,0.157,60
DMOR,dmor,40.40_-123.20,40.4,-123.2,40.55,-123.075,32.39,2,40.71,-123.703,1516,0.1731,60
DMOR,dmor,40.80_-122.40,40.8,-122.4,40.65,-122.55,19.79,3,40.71,-123.703,1520,0.211,60
DMOR,dmor,40.80_-122.80,40.8,-122.8,40.75,-122.8,19.9,45,40.71,-123.703,1532,0.1842,60
DMOR,dmor,40.80_-123.20,40.8,-123.2,40.85,-123.05,34.36,36,40.71,-123.703,1532,0.1872,60
DMOR,dmor,41.20_-122.80,41.2,-122.8,41.125,-122.9,20.63,10,40.71,-123.703,1527,0.2099,60
DMOR,dmor,41.20_-123.20,41.2,-123.2,41.15,-123.1,34.94,25,40.71,-123.703,1527,0.1858,60
DMOR,dmor,41.60_-123.20,41.6,-123.2,41.5,-123.1,32.48,3,40.71,-123.703,1528,0.2227,60
DONK,donk,47.60_-122.40,47.6,-122.4,47.65,-122.6,19.45,1,48.424,-122.157,1954,0.0897,61
DONK,donk,47.60_-122.80,47.6,-122.8,47.65,-122.85,30.85,5,48.424,-122.157,2319,0.0815,61
DONK,donk,47.60_-123.20,47.6,-123.2,47.725,-123.275,42.88,2,48.424,-122.157,2249,0.1292,61
DONK,donk,48.00_-122.80,48.0,-122.8,48.05,-122.95,49.73,3,48.424,-122.157,2281,0.0968,61
DONK,donk,48.00_-123.20,48.0,-123.2,48.0,-123.075,43.42,14,48.424,-122.157,2335,0.0634,61
DONK,donk,48.40_-122.80,48.4,-122.8,48.35,-122.825,24.31,4,48.424,-122.157,2348,0.0723,61
DONK,donk,48.40_-123.20,48.4,-123.2,48.45,-123.25,32.58,8,48.424,-122.157,2338,0.0621,61
DONK,donk,48.40_-123.60,48.4,-123.6,48.3,-123.45,20.67,1,48.424,-122.157,844,0.1915,61
DONK,donk,48.80_-123.20,48.8,-123.2,48.675,-123.3,22.27,2,48.424,-122.157,2302,0.0842,61
DONK,donk,48.80_-123.60,48.8,-123.6,48.65,-123.45,49.45,1,48.424,-122.157,1045,0.2318,61
DOORS,doors,46.40_-122.80,46.4,-122.8,46.5,-122.8,26.78,5,47.055,-123.257,1731,0.0419,62
DOORS,doors,46.40_-123.20,46.4,-123.2,46.45,-123.25,26.68,13,47.055,-123.257,1731,0.0384,62
DOORS,doors,46.80_-122.40,46.8,-122.4,46.9,-122.6,50.25,1,47.055,-123.257,1731,0.0534,62
DOORS,doors,46.80_-122.80,46.8,-122.8,46.825,-122.825,37.41,10,47.055,-123.257,1731,0.0321,62
DOORS,doors,46.80_-123.20,46.8,-123.2,46.8,-123.1,32.07,5,47.055,-123.257,1731,0.0402,62
DOORS,doors,47.20_-122.40,47.2,-122.4,47.225,-122.55,45.62,8,47.055,-123.257,1731,0.0447,62
DOORS,doors,47.20_-122.80,47.2,-122.8,47.25,-122.825,34.39,24,47.055,-123.257,1731,0.0349,62
DOORS,doors,47.20_-123.20,47.2,-123.2,47.275,-123.075,43.27,14,47.055,-123.257,1731,0.0514,62
DOORS,doors,47.60_-122.40,47.6,-122.4,47.5,-122.55,22.08,3,47.055,-123.257,1731,0.0713,62
DOORS,doors,47.60_-122.80,47.6,-122.8,47.625,-122.85,25.4,22,47.055,-123.257,1731,0.0351,62
DOORS,doors,47.60_-123.20,47.6,-123.2,47.65,-123.15,41.5,28,47.055,-123.257,1731,0.0346,62
DOORS,doors,47.60_-123.60,47.6,-123.6,47.75,-123.5,34.68,1,47.055,-123.257,1731,0.097,62
DOORS,doors,48.00_-122.80,48.0,-122.8,47.85,-122.85,26.15,3,47.055,-123.257,1731,0.0443,62
DOORS,doors,48.00_-123.20,48.0,-123.2,47.875,-123.2,42.75,8,47.055,-123.257,1731,0.0376,62
DOTY,doty,46.00_-122.80,46.0,-122.8,45.9,-122.9,26.56,1,46.705,-123.369,1753,0.0329,63
DOTY,doty,46.00_-123.20,46.0,-123.2,45.95,-123.225,31.85,4,46.705,-123.369,1883,0.0285,63
DOTY,doty,46.40_-122.80,46.4,-122.8,46.25,-122.925,21.46,2,46.705,-123.369,1875,0.048,63
DOTY,doty,46.40_-123.20,46.4,-123.2,46.375,-123.075,36.02,2,46.705,-123.369,1883,0.0372,63
DOTY,doty,46.80_-122.80,46.8,-122.8,46.95,-122.75,43.85,3,46.705,-123.369,1883,0.029,63
DOTY,doty,47.20_-122.40,47.2,-122.4,47.3,-122.55,43.94,3,46.705,-123.369,1883,0.0444,63
DOTY,doty,47.20_-122.80,47.2,-122.8,47.25,-122.85,40.99,11,46.705,-123.369,1883,0.022,63
DOTY,doty,47.20_-123.20,47.2,-123.2,47.4,-123.15,30.07,1,46.705,-123.369,1883,0.0405,63
DOTY,doty,47.60_-122.80,47.6,-122.8,47.5,-122.85,23.86,11,46.705,-123.369,1883,0.0201,63
DOTY,doty,47.60_-123.20,47.6,-123.2,47.525,-123.1,18.21,8,46.705,-123.369,1883,0.0316,63
DRAN,dran,42.80_-123.20,42.8,-123.2,42.95,-123.2,39.27,1,43.697,-123.349,1851,0.1131,64
DRAN,dran,42.80_-123.60,42.8,-123.6,42.9,-123.55,31.04,12,43.697,-123.349,2315,0.1493,64
DRAN,dran,42.80_-124.00,42.8,-124.0,42.95,-123.8,27.33,3,43.697,-123.349,2313,0.1446,64
DRAN,dran,43.20_-123.20,43.2,-123.2,43.1,-123.4,37.18,5,43.697,-123.349,2312,0.1838,64
DRAN,dran,43.20_-123.60,43.2,-123.6,43.15,-123.575,31.37,18,43.697,-123.349,2314,0.1132,64
DRAN,dran,43.60_-123.20,43.6,-123.2,43.45,-123.35,36.67,1,43.697,-123.349,2178,0.1595,64
DRAN,dran,43.60_-123.60,43.6,-123.6,43.675,-123.55,27.38,10,43.697,-123.349,2325,0.1149,64
DRAN,dran,43.60_-124.00,43.6,-124.0,43.5,-123.85,31.07,1,43.697,-123.349,2288,0.1707,64
DRAN,dran,44.00_-123.20,44.0,-123.2,44.0,-123.3,22.02,12,43.697,-123.349,2317,0.1086,64
DRAN,dran,44.00_-123.60,44.0,-123.6,44.075,-123.65,31.33,10,43.697,-123.349,2318,0.1072,64
DRAN,dran,44.40_-123.60,44.4,-123.6,44.45,-123.6,28.57,21,43.697,-123.349,2318,0.1211,64
DRAN,dran,44.80_-123.60,44.8,-123.6,44.6,-123.5,23.89,3,43.697,-123.349,2317,0.1538,64
EAGLE,eagle,46.40_-122.80,46.4,-122.8,46.6,-122.9,48.67,2,47.258,-122.999,1691,0.0977,65
EAGLE,eagle,46.40_-123.20,46.4,-123.2,46.55,-123.0,43.14,1,47.258,-122.999,1675,0.1857,65
EAGLE,eagle,46.80_-122.80,46.8,-122.8,46.95,-122.8,40.13,1,47.258,-122.999,1691,0.0893,65
EAGLE,eagle,46.80_-123.20,46.8,-123.2,46.85,-123.1,34.63,5,47.258,-122.999,1692,0.0576,65
EAGLE,eagle,47.20_-122.40,47.2,-122.4,47.3,-122.6,47.99,1,47.258,-122.999,1502,0.1559,65
EAGLE,eagle,47.20_-122.80,47.2,-122.8,47.25,-122.9,40.0,5,47.258,-122.999,1692,0.0689,65
EAGLE,eagle,47.20_-123.20,47.2,-123.2,47.1,-123.15,41.13,7,47.258,-122.999,1692,0.0523,65
EAGLE,eagle,47.60_-122.80,47.6,-122.8,47.5,-122.85,20.91,3,47.258,-122.999,1692,0.103,65
EAGLE,eagle,48.00_-122.80,48.0,-122.8,48.0,-122.95,49.73,1,47.258,-122.999,1685,0.085,65
EAGLE,eagle,48.00_-123.20,48.0,-123.2,48.0,-123.0,49.47,2,47.258,-122.999,1383,0.275,65
EAGLE,eagle,48.00_-123.60,48.0,-123.6,48.05,-123.475,42.38,2,47.258,-122.999,1691,0.1365,65
FISH,fish,45.20_-123.20,45.2,-123.2,45.1,-123.1,19.01,3,45.931,-123.559,1156,0.0821,66
FISH,fish,45.20_-123.60,45.2,-123.6,45.3,-123.55,45.4,3,45.931,-123.559,1148,0.1176,66
FISH,fish,45.60_-123.20,45.6,-123.2,45.8,-123.25,32.5,1,45.931,-123.559,1110,0.0469,66
FISH,fish,46.00_-123.20,46.0,-123.2,45.9,-123.1,17.08,1,45.931,-123.559,683,0.1101,66
FISH,fish,46.80_-123.20,46.8,-123.2,46.65,-123.15,36.89,1,45.931,-123.559,1089,0.1095,66
GDR,gdr,48.80_-124.80,48.8,-124.8,49.0,-124.75,29.65,3,49.781,-126.056,1359,0.3554,67
GDR,gdr,49.20_-124.80,49.2,-124.8,49.125,-124.825,34.66,4,49.781,-126.056,1680,0.3096,67
GDR,gdr,49.20_-125.20,49.2,-125.2,49.225,-125.075,27.56,2,49.781,-126.056,376,0.4019,67
GDR,gdr,49.20_-125.60,49.2,-125.6,49.375,-125.7,33.58,2,49.781,-126.056,1840,0.4216,67
GDR,gdr,49.60_-125.60,49.6,-125.6,49.5,-125.625,34.16,6,49.781,-126.056,1498,0.3447,67
GDR,gdr,49.60_-126.00,49.6,-126.0,49.575,-126.125,39.56,4,49.781,-126.056,1628,0.2564,67
GDR,gdr,50.00_-126.40,50.0,-126.4,50.0,-126.45,25.23,5,49.781,-126.056,985,0.3326,67
GDR,gdr,50.00_-126.80,50.0,-126.8,50.1,-126.8,26.13,2,49.781,-126.056,1308,0.4946,67
GHNB,ghnb,48.40_-123.20,48.4,-123.2,48.5,-123.225,27.54,2,49.306,-124.236,1546,0.2408,68
GHNB,ghnb,48.40_-123.60,48.4,-123.6,48.5,-123.7,21.96,2,49.306,-124.236,1733,0.2447,68
GHNB,ghnb,48.40_-124.00,48.4,-124.0,48.5,-123.95,23.89,5,49.306,-124.236,1734,0.1669,68
GHNB,ghnb,48.80_-123.60,48.8,-123.6,48.85,-123.6,27.31,2,49.306,-124.236,1733,0.2542,68
GHNB,ghnb,48.80_-124.00,48.8,-124.0,48.675,-123.975,28.68,16,49.306,-124.236,1734,0.1671,68
GHNB,ghnb,48.80_-124.40,48.8,-124.4,48.8,-124.4,36.81,7,49.306,-124.236,1734,0.1248,68
GHNB,ghnb,48.80_-124.80,48.8,-124.8,48.95,-124.8,29.04,4,49.306,-124.236,1708,0.1378,68
GHNB,ghnb,49.20_-124.40,49.2,-124.4,49.05,-124.475,22.24,2,49.306,-124.236,1729,0.164,68
GHNB,ghnb,49.20_-124.80,49.2,-124.8,49.15,-124.9,33.47,9,49.306,-124.236,1734,0.1731,68
GHNB,ghnb,49.20_-125.20,49.2,-125.2,49.2,-125.05,37.69,5,49.306,-124.236,1733,0.1356,68
GROV,grov,44.80_-123.60,44.8,-123.6,44.775,-123.525,22.53,2,45.538,-123.157,2102,0.1174,69
GROV,grov,45.20_-123.20,45.2,-123.2,45.3,-123.15,22.5,3,45.538,-123.157,2015,0.2066,69
GROV,grov,45.20_-123.60,45.2,-123.6,45.275,-123.45,32.59,2,45.538,-123.157,1890,0.1623,69
GROV,grov,45.60_-123.20,45.6,-123.2,45.55,-123.35,38.17,1,45.538,-123.157,2029,0.2276,69
GROV,grov,45.60_-123.60,45.6,-123.6,45.7,-123.45,31.01,3,45.538,-123.157,1879,0.2396,69
GROV,grov,46.00_-123.20,46.0,-123.2,45.9,-123.3,34.03,9,45.538,-123.157,2117,0.1039,69
GROV,grov,46.40_-123.20,46.4,-123.2,46.4,-123.225,21.47,2,45.538,-123.157,1448,0.1383,69
GRPK,grpk,40.40_-122.40,40.4,-122.4,40.5,-122.6,19.19,1,41.122,-121.994,699,0.1067,70
GRPK,grpk,40.40_-122.80,40.4,-122.8,40.35,-122.7,31.8,2,41.122,-121.994,691,0.166,70
GRPK,grpk,40.80_-122.40,40.8,-122.4,40.7,-122.6,20.33,1,41.122,-121.994,653,0.2021,70
GRPK,grpk,40.80_-122.80,40.8,-122.8,40.65,-122.7,18.75,17,41.122,-121.994,722,0.194,70
GRPK,grpk,40.80_-123.20,40.8,-123.2,40.9,-123.05,34.48,5,41.122,-121.994,799,0.1467,70
GRPK,grpk,41.20_-122.80,41.2,-122.8,41.15,-122.9,21.29,7,41.122,-121.994,747,0.2155,70
GRPK,grpk,41.20_-123.20,41.2,-123.2,41.15,-123.1,31.65,20,41.122,-121.994,752,0.1519,70
GRPK,grpk,41.60_-123.20,41.6,-123.2,41.55,-123.125,32.75,4,41.122,-121.994,739,0.1809,70
GTWY,gtwy,46.40_-123.20,46.4,-123.2,46.5,-123.15,48.58,1,46.74,-121.917,2077,0.0247,71
GTWY,gtwy,46.80_-122.80,46.8,-122.8,46.85,-122.875,40.24,2,46.74,-121.917,2077,0.0228,71
GTWY,gtwy,47.20_-122.40,47.2,-122.4,47.25,-122.55,45.26,5,46.74,-121.917,2077,0.0232,71
GTWY,gtwy,47.20_-122.80,47.2,-122.8,47.4,-122.75,29.95,7,46.74,-121.917,2077,0.0373,71
GTWY,gtwy,47.20_-123.20,47.2,-123.2,47.1,-123.0,41.26,3,46.74,-121.917,2077,0.0892,71
GTWY,gtwy,47.60_-122.80,47.6,-122.8,47.6,-122.8,19.36,3,46.74,-121.917,2077,0.0383,71
GTWY,gtwy,47.60_-123.20,47.6,-123.2,47.55,-123.075,31.85,2,46.74,-121.917,2077,0.0632,71
GUEM,guem,47.60_-122.80,47.6,-122.8,47.725,-122.775,29.34,4,48.547,-122.63,1899,0.1221,72
GUEM,guem,47.60_-123.20,47.6,-123.2,47.8,-123.15,38.07,3,48.547,-122.63,1767,0.1069,72
GUEM,guem,48.00_-122.80,48.0,-122.8,48.05,-122.85,21.3,4,48.547,-122.63,1904,0.0993,72
GUEM,guem,48.00_-123.20,48.0,-123.2,47.9,-123.2,42.56,9,48.547,-122.63,1629,0.1211,72
GUEM,guem,48.00_-123.60,48.0,-123.6,48.1,-123.45,37.59,5,48.547,-122.63,1634,0.0935,72
GUEM,guem,48.40_-122.80,48.4,-122.8,48.35,-122.8,22.8,3,48.547,-122.63,1650,0.0894,72
GUEM,guem,48.40_-123.20,48.4,-123.2,48.35,-123.125,43.44,8,48.547,-122.63,1904,0.0759,72
GUEM,guem,48.40_-123.60,48.4,-123.6,48.4,-123.65,25.95,11,48.547,-122.63,1905,0.0695,72
GUEM,guem,48.40_-124.00,48.4,-124.0,48.45,-123.85,35.4,3,48.547,-122.63,1650,0.1024,72
GUEM,guem,48.80_-123.20,48.8,-123.2,48.6,-123.3,44.37,1,48.547,-122.63,1624,0.0911,72
GUEM,guem,48.80_-123.60,48.8,-123.6,48.85,-123.725,41.2,6,48.547,-122.63,1627,0.1179,72
GUEM,guem,48.80_-124.00,48.8,-124.0,48.95,-123.85,46.83,10,48.547,-122.63,1904,0.05,72
GUMB,gumb,40.40_-122.40,40.4,-122.4,40.4,-122.5,16.68,2,41.213,-122.509,267,0.3212,73
GUMB,gumb,40.40_-122.80,40.4,-122.8,40.35,-122.85,17.49,1,41.213,-122.509,101,0.5178,73
GUMB,gumb,40.80_-122.80,40.8,-122.8,40.85,-122.95,21.41,7,41.213,-122.509,651,0.3323,73
GUMB,gumb,40.80_-123.20,40.8,-123.2,40.9,-123.05,36.65,7,41.213,-122.509,815,0.2925,73
GUMB,gumb,41.20_-122.80,41.2,-122.8,41.175,-122.95,22.41,8,41.213,-122.509,784,0.2168,73
GUMB,gumb,41.20_-123.20,41.2,-123.2,41.25,-123.1,32.3,10,41.213,-122.509,813,0.357,73
GUMB,gumb,41.60_-122.80,41.6,-122.8,41.6,-122.95,23.92,1,41.213,-122.509,119,0.2311,73
GUMB,gumb,41.60_-123.20,41.6,-123.2,41.6,-123.3,35.49,13,41.213,-122.509,662,0.2588,73
GUMB,gumb,41.60_-123.60,41.6,-123.6,41.55,-123.45,36.66,2,41.213,-122.509,621,0.4595,73
HANS,hans,47.20_-122.80,47.2,-122.8,47.15,-122.9,41.78,1,47.907,-122.569,1873,0.1259,74
HANS,hans,47.20_-123.20,47.2,-123.2,47.35,-123.05,45.49,1,47.907,-122.569,1873,0.1259,74
HANS,hans,47.60_-122.40,47.6,-122.4,47.6,-122.6,18.56,1,47.907,-122.569,1873,0.1541,74
HANS,hans,47.60_-122.80,47.6,-122.8,47.475,-122.925,20.66,2,47.907,-122.569,1873,0.1201,74
HANS,hans,47.60_-123.20,47.6,-123.2,47.65,-123.075,44.07,12,47.907,-122.569,1873,0.1108,74
HANS,hans,48.00_-122.80,48.0,-122.8,48.1,-122.9,24.6,11,47.907,-122.569,1873,0.1037,74
HANS,hans,48.00_-123.20,48.0,-123.2,47.9,-123.2,42.12,24,47.907,-122.569,1873,0.1016,74
HANS,hans,48.00_-123.60,48.0,-123.6,48.15,-123.6,42.37,5,47.907,-122.569,1873,0.1278,74
HANS,hans,48.00_-124.00,48.0,-124.0,48.15,-123.8,33.51,1,47.907,-122.569,1868,0.1592,74
HANS,hans,48.40_-122.80,48.4,-122.8,48.4,-122.85,54.79,7,47.907,-122.569,1873,0.1232,74
HANS,hans,48.40_-123.20,48.4,-123.2,48.3,-123.075,42.99,4,47.907,-122.569,1873,0.0895,74
HANS,hans,48.40_-123.60,48.4,-123.6,48.4,-123.7,19.97,12,47.907,-122.569,1873,0.0962,74
HANS,hans,48.40_-124.00,48.4,-124.0,48.5,-123.9,35.62,5,47.907,-122.569,1873,0.089,74
HANS,hans,48.80_-123.20,48.8,-123.2,48.65,-123.15,15.1,1,47.907,-122.569,518,0.3407,74
HANS,hans,48.80_-123.60,48.8,-123.6,48.75,-123.75,18.64,5,47.907,-122.569,1873,0.0871,74
HANS,hans,48.80_-124.00,48.8,-124.0,48.725,-123.875,27.51,4,47.907,-122.569,1873,0.1083,74
HAYF,hayf,40.00_-122.40,40.0,-122.4,40.175,-122.375,24.67,2,40.523,-123.232,1966,0.15,75
HAYF,hayf,40.00_-122.80,40.0,-122.8,40.15,-122.7,16.35,1,40.523,-123.232,2347,0.2394,75
HAYF,hayf,40.40_-122.40,40.4,-122.4,40.475,-122.55,20.8,14,40.523,-123.232,2347,0.0637,75
HAYF,hayf,40.40_-122.80,40.4,-122.8,40.5,-122.7,35.73,5,40.523,-123.232,2347,0.0492,75
HAYF,hayf,40.80_-122.40,40.8,-122.4,40.65,-122.6,20.33,5,40.523,-123.232,2348,0.0738,75
HAYF,hayf,40.80_-122.80,40.8,-122.8,40.85,-122.75,19.56,43,40.523,-123.232,2347,0.065,75
HAYF,hayf,40.80_-123.20,40.8,-123.2,40.9,-123.1,36.65,9,40.523,-123.232,2347,0.11,75
HAYF,hayf,41.20_-122.80,41.2,-122.8,41.2,-122.9,21.17,15,40.523,-123.232,2347,0.0613,75
HAYF,hayf,41.20_-123.20,41.2,-123.2,41.2,-123.1,30.48,33,40.523,-123.232,2348,0.0655,75
HBUG,hbug,41.60_-123.20,41.6,-123.2,41.775,-123.225,32.08,4,42.641,-124.379,2188,0.1118,76
HBUG,hbug,41.60_-123.60,41.6,-123.6,41.75,-123.45,41.31,1,42.641,-124.379,2184,0.1389,76
HBUG,hbug,42.00_-123.20,42.0,-123.2,42.05,-123.2,33.89,9,42.641,-124.379,2188,0.103,76
HBUG,hbug,42.00_-123.60,42.0,-123.6,42.15,-123.45,44.98,1,42.641,-124.379,2175,0.1492,76
HBUG,hbug,42.40_-123.20,42.4,-123.2,42.35,-123.35,33.76,32,42.641,-124.379,2188,0.0967,76
HBUG,hbug,42.40_-123.60,42.4,-123.6,42.45,-123.55,37.89,26,42.641,-124.379,2188,0.1059,76
HBUG,hbug,42.40_-124.00,42.4,-124.0,42.35,-123.8,30.24,1,42.641,-124.379,398,0.317,76
HBUG,hbug,42.80_-123.20,42.8,-123.2,42.7,-123.35,31.8,5,42.641,-124.379,2188,0.1021,76
HBUG,hbug,42.80_-123.60,42.8,-123.6,42.75,-123.55,30.01,15,42.641,-124.379,2188,0.1083,76
HBUG,hbug,43.20_-123.20,43.2,-123.2,43.1,-123.4,37.18,1,42.641,-124.379,2188,0.198,76
HBUG,hbug,43.20_-123.60,43.2,-123.6,43.1,-123.525,31.78,12,42.641,-124.379,2188,0.1042,76
HBUG,hbug,43.20_-124.00,43.2,-124.0,43.4,-123.8,30.62,1,42.641,-124.379,2188,0.1572,76
HBUG,hbug,43.60_-123.60,43.6,-123.6,43.475,-123.725,31.09,2,42.641,-124.379,2189,0.1318,76
HEBO,hebo,44.40_-123.60,44.4,-123.6,44.45,-123.55,27.65,3,45.214,-123.755,225,0.4818,77
HEBO,hebo,44.80_-123.60,44.8,-123.6,44.925,-123.625,26.03,2,45.214,-123.755,229,0.5211,77
HEBO,hebo,45.20_-123.20,45.2,-123.2,45.05,-123.3,22.48,1,45.214,-123.755,224,0.6841,77
HEBO,hebo,45.60_-122.80,45.6,-122.8,45.8,-122.95,21.54,1,45.214,-123.755,177,0.2944,77
HEBO,hebo,45.60_-123.20,45.6,-123.2,45.55,-123.3,38.95,3,45.214,-123.755,66,0.4169,77
HEBO,hebo,46.00_-123.20,46.0,-123.2,45.9,-123.2,33.55,1,45.214,-123.755,16,0.9483,77
HILL,hill,47.60_-122.40,47.6,-122.4,47.7,-122.6,21.23,1,48.388,-122.447,2133,0.0791,78
HILL,hill,47.60_-122.80,47.6,-122.8,47.7,-122.8,21.59,5,48.388,-122.447,2133,0.0669,78
HILL,hill,47.60_-123.20,47.6,-123.2,47.725,-123.3,42.73,2,48.388,-122.447,2131,0.069,78
HILL,hill,48.00_-122.80,48.0,-122.8,48.15,-122.95,49.73,5,48.388,-122.447,2133,0.0374,78
HILL,hill,48.00_-123.20,48.0,-123.2,48.1,-123.25,40.68,5,48.388,-122.447,2133,0.0589,78
HILL,hill,48.00_-123.60,48.0,-123.6,48.025,-123.5,38.55,4,48.388,-122.447,2133,0.0591,78
HILL,hill,48.40_-122.80,48.4,-122.8,48.35,-122.85,44.71,3,48.388,-122.447,2133,0.0634,78
HILL,hill,48.40_-123.20,48.4,-123.2,48.3,-123.15,31.57,9,48.388,-122.447,2133,0.0676,78
HILL,hill,48.40_-123.60,48.4,-123.6,48.3,-123.625,31.35,14,48.388,-122.447,2133,0.0452,78
HILL,hill,48.80_-123.20,48.8,-123.2,48.625,-123.3,51.66,2,48.388,-122.447,2133,0.0455,78
HILL,hill,48.80_-123.60,48.8,-123.6,48.7,-123.65,25.0,19,48.388,-122.447,2133,0.054,78
HOQUI,hoqui,46.40_-123.20,46.4,-123.2,46.4,-123.3,21.82,3,47.081,-123.957,1527,0.4516,79
HOQUI,hoqui,46.80_-122.80,46.8,-122.8,46.95,-122.7,47.56,2,47.081,-123.957,1555,0.4094,79
HOQUI,hoqui,46.80_-123.20,46.8,-123.2,46.825,-123.075,32.45,2,47.081,-123.957,1565,0.2783,79
HOQUI,hoqui,47.20_-122.80,47.2,-122.8,47.3,-122.85,31.79,3,47.081,-123.957,1608,0.27,79
HOQUI,hoqui,47.20_-123.20,47.2,-123.2,47.3,-123.1,43.22,5,47.081,-123.957,1617,0.235,79
HOQUI,hoqui,47.60_-122.80,47.6,-122.8,47.65,-122.8,25.53,28,47.081,-123.957,1645,0.2079,79
HOQUI,hoqui,47.60_-123.20,47.6,-123.2,47.65,-123.15,43.18,25,47.081,-123.957,1652,0.189,79
HOQUI,hoqui,48.00_-122.80,48.0,-122.8,47.9,-122.85,48.59,7,47.081,-123.957,1585,0.222,79
HOQUI,hoqui,48.00_-123.20,48.0,-123.2,47.9,-123.15,42.95,15,47.081,-123.957,1611,0.1978,79
HOQUI,hoqui,48.00_-123.60,48.0,-123.6,47.85,-123.55,35.05,1,47.081,-123.957,1582,0.3788,79
IRYS,irys,43.20_-123.20,43.2,-123.2,43.0,-123.25,41.68,1,43.886,-123.257,2276,0.1611,80
IRYS,irys,43.20_-123.60,43.2,-123.6,43.2,-123.5,34.22,22,43.886,-123.257,2301,0.0997,80
IRYS,irys,43.20_-124.00,43.2,-124.0,43.25,-123.85,29.58,3,43.886,-123.257,2302,0.1394,80
IRYS,irys,43.60_-123.20,43.6,-123.2,43.6,-123.375,29.1,6,43.886,-123.257,2270,0.1368,80
IRYS,irys,43.60_-123.60,43.6,-123.6,43.625,-123.55,27.33,14,43.886,-123.257,2303,0.1066,80
IRYS,irys,44.00_-123.60,44.0,-123.6,44.15,-123.6,31.44,1,43.886,-123.257,2301,0.1778,80
IRYS,irys,44.80_-123.60,44.8,-123.6,44.75,-123.475,35.24,2,43.886,-123.257,2302,0.145,80
JEDS,jeds,42.80_-123.20,42.8,-123.2,42.9,-123.3,37.69,3,43.752,-124.049,980,0.1558,81
JEDS,jeds,42.80_-123.60,42.8,-123.6,42.9,-123.6,29.79,15,43.752,-124.049,980,0.0822,81
JEDS,jeds,42.80_-124.00,42.8,-124.0,42.9,-123.8,26.97,3,43.752,-124.049,980,0.0966,81
JEDS,jeds,43.20_-123.20,43.2,-123.2,43.1,-123.325,39.72,16,43.752,-124.049,980,0.0936,81
JEDS,jeds,43.20_-123.60,43.2,-123.6,43.175,-123.6,30.59,22,43.752,-124.049,980,0.0962,81
JEDS,jeds,43.20_-124.00,43.2,-124.0,43.15,-123.8,28.74,5,43.752,-124.049,980,0.0961,81
JEDS,jeds,43.60_-123.20,43.6,-123.2,43.6,-123.35,30.42,17,43.752,-124.049,980,0.116,81
JEDS,jeds,43.60_-123.60,43.6,-123.6,43.55,-123.55,28.77,25,43.752,-124.049,980,0.1046,81
JEDS,jeds,43.60_-124.00,43.6,-124.0,43.5,-123.925,31.12,2,43.752,-124.049,980,0.2064,81
JEDS,jeds,44.00_-123.20,44.0,-123.2,44.0,-123.325,22.75,6,43.752,-124.049,980,0.1049,81
JEDS,jeds,44.00_-123.60,44.0,-123.6,44.05,-123.5,24.49,3,43.752,-124.049,980,0.1703,81
JEDS,jeds,44.40_-123.20,44.4,-123.2,44.55,-123.325,35.95,4,43.752,-124.049,980,0.0816,81
JEDS,jeds,44.40_-123.60,44.4,-123.6,44.45,-123.65,27.68,11,43.752,-124.049,980,0.0899,81
JEDS,jeds,44.80_-123.20,44.8,-123.2,44.65,-123.4,23.54,1,43.752,-124.049,980,0.0858,81
JEDS,jeds,44.80_-123.60,44.8,-123.6,44.65,-123.6,30.79,3,43.752,-124.049,980,0.1399,81
JRO,jro,46.00_-123.20,46.0,-123.2,46.1,-123.15,18.62,4,46.275,-122.218,1213,0.2314,82
JRO,jro,46.40_-122.80,46.4,-122.8,46.375,-122.9,22.05,4,46.275,-122.218,1195,0.1902,82
JRO,jro,46.40_-123.20,46.4,-123.2,46.3,-123.1,18.67,1,46.275,-122.218,812,0.0796,82
JRO,jro,46.80_-122.40,46.8,-122.4,46.75,-122.6,28.59,1,46.275,-122.218,320,0.2152,82
JRO,jro,46.80_-122.80,46.8,-122.8,46.9,-122.8,40.13,3,46.275,-122.218,1054,0.2411,82
JRO,jro,46.80_-123.20,46.8,-123.2,46.725,-123.0,42.81,2,46.275,-122.218,862,0.0778,82
JRO,jro,47.20_-122.40,47.2,-122.4,47.1,-122.6,26.49,1,46.275,-122.218,952,0.2303,82
JRO,jro,47.20_-122.80,47.2,-122.8,47.05,-122.7,44.96,1,46.275,-122.218,1069,0.1656,82
JRO,jro,47.20_-123.20,47.2,-123.2,47.0,-123.0,40.21,1,46.275,-122.218,1145,0.14,82
KBO,kbo,42.40_-123.20,42.4,-123.2,42.425,-123.35,33.61,4,42.212,-124.226,868,0.6771,83
KBO,kbo,42.40_-123.60,42.4,-123.6,42.6,-123.5,29.71,5,42.212,-124.226,1148,0.6125,83
KBO,kbo,42.80_-123.20,42.8,-123.2,42.65,-123.4,29.68,2,42.212,-124.226,1259,0.6782,83
KCPB,kcpb,40.00_-122.40,40.0,-122.4,40.125,-122.425,21.57,2,39.686,-123.582,4573,0.211,84
KCPB,kcpb,40.00_-122.80,40.0,-122.8,39.9,-122.75,12.0,1,39.686,-123.582,4147,0.0505,84
KCPB,kcpb,40.40_-122.40,40.4,-122.4,40.3,-122.55,22.02,5,39.686,-123.582,4703,0.189,84
KCPB,kcpb,40.40_-122.80,40.4,-122.8,40.25,-122.75,17.16,3,39.686,-123.582,3612,0.3465,84
KCPB,kcpb,40.80_-122.40,40.8,-122.4,40.6,-122.6,17.93,1,39.686,-123.582,2499,0.3735,84
KEB,keb,42.40_-123.20,42.4,-123.2,42.4,-123.35,33.99,30,42.872,-124.334,1964,0.3122,85
KEB,keb,42.40_-123.60,42.4,-123.6,42.45,-123.5,35.56,21,42.872,-124.334,1301,0.3277,85
KEB,keb,42.80_-123.20,42.8,-123.2,42.675,-123.275,28.9,8,42.872,-124.334,1329,0.4155,85
KEB,keb,42.80_-123.60,42.8,-123.6,42.775,-123.5,31.85,10,42.872,-124.334,1272,0.2946,85
KEB,keb,43.20_-123.20,43.2,-123.2,43.1,-123.25,42.27,1,42.872,-124.334,1024,0.4321,85
KEB,keb,43.20_-123.60,43.2,-123.6,43.15,-123.5,34.07,17,42.872,-124.334,1320,0.2328,85
KEB,keb,43.20_-124.00,43.2,-124.0,43.2,-123.8,29.1,1,42.872,-124.334,1054,0.3885,85
KEB,keb,43.60_-123.60,43.6,-123.6,43.575,-123.7,30.94,2,42.872,-124.334,1127,0.4154,85
KHBB,khbb,40.80_-122.40,40.8,-122.4,40.75,-122.6,13.02,2,40.66,-123.22,543,0.2791,86
KHBB,khbb,40.80_-122.80,40.8,-122.8,40.9,-122.8,18.75,15,40.66,-123.22,2535,0.3598,86
KHBB,khbb,40.80_-123.20,40.8,-123.2,41.0,-123.1,41.3,1,40.66,-123.22,335,0.3736,86
KHBB,khbb,41.20_-123.20,41.2,-123.2,41.35,-123.1,35.62,7,40.66,-123.22,1828,0.3622,86
KHBB,khbb,41.60_-122.80,41.6,-122.8,41.45,-122.9,20.35,1,40.66,-123.22,1550,0.4597,86
KHBB,khbb,41.60_-123.20,41.6,-123.2,41.5,-123.2,31.64,1,40.66,-123.22,339,0.4435,86
KHMB,khmb,40.00_-122.40,40.0,-122.4,40.05,-122.5,17.31,1,40.875,-123.733,1720,0.0524,87
KHMB,khmb,40.40_-122.80,40.4,-122.8,40.4,-122.8,21.74,5,40.875,-123.733,2063,0.0823,87
KHMB,khmb,40.40_-123.20,40.4,-123.2,40.55,-123.15,30.51,1,40.875,-123.733,1679,0.0745,87
KHMB,khmb,40.80_-122.80,40.8,-122.8,40.9,-122.85,20.98,3,40.875,-123.733,2007,0.0486,87
KHMB,khmb,41.20_-122.80,41.2,-122.8,41.3,-122.825,20.46,2,40.875,-123.733,2031,0.1422,87
KHMB,khmb,41.20_-123.20,41.2,-123.2,41.2,-123.05,21.28,3,40.875,-123.733,1939,0.0532,87
KHMB,khmb,41.60_-122.80,41.6,-122.8,41.7,-122.8,18.83,1,40.875,-123.733,1637,0.0769,87
KHMB,khmb,41.60_-123.20,41.6,-123.2,41.525,-123.3,34.47,2,40.875,-123.733,1956,0.0874,87
KMR,kmr,40.40_-122.40,40.4,-122.4,40.4,-122.55,19.62,1,40.202,-123.709,163,0.1625,88
KMR,kmr,40.80_-122.80,40.8,-122.8,40.6,-122.7,18.41,1,40.202,-123.709,97,0.2942,88
KRMB,krmb,40.80_-122.80,40.8,-122.8,40.85,-122.9,27.87,1,41.523,-123.908,3174,0.222,89
KRMB,krmb,41.20_-122.80,41.2,-122.8,41.175,-122.95,22.44,4,41.523,-123.908,3355,0.2234,89
KRMB,krmb,41.20_-123.20,41.2,-123.2,41.3,-123.15,35.73,33,41.523,-123.908,3364,0.1963,89
KRMB,krmb,41.60_-123.20,41.6,-123.2,41.6,-123.3,35.32,26,41.523,-123.908,3360,0.1866,89
KRMB,krmb,41.60_-123.60,41.6,-123.6,41.6,-123.45,38.0,1,41.523,-123.908,2461,0.3458,89
KRMB,krmb,42.00_-123.20,42.0,-123.2,41.9,-123.35,37.7,5,41.523,-123.908,3328,0.2106,89
KRMB,krmb,42.00_-123.60,42.0,-123.6,41.9,-123.45,42.11,3,41.523,-123.908,3334,0.2141,89
KRMB,krmb,42.40_-123.20,42.4,-123.2,42.3,-123.375,38.24,6,41.523,-123.908,3343,0.2309,89
KRP,krp,40.40_-122.80,40.4,-122.8,40.45,-122.8,31.99,2,41.158,-124.023,3897,0.3101,90
KRP,krp,40.80_-122.80,40.8,-122.8,40.725,-122.725,17.69,6,41.158,-124.023,3991,0.3039,90
KRP,krp,40.80_-123.20,40.8,-123.2,40.75,-123.05,23.19,6,41.158,-124.023,4174,0.354,90
KRP,krp,41.20_-122.80,41.2,-122.8,41.35,-122.9,20.06,7,41.158,-124.023,4127,0.4147,90
KRP,krp,41.20_-123.20,41.2,-123.2,41.3,-123.2,35.73,7,41.158,-124.023,3887,0.4314,90
KRP,krp,41.60_-122.80,41.6,-122.8,41.55,-122.825,17.57,2,41.158,-124.023,3669,0.4629,90
KRP,krp,41.60_-123.20,41.6,-123.2,41.55,-123.0,27.86,3,41.158,-124.023,2684,0.5388,90
KRP,krp,41.60_-123.60,41.6,-123.6,41.8,-123.475,42.22,2,41.158,-124.023,1008,0.6926,90
KRP,krp,42.00_-123.20,42.0,-123.2,42.0,-123.3,36.56,3,41.158,-124.023,3879,0.4274,90
KSXB,ksxb,41.20_-123.20,41.2,-123.2,41.375,-123.1,35.29,4,41.83,-123.877,5444,0.1878,91
KSXB,ksxb,41.60_-123.20,41.6,-123.2,41.7,-123.3,35.27,15,41.83,-123.877,5524,0.1409,91
KSXB,ksxb,41.60_-123.60,41.6,-123.6,41.7,-123.45,41.41,1,41.83,-123.877,4322,0.1627,91
KSXB,ksxb,42.00_-123.20,42.0,-123.2,42.1,-123.35,39.36,11,41.83,-123.877,5547,0.1281,91
KSXB,ksxb,42.00_-123.60,42.0,-123.6,42.125,-123.45,44.69,4,41.83,-123.877,5488,0.1124,91
KSXB,ksxb,42.40_-123.20,42.4,-123.2,42.25,-123.35,39.02,23,41.83,-123.877,5546,0.0994,91
KSXB,ksxb,42.40_-123.60,42.4,-123.6,42.45,-123.5,39.43,18,41.83,-123.877,5550,0.1002,91
KSXB,ksxb,42.40_-124.00,42.4,-124.0,42.375,-123.825,29.68,2,41.83,-123.877,5280,0.1071,91
KUHN,kuhn,46.00_-123.20,46.0,-123.2,45.95,-123.4,37.13,1,45.785,-122.896,1465,0.0725,92
LACKA,lacka,46.00_-123.20,46.0,-123.2,46.0,-123.2,28.64,10,46.852,-122.486,1687,0.0432,93
LACKA,lacka,46.00_-123.60,46.0,-123.6,45.95,-123.45,27.75,1,46.852,-122.486,1687,0.0554,93
LACKA,lacka,46.40_-122.80,46.4,-122.8,46.4,-122.825,23.37,4,46.852,-122.486,1687,0.0597,93
LACKA,lacka,46.40_-123.20,46.4,-123.2,46.45,-123.15,32.83,11,46.852,-122.486,1687,0.0494,93
LACKA,lacka,46.80_-122.40,46.8,-122.4,46.95,-122.55,28.78,3,46.852,-122.486,1687,0.0632,93
LACKA,lacka,46.80_-122.80,46.8,-122.8,46.9,-122.825,42.62,10,46.852,-122.486,1687,0.0422,93
LACKA,lacka,46.80_-123.20,46.8,-123.2,46.7,-123.05,41.72,9,46.852,-122.486,1687,0.0421,93
LACKA,lacka,47.20_-122.40,47.2,-122.4,47.25,-122.6,39.21,3,46.852,-122.486,1687,0.0354,93
LACKA,lacka,47.20_-122.80,47.2,-122.8,47.25,-122.75,33.43,19,46.852,-122.486,1687,0.041,93
LACKA,lacka,47.20_-123.20,47.2,-123.2,47.2,-123.15,41.16,13,46.852,-122.486,1687,0.0347,93
LACKA,lacka,47.60_-122.40,47.6,-122.4,47.575,-122.475,19.84,4,46.852,-122.486,1687,0.0471,93
LACKA,lacka,47.60_-122.80,47.6,-122.8,47.6,-122.85,21.79,16,46.852,-122.486,1687,0.0489,93
LACKA,lacka,47.60_-123.20,47.6,-123.2,47.55,-123.1,38.07,15,46.852,-122.486,1687,0.0422,93
LAIR,lair,42.80_-123.20,42.8,-123.2,42.65,-123.35,29.68,3,43.161,-123.931,911,0.4155,94
LAIR,lair,42.80_-123.60,42.8,-123.6,42.775,-123.5,31.85,2,43.161,-123.931,833,0.385,94
LAIR,lair,43.20_-123.60,43.2,-123.6,43.175,-123.5,34.22,2,43.161,-123.931,930,0.3893,94
LAIR,lair,43.60_-123.60,43.6,-123.6,43.8,-123.6,28.94,1,43.161,-123.931,658,0.5314,94
LBR,lbr,40.80_-122.40,40.8,-122.4,40.65,-122.6,21.66,4,41.409,-122.068,2432,0.1776,95
LBR,lbr,40.80_-122.80,40.8,-122.8,40.8,-122.8,19.43,23,41.409,-122.068,2447,0.1258,95
LBR,lbr,40.80_-123.20,40.8,-123.2,40.875,-123.1,36.52,12,41.409,-122.068,2414,0.1895,95
LBR,lbr,41.20_-122.80,41.2,-122.8,41.15,-122.85,19.99,19,41.409,-122.068,2455,0.1587,95
LBR,lbr,41.20_-123.20,41.2,-123.2,41.225,-123.15,34.35,28,41.409,-122.068,2447,0.1414,95
LBR,lbr,41.60_-122.80,41.6,-122.8,41.65,-122.85,17.0,6,41.409,-122.068,2395,0.1724,95
LBR,lbr,41.60_-123.20,41.6,-123.2,41.625,-123.175,32.27,20,41.409,-122.068,2453,0.1524,95
LBR,lbr,42.00_-123.20,42.0,-123.2,41.975,-123.25,34.9,4,41.409,-122.068,2453,0.1874,95
LBR,lbr,42.40_-123.20,42.4,-123.2,42.3,-123.35,39.02,3,41.409,-122.068,2386,0.1872,95
LCCR,lccr,44.40_-123.60,44.4,-123.6,44.475,-123.725,23.06,4,45.206,-122.478,4664,0.0723,96
LCCR,lccr,44.80_-123.20,44.8,-123.2,44.9,-123.3,32.2,11,45.206,-122.478,4665,0.0764,96
LCCR,lccr,44.80_-123.60,44.8,-123.6,44.9,-123.55,27.54,18,45.206,-122.478,4664,0.0709,96
LCCR,lccr,45.20_-123.20,45.2,-123.2,45.3,-123.225,22.49,24,45.206,-122.478,4664,0.0665,96
LCCR,lccr,45.20_-123.60,45.2,-123.6,45.15,-123.5,29.54,4,45.206,-122.478,4660,0.1269,96
LCCR,lccr,45.60_-123.20,45.6,-123.2,45.7,-123.3,26.65,10,45.206,-122.478,4663,0.0758,96
LCCR,lccr,45.60_-123.60,45.6,-123.6,45.575,-123.475,35.83,2,45.206,-122.478,4649,0.1082,96
LCCR,lccr,46.00_-123.20,46.0,-123.2,45.9,-123.25,34.05,2,45.206,-122.478,4661,0.0939,96
LCM,lcm,40.40_-122.40,40.4,-122.4,40.45,-122.4,20.63,5,40.147,-121.523,366,0.2053,97
LCM,lcm,40.40_-122.80,40.4,-122.8,40.5,-122.725,29.87,8,40.147,-121.523,373,0.1636,97
LCM,lcm,40.80_-122.40,40.8,-122.4,40.7,-122.6,20.33,7,40.147,-121.523,369,0.2254,97
LCM,lcm,40.80_-122.80,40.8,-122.8,40.85,-122.75,19.61,23,40.147,-121.523,376,0.1507,97
LCOW,lcow,40.40_-122.40,40.4,-122.4,40.5,-122.55,22.02,1,40.643,-122.185,2223,0.0722,98
LCOW,lcow,40.40_-122.80,40.4,-122.8,40.45,-122.8,27.9,2,40.643,-122.185,2223,0.0967,98
LCOW,lcow,40.80_-122.80,40.8,-122.8,40.9,-122.85,19.9,41,40.643,-122.185,2225,0.0668,98
LCOW,lcow,40.80_-123.20,40.8,-123.2,40.85,-123.0,36.65,23,40.643,-122.185,2225,0.0531,98
LCOW,lcow,41.20_-122.80,41.2,-122.8,41.15,-122.9,20.85,10,40.643,-122.185,2225,0.0934,98
LCOW,lcow,41.20_-123.20,41.2,-123.2,41.1,-123.15,34.94,27,40.643,-122.185,2225,0.0755,98
LCOW,lcow,41.60_-122.80,41.6,-122.8,41.5,-122.95,24.1,1,40.643,-122.185,2225,0.0743,98
LCOW,lcow,41.60_-123.20,41.6,-123.2,41.475,-123.175,32.98,4,40.643,-122.185,2225,0.0692,98
LDH,ldh,40.00_-122.40,40.0,-122.4,40.125,-122.45,21.92,16,40.512,-121.582,5754,0.1226,99
LDH,ldh,40.00_-122.80,40.0,-122.8,40.1,-122.775,12.98,6,40.512,-121.582,5755,0.1361,99
LDH,ldh,40.40_-122.40,40.4,-122.4,40.45,-122.55,19.53,23,40.512,-121.582,5752,0.1154,99
LDH,ldh,40.40_-122.80,40.4,-122.8,40.45,-122.75,23.6,17,40.512,-121.582,5754,0.1469,99
LDH,ldh,40.80_-122.40,40.8,-122.4,40.725,-122.6,21.38,8,40.512,-121.582,5752,0.132,99
LDH,ldh,40.80_-122.80,40.8,-122.8,40.75,-122.75,20.11,53,40.512,-121.582,5756,0.1292,99
LDH,ldh,41.20_-122.80,41.2,-122.8,41.1,-122.85,19.87,13,40.512,-121.582,5753,0.1295,99
LDL,ldl,40.40_-122.40,40.4,-122.4,40.55,-122.55,20.1,1,41.381,-122.294,3168,0.0392,100
LDL,ldl,40.80_-122.40,40.8,-122.4,40.65,-122.6,17.93,3,41.381,-122.294,3168,0.0989,100
LDL,ldl,40.80_-122.80,40.8,-122.8,40.85,-122.8,18.76,16,41.381,-122.294,3169,0.053,100
LDL,ldl,40.80_-123.20,40.8,-123.2,40.925,-123.025,38.84,4,41.381,-122.294,3168,0.0599,100
LDL,ldl,41.20_-122.80,41.2,-122.8,41.2,-122.95,22.2,23,41.381,-122.294,3169,0.0522,100
LDL,ldl,41.20_-123.20,41.2,-123.2,41.35,-123.05,31.48,32,41.381,-122.294,3169,0.0493,100
LDL,ldl,41.60_-122.80,41.6,-122.8,41.625,-122.875,18.34,2,41.381,-122.294,3139,0.0971,100
LDL,ldl,41.60_-123.20,41.6,-123.2,41.575,-123.15,33.19,8,41.381,-122.294,3169,0.0625,100
LDL,ldl,42.00_-123.20,42.0,-123.2,42.05,-123.3,37.13,6,41.381,-122.294,3169,0.0555,100
LDL,ldl,42.00_-123.60,42.0,-123.6,42.15,-123.45,44.98,1,41.381,-122.294,3168,0.0625,100
LDL,ldl,42.40_-123.20,42.4,-123.2,42.2,-123.4,42.88,1,41.381,-122.294,3106,0.1131,100
LEBA,leba,46.00_-123.20,46.0,-123.2,45.9,-123.25,35.82,6,46.546,-123.563,2460,0.1963,101
LEBA,leba,46.40_-122.80,46.4,-122.8,46.575,-122.75,32.36,4,46.546,-123.563,2663,0.2895,101
LEBA,leba,46.40_-123.20,46.4,-123.2,46.275,-123.1,23.29,16,46.546,-123.563,2773,0.1559,101
LEBA,leba,46.80_-122.80,46.8,-122.8,46.85,-122.75,37.15,21,46.546,-123.563,2772,0.1289,101
LEBA,leba,46.80_-123.20,46.8,-123.2,46.85,-123.1,34.63,3,46.546,-123.563,2584,0.152,101
LEBA,leba,47.20_-122.80,47.2,-122.8,47.35,-122.85,40.0,29,46.546,-123.563,2793,0.0963,101
LEBA,leba,47.20_-123.20,47.2,-123.2,47.3,-123.1,42.64,8,46.546,-123.563,2731,0.1316,101
LEID,leid,46.00_-123.20,46.0,-123.2,45.95,-123.25,42.72,1,46.829,-123.465,725,0.0476,102
LEID,leid,46.80_-122.80,46.8,-122.8,46.75,-122.85,21.52,1,46.829,-123.465,143,0.2012,102
LEID,leid,47.60_-122.80,47.6,-122.8,47.6,-122.85,18.52,3,46.829,-123.465,979,0.058,102
LEID,leid,47.60_-123.20,47.6,-123.2,47.6,-123.1,43.49,1,46.829,-123.465,929,0.0523,102
LGY,lgy,40.40_-122.40,40.4,-122.4,40.45,-122.6,20.63,1,41.345,-122.196,1929,0.1743,103
LGY,lgy,40.40_-122.80,40.4,-122.8,40.5,-122.7,23.21,3,41.345,-122.196,2754,0.2942,103
LGY,lgy,40.80_-122.40,40.8,-122.4,40.7,-122.6,20.33,7,41.345,-122.196,2916,0.1445,103
LGY,lgy,40.80_-122.80,40.8,-122.8,40.825,-122.775,20.92,30,41.345,-122.196,2985,0.1273,103
LGY,lgy,40.80_-123.20,40.8,-123.2,40.8,-123.05,35.56,4,41.345,-122.196,2930,0.1439,103
LGY,lgy,41.20_-122.80,41.2,-122.8,41.25,-122.9,21.45,7,41.345,-122.196,2935,0.1228,103
LGY,lgy,41.20_-123.20,41.2,-123.2,41.25,-123.1,34.94,25,41.345,-122.196,2935,0.1127,103
LGY,lgy,41.60_-122.80,41.6,-122.8,41.625,-122.875,18.34,2,41.345,-122.196,2770,0.1201,103
LGY,lgy,41.60_-123.20,41.6,-123.2,41.6,-123.275,34.74,10,41.345,-122.196,2915,0.1003,103
LGY,lgy,42.00_-123.20,42.0,-123.2,42.05,-123.3,37.7,5,41.345,-122.196,2956,0.1151,103
LGY,lgy,42.00_-123.60,42.0,-123.6,42.15,-123.45,44.98,1,41.345,-122.196,2851,0.1819,103
LGY,lgy,42.40_-123.20,42.4,-123.2,42.2,-123.35,40.49,1,41.345,-122.196,2634,0.1732,103
LMC,lmc,40.80_-122.80,40.8,-122.8,41.0,-122.8,18.75,1,41.274,-122.122,3609,0.165,104
LMC,lmc,41.20_-122.80,41.2,-122.8,41.05,-122.8,18.69,1,41.274,-122.122,2556,0.1106,104
LMC,lmc,41.20_-123.20,41.2,-123.2,41.35,-123.025,29.16,2,41.274,-122.122,3630,0.1245,104
LMC,lmc,41.60_-123.20,41.6,-123.2,41.45,-123.1,34.32,1,41.274,-122.122,607,0.0986,104
LOKI,loki,44.40_-123.60,44.4,-123.6,44.525,-123.6,28.96,10,45.062,-123.108,2277,0.0452,105
LOKI,loki,44.80_-123.20,44.8,-123.2,45.0,-123.25,32.2,1,45.062,-123.108,2277,0.0854,105
LOKI,loki,44.80_-123.60,44.8,-123.6,44.85,-123.6,28.76,15,45.062,-123.108,2277,0.0419,105
LOKI,loki,45.20_-123.20,45.2,-123.2,45.2,-123.3,24.52,20,45.062,-123.108,2277,0.0476,105
LOKI,loki,45.20_-123.60,45.2,-123.6,45.2,-123.45,32.85,8,45.062,-123.108,2277,0.0585,105
LOKI,loki,45.60_-123.20,45.6,-123.2,45.55,-123.35,32.79,12,45.062,-123.108,2277,0.0727,105
LOKI,loki,45.60_-123.60,45.6,-123.6,45.5,-123.45,49.93,1,45.062,-123.108,2277,0.0453,105
LOKI,loki,46.00_-123.20,46.0,-123.2,45.85,-123.2,33.77,1,45.062,-123.108,2277,0.1401,105
LOPEZ,lopez,47.60_-123.20,47.6,-123.2,47.775,-123.125,43.38,6,48.437,-122.887,1660,0.1427,106
LOPEZ,lopez,48.00_-123.20,48.0,-123.2,47.9,-123.25,42.09,6,48.437,-122.887,1660,0.1707,106
LOPEZ,lopez,48.40_-123.60,48.4,-123.6,48.35,-123.7,28.7,18,48.437,-122.887,1660,0.1489,106
LOPEZ,lopez,48.40_-124.00,48.4,-124.0,48.5,-123.85,31.28,28,48.437,-122.887,1660,0.1508,106
LOPEZ,lopez,48.80_-123.60,48.8,-123.6,48.7,-123.75,25.87,5,48.437,-122.887,1660,0.1946,106
LOPEZ,lopez,48.80_-124.00,48.8,-124.0,48.7,-124.1,30.58,28,48.437,-122.887,1660,0.1614,106
LTC,ltc,40.00_-122.40,40.0,-122.4,40.125,-122.4,22.55,20,40.209,-122.126,3649,0.03,107
LTC,ltc,40.00_-122.80,40.0,-122.8,40.0,-122.8,12.27,13,40.209,-122.126,3629,0.0286,107
LTC,ltc,40.00_-123.20,40.0,-123.2,39.9,-123.0,12.19,1,40.209,-122.126,3518,0.0329,107
LTC,ltc,40.40_-122.40,40.4,-122.4,40.4,-122.5,21.51,15,40.209,-122.126,3637,0.028,107
LTC,ltc,40.40_-122.80,40.4,-122.8,40.4,-122.8,29.65,25,40.209,-122.126,3712,0.0281,107
LTC,ltc,40.40_-123.20,40.4,-123.2,40.375,-123.0,39.84,6,40.209,-122.126,3645,0.0374,107
LTC,ltc,40.80_-122.00,40.8,-122.0,40.75,-121.975,15.52,2,40.209,-122.126,3564,0.0344,107
LTC,ltc,40.80_-122.40,40.8,-122.4,40.65,-122.55,19.23,9,40.209,-122.126,3678,0.0248,107
LTC,ltc,40.80_-122.80,40.8,-122.8,40.75,-122.8,18.98,25,40.209,-122.126,3570,0.0256,107
LTC,ltc,40.80_-123.20,40.8,-123.2,40.85,-123.1,35.59,13,40.209,-122.126,3657,0.0264,107
LTC,ltc,41.20_-122.80,41.2,-122.8,41.1,-122.85,19.99,3,40.209,-122.126,3641,0.0444,107
LTC,ltc,41.20_-123.20,41.2,-123.2,41.05,-123.1,33.88,7,40.209,-122.126,3661,0.0265,107
MARQ,marq,44.00_-123.60,44.0,-123.6,44.2,-123.5,28.08,1,45.066,-122.669,2194,0.0783,108
MARQ,marq,44.40_-123.20,44.4,-123.2,44.525,-123.325,36.38,2,45.066,-122.669,2194,0.0569,108
MARQ,marq,44.40_-123.60,44.4,-123.6,44.45,-123.525,29.69,16,45.066,-122.669,2194,0.051,108
MARQ,marq,44.40_-124.00,44.4,-124.0,44.5,-123.8,19.97,1,45.066,-122.669,2194,0.0643,108
MARQ,marq,44.80_-123.20,44.8,-123.2,44.75,-123.3,37.07,15,45.066,-122.669,2194,0.0377,108
MARQ,marq,44.80_-123.60,44.8,-123.6,44.825,-123.55,28.66,22,45.066,-122.669,2194,0.0453,108
MARQ,marq,44.80_-124.00,44.8,-124.0,44.9,-123.8,23.42,1,45.066,-122.669,2194,0.1179,108
MARQ,marq,45.20_-122.80,45.2,-122.8,45.3,-122.95,21.38,1,45.066,-122.669,2194,0.059,108
MARQ,marq,45.20_-123.20,45.2,-123.2,45.2,-123.25,25.38,29,45.066,-122.669,2194,0.0416,108
MARQ,marq,45.20_-123.60,45.2,-123.6,45.15,-123.55,36.27,15,45.066,-122.669,2194,0.0419,108
MARQ,marq,45.60_-122.80,45.6,-122.8,45.6,-122.95,32.66,1,45.066,-122.669,2194,0.0676,108
MARQ,marq,45.60_-123.20,45.6,-123.2,45.6,-123.3,28.68,15,45.066,-122.669,2194,0.0513,108
MARQ,marq,45.60_-123.60,45.6,-123.6,45.575,-123.475,36.11,10,45.066,-122.669,2194,0.0424,108
MARQ,marq,46.00_-123.20,46.0,-123.2,45.9,-123.225,33.9,10,45.066,-122.669,2194,0.0578,108
MARQ,marq,46.00_-123.60,46.0,-123.6,45.875,-123.45,14.63,2,45.066,-122.669,2194,0.0547,108
MGRB,mgrb,48.00_-123.20,48.0,-123.2,48.15,-123.4,39.57,2,49.0,-124.697,2297,0.244,109
MGRB,mgrb,48.00_-123.60,48.0,-123.6,48.15,-123.45,36.94,3,49.0,-124.697,2073,0.1656,109
MGRB,mgrb,48.40_-123.20,48.4,-123.2,48.325,-123.4,34.13,4,49.0,-124.697,2242,0.1569,109
MGRB,mgrb,48.40_-123.60,48.4,-123.6,48.3,-123.65,27.28,47,49.0,-124.697,2390,0.134,109
MGRB,mgrb,48.40_-124.00,48.4,-124.0,48.5,-123.85,31.22,26,49.0,-124.697,2392,0.1451,109
MGRB,mgrb,48.40_-124.40,48.4,-124.4,48.35,-124.25,31.83,1,49.0,-124.697,2292,0.2408,109
MGRB,mgrb,48.80_-123.60,48.8,-123.6,48.7,-123.75,21.92,3,49.0,-124.697,2222,0.226,109
MGRB,mgrb,48.80_-124.00,48.8,-124.0,48.625,-123.95,27.57,22,49.0,-124.697,2382,0.1439,109
MGRB,mgrb,49.20_-124.80,49.2,-124.8,49.2,-124.75,36.91,3,49.0,-124.697,2147,0.1784,109
MGRB,mgrb,49.20_-125.20,49.2,-125.2,49.35,-125.275,34.82,4,49.0,-124.697,2175,0.1605,109
MGRB,mgrb,49.60_-125.20,49.6,-125.2,49.525,-125.3,29.56,2,49.0,-124.697,754,0.2678,109
MILL,mill,41.20_-122.80,41.2,-122.8,41.15,-122.95,22.47,1,41.705,-124.041,727,0.2281,110
MILL,mill,41.20_-123.20,41.2,-123.2,41.35,-123.15,35.62,11,41.705,-124.041,1717,0.1713,110
MILL,mill,41.60_-122.80,41.6,-122.8,41.575,-122.9,20.36,2,41.705,-124.041,1657,0.3448,110
MILL,mill,41.60_-123.20,41.6,-123.2,41.65,-123.3,35.49,25,41.705,-124.041,1764,0.1593,110
MILL,mill,41.60_-123.60,41.6,-123.6,41.65,-123.45,41.2,9,41.705,-124.041,1724,0.2124,110
MILL,mill,42.00_-123.20,42.0,-123.2,42.05,-123.35,39.31,11,41.705,-124.041,1767,0.2083,110
MILL,mill,42.00_-123.60,42.0,-123.6,42.0,-123.45,43.26,2,41.705,-124.041,1745,0.2638,110
MILL,mill,42.40_-123.20,42.4,-123.2,42.35,-123.35,35.16,21,41.705,-124.041,1763,0.211,110
MILL,mill,42.40_-123.60,42.4,-123.6,42.45,-123.55,37.09,14,41.705,-124.041,1759,0.2266,110
MINN,minn,44.40_-123.20,44.4,-123.2,44.55,-123.4,28.14,1,45.212,-123.264,3539,0.0728,111
MINN,minn,44.40_-123.60,44.4,-123.6,44.5,-123.55,30.16,6,45.212,-123.264,3537,0.1116,111
MINN,minn,44.80_-123.20,44.8,-123.2,44.85,-123.3,23.86,3,45.212,-123.264,3543,0.0993,111
MINN,minn,44.80_-123.60,44.8,-123.6,44.8,-123.5,29.6,13,45.212,-123.264,3543,0.0783,111
MINN,minn,45.20_-122.80,45.2,-122.8,45.4,-122.95,23.95,1,45.212,-123.264,3510,0.1016,111
MINN,minn,45.20_-123.20,45.2,-123.2,45.25,-123.35,25.33,17,45.212,-123.264,3542,0.0703,111
MINN,minn,45.20_-123.60,45.2,-123.6,45.15,-123.45,33.51,16,45.212,-123.264,3543,0.0722,111
MINN,minn,45.60_-123.20,45.6,-123.2,45.55,-123.2,28.11,2,45.212,-123.264,3542,0.0633,111
MINN,minn,45.60_-123.60,45.6,-123.6,45.45,-123.525,41.95,2,45.212,-123.264,3537,0.1193,111
MINN,minn,46.00_-123.20,46.0,-123.2,45.9,-123.2,33.55,1,45.212,-123.264,3541,0.1267,111
MOGU,mogu,40.80_-122.80,40.8,-122.8,41.0,-122.9,21.35,1,41.831,-122.421,944,0.3285,25
MOGU,mogu,41.20_-123.20,41.2,-123.2,41.15,-123.0,20.15,1,41.831,-122.421,775,0.3018,25
MOGU,mogu,42.40_-123.20,42.4,-123.2,42.35,-123.325,35.93,10,41.831,-122.421,1707,0.2558,25
MOGU,mogu,42.40_-123.60,42.4,-123.6,42.55,-123.45,31.41,9,41.831,-122.421,1930,0.2907,25
MONKS,monks,45.20_-122.80,45.2,-122.8,45.4,-122.95,23.95,1,45.994,-123.004,2327,0.0467,113
MONKS,monks,45.20_-123.20,45.2,-123.2,45.4,-123.3,19.95,3,45.994,-123.004,2171,0.0996,113
MONKS,monks,45.20_-123.60,45.2,-123.6,45.3,-123.45,25.31,3,45.994,-123.004,2328,0.0698,113
MONKS,monks,45.60_-123.20,45.6,-123.2,45.8,-123.3,26.65,3,45.994,-123.004,2329,0.1024,113
MONKS,monks,46.00_-123.20,46.0,-123.2,45.95,-123.25,42.81,10,45.994,-123.004,2329,0.0892,113
MONKS,monks,46.00_-123.60,46.0,-123.6,45.9,-123.45,13.75,1,45.994,-123.004,2329,0.0771,113
MONKS,monks,46.40_-122.80,46.4,-122.8,46.2,-122.95,19.93,2,45.994,-123.004,2198,0.1391,113
MONKS,monks,46.40_-123.20,46.4,-123.2,46.25,-123.15,18.91,1,45.994,-123.004,2329,0.0612,113
MONTE,monte,46.40_-123.60,46.4,-123.6,46.2,-123.45,14.82,1,47.024,-123.575,1449,0.087,114
MONTE,monte,46.80_-122.80,46.8,-122.8,46.875,-122.8,41.04,4,47.024,-123.575,1823,0.0484,114
MONTE,monte,46.80_-123.20,46.8,-123.2,46.8,-123.1,33.94,4,47.024,-123.575,1821,0.0548,114
MONTE,monte,47.20_-122.80,47.2,-122.8,47.35,-122.825,40.99,6,47.024,-123.575,1822,0.0538,114
MONTE,monte,47.20_-123.20,47.2,-123.2,47.1,-123.2,41.59,1,47.024,-123.575,1820,0.0418,114
MONTE,monte,47.60_-122.80,47.6,-122.8,47.55,-122.8,21.59,3,47.024,-123.575,1589,0.1124,114
MONTE,monte,47.60_-123.20,47.6,-123.2,47.8,-123.15,28.83,1,47.024,-123.575,1446,0.0543,114
MONTE,monte,48.00_-122.80,48.0,-122.8,47.85,-122.8,30.01,1,47.024,-123.575,1467,0.0753,114
MONTE,monte,48.00_-123.20,48.0,-123.2,47.9,-123.0,49.18,1,47.024,-123.575,1547,0.07,114
MULN,muln,47.60_-122.40,47.6,-122.4,47.8,-122.55,13.94,1,48.535,-122.064,1779,0.0545,115
MULN,muln,47.60_-122.80,47.6,-122.8,47.7,-122.85,24.86,14,48.535,-122.064,1790,0.0164,115
MULN,muln,47.60_-123.20,47.6,-123.2,47.725,-123.1,44.7,6,48.535,-122.064,1790,0.0206,115
MULN,muln,48.00_-122.80,48.0,-122.8,48.1,-122.9,25.7,13,48.535,-122.064,1790,0.0213,115
MULN,muln,48.00_-123.20,48.0,-123.2,48.0,-123.1,42.83,10,48.535,-122.064,1790,0.0238,115
MULN,muln,48.40_-122.80,48.4,-122.8,48.35,-122.85,28.71,7,48.535,-122.064,1790,0.0142,115
MULN,muln,48.40_-123.20,48.4,-123.2,48.275,-123.15,25.07,8,48.535,-122.064,1790,0.0218,115
MULN,muln,48.80_-123.20,48.8,-123.2,48.6,-123.25,48.08,3,48.535,-122.064,1790,0.023,115
NATEM,natem,47.20_-122.80,47.2,-122.8,47.4,-122.75,27.47,1,48.106,-122.819,1931,0.1122,116
NATEM,natem,47.60_-122.80,47.6,-122.8,47.6,-122.8,19.95,3,48.106,-122.819,1927,0.0976,116
NATEM,natem,47.60_-123.20,47.6,-123.2,47.725,-123.275,41.68,2,48.106,-122.819,1924,0.0685,116
NATEM,natem,48.00_-122.40,48.0,-122.4,47.85,-122.6,18.87,1,48.106,-122.819,1915,0.093,116
NATEM,natem,48.00_-122.80,48.0,-122.8,48.125,-122.9,25.98,4,48.106,-122.819,1930,0.0697,116
NATEM,natem,48.00_-123.20,48.0,-123.2,48.0,-123.15,43.28,6,48.106,-122.819,1931,0.0745,116
NATEM,natem,48.00_-123.60,48.0,-123.6,48.05,-123.55,44.59,3,48.106,-122.819,1915,0.0671,116
NATEM,natem,48.40_-122.80,48.4,-122.8,48.4,-122.85,54.79,3,48.106,-122.819,1930,0.0657,116
NATEM,natem,48.40_-123.20,48.4,-123.2,48.3,-123.275,21.96,2,48.106,-122.819,1898,0.1268,116
NATEM,natem,48.40_-123.60,48.4,-123.6,48.3,-123.7,31.38,3,48.106,-122.819,1931,0.0703,116
NATEM,natem,48.40_-124.00,48.4,-124.0,48.3,-123.8,31.27,1,48.106,-122.819,1930,0.1037,116
NATEM,natem,48.80_-123.60,48.8,-123.6,48.825,-123.55,39.56,2,48.106,-122.819,1932,0.099,116
NATEM,natem,48.80_-124.00,48.8,-124.0,48.925,-123.9,42.62,6,48.106,-122.819,1928,0.094,116
NBFR,nbfr,44.80_-123.60,44.8,-123.6,44.9,-123.6,26.48,1,45.726,-123.853,1255,0.2313,117
NBFR,nbfr,45.20_-123.20,45.2,-123.2,45.1,-123.35,25.33,3,45.726,-123.853,2302,0.0893,117
NBFR,nbfr,45.20_-123.60,45.2,-123.6,45.15,-123.5,36.84,6,45.726,-123.853,2025,0.1741,117
NBFR,nbfr,45.60_-123.20,45.6,-123.2,45.7,-123.225,35.93,6,45.726,-123.853,2304,0.1544,117
NBFR,nbfr,45.60_-123.60,45.6,-123.6,45.525,-123.5,39.73,2,45.726,-123.853,2304,0.1262,117
NBFR,nbfr,46.00_-123.20,46.0,-123.2,45.9,-123.25,34.78,5,45.726,-123.853,2304,0.1314,117
NBFR,nbfr,46.00_-123.60,46.0,-123.6,45.95,-123.45,27.75,1,45.726,-123.853,907,0.3598,117
NBFR,nbfr,46.40_-123.20,46.4,-123.2,46.4,-123.2,25.01,1,45.726,-123.853,2300,0.1314,117
NCSB,ncsb,49.60_-125.60,49.6,-125.6,49.6,-125.65,41.23,2,50.403,-126.056,2227,0.1517,118
NCSB,ncsb,49.60_-126.00,49.6,-126.0,49.65,-125.9,26.44,1,50.403,-126.056,2190,0.1642,118
NCSB,ncsb,49.60_-126.80,49.6,-126.8,49.7,-126.8,25.2,1,50.403,-126.056,2247,0.1707,118
NCSB,ncsb,50.00_-126.80,50.0,-126.8,50.125,-126.85,24.63,2,50.403,-126.056,2210,0.1567,118
NCSB,ncsb,50.00_-127.20,50.0,-127.2,50.05,-127.025,28.56,4,50.403,-126.056,2271,0.1743,118
NCSB,ncsb,50.40_-126.80,50.4,-126.8,50.225,-126.9,28.89,2,50.403,-126.056,2269,0.1597,118
NEMA,nema,45.60_-123.20,45.6,-123.2,45.65,-123.25,29.38,4,46.497,-123.75,1785,0.4362,119
NEMA,nema,46.00_-123.20,46.0,-123.2,46.05,-123.15,24.41,2,46.497,-123.75,1032,0.4616,119
NEMA,nema,46.40_-123.20,46.4,-123.2,46.4,-123.2,23.92,2,46.497,-123.75,1361,0.5611,119
NEMA,nema,46.80_-122.40,46.8,-122.4,46.9,-122.6,44.78,2,46.497,-123.75,1666,0.2983,119
NEMA,nema,46.80_-122.80,46.8,-122.8,46.9,-122.75,39.3,8,46.497,-123.75,1780,0.7259,119
NEMA,nema,46.80_-123.20,46.8,-123.2,46.65,-123.2,31.79,1,46.497,-123.75,893,0.204,119
NEMA,nema,47.20_-122.40,47.2,-122.4,47.125,-122.6,35.21,4,46.497,-123.75,1703,0.2493,119
NEMA,nema,47.20_-122.80,47.2,-122.8,47.2,-122.75,43.26,5,46.497,-123.75,1779,0.3038,119
NEMA,nema,47.20_-123.20,47.2,-123.2,47.2,-123.1,41.88,18,46.497,-123.75,1831,0.3449,119
NLWA,nlwa,46.80_-122.40,46.8,-122.4,46.9,-122.6,50.25,1,47.392,-123.869,5865,0.1066,120
NLWA,nlwa,46.80_-122.80,46.8,-122.8,46.9,-122.85,40.13,7,47.392,-123.869,5914,0.0591,120
NLWA,nlwa,46.80_-123.20,46.8,-123.2,46.9,-123.05,41.93,6,47.392,-123.869,5924,0.0556,120
NLWA,nlwa,47.20_-122.80,47.2,-122.8,47.25,-122.8,31.15,9,47.392,-123.869,5910,0.067,120
NLWA,nlwa,47.20_-123.20,47.2,-123.2,47.25,-123.05,41.7,13,47.392,-123.869,5920,0.0515,120
NLWA,nlwa,47.60_-122.80,47.6,-122.8,47.65,-122.85,23.08,17,47.392,-123.869,5926,0.0717,120
NLWA,nlwa,47.60_-123.20,47.6,-123.2,47.6,-123.1,43.49,7,47.392,-123.869,5902,0.0591,120
NLWA,nlwa,48.00_-122.80,48.0,-122.8,48.0,-122.95,48.59,5,47.392,-123.869,5907,0.121,120
NLWA,nlwa,48.00_-123.20,48.0,-123.2,48.05,-123.275,42.53,14,47.392,-123.869,5924,0.0731,120
NLWA,nlwa,48.00_-123.60,48.0,-123.6,48.0,-123.625,37.93,4,47.392,-123.869,5910,0.1554,120
NLWA,nlwa,48.40_-123.20,48.4,-123.2,48.25,-123.25,32.74,2,47.392,-123.869,5869,0.0768,120
NLWA,nlwa,48.40_-123.60,48.4,-123.6,48.25,-123.6,35.68,5,47.392,-123.869,5869,0.0658,120
OLGA,olga,47.60_-123.20,47.6,-123.2,47.75,-123.15,43.19,4,48.605,-122.803,1720,0.0851,121
OLGA,olga,48.00_-122.80,48.0,-122.8,48.05,-122.9,26.35,8,48.605,-122.803,1720,0.0745,121
OLGA,olga,48.00_-123.20,48.0,-123.2,47.95,-123.15,41.74,16,48.605,-122.803,1720,0.0848,121
OLGA,olga,48.00_-123.60,48.0,-123.6,48.1,-123.55,39.53,5,48.605,-122.803,1720,0.0946,121
OLGA,olga,48.40_-122.80,48.4,-122.8,48.35,-122.8,32.24,7,48.605,-122.803,1720,0.0752,121
OLGA,olga,48.40_-123.20,48.4,-123.2,48.3,-123.15,33.2,5,48.605,-122.803,1720,0.0781,121
OLGA,olga,48.40_-123.60,48.4,-123.6,48.375,-123.65,24.48,32,48.605,-122.803,1720,0.0841,121
OLGA,olga,48.40_-124.00,48.4,-124.0,48.45,-123.85,34.64,19,48.605,-122.803,1720,0.083,121
OLGA,olga,48.80_-123.20,48.8,-123.2,48.625,-123.3,34.03,2,48.605,-122.803,1720,0.065,121
OLGA,olga,48.80_-123.60,48.8,-123.6,48.8,-123.7,34.93,5,48.605,-122.803,1720,0.0735,121
OLGA,olga,48.80_-124.00,48.8,-124.0,48.65,-123.95,29.29,17,48.605,-122.803,1720,0.0787,121
OLQN,olqn,46.80_-122.80,46.8,-122.8,46.9,-122.85,46.03,5,47.513,-123.813,2363,0.0868,122
OLQN,olqn,46.80_-123.20,46.8,-123.2,46.7,-123.2,30.54,4,47.513,-123.813,2363,0.084,122
OLQN,olqn,47.20_-122.80,47.2,-122.8,47.35,-122.85,27.6,6,47.513,-123.813,2363,0.1052,122
OLQN,olqn,47.20_-123.20,47.2,-123.2,47.15,-123.1,40.4,7,47.513,-123.813,2363,0.111,122
OLQN,olqn,47.60_-122.40,47.6,-122.4,47.75,-122.6,18.38,1,47.513,-123.813,2363,0.0892,122
OLQN,olqn,47.60_-122.80,47.6,-122.8,47.6,-122.8,21.36,13,47.513,-123.813,2363,0.0787,122
OLQN,olqn,47.60_-123.20,47.6,-123.2,47.75,-123.15,42.59,14,47.513,-123.813,2363,0.0903,122
OLQN,olqn,47.60_-123.60,47.6,-123.6,47.8,-123.45,39.7,1,47.513,-123.813,426,0.2608,122
OLQN,olqn,48.00_-122.80,48.0,-122.8,48.0,-122.875,29.44,8,47.513,-123.813,2363,0.085,122
OLQN,olqn,48.00_-123.20,48.0,-123.2,47.95,-123.05,45.02,13,47.513,-123.813,2363,0.088,122
OLQN,olqn,48.00_-123.60,48.0,-123.6,48.2,-123.625,34.13,6,47.513,-123.813,2363,0.0786,122
OLQN,olqn,48.00_-124.00,48.0,-124.0,48.15,-123.8,33.51,1,47.513,-123.813,2362,0.0785,122
OLQN,olqn,48.40_-122.80,48.4,-122.8,48.4,-122.85,53.98,3,47.513,-123.813,2362,0.072,122
OLQN,olqn,48.40_-123.20,48.4,-123.2,48.25,-123.1,41.01,5,47.513,-123.813,2363,0.0829,122
OLQN,olqn,48.40_-123.60,48.4,-123.6,48.3,-123.625,31.26,10,47.513,-123.813,2363,0.0808,122
OLQN,olqn,48.40_-124.00,48.4,-124.0,48.35,-123.9,38.86,5,47.513,-123.813,2363,0.1019,122
OSQM,osqm,47.20_-122.80,47.2,-122.8,47.2,-122.85,31.79,1,48.043,-123.131,1953,0.1126,4
OSQM,osqm,47.60_-123.20,47.6,-123.2,47.7,-123.15,43.63,9,48.043,-123.131,1953,0.1122,4
OSQM,osqm,48.00_-122.80,48.0,-122.8,47.9,-122.95,48.95,1,48.043,-123.131,1953,0.1129,4
OSQM,osqm,48.00_-123.20,48.0,-123.2,47.95,-123.2,43.57,11,48.043,-123.131,1953,0.0801,4
OSQM,osqm,48.40_-123.60,48.4,-123.6,48.375,-123.7,26.18,8,48.043,-123.131,1953,0.1094,4
OSQM,osqm,48.40_-124.00,48.4,-124.0,48.55,-123.85,20.01,7,48.043,-123.131,1953,0.0807,4
OSQM,osqm,48.80_-123.60,48.8,-123.6,48.6,-123.75,37.34,1,48.043,-123.131,1953,0.1476,4
OTR,otr,47.20_-123.20,47.2,-123.2,47.35,-123.075,40.78,8,48.086,-124.345,2039,0.1605,124
OTR,otr,47.60_-123.20,47.6,-123.2,47.725,-123.125,42.99,12,48.086,-124.345,2044,0.1285,124
OTR,otr,48.00_-123.20,48.0,-123.2,48.05,-123.2,43.33,27,48.086,-124.345,2045,0.118,124
OTR,otr,48.00_-123.60,48.0,-123.6,48.1,-123.55,37.42,13,48.086,-124.345,2038,0.1323,124
OTR,otr,48.40_-123.20,48.4,-123.2,48.325,-123.3,30.39,16,48.086,-124.345,2045,0.131,124
OTR,otr,48.40_-123.60,48.4,-123.6,48.4,-123.65,24.48,23,48.086,-124.345,2044,0.1349,124
OTR,otr,48.40_-124.00,48.4,-124.0,48.5,-123.9,30.55,17,48.086,-124.345,2041,0.1303,124
OTR,otr,48.40_-124.40,48.4,-124.4,48.55,-124.25,19.05,1,48.086,-124.345,2030,0.206,124
OTR,otr,48.80_-123.60,48.8,-123.6,48.625,-123.6,31.17,4,48.086,-124.345,2039,0.1639,124
OTR,otr,48.80_-124.00,48.8,-124.0,48.675,-124.05,25.1,22,48.086,-124.345,2042,0.1421,124
OTR,otr,48.80_-124.40,48.8,-124.4,48.7,-124.3,31.93,11,48.086,-124.345,2045,0.1399,124
OTR,otr,48.80_-124.80,48.8,-124.8,48.9,-124.9,40.81,1,48.086,-124.345,1935,0.1588,124
OZB,ozb,48.80_-124.00,48.8,-124.0,48.65,-124.15,36.57,3,48.961,-125.498,2820,0.1693,125
OZB,ozb,48.80_-124.40,48.8,-124.4,48.8,-124.3,21.13,5,48.961,-125.498,3048,0.1922,125
OZB,ozb,49.20_-124.40,49.2,-124.4,49.3,-124.6,44.35,1,48.961,-125.498,2865,0.1923,125
OZB,ozb,49.20_-124.80,49.2,-124.8,49.2,-124.675,36.28,6,48.961,-125.498,3258,0.2822,125
OZB,ozb,49.20_-125.20,49.2,-125.2,49.3,-125.1,40.31,1,48.961,-125.498,2770,0.1578,125
OZB,ozb,49.20_-125.60,49.2,-125.6,49.4,-125.8,35.95,1,48.961,-125.498,2841,0.2086,125
OZB,ozb,49.20_-126.00,49.2,-126.0,49.375,-125.9,38.84,2,48.961,-125.498,2791,0.1841,125
OZB,ozb,49.60_-124.40,49.6,-124.4,49.7,-124.5,13.48,1,48.961,-125.498,1420,0.513,125
OZB,ozb,49.60_-125.60,49.6,-125.6,49.65,-125.8,30.83,5,48.961,-125.498,3102,0.1786,125
OZB,ozb,49.60_-126.00,49.6,-126.0,49.6,-126.0,36.46,11,48.961,-125.498,3175,0.1778,125
OZB,ozb,49.60_-126.40,49.6,-126.4,49.8,-126.3,38.75,19,48.961,-125.498,3138,0.16,125
OZB,ozb,50.00_-126.40,50.0,-126.4,49.85,-126.3,38.63,2,48.961,-125.498,2980,0.2007,125
PABB,pabb,48.40_-124.00,48.4,-124.0,48.5,-123.9,35.62,1,49.219,-124.811,1949,0.1069,29
PABB,pabb,48.80_-124.00,48.8,-124.0,48.65,-124.075,29.15,8,49.219,-124.811,2390,0.1755,29
PABB,pabb,48.80_-124.40,48.8,-124.4,48.8,-124.3,29.89,17,49.219,-124.811,2587,0.1687,29
PABB,pabb,49.20_-124.40,49.2,-124.4,49.1,-124.6,42.57,3,49.219,-124.811,1749,0.3369,29
PABB,pabb,49.20_-125.20,49.2,-125.2,49.15,-125.075,34.93,2,49.219,-124.811,2113,0.2043,29
PAN4H,pan4h,47.60_-122.80,47.6,-122.8,47.675,-122.925,47.03,4,47.176,-123.27,1871,0.1789,127
PAN4H,pan4h,47.60_-123.20,47.6,-123.2,47.675,-123.15,44.66,6,47.176,-123.27,1871,0.0955,127
PAN4H,pan4h,48.00_-122.80,48.0,-122.8,47.95,-122.95,49.73,5,47.176,-123.27,1870,0.1328,127
PAN4H,pan4h,48.00_-123.20,48.0,-123.2,47.875,-123.1,43.36,8,47.176,-123.27,1322,0.1998,127
PAN4H,pan4h,48.00_-123.60,48.0,-123.6,48.05,-123.45,35.11,1,47.176,-123.27,65,0.1648,127
PETY,pety,40.40_-122.40,40.4,-122.4,40.45,-122.6,19.91,8,40.177,-122.788,2039,0.2734,128
PETY,pety,40.40_-122.80,40.4,-122.8,40.4,-122.75,24.09,21,40.177,-122.788,2037,0.2093,128
PETY,pety,40.80_-122.40,40.8,-122.4,40.65,-122.6,21.9,7,40.177,-122.788,1768,0.2646,128
PETY,pety,40.80_-122.80,40.8,-122.8,40.65,-122.7,20.24,40,40.177,-122.788,2113,0.1963,128
PETY,pety,40.80_-123.20,40.8,-123.2,40.85,-123.05,35.56,10,40.177,-122.788,2178,0.1995,128
PETY,pety,41.20_-123.20,41.2,-123.2,41.05,-123.1,39.81,1,40.177,-122.788,1238,0.3161,128
PGCbhz,pgcbhz,48.00_-122.80,48.0,-122.8,48.0,-122.95,49.73,1,48.6498,-123.4521,2693,0.1294,8
PGCbhz,pgcbhz,48.00_-123.20,48.0,-123.2,47.925,-123.275,42.09,12,48.6498,-123.4521,2697,0.099,8
PGCbhz,pgcbhz,48.00_-123.60,48.0,-123.6,48.125,-123.575,38.24,12,48.6498,-123.4521,2696,0.0901,8
PGCbhz,pgcbhz,48.00_-124.00,48.0,-124.0,48.2,-123.8,31.34,1,48.6498,-123.4521,2694,0.0956,8
PGCbhz,pgcbhz,48.40_-122.80,48.4,-122.8,48.375,-122.825,35.75,8,48.6498,-123.4521,2697,0.1066,8
PGCbhz,pgcbhz,48.40_-123.20,48.4,-123.2,48.275,-123.05,28.4,4,48.6498,-123.4521,2695,0.1088,8
PGCbhz,pgcbhz,48.40_-123.60,48.4,-123.6,48.35,-123.65,26.04,19,48.6498,-123.4521,2696,0.087,8
PGCbhz,pgcbhz,48.40_-124.00,48.4,-124.0,48.45,-123.9,34.0,13,48.6498,-123.4521,2696,0.0954,8
PGCbhz,pgcbhz,48.80_-123.60,48.8,-123.6,48.9,-123.7,41.2,5,48.6498,-123.4521,2694,0.1116,8
PGCbhz,pgcbhz,48.80_-124.00,48.8,-124.0,48.7,-124.15,24.84,11,48.6498,-123.4521,2695,0.0751,8
PGCbhz,pgcbhz,48.80_-124.40,48.8,-124.4,48.8,-124.4,34.6,37,48.6498,-123.4521,2696,0.088,8
PGCbhz,pgcbhz,48.80_-124.80,48.8,-124.8,48.95,-124.75,29.93,22,48.6498,-123.4521,2695,0.0989,8
PGCbhz,pgcbhz,49.20_-124.40,49.2,-124.4,49.075,-124.525,34.79,4,48.6498,-123.4521,2690,0.1198,8
PGCbhz,pgcbhz,49.20_-124.80,49.2,-124.8,49.1,-124.7,39.84,9,48.6498,-123.4521,2696,0.1291,8
PGChhz,pgchhz,47.60_-123.20,47.6,-123.2,47.8,-123.2,42.38,2,48.6498,-123.4521,3020,0.1378,8
PGChhz,pgchhz,48.00_-122.80,48.0,-122.8,48.0,-122.95,49.73,1,48.6498,-123.4521,3001,0.1222,8
PGChhz,pgchhz,48.00_-123.20,48.0,-123.2,47.975,-123.275,42.91,14,48.6498,-123.4521,3020,0.1006,8
PGChhz,pgchhz,48.00_-123.60,48.0,-123.6,48.175,-123.575,38.24,14,48.6498,-123.4521,3020,0.0922,8
PGChhz,pgchhz,48.00_-124.00,48.0,-124.0,48.2,-123.8,31.34,1,48.6498,-123.4521,3020,0.0923,8
PGChhz,pgchhz,48.40_-122.80,48.4,-122.8,48.375,-122.825,35.75,8,48.6498,-123.4521,3020,0.1028,8
PGChhz,pgchhz,48.40_-123.20,48.4,-123.2,48.275,-123.05,28.4,4,48.6498,-123.4521,3020,0.1095,8
PGChhz,pgchhz,48.40_-123.60,48.4,-123.6,48.35,-123.65,26.33,23,48.6498,-123.4521,3020,0.0707,8
PGChhz,pgchhz,48.40_-124.00,48.4,-124.0,48.45,-123.9,34.0,17,48.6498,-123.4521,3020,0.0937,8
PGChhz,pgchhz,48.80_-123.60,48.8,-123.6,48.9,-123.7,41.2,5,48.6498,-123.4521,3020,0.1061,8
PGChhz,pgchhz,48.80_-124.00,48.8,-124.0,48.675,-124.15,25.43,14,48.6498,-123.4521,3020,0.0777,8
PGChhz,pgchhz,48.80_-124.40,48.8,-124.4,48.8,-124.45,35.25,49,48.6498,-123.4521,3020,0.0854,8
PGChhz,pgchhz,48.80_-124.80,48.8,-124.8,48.95,-124.75,29.74,30,48.6498,-123.4521,3020,0.1004,8
PGChhz,pgchhz,49.20_-124.40,49.2,-124.4,49.1,-124.55,42.09,5,48.6498,-123.4521,3019,0.1124,8
PGChhz,pgchhz,49.20_-124.80,49.2,-124.8,49.1,-124.7,40.04,14,48.6498,-123.4521,3020,0.1012,8
PIT6,pit6,40.40_-122.80,40.4,-122.8,40.45,-122.8,17.76,3,40.931,-121.948,361,0.0353,131
PIT6,pit6,40.80_-122.80,40.8,-122.8,40.925,-122.775,20.08,6,40.931,-121.948,361,0.0338,131
PIT6,pit6,40.80_-123.20,40.8,-123.2,40.8,-123.15,24.53,1,40.931,-121.948,361,0.0606,131
PIT6,pit6,41.20_-122.40,41.2,-122.4,41.05,-122.5,16.9,1,40.931,-121.948,361,0.0908,131
PIT6,pit6,41.20_-122.80,41.2,-122.8,41.15,-122.925,21.74,4,40.931,-121.948,361,0.0623,131
PIT6,pit6,41.20_-123.20,41.2,-123.2,41.125,-123.125,27.68,6,40.931,-121.948,361,0.0721,131
PIT6,pit6,41.60_-123.20,41.6,-123.2,41.55,-123.1,31.06,5,40.931,-121.948,361,0.0488,131
PR02,pr02,46.00_-123.20,46.0,-123.2,46.1,-123.2,21.3,1,46.918,-122.049,1319,0.0438,132
PR02,pr02,46.40_-122.80,46.4,-122.8,46.5,-122.7,30.99,5,46.918,-122.049,1320,0.0457,132
PR02,pr02,46.40_-123.20,46.4,-123.2,46.55,-123.15,32.87,4,46.918,-122.049,1320,0.0416,132
PR02,pr02,46.80_-122.80,46.8,-122.8,46.85,-122.75,40.13,17,46.918,-122.049,1320,0.0395,132
PR02,pr02,46.80_-123.20,46.8,-123.2,46.775,-123.025,36.56,10,46.918,-122.049,1320,0.0412,132
PR02,pr02,47.20_-122.40,47.2,-122.4,47.15,-122.6,26.49,3,46.918,-122.049,1320,0.0433,132
PR02,pr02,47.20_-122.80,47.2,-122.8,47.275,-122.825,27.92,20,46.918,-122.049,1320,0.0385,132
PR02,pr02,47.20_-123.20,47.2,-123.2,47.25,-123.075,41.14,20,46.918,-122.049,1320,0.0397,132
PR02,pr02,47.60_-122.40,47.6,-122.4,47.775,-122.6,20.87,2,46.918,-122.049,1319,0.0552,132
PR02,pr02,47.60_-122.80,47.6,-122.8,47.6,-122.85,22.14,21,46.918,-122.049,1320,0.0432,132
PR02,pr02,47.60_-123.20,47.6,-123.2,47.675,-123.15,43.82,28,46.918,-122.049,1320,0.0389,132
PR04,pr04,47.20_-122.80,47.2,-122.8,47.35,-122.9,40.99,3,46.93,-121.989,3070,0.1157,133
PR04,pr04,47.60_-122.80,47.6,-122.8,47.675,-122.825,19.9,10,46.93,-121.989,3078,0.0838,133
PR04,pr04,47.60_-123.20,47.6,-123.2,47.65,-123.05,44.53,11,46.93,-121.989,3080,0.0745,133
PR05,pr05,47.20_-123.20,47.2,-123.2,47.3,-123.05,43.0,1,46.842,-121.949,375,0.3349,134
PR05,pr05,47.60_-122.80,47.6,-122.8,47.6,-122.875,19.95,4,46.842,-121.949,2423,0.3551,134
PR05,pr05,47.60_-123.20,47.6,-123.2,47.6,-123.05,45.1,4,46.842,-121.949,2586,0.2098,134
PRIN,prin,47.20_-123.20,47.2,-123.2,47.35,-123.075,45.24,2,48.212,-122.631,1592,0.1283,135
PRIN,prin,47.60_-122.80,47.6,-122.8,47.6,-122.9,23.08,5,48.212,-122.631,2090,0.0401,135
PRIN,prin,47.60_-123.20,47.6,-123.2,47.55,-123.0,16.42,1,48.212,-122.631,2030,0.079,135
PRIN,prin,48.00_-122.80,48.0,-122.8,48.2,-122.925,22.38,2,48.212,-122.631,2088,0.0691,135
PRIN,prin,48.00_-123.20,48.0,-123.2,48.05,-123.175,41.39,6,48.212,-122.631,2090,0.0396,135
PRIN,prin,48.40_-122.80,48.4,-122.8,48.35,-122.875,19.27,2,48.212,-122.631,2089,0.0709,135
PRIN,prin,48.40_-123.20,48.4,-123.2,48.35,-123.15,31.57,3,48.212,-122.631,2089,0.051,135
PRIN,prin,48.40_-123.60,48.4,-123.6,48.3,-123.65,26.04,7,48.212,-122.631,2090,0.0369,135
PRIN,prin,48.40_-124.00,48.4,-124.0,48.45,-123.8,31.17,1,48.212,-122.631,2087,0.0806,135
PRIN,prin,48.80_-123.60,48.8,-123.6,48.75,-123.7,28.98,5,48.212,-122.631,2089,0.0617,135
PRIN,prin,48.80_-124.00,48.8,-124.0,48.725,-123.875,31.39,4,48.212,-122.631,2088,0.0621,135
PTRF,ptrf,48.00_-123.20,48.0,-123.2,47.9,-123.4,43.57,1,48.544,-124.413,2791,0.21,136
PTRF,ptrf,48.80_-123.60,48.8,-123.6,48.6,-123.65,25.0,3,48.544,-124.413,3066,0.2269,136
PTRF,ptrf,48.80_-124.00,48.8,-124.0,48.9,-123.9,31.32,7,48.544,-124.413,3063,0.2154,136
PTRF,ptrf,48.80_-124.40,48.8,-124.4,48.8,-124.35,37.31,6,48.544,-124.413,3063,0.2061,136
PTRF,ptrf,48.80_-124.80,48.8,-124.8,48.9,-124.675,33.22,2,48.544,-124.413,3065,0.2298,136
PTRF,ptrf,49.20_-124.40,49.2,-124.4,49.05,-124.6,42.57,3,48.544,-124.413,3063,0.2733,136
PTRF,ptrf,49.20_-124.80,49.2,-124.8,49.05,-125.0,39.4,1,48.544,-124.413,3066,0.2598,136
PTRF,ptrf,49.20_-125.20,49.2,-125.2,49.15,-125.1,27.82,1,48.544,-124.413,3065,0.2552,136
QEPB,qepb,48.40_-122.80,48.4,-122.8,48.425,-122.825,50.29,2,49.242,-123.114,1832,0.0872,137
QEPB,qepb,48.40_-123.20,48.4,-123.2,48.35,-123.1,44.72,1,49.242,-123.114,300,0.472,137
QEPB,qepb,48.40_-123.60,48.4,-123.6,48.5,-123.7,24.36,3,49.242,-123.114,1821,0.0522,137
QEPB,qepb,48.40_-124.00,48.4,-124.0,48.525,-123.975,22.87,4,49.242,-123.114,1819,0.0558,137
QEPB,qepb,48.80_-123.60,48.8,-123.6,48.9,-123.7,41.2,5,49.242,-123.114,1834,0.0644,137
QEPB,qepb,48.80_-124.00,48.8,-124.0,48.85,-124.05,29.14,21,49.242,-123.114,1842,0.0447,137
QEPB,qepb,48.80_-124.40,48.8,-124.4,48.775,-124.325,28.99,8,49.242,-123.114,1824,0.0806,137
RADR,radr,45.60_-123.20,45.6,-123.2,45.65,-123.325,31.1,4,46.422,-123.799,2325,0.2431,138
RADR,radr,46.00_-123.20,46.0,-123.2,45.9,-123.25,42.93,1,46.422,-123.799,2170,0.3136,138
RADR,radr,46.40_-122.80,46.4,-122.8,46.6,-122.85,36.43,7,46.422,-123.799,2456,0.2709,138
RADR,radr,46.40_-123.20,46.4,-123.2,46.45,-123.15,34.56,25,46.422,-123.799,2442,0.2754,138
RADR,radr,46.80_-122.40,46.8,-122.4,46.9,-122.6,50.25,5,46.422,-123.799,2353,0.3183,138
RADR,radr,46.80_-122.80,46.8,-122.8,46.85,-122.85,33.44,21,46.422,-123.799,2428,0.2426,138
RADR,radr,46.80_-123.20,46.8,-123.2,46.85,-123.05,39.19,25,46.422,-123.799,2414,0.2149,138
RADR,radr,47.20_-122.40,47.2,-122.4,47.3,-122.6,45.99,3,46.422,-123.799,2416,0.3232,138
RADR,radr,47.20_-122.80,47.2,-122.8,47.05,-122.8,43.26,13,46.422,-123.799,2436,0.2604,138
RADR,radr,47.20_-123.20,47.2,-123.2,47.1,-123.1,41.7,15,46.422,-123.799,2414,0.2597,138
RAIN,rain,45.20_-122.80,45.2,-122.8,45.35,-122.925,20.49,2,46.082,-123.011,3551,0.1529,139
RAIN,rain,45.20_-123.20,45.2,-123.2,45.3,-123.2,20.89,17,46.082,-123.011,3551,0.1132,139
RAIN,rain,45.20_-123.60,45.2,-123.6,45.2,-123.525,46.11,4,46.082,-123.011,3551,0.0576,139
RAIN,rain,45.60_-122.80,45.6,-122.8,45.45,-122.95,27.43,1,46.082,-123.011,3388,0.3,139
RAIN,rain,45.60_-123.20,45.6,-123.2,45.6,-123.275,33.22,8,46.082,-123.011,3551,0.093,139
RAIN,rain,45.60_-123.60,45.6,-123.6,45.6,-123.45,39.58,3,46.082,-123.011,3551,0.1116,139
RAIN,rain,46.00_-122.80,46.0,-122.8,46.1,-122.9,15.76,1,46.082,-123.011,3551,0.0852,139
RAIN,rain,46.00_-123.20,46.0,-123.2,46.0,-123.2,23.44,9,46.082,-123.011,3551,0.0676,139
RAIN,rain,46.40_-122.80,46.4,-122.8,46.55,-122.85,30.99,5,46.082,-123.011,3551,0.1443,139
RAIN,rain,46.40_-123.20,46.4,-123.2,46.4,-123.15,32.26,17,46.082,-123.011,3551,0.0918,139
RAIN,rain,46.40_-123.60,46.4,-123.6,46.35,-123.5,27.57,2,46.082,-123.011,3251,0.175,139
RAIN,rain,46.80_-122.40,46.8,-122.4,46.875,-122.45,27.48,2,46.082,-123.011,3551,0.0989,139
RAIN,rain,46.80_-122.80,46.8,-122.8,46.8,-122.75,43.85,11,46.082,-123.011,3551,0.1779,139
RAIN,rain,46.80_-123.20,46.8,-123.2,46.8,-123.1,37.4,12,46.082,-123.011,3551,0.1246,139
RATT,ratt,47.60_-123.20,47.6,-123.2,47.8,-123.0,47.67,1,47.425,-121.803,1190,0.1195,140
RATT,ratt,48.00_-122.80,48.0,-122.8,48.05,-122.95,51.96,1,47.425,-121.803,432,0.3735,140
RATT,ratt,48.00_-123.20,48.0,-123.2,47.85,-123.0,38.89,1,47.425,-121.803,1464,0.1187,140
RATT,ratt,48.40_-122.80,48.4,-122.8,48.3,-122.85,26.23,2,47.425,-121.803,1825,0.1543,140
RATT,ratt,48.40_-123.20,48.4,-123.2,48.25,-123.1,24.22,1,47.425,-121.803,1763,0.1276,140
RER,rer,46.80_-122.80,46.8,-122.8,46.95,-122.7,47.56,1,46.819,-121.843,1069,0.1772,141
RER,rer,47.20_-122.80,47.2,-122.8,47.05,-122.8,45.29,9,46.819,-121.843,1390,0.1783,141
RER,rer,47.20_-123.20,47.2,-123.2,47.2,-123.0,39.55,1,46.819,-121.843,1009,0.1984,141
RER,rer,47.60_-122.80,47.6,-122.8,47.625,-122.8,20.77,8,46.819,-121.843,1389,0.1392,141
RER,rer,47.60_-123.20,47.6,-123.2,47.6,-123.125,45.69,4,46.819,-121.843,1369,0.1556,141
RNWY,rnwy,47.60_-122.80,47.6,-122.8,47.75,-122.85,29.44,5,48.612,-123.126,1905,0.0118,142
RNWY,rnwy,47.60_-123.20,47.6,-123.2,47.75,-123.05,44.6,5,48.612,-123.126,1905,0.0223,142
RNWY,rnwy,48.00_-122.80,48.0,-122.8,47.975,-122.9,34.44,10,48.612,-123.126,1905,0.0077,142
RNWY,rnwy,48.00_-123.20,48.0,-123.2,47.975,-123.15,42.63,16,48.612,-123.126,1905,0.0176,142
RNWY,rnwy,48.00_-123.60,48.0,-123.6,48.0,-123.575,41.06,4,48.612,-123.126,1905,0.0183,142
RNWY,rnwy,48.40_-122.80,48.4,-122.8,48.35,-122.85,32.24,3,48.612,-123.126,1905,0.0157,142
RNWY,rnwy,48.40_-123.20,48.4,-123.2,48.4,-123.15,30.22,8,48.612,-123.126,1905,0.014,142
RNWY,rnwy,48.40_-123.60,48.4,-123.6,48.4,-123.55,22.05,17,48.612,-123.126,1905,0.0122,142
RNWY,rnwy,48.40_-124.00,48.4,-124.0,48.5,-123.8,31.22,6,48.612,-123.126,1905,0.0126,142
RNWY,rnwy,48.40_-124.40,48.4,-124.4,48.5,-124.25,22.74,1,48.612,-123.126,1905,0.0123,142
RNWY,rnwy,48.80_-123.60,48.8,-123.6,48.8,-123.6,24.65,13,48.612,-123.126,1905,0.0145,142
RNWY,rnwy,48.80_-124.00,48.8,-124.0,48.85,-123.95,26.01,23,48.612,-123.126,1905,0.0117,142
RNWY,rnwy,48.80_-124.40,48.8,-124.4,48.775,-124.35,34.86,10,48.612,-123.126,1905,0.0142,142
RNWY,rnwy,49.20_-124.00,49.2,-124.0,49.05,-124.05,23.46,1,48.612,-123.126,1905,0.0445,142
RNWY,rnwy,49.20_-124.40,49.2,-124.4,49.05,-124.45,16.98,1,48.612,-123.126,1905,0.0228,142
ROGE,roge,42.00_-123.20,42.0,-123.2,42.125,-123.3,37.6,2,42.695,-123.665,2864,0.1692,143
ROGE,roge,42.40_-123.20,42.4,-123.2,42.45,-123.35,33.6,19,42.695,-123.665,2892,0.1393,143
ROGE,roge,42.40_-123.60,42.4,-123.6,42.55,-123.5,30.49,7,42.695,-123.665,2778,0.1554,143
ROGE,roge,42.80_-123.20,42.8,-123.2,42.825,-123.25,34.75,2,42.695,-123.665,2658,0.2613,143
ROGE,roge,42.80_-123.60,42.8,-123.6,42.775,-123.55,30.32,2,42.695,-123.665,2500,0.1969,143
ROGE,roge,43.20_-123.20,43.2,-123.2,43.0,-123.25,41.68,1,42.695,-123.665,1806,0.2339,143
ROGE,roge,43.20_-123.60,43.2,-123.6,43.2,-123.5,34.07,3,42.695,-123.665,2715,0.2471,143
ROGE,roge,43.20_-124.00,43.2,-124.0,43.4,-123.85,30.64,1,42.695,-123.665,2781,0.2371,143
ROGE,roge,43.60_-123.60,43.6,-123.6,43.525,-123.725,31.39,2,42.695,-123.665,2838,0.2243,143
RUSH,rush,46.40_-123.20,46.4,-123.2,46.4,-123.225,21.47,2,46.903,-121.944,2257,0.1189,144
RUSH,rush,46.80_-122.80,46.8,-122.8,46.875,-122.825,36.9,6,46.903,-121.944,2200,0.0997,144
RUSH,rush,46.80_-123.20,46.8,-123.2,46.9,-123.0,42.86,1,46.903,-121.944,2086,0.1188,144
RUSH,rush,47.20_-122.80,47.2,-122.8,47.275,-122.775,30.45,6,46.903,-121.944,2297,0.0976,144
RUSH,rush,47.20_-123.20,47.2,-123.2,47.3,-123.05,43.22,6,46.903,-121.944,2251,0.0859,144
RUSH,rush,47.60_-122.80,47.6,-122.8,47.6,-122.875,24.12,6,46.903,-121.944,2186,0.0633,144
RUSH,rush,47.60_-123.20,47.6,-123.2,47.475,-123.025,26.18,4,46.903,-121.944,2250,0.1011,144
RVIT,rvit,40.40_-122.40,40.4,-122.4,40.35,-122.55,21.51,1,39.906,-123.379,276,0.3197,145
RVIT,rvit,40.40_-122.80,40.4,-122.8,40.375,-122.775,29.61,2,39.906,-123.379,490,0.1758,145
RVIT,rvit,40.80_-122.80,40.8,-122.8,40.6,-122.65,16.33,1,39.906,-123.379,247,0.3342,145
SAGE,sage,40.80_-122.80,40.8,-122.8,40.9,-122.8,18.76,10,40.795,-122.039,1957,0.255,146
SAGE,sage,40.80_-123.20,40.8,-123.2,41.0,-123.1,27.71,5,40.795,-122.039,1427,0.3098,146
SAGE,sage,41.20_-122.80,41.2,-122.8,41.15,-122.95,22.47,2,40.795,-122.039,1215,0.357,146
SAGE,sage,41.20_-123.20,41.2,-123.2,41.25,-123.1,32.93,30,40.795,-122.039,1986,0.2214,146
SAGE,sage,41.60_-122.80,41.6,-122.8,41.6,-122.9,19.98,7,40.795,-122.039,2017,0.1685,146
SAGE,sage,41.60_-123.20,41.6,-123.2,41.575,-123.05,27.86,8,40.795,-122.039,2018,0.2074,146
SALO,salo,47.20_-122.40,47.2,-122.4,47.4,-122.5,32.62,1,47.951,-122.373,2139,0.1647,147
SALO,salo,47.20_-122.80,47.2,-122.8,47.4,-122.925,30.2,2,47.951,-122.373,2139,0.107,147
SALO,salo,47.20_-123.20,47.2,-123.2,47.325,-123.125,39.95,4,47.951,-122.373,2139,0.1191,147
SALO,salo,47.60_-122.80,47.6,-122.8,47.65,-122.9,21.59,15,47.951,-122.373,2139,0.1167,147
SALO,salo,47.60_-123.20,47.6,-123.2,47.7,-123.1,44.54,12,47.951,-122.373,2139,0.1241,147
SALO,salo,48.00_-122.80,48.0,-122.8,48.1,-122.95,26.67,7,47.951,-122.373,2139,0.1313,147
SALO,salo,48.00_-123.20,48.0,-123.2,48.0,-123.225,43.45,20,47.951,-122.373,2139,0.0929,147
SALO,salo,48.00_-123.60,48.0,-123.6,48.1,-123.475,36.91,2,47.951,-122.373,2139,0.1341,147
SALO,salo,48.40_-122.80,48.4,-122.8,48.35,-122.875,35.07,4,47.951,-122.373,2139,0.161,147
SALO,salo,48.40_-123.20,48.4,-123.2,48.4,-123.15,29.91,9,47.951,-122.373,2139,0.1278,147
SALO,salo,48.40_-123.60,48.4,-123.6,48.4,-123.5,18.44,5,47.951,-122.373,2139,0.1241,147
SALO,salo,48.80_-123.20,48.8,-123.2,48.75,-123.3,44.75,1,47.951,-122.373,2139,0.1812,147
SALO,salo,48.80_-123.60,48.8,-123.6,48.75,-123.65,25.0,9,47.951,-122.373,2139,0.1292,147
SALT,salt,41.60_-122.80,41.6,-122.8,41.65,-122.75,18.29,1,42.493,-122.588,2160,0.1991,148
SALT,salt,41.60_-123.20,41.6,-123.2,41.725,-123.2,31.44,4,42.493,-122.588,2176,0.1179,148
SALT,salt,42.00_-123.20,42.0,-123.2,42.0,-123.3,36.27,12,42.493,-122.588,2178,0.1109,148
SALT,salt,42.00_-123.60,42.0,-123.6,42.1,-123.575,45.34,6,42.493,-122.588,2177,0.1379,148
SALT,salt,42.40_-123.20,42.4,-123.2,42.425,-123.275,30.92,24,42.493,-122.588,2176,0.1064,148
SALT,salt,42.40_-123.60,42.4,-123.6,42.45,-123.55,37.46,27,42.493,-122.588,2177,0.1056,148
SALT,salt,42.40_-124.00,42.4,-124.0,42.275,-123.825,24.76,2,42.493,-122.588,2156,0.168,148
SALT,salt,42.80_-123.20,42.8,-123.2,42.75,-123.3,32.91,15,42.493,-122.588,2177,0.1076,148
SALT,salt,42.80_-123.60,42.8,-123.6,42.8,-123.55,30.3,13,42.493,-122.588,2177,0.1183,148
SALT,salt,42.80_-124.00,42.8,-124.0,42.9,-123.8,27.0,2,42.493,-122.588,2174,0.1243,148
SALT,salt,43.20_-123.20,43.2,-123.2,43.0,-123.375,37.43,2,42.493,-122.588,2173,0.1163,148
SALT,salt,43.20_-123.60,43.2,-123.6,43.05,-123.5,33.78,6,42.493,-122.588,2175,0.1388,148
SANG,sang,41.20_-122.80,41.2,-122.8,41.2,-122.9,21.32,8,41.91,-123.649,1333,0.2523,149
SANG,sang,41.20_-123.20,41.2,-123.2,41.3,-123.15,34.82,23,41.91,-123.649,1462,0.1855,149
SANG,sang,41.20_-123.60,41.2,-123.6,41.35,-123.45,39.14,1,41.91,-123.649,1210,0.343,149
SANG,sang,41.60_-122.80,41.6,-122.8,41.525,-122.925,22.13,2,41.91,-123.649,837,0.4744,149
SANG,sang,41.60_-123.20,41.6,-123.2,41.6,-123.2,32.06,19,41.91,-123.649,1424,0.2422,149
SANG,sang,41.60_-123.60,41.6,-123.6,41.6,-123.45,38.0,3,41.91,-123.649,1073,0.3002,149
SANG,sang,42.00_-123.20,42.0,-123.2,42.05,-123.3,37.57,12,41.91,-123.649,1395,0.224,149
SANG,sang,42.00_-123.60,42.0,-123.6,42.1,-123.45,44.41,1,41.91,-123.649,1039,0.3131,149
SANG,sang,42.40_-123.20,42.4,-123.2,42.4,-123.3,31.31,15,41.91,-123.649,1421,0.2575,149
SANG,sang,42.40_-123.60,42.4,-123.6,42.45,-123.55,37.89,17,41.91,-123.649,1371,0.2204,149
SANG,sang,42.80_-123.20,42.8,-123.2,42.65,-123.4,29.68,3,41.91,-123.649,1004,0.2681,149
SANG,sang,42.80_-123.60,42.8,-123.6,42.7,-123.55,29.88,5,41.91,-123.649,719,0.273,149
SAXON,saxon,47.60_-122.80,47.6,-122.8,47.8,-122.95,47.72,1,48.683,-122.161,1699,0.084,150
SAXON,saxon,47.60_-123.20,47.6,-123.2,47.8,-123.225,35.0,2,48.683,-122.161,1589,0.1094,150
SAXON,saxon,48.00_-122.80,48.0,-122.8,48.05,-122.925,29.44,12,48.683,-122.161,1711,0.0386,150
SAXON,saxon,48.00_-123.20,48.0,-123.2,48.05,-123.15,41.27,40,48.683,-122.161,1712,0.058,150
SAXON,saxon,48.00_-123.60,48.0,-123.6,48.15,-123.45,44.19,5,48.683,-122.161,1711,0.1194,150
SAXON,saxon,48.40_-122.80,48.4,-122.8,48.35,-122.85,30.9,17,48.683,-122.161,1711,0.0624,150
SAXON,saxon,48.40_-123.20,48.4,-123.2,48.35,-123.2,33.2,23,48.683,-122.161,1712,0.0358,150
SAXON,saxon,48.40_-123.60,48.4,-123.6,48.3,-123.45,25.57,11,48.683,-122.161,1707,0.0884,150
SAXON,saxon,48.80_-123.20,48.8,-123.2,48.6,-123.325,42.28,4,48.683,-122.161,1711,0.0957,150
SBAR,sbar,40.80_-122.80,40.8,-122.8,40.95,-122.775,16.66,2,41.663,-123.071,484,0.3447,151
SBAR,sbar,40.80_-123.20,40.8,-123.2,40.85,-123.0,34.03,2,41.663,-123.071,73,0.1813,151
SBAR,sbar,41.20_-123.20,41.2,-123.2,41.15,-123.15,32.04,3,41.663,-123.071,337,0.2689,151
SBAR,sbar,42.00_-123.20,42.0,-123.2,42.15,-123.35,40.47,3,41.663,-123.071,521,0.3024,151
SBAR,sbar,42.00_-123.60,42.0,-123.6,42.1,-123.55,46.89,1,41.663,-123.071,780,0.4755,151
SBAR,sbar,42.40_-123.20,42.4,-123.2,42.3,-123.35,37.48,21,41.663,-123.071,773,0.2572,151
SBAR,sbar,42.40_-123.60,42.4,-123.6,42.55,-123.55,33.99,5,41.663,-123.071,711,0.2924,151
SCOT,scot,40.40_-122.40,40.4,-122.4,40.525,-122.6,16.36,2,41.392,-122.854,2138,0.22,152
SCOT,scot,40.80_-122.40,40.8,-122.4,40.7,-122.6,20.33,1,41.392,-122.854,1089,0.3341,152
SCOT,scot,40.80_-122.80,40.8,-122.8,40.85,-122.8,19.04,21,41.392,-122.854,2537,0.2056,152
SCOT,scot,40.80_-123.20,40.8,-123.2,40.9,-123.1,38.69,4,41.392,-122.854,2354,0.1965,152
SCOT,scot,41.20_-122.80,41.2,-122.8,41.2,-122.9,21.19,3,41.392,-122.854,1979,0.3281,152
SCOT,scot,41.20_-123.20,41.2,-123.2,41.1,-123.1,23.18,9,41.392,-122.854,2252,0.2958,152
SCOT,scot,41.60_-123.20,41.6,-123.2,41.8,-123.35,37.1,3,41.392,-122.854,2328,0.3231,152
SCOT,scot,42.00_-123.20,42.0,-123.2,42.05,-123.3,35.47,7,41.392,-122.854,2633,0.2914,152
SCOT,scot,42.00_-123.60,42.0,-123.6,42.1,-123.5,44.41,5,41.392,-122.854,2423,0.1962,152
SCOT,scot,42.40_-123.20,42.4,-123.2,42.2,-123.3,38.09,2,41.392,-122.854,2045,0.2864,152
SCOT,scot,42.40_-123.60,42.4,-123.6,42.2,-123.45,45.28,1,41.392,-122.854,362,0.2914,152
SEAS2,seas2,45.20_-122.80,45.2,-122.8,45.3,-122.95,21.38,1,46.036,-123.896,370,0.7064,153
SEAS2,seas2,45.20_-123.20,45.2,-123.2,45.25,-123.25,22.17,28,46.036,-123.896,370,0.5073,153
SEAS2,seas2,45.20_-123.60,45.2,-123.6,45.25,-123.55,41.8,17,46.036,-123.896,370,0.4823,153
SEAS2,seas2,45.20_-124.00,45.2,-124.0,45.2,-123.8,38.89,1,46.036,-123.896,94,0.5906,153
SEAS2,seas2,45.60_-122.80,45.6,-122.8,45.65,-122.9,25.1,2,46.036,-123.896,370,0.5211,153
SEAS2,seas2,45.60_-123.20,45.6,-123.2,45.6,-123.25,29.97,17,46.036,-123.896,370,0.511,153
SEAS2,seas2,45.60_-123.60,45.6,-123.6,45.575,-123.5,37.17,6,46.036,-123.896,370,0.548,153
SEAS2,seas2,45.60_-124.00,45.6,-124.0,45.45,-124.05,25.33,1,46.036,-123.896,370,0.5195,153
SEAS2,seas2,46.00_-122.80,46.0,-122.8,46.15,-122.925,16.03,2,46.036,-123.896,370,0.7258,153
SEAS2,seas2,46.00_-123.20,46.0,-123.2,45.9,-123.175,24.05,22,46.036,-123.896,370,0.5222,153
SEAS2,seas2,46.00_-123.60,46.0,-123.6,46.1,-123.5,16.79,1,46.036,-123.896,369,0.8982,153
SEAS2,seas2,46.40_-122.80,46.4,-122.8,46.55,-122.85,26.78,7,46.036,-123.896,370,0.5174,153
SEAS2,seas2,46.40_-123.20,46.4,-123.2,46.4,-123.1,31.98,27,46.036,-123.896,370,0.4618,153
SEAS2,seas2,46.40_-123.60,46.4,-123.6,46.25,-123.5,19.18,1,46.036,-123.896,370,0.3999,153
SEAS2,seas2,46.80_-122.40,46.8,-122.4,46.95,-122.6,51.87,1,46.036,-123.896,351,0.7043,153
SEAS2,seas2,46.80_-122.80,46.8,-122.8,46.8,-122.85,39.85,19,46.036,-123.896,370,0.5207,153
SEAS2,seas2,46.80_-123.20,46.8,-123.2,46.75,-123.15,34.39,17,46.036,-123.896,370,0.4989,153
SEAS2,seas2,46.80_-123.60,46.8,-123.6,46.8,-123.475,19.85,2,46.036,-123.896,370,0.4602,153
SHB,shb,48.80_-124.00,48.8,-124.0,48.825,-124.15,20.82,4,49.599,-123.877,3031,0.1836,154
SHB,shb,48.80_-124.40,48.8,-124.4,48.95,-124.5,28.58,10,49.599,-123.877,3037,0.1935,154
SHB,shb,48.80_-124.80,48.8,-124.8,48.95,-124.75,29.83,13,49.599,-123.877,3208,0.158,154
SHB,shb,49.20_-124.40,49.2,-124.4,49.05,-124.6,40.53,13,49.599,-123.877,3197,0.1878,154
SHB,shb,49.20_-124.80,49.2,-124.8,49.2,-124.8,35.22,11,49.599,-123.877,3174,0.1786,154
SHB,shb,49.20_-125.20,49.2,-125.2,49.35,-125.1,33.58,5,49.599,-123.877,3195,0.1763,154
SHBhhz,shbhhz,48.80_-124.00,48.8,-124.0,48.85,-124.15,18.14,3,49.599,-123.877,1202,0.1356,154
SHBhhz,shbhhz,48.80_-124.40,48.8,-124.4,48.9,-124.45,29.08,13,49.599,-123.877,1234,0.0983,154
SHBhhz,shbhhz,48.80_-124.80,48.8,-124.8,48.95,-124.725,29.71,14,49.599,-123.877,1259,0.1025,154
SHBhhz,shbhhz,49.20_-124.40,49.2,-124.4,49.05,-124.6,40.53,13,49.599,-123.877,1241,0.1429,154
SHBhhz,shbhhz,49.20_-124.80,49.2,-124.8,49.2,-124.9,35.22,8,49.599,-123.877,1252,0.119,154
SHBhhz,shbhhz,49.20_-125.20,49.2,-125.2,49.35,-125.1,33.58,6,49.599,-123.877,1252,0.1155,154
SHW,shw,45.20_-122.80,45.2,-122.8,45.3,-122.95,21.38,1,46.194,-122.235,1844,0.0791,156
SHW,shw,45.20_-123.20,45.2,-123.2,45.35,-123.2,20.02,3,46.194,-122.235,1848,0.0674,156
SHW,shw,45.20_-123.60,45.2,-123.6,45.35,-123.525,36.98,2,46.194,-122.235,1848,0.0736,156
SHW,shw,45.60_-122.80,45.6,-122.8,45.725,-122.95,22.13,2,46.194,-122.235,1848,0.0329,156
SHW,shw,45.60_-123.20,45.6,-123.2,45.575,-123.15,33.03,8,46.194,-122.235,1848,0.0686,156
SHW,shw,45.60_-123.60,45.6,-123.6,45.65,-123.45,34.44,4,46.194,-122.235,1848,0.0677,156
SHW,shw,46.00_-123.20,46.0,-123.2,45.925,-123.2,23.69,10,46.194,-122.235,1848,0.0624,156
SHW,shw,46.40_-122.40,46.4,-122.4,46.6,-122.6,19.82,1,46.194,-122.235,1847,0.0665,156
SHW,shw,46.40_-122.80,46.4,-122.8,46.5,-122.875,26.6,6,46.194,-122.235,1848,0.0764,156
SHW,shw,46.40_-123.20,46.4,-123.2,46.425,-123.2,26.35,10,46.194,-122.235,1848,0.0725,156
SHW,shw,46.40_-123.60,46.4,-123.6,46.2,-123.45,14.82,1,46.194,-122.235,1494,0.1355,156
SHW,shw,46.80_-122.40,46.8,-122.4,46.95,-122.6,51.87,1,46.194,-122.235,1848,0.104,156
SHW,shw,46.80_-122.80,46.8,-122.8,46.85,-122.75,43.85,3,46.194,-122.235,1847,0.0933,156
SHW,shw,46.80_-123.20,46.8,-123.2,46.85,-123.05,36.99,3,46.194,-122.235,1847,0.0655,156
SHW,shw,47.20_-122.80,47.2,-122.8,47.05,-122.8,43.38,4,46.194,-122.235,1848,0.0761,156
SHW,shw,47.20_-123.20,47.2,-123.2,47.0,-123.25,39.32,1,46.194,-122.235,1847,0.1657,156
SIFT,sift,46.40_-122.80,46.4,-122.8,46.6,-122.7,34.94,1,46.867,-121.953,2311,0.4462,157
SIFT,sift,46.40_-123.20,46.4,-123.2,46.4,-123.1,50.8,5,46.867,-121.953,2462,0.197,157
SIFT,sift,46.80_-122.40,46.8,-122.4,46.85,-122.6,37.7,1,46.867,-121.953,2386,0.1319,157
SIFT,sift,46.80_-122.80,46.8,-122.8,46.9,-122.7,43.85,9,46.867,-121.953,2464,0.1923,157
SIFT,sift,46.80_-123.20,46.8,-123.2,46.75,-123.1,41.38,2,46.867,-121.953,2422,0.3536,157
SIFT,sift,47.20_-122.80,47.2,-122.8,47.1,-122.875,34.74,2,46.867,-121.953,2370,0.1595,157
SIFT,sift,47.20_-123.20,47.2,-123.2,47.15,-123.1,44.71,5,46.867,-121.953,2466,0.1545,157
SIFT,sift,47.60_-122.80,47.6,-122.8,47.5,-122.95,28.68,3,46.867,-121.953,2286,0.3,157
SIFT,sift,47.60_-123.20,47.6,-123.2,47.5,-123.0,16.52,1,46.867,-121.953,1135,0.2381,157
SIGP,sigp,41.20_-122.80,41.2,-122.8,41.2,-122.95,22.41,2,41.873,-124.068,2388,0.1493,158
SIGP,sigp,41.20_-123.20,41.2,-123.2,41.3,-123.1,32.04,3,41.873,-124.068,2398,0.1574,158
SIGP,sigp,41.60_-123.20,41.6,-123.2,41.7,-123.3,35.32,12,41.873,-124.068,2407,0.1199,158
SIGP,sigp,41.60_-123.60,41.6,-123.6,41.75,-123.45,41.31,5,41.873,-124.068,2409,0.1804,158
SIGP,sigp,42.00_-123.20,42.0,-123.2,42.1,-123.375,40.2,14,41.873,-124.068,2402,0.1445,158
SIGP,sigp,42.00_-123.60,42.0,-123.6,42.1,-123.55,46.89,9,41.873,-124.068,2400,0.1517,158
SIGP,sigp,42.00_-124.00,42.0,-124.0,42.1,-123.85,35.76,1,41.873,-124.068,2365,0.2425,158
SIGP,sigp,42.40_-123.20,42.4,-123.2,42.3,-123.35,36.89,36,41.873,-124.068,2404,0.1615,158
SIGP,sigp,42.40_-123.60,42.4,-123.6,42.4,-123.55,38.63,31,41.873,-124.068,2410,0.1399,158
SIGP,sigp,42.40_-124.00,42.4,-124.0,42.425,-123.8,35.4,6,41.873,-124.068,2399,0.1348,158
SIGP,sigp,42.80_-123.20,42.8,-123.2,42.7,-123.4,31.8,3,41.873,-124.068,2408,0.1183,158
SIGP,sigp,42.80_-123.60,42.8,-123.6,42.65,-123.55,29.75,1,41.873,-124.068,2156,0.2159,158
SISQ,sisq,41.60_-123.20,41.6,-123.2,41.6,-123.3,35.49,1,42.275,-123.632,1342,0.4145,159
SISQ,sisq,42.00_-123.20,42.0,-123.2,42.025,-123.25,35.0,8,42.275,-123.632,2108,0.3182,159
SISQ,sisq,42.00_-123.60,42.0,-123.6,41.85,-123.5,43.77,1,42.275,-123.632,2269,0.3372,159
SISQ,sisq,42.40_-123.20,42.4,-123.2,42.3,-123.275,35.95,6,42.275,-123.632,2327,0.2995,159
SISQ,sisq,42.40_-123.60,42.4,-123.6,42.6,-123.45,28.35,3,42.275,-123.632,854,0.2353,159
SISQ,sisq,42.80_-123.20,42.8,-123.2,42.65,-123.375,29.29,2,42.275,-123.632,1839,0.343,159
SISQ,sisq,42.80_-123.60,42.8,-123.6,42.75,-123.45,32.0,5,42.275,-123.632,2341,0.2186,159
SKAMO,skamo,45.60_-122.80,45.6,-122.8,45.6,-122.95,32.66,1,46.308,-123.338,1625,0.1947,160
SKAMO,skamo,45.60_-123.20,45.6,-123.2,45.6,-123.3,34.84,13,46.308,-123.338,1644,0.1367,160
SKAMO,skamo,45.60_-123.60,45.6,-123.6,45.575,-123.45,37.72,2,46.308,-123.338,1591,0.1237,160
SKAMO,skamo,46.00_-123.20,46.0,-123.2,45.925,-123.35,25.01,4,46.308,-123.338,1657,0.1314,160
SKAMO,skamo,46.00_-123.60,46.0,-123.6,46.0,-123.6,21.24,1,46.308,-123.338,1639,0.1715,160
SKAMO,skamo,46.40_-122.40,46.4,-122.4,46.55,-122.6,19.48,1,46.308,-123.338,1601,0.149,160
SKAMO,skamo,46.40_-123.20,46.4,-123.2,46.4,-123.25,17.93,1,46.308,-123.338,1421,0.265,160
SKAMO,skamo,46.80_-122.40,46.8,-122.4,46.7,-122.6,44.22,1,46.308,-123.338,1612,0.2155,160
SKAMO,skamo,46.80_-122.80,46.8,-122.8,46.825,-122.775,32.04,4,46.308,-123.338,1622,0.1583,160
SKAMO,skamo,46.80_-123.20,46.8,-123.2,46.85,-123.05,35.83,3,46.308,-123.338,1592,0.1629,160
SKAMO,skamo,47.20_-122.80,47.2,-122.8,47.15,-122.85,41.78,3,46.308,-123.338,1626,0.123,160
SKAMO,skamo,47.20_-123.20,47.2,-123.2,47.1,-123.1,38.15,2,46.308,-123.338,1625,0.1962,160
SKAMO,skamo,47.20_-123.60,47.2,-123.6,47.15,-123.45,44.23,1,46.308,-123.338,1552,0.1457,160
SLDQ,sldq,47.20_-123.20,47.2,-123.2,47.2,-123.0,39.55,1,48.062,-124.141,2304,0.1868,5
SLDQ,sldq,47.60_-122.80,47.6,-122.8,47.45,-122.95,17.3,1,48.062,-124.141,2346,0.0398,5
SLDQ,sldq,48.00_-122.80,48.0,-122.8,48.1,-122.95,46.83,1,48.062,-124.141,612,0.4748,5
SLDQ,sldq,48.00_-123.20,48.0,-123.2,48.075,-123.25,40.63,18,48.062,-124.141,2485,0.0969,5
SLDQ,sldq,48.00_-123.60,48.0,-123.6,48.15,-123.55,41.02,8,48.062,-124.141,2482,0.106,5
SLDQ,sldq,48.00_-124.00,48.0,-124.0,48.2,-123.8,31.34,1,48.062,-124.141,2478,0.2266,5
SLDQ,sldq,48.40_-123.20,48.4,-123.2,48.25,-123.15,28.26,5,48.062,-124.141,2473,0.1191,5
SLDQ,sldq,48.40_-123.60,48.4,-123.6,48.3,-123.65,31.26,22,48.062,-124.141,2484,0.0847,5
SLDQ,sldq,48.40_-124.00,48.4,-124.0,48.4,-123.85,35.62,11,48.062,-124.141,2485,0.1,5
SLDQ,sldq,48.80_-123.60,48.8,-123.6,48.7,-123.75,21.92,1,48.062,-124.141,1178,0.3068,5
SLDQ,sldq,48.80_-124.00,48.8,-124.0,48.675,-123.875,24.45,2,48.062,-124.141,2448,0.0733,5
SLDQ,sldq,48.80_-124.40,48.8,-124.4,48.8,-124.275,21.34,2,48.062,-124.141,2464,0.1485,5
SNB,snb,48.00_-123.20,48.0,-123.2,48.15,-123.3,37.2,5,48.775,-123.172,3422,0.1844,162
SNB,snb,48.00_-123.60,48.0,-123.6,48.2,-123.5,40.56,10,48.775,-123.172,3426,0.1508,162
SNB,snb,48.40_-122.80,48.4,-122.8,48.4,-122.85,54.79,1,48.775,-123.172,3414,0.1807,162
SNB,snb,48.40_-123.20,48.4,-123.2,48.25,-123.25,30.14,7,48.775,-123.172,3422,0.1761,162
SNB,snb,48.40_-123.60,48.4,-123.6,48.3,-123.65,27.28,20,48.775,-123.172,3424,0.1731,162
SNB,snb,48.40_-124.00,48.4,-124.0,48.5,-123.85,31.28,20,48.775,-123.172,3426,0.1328,162
SNB,snb,48.80_-123.60,48.8,-123.6,48.85,-123.7,41.41,3,48.775,-123.172,3414,0.2237,162
SNB,snb,48.80_-124.00,48.8,-124.0,48.7,-124.0,25.35,31,48.775,-123.172,3427,0.1505,162
SNB,snb,48.80_-124.40,48.8,-124.4,48.775,-124.325,29.61,16,48.775,-123.172,3445,0.1827,162
SNB,snb,49.20_-124.40,49.2,-124.4,49.075,-124.5,33.7,2,48.775,-123.172,3429,0.191,162
SP2,sp2,46.80_-122.40,46.8,-122.4,46.85,-122.6,37.7,1,47.556,-122.249,2978,0.0257,163
SP2,sp2,46.80_-122.80,46.8,-122.8,46.85,-122.7,38.13,8,47.556,-122.249,2979,0.0153,163
SP2,sp2,46.80_-123.20,46.8,-123.2,46.8,-123.15,29.39,1,47.556,-122.249,2977,0.0268,163
SP2,sp2,47.20_-122.40,47.2,-122.4,47.3,-122.55,31.32,1,47.556,-122.249,2976,0.0172,163
SP2,sp2,47.20_-122.80,47.2,-122.8,47.325,-122.825,30.52,14,47.556,-122.249,2979,0.0136,163
SP2,sp2,47.20_-123.20,47.2,-123.2,47.2,-123.1,40.21,5,47.556,-122.249,2979,0.0151,163
SP2,sp2,47.60_-122.80,47.6,-122.8,47.6,-122.775,23.06,14,47.556,-122.249,2979,0.0145,163
SP2,sp2,47.60_-123.20,47.6,-123.2,47.65,-123.075,43.41,8,47.556,-122.249,2979,0.0163,163
SP2,sp2,48.00_-122.80,48.0,-122.8,48.0,-122.9,32.22,11,47.556,-122.249,2979,0.0138,163
SP2,sp2,48.00_-123.20,48.0,-123.2,48.0,-123.2,41.42,16,47.556,-122.249,2978,0.0105,163
SP2,sp2,48.00_-123.60,48.0,-123.6,48.05,-123.525,36.8,2,47.556,-122.249,2979,0.0221,163
SP2,sp2,48.40_-122.80,48.4,-122.8,48.3,-122.9,29.67,5,47.556,-122.249,2978,0.0107,163
SP2,sp2,48.40_-123.20,48.4,-123.2,48.35,-123.15,29.91,11,47.556,-122.249,2978,0.0114,163
SP2,sp2,48.40_-123.60,48.4,-123.6,48.325,-123.475,32.82,2,47.556,-122.249,2979,0.0229,163
SSO2,sso2,44.00_-123.20,44.0,-123.2,44.05,-123.3,19.25,1,44.841,-122.483,592,0.2041,164
SSO2,sso2,44.00_-123.60,44.0,-123.6,44.15,-123.475,27.43,2,44.841,-122.483,2189,0.1503,164
SSO2,sso2,44.40_-123.20,44.4,-123.2,44.5,-123.4,30.85,1,44.841,-122.483,1421,0.2638,164
SSO2,sso2,44.40_-123.60,44.4,-123.6,44.475,-123.6,27.88,6,44.841,-122.483,2196,0.1255,164
SSO2,sso2,44.80_-123.20,44.8,-123.2,44.925,-123.375,25.95,8,44.841,-122.483,2247,0.0985,164
SSO2,sso2,44.80_-123.60,44.8,-123.6,44.95,-123.5,26.23,7,44.841,-122.483,2174,0.1618,164
SSO2,sso2,45.20_-123.20,45.2,-123.2,45.3,-123.15,20.58,9,44.841,-122.483,2241,0.0812,164
SSO2,sso2,45.20_-123.60,45.2,-123.6,45.15,-123.45,25.31,11,44.841,-122.483,2245,0.0922,164
SSO2,sso2,45.60_-123.20,45.6,-123.2,45.575,-123.35,38.27,10,44.841,-122.483,2253,0.1174,164
STOR,stor,46.40_-122.80,46.4,-122.8,46.525,-122.825,28.89,2,47.188,-121.989,4493,0.0865,165
STOR,stor,46.40_-123.20,46.4,-123.2,46.5,-123.1,44.48,3,47.188,-121.989,4495,0.0859,165
STOR,stor,46.80_-122.80,46.8,-122.8,46.85,-122.75,39.85,9,47.188,-121.989,4497,0.0544,165
STOR,stor,46.80_-123.20,46.8,-123.2,46.85,-123.05,35.83,9,47.188,-121.989,4495,0.0323,165
STOR,stor,47.20_-122.40,47.2,-122.4,47.1,-122.6,35.64,3,47.188,-121.989,4495,0.0667,165
STOR,stor,47.20_-122.80,47.2,-122.8,47.35,-122.8,40.0,9,47.188,-121.989,4495,0.0411,165
STOR,stor,47.20_-123.20,47.2,-123.2,47.15,-123.05,41.68,25,47.188,-121.989,4497,0.0355,165
STOR,stor,47.60_-122.80,47.6,-122.8,47.625,-122.775,21.37,12,47.188,-121.989,4498,0.0349,165
STOR,stor,47.60_-123.20,47.6,-123.2,47.65,-123.2,41.83,9,47.188,-121.989,4500,0.0557,165
STOR,stor,48.00_-122.80,48.0,-122.8,48.0,-122.95,48.59,3,47.188,-121.989,4495,0.0569,165
STOR,stor,48.00_-123.20,48.0,-123.2,47.95,-123.125,44.29,10,47.188,-121.989,4497,0.0406,165
SWF2,swf2,45.20_-123.20,45.2,-123.2,45.35,-123.3,21.98,8,46.178,-122.217,4146,0.094,166
SWF2,swf2,45.20_-123.60,45.2,-123.6,45.3,-123.45,25.31,1,46.178,-122.217,4125,0.1233,166
SWF2,swf2,45.60_-122.80,45.6,-122.8,45.45,-122.95,27.43,1,46.178,-122.217,4025,0.2129,166
SWF2,swf2,45.60_-123.20,45.6,-123.2,45.6,-123.3,31.29,27,46.178,-122.217,4149,0.086,166
SWF2,swf2,45.60_-123.60,45.6,-123.6,45.5,-123.45,43.27,3,46.178,-122.217,4145,0.1181,166
SWF2,swf2,46.00_-123.20,46.0,-123.2,45.95,-123.25,40.62,21,46.178,-122.217,4144,0.1084,166
SWF2,swf2,46.40_-122.80,46.4,-122.8,46.5,-122.9,36.43,1,46.178,-122.217,2460,0.2211,166
SWF2,swf2,46.40_-123.20,46.4,-123.2,46.5,-123.1,47.81,3,46.178,-122.217,4113,0.1407,166
SWF2,swf2,46.80_-122.80,46.8,-122.8,46.75,-122.825,36.4,6,46.178,-122.217,4129,0.1684,166
SWF2,swf2,46.80_-123.20,46.8,-123.2,46.825,-123.05,37.16,2,46.178,-122.217,4075,0.1555,166
SWF2,swf2,47.20_-122.80,47.2,-122.8,47.0,-122.8,45.81,3,46.178,-122.217,4107,0.1128,166
SWF2,swf2,47.20_-123.20,47.2,-123.2,47.05,-123.1,43.95,3,46.178,-122.217,4096,0.1543,166
TOFB,tofb,48.80_-124.40,48.8,-124.4,48.85,-124.6,19.31,1,49.154,-125.908,930,0.1669,167
TOFB,tofb,48.80_-124.80,48.8,-124.8,48.95,-124.8,29.65,9,49.154,-125.908,943,0.1256,167
TOFB,tofb,49.20_-124.40,49.2,-124.4,49.075,-124.6,42.53,8,49.154,-125.908,943,0.1409,167
TOFB,tofb,49.20_-124.80,49.2,-124.8,49.2,-124.9,32.43,33,49.154,-125.908,943,0.1151,167
TOFB,tofb,49.20_-125.20,49.2,-125.2,49.3,-125.15,28.94,23,49.154,-125.908,943,0.1267,167
TOFB,tofb,49.20_-125.60,49.2,-125.6,49.4,-125.575,39.48,4,49.154,-125.908,943,0.1365,167
TOFB,tofb,49.60_-125.20,49.6,-125.2,49.525,-125.225,14.78,6,49.154,-125.908,943,0.1261,167
TOFB,tofb,49.60_-125.60,49.6,-125.6,49.45,-125.4,45.16,3,49.154,-125.908,943,0.1426,167
TOFB,tofb,49.60_-126.40,49.6,-126.4,49.8,-126.3,38.75,1,49.154,-125.908,108,0.4096,167
TOFB,tofb,50.00_-126.40,50.0,-126.4,49.95,-126.55,29.24,1,49.154,-125.908,921,0.1585,167
TOLE,tole,45.60_-123.20,45.6,-123.2,45.725,-123.25,27.77,8,46.453,-122.845,2468,0.0199,168
TOLE,tole,45.60_-123.60,45.6,-123.6,45.7,-123.45,31.01,1,46.453,-122.845,2464,0.0238,168
TOLE,tole,46.00_-122.80,46.0,-122.8,46.15,-122.95,17.88,1,46.453,-122.845,2468,0.0259,168
TOLE,tole,46.00_-123.20,46.0,-123.2,45.95,-123.2,26.44,19,46.453,-122.845,2468,0.0214,168
TOLE,tole,46.00_-123.60,46.0,-123.6,45.9,-123.5,16.1,4,46.453,-122.845,2468,0.0191,168
TOLE,tole,46.40_-122.80,46.4,-122.8,46.525,-122.725,21.48,4,46.453,-122.845,2468,0.0292,168
TOLE,tole,46.40_-123.20,46.4,-123.2,46.45,-123.15,32.5,17,46.453,-122.845,2468,0.0218,168
TOLE,tole,46.80_-122.40,46.8,-122.4,46.9,-122.6,51.87,3,46.453,-122.845,2468,0.0189,168
TOLE,tole,46.80_-122.80,46.8,-122.8,46.8,-122.85,39.85,13,46.453,-122.845,2468,0.0215,168
TOLE,tole,46.80_-123.20,46.8,-123.2,46.9,-123.15,38.09,5,46.453,-122.845,2468,0.0234,168
TOLE,tole,47.20_-122.40,47.2,-122.4,47.25,-122.525,35.57,8,46.453,-122.845,2468,0.0205,168
TOLE,tole,47.20_-122.80,47.2,-122.8,47.2,-122.75,40.99,25,46.453,-122.845,2468,0.0204,168
TOLE,tole,47.20_-123.20,47.2,-123.2,47.2,-123.1,41.13,9,46.453,-122.845,2468,0.0221,168
TRIN,trin,40.40_-122.40,40.4,-122.4,40.4,-122.475,22.04,4,40.974,-122.705,2080,0.3237,169
TRIN,trin,40.40_-122.80,40.4,-122.8,40.35,-122.7,30.3,7,40.974,-122.705,2797,0.2904,169
TRIN,trin,40.80_-122.40,40.8,-122.4,40.7,-122.6,20.33,1,40.974,-122.705,2454,0.2974,169
TRIN,trin,41.20_-123.20,41.2,-123.2,41.25,-123.05,29.7,1,40.974,-122.705,1366,0.2985,169
TRIN,trin,41.60_-123.20,41.6,-123.2,41.65,-123.25,33.44,17,40.974,-122.705,2750,0.2431,169
TRIN,trin,41.60_-123.60,41.6,-123.6,41.6,-123.45,38.0,1,40.974,-122.705,1938,0.382,169
TRIN,trin,42.00_-123.60,42.0,-123.6,41.85,-123.45,41.54,1,40.974,-122.705,2400,0.315,169
TRIPT,tript,45.20_-122.80,45.2,-122.8,45.4,-122.9,19.6,1,45.63,-123.644,1540,0.1671,170
TRIPT,tript,45.20_-123.20,45.2,-123.2,45.275,-123.175,24.52,8,45.63,-123.644,1578,0.1162,170
TRIPT,tript,45.60_-123.20,45.6,-123.2,45.65,-123.25,27.95,2,45.63,-123.644,1562,0.1246,170
TRIPT,tript,46.00_-123.20,46.0,-123.2,46.0,-123.2,25.22,6,45.63,-123.644,1584,0.1131,170
TXDB,txdb,48.80_-123.60,48.8,-123.6,48.9,-123.7,45.84,4,49.698,-124.438,1888,0.1155,171
TXDB,txdb,48.80_-124.00,48.8,-124.0,48.9,-123.9,30.64,13,49.698,-124.438,1888,0.1724,171
TXDB,txdb,48.80_-124.40,48.8,-124.4,48.85,-124.4,30.26,29,49.698,-124.438,1888,0.1612,171
TXDB,txdb,48.80_-124.80,48.8,-124.8,49.0,-124.75,29.65,7,49.698,-124.438,1888,0.1447,171
TXDB,txdb,49.20_-124.00,49.2,-124.0,49.05,-124.1,21.67,1,49.698,-124.438,1888,0.241,171
TXDB,txdb,49.20_-124.40,49.2,-124.4,49.05,-124.6,41.31,12,49.698,-124.438,1888,0.1671,171
TXDB,txdb,49.20_-124.80,49.2,-124.8,49.15,-124.8,36.8,23,49.698,-124.438,1888,0.1548,171
TXDB,txdb,49.20_-125.20,49.2,-125.2,49.325,-125.1,32.76,20,49.698,-124.438,1888,0.1766,171
TXDB,txdb,49.20_-125.60,49.2,-125.6,49.4,-125.55,39.48,8,49.698,-124.438,1888,0.1298,171
TXDB,txdb,49.60_-125.20,49.6,-125.2,49.5,-125.25,14.69,3,49.698,-124.438,1888,0.1561,171
TXDB,txdb,49.60_-125.60,49.6,-125.6,49.45,-125.6,37.25,7,49.698,-124.438,1888,0.1771,171
UCHR,uchr,44.00_-123.20,44.0,-123.2,44.15,-123.4,30.65,1,44.835,-123.871,528,0.3206,172
UCHR,uchr,44.40_-123.60,44.4,-123.6,44.525,-123.575,29.6,4,44.835,-123.871,1075,0.2893,172
UCHR,uchr,44.80_-123.60,44.8,-123.6,44.6,-123.6,31.01,1,44.835,-123.871,525,0.3518,172
UCHR,uchr,44.80_-124.00,44.8,-124.0,44.65,-124.0,19.52,1,44.835,-123.871,248,0.603,172
UCHR,uchr,45.20_-122.80,45.2,-122.8,45.4,-122.95,23.95,1,44.835,-123.871,1055,0.209,172
UCHR,uchr,45.20_-123.20,45.2,-123.2,45.3,-123.2,24.52,3,44.835,-123.871,1257,0.1762,172
UCHR,uchr,45.20_-123.60,45.2,-123.6,45.15,-123.45,36.27,1,44.835,-123.871,1217,0.1429,172
UCHR,uchr,45.60_-123.20,45.6,-123.2,45.5,-123.2,31.29,1,44.835,-123.871,807,0.2245,172
VERN,vern,44.80_-123.20,44.8,-123.2,45.0,-123.3,23.59,3,45.853,-123.248,2519,0.1953,173
VERN,vern,44.80_-123.60,44.8,-123.6,45.0,-123.45,21.94,1,45.853,-123.248,1520,0.2886,173
VERN,vern,45.20_-123.20,45.2,-123.2,45.25,-123.325,22.17,18,45.853,-123.248,2755,0.1104,173
VERN,vern,45.20_-123.60,45.2,-123.6,45.25,-123.45,32.49,6,45.853,-123.248,2633,0.146,173
VERN,vern,45.60_-123.20,45.6,-123.2,45.6,-123.35,36.24,26,45.853,-123.248,2756,0.0969,173
VERN,vern,45.60_-123.60,45.6,-123.6,45.7,-123.45,31.01,3,45.853,-123.248,2517,0.186,173
VERN,vern,46.00_-123.20,46.0,-123.2,45.9,-123.25,42.93,1,45.853,-123.248,443,0.3189,173
VERN,vern,46.40_-123.20,46.4,-123.2,46.5,-123.15,48.58,1,45.853,-123.248,2308,0.1518,173
VGZ,vgz,48.00_-123.20,48.0,-123.2,48.1,-123.05,34.75,2,48.413,-123.325,5389,0.2474,174
VGZ,vgz,48.40_-124.00,48.4,-124.0,48.5,-123.9,35.62,1,48.413,-123.325,5421,0.0879,174
VGZ,vgz,48.80_-124.00,48.8,-124.0,48.65,-124.15,36.57,1,48.413,-123.325,4909,0.2162,174
VGZ,vgz,48.80_-124.40,48.8,-124.4,48.8,-124.4,32.79,15,48.413,-123.325,5632,0.1367,174
VGZ,vgz,49.20_-124.40,49.2,-124.4,49.1,-124.6,42.49,1,48.413,-123.325,3931,0.2625,174
VINO,vino,42.40_-123.60,42.4,-123.6,42.6,-123.45,30.49,7,43.428,-123.422,2180,0.1102,175
VINO,vino,42.80_-123.20,42.8,-123.2,42.85,-123.3,35.36,6,43.428,-123.422,2180,0.1319,175
VINO,vino,42.80_-123.60,42.8,-123.6,42.85,-123.5,32.59,12,43.428,-123.422,2180,0.1246,175
VINO,vino,43.20_-123.20,43.2,-123.2,43.15,-123.4,38.06,13,43.428,-123.422,2180,0.0927,175
VINO,vino,43.20_-123.60,43.2,-123.6,43.2,-123.55,32.96,32,43.428,-123.422,2180,0.0995,175
VINO,vino,43.20_-124.00,43.2,-124.0,43.4,-123.9,30.66,1,43.428,-123.422,2180,0.1387,175
VINO,vino,43.60_-123.20,43.6,-123.2,43.65,-123.4,23.89,3,43.428,-123.422,2180,0.1069,175
VINO,vino,43.60_-123.60,43.6,-123.6,43.65,-123.55,27.38,14,43.428,-123.422,2180,0.104,175
VINO,vino,44.00_-123.60,44.0,-123.6,44.1,-123.575,29.11,2,43.428,-123.422,2180,0.1637,175
VINO,vino,44.00_-124.00,44.0,-124.0,44.025,-123.875,32.15,2,43.428,-123.422,1934,0.3169,175
VINO,vino,44.40_-123.60,44.4,-123.6,44.25,-123.625,33.8,4,43.428,-123.422,2179,0.1702,175
VITI,viti,43.20_-123.60,43.2,-123.6,43.4,-123.45,33.81,1,44.282,-123.318,2253,0.1581,176
VITI,viti,43.60_-123.20,43.6,-123.2,43.6,-123.375,28.04,4,44.282,-123.318,2253,0.0794,176
VITI,viti,43.60_-123.60,43.6,-123.6,43.6,-123.55,28.11,16,44.282,-123.318,2253,0.0485,176
VITI,viti,43.60_-124.00,43.6,-124.0,43.75,-123.85,32.54,1,44.282,-123.318,2090,0.1123,176
VITI,viti,44.00_-123.20,44.0,-123.2,43.95,-123.3,22.02,9,44.282,-123.318,2253,0.0691,176
VITI,viti,44.00_-123.60,44.0,-123.6,44.05,-123.55,27.97,11,44.282,-123.318,2253,0.0676,176
VITI,viti,44.40_-123.20,44.4,-123.2,44.5,-123.35,35.45,9,44.282,-123.318,2253,0.0801,176
VITI,viti,44.40_-123.60,44.4,-123.6,44.4,-123.6,31.55,19,44.282,-123.318,2253,0.0622,176
VITI,viti,44.40_-124.00,44.4,-124.0,44.45,-123.875,28.54,4,44.282,-123.318,2253,0.0638,176
VITI,viti,44.80_-123.20,44.8,-123.2,44.875,-123.35,32.23,12,44.282,-123.318,2253,0.0467,176
VITI,viti,44.80_-123.60,44.8,-123.6,44.75,-123.625,29.17,20,44.282,-123.318,2253,0.0733,176
VITI,viti,44.80_-124.00,44.8,-124.0,44.6,-123.85,22.06,1,44.282,-123.318,2251,0.0634,176
VITI,viti,45.20_-123.20,45.2,-123.2,45.15,-123.3,33.81,3,44.282,-123.318,2253,0.047,176
VITI,viti,45.20_-123.60,45.2,-123.6,45.1,-123.55,31.73,3,44.282,-123.318,2253,0.0565,176
VOIT,voit,46.40_-123.20,46.4,-123.2,46.4,-123.2,24.67,11,46.966,-121.983,2128,0.0653,177
VOIT,voit,46.80_-122.80,46.8,-122.8,46.9,-122.75,37.41,8,46.966,-121.983,2128,0.0686,177
VOIT,voit,46.80_-123.20,46.8,-123.2,46.85,-123.05,35.83,5,46.966,-121.983,2128,0.0797,177
VOIT,voit,47.20_-122.40,47.2,-122.4,47.35,-122.55,35.33,1,46.966,-121.983,2127,0.1354,177
VOIT,voit,47.20_-122.80,47.2,-122.8,47.25,-122.875,40.9,10,46.966,-121.983,2128,0.0507,177
VOIT,voit,47.20_-123.20,47.2,-123.2,47.15,-123.1,41.16,17,46.966,-121.983,2128,0.0641,177
VOIT,voit,47.60_-122.80,47.6,-122.8,47.6,-122.7,19.36,1,46.966,-121.983,2128,0.0791,177
VOIT,voit,47.60_-123.20,47.6,-123.2,47.725,-123.15,42.11,10,46.966,-121.983,2128,0.0563,177
VOIT,voit,48.00_-122.80,48.0,-122.8,47.85,-122.85,15.39,1,46.966,-121.983,2127,0.145,177
VOIT,voit,48.00_-123.20,48.0,-123.2,47.85,-123.1,42.95,5,46.966,-121.983,2128,0.0787,177
WHGC,whgc,46.00_-123.20,46.0,-123.2,45.9,-123.25,26.44,7,46.656,-123.73,1614,0.0772,178
WHGC,whgc,46.40_-122.80,46.4,-122.8,46.425,-122.9,26.69,2,46.656,-123.73,1565,0.1433,178
WHGC,whgc,46.40_-123.20,46.4,-123.2,46.4,-123.2,24.34,8,46.656,-123.73,1623,0.0739,178
WHGC,whgc,46.80_-122.40,46.8,-122.4,46.85,-122.55,24.48,1,46.656,-123.73,1617,0.0712,178
WHGC,whgc,46.80_-122.80,46.8,-122.8,46.85,-122.7,25.62,1,46.656,-123.73,1595,0.0696,178
WHGC,whgc,46.80_-123.20,46.8,-123.2,46.7,-123.075,41.95,2,46.656,-123.73,1532,0.2366,178
WHGC,whgc,47.20_-122.40,47.2,-122.4,47.35,-122.575,33.66,6,46.656,-123.73,1616,0.0777,178
WHGC,whgc,47.20_-122.80,47.2,-122.8,47.35,-122.775,35.5,10,46.656,-123.73,1623,0.0642,178
WHGC,whgc,47.20_-123.20,47.2,-123.2,47.2,-123.15,40.05,4,46.656,-123.73,1618,0.0622,178
WHGC,whgc,47.60_-122.40,47.6,-122.4,47.45,-122.6,22.08,1,46.656,-123.73,1594,0.0691,178
WHGC,whgc,47.60_-122.80,47.6,-122.8,47.5,-122.75,21.36,7,46.656,-123.73,1620,0.0799,178
WHGC,whgc,47.60_-123.20,47.6,-123.2,47.5,-123.025,39.1,2,46.656,-123.73,1593,0.1128,178
WIKI,wiki,45.20_-123.20,45.2,-123.2,45.3,-123.3,27.59,7,46.106,-123.585,2064,0.1273,179
WIKI,wiki,45.20_-123.60,45.2,-123.6,45.4,-123.45,32.49,1,46.106,-123.585,1078,0.3911,179
WIKI,wiki,45.60_-123.20,45.6,-123.2,45.65,-123.4,37.64,7,46.106,-123.585,2063,0.1023,179
WIKI,wiki,45.60_-123.60,45.6,-123.6,45.6,-123.45,39.58,2,46.106,-123.585,2059,0.1817,179
WIKI,wiki,46.40_-123.20,46.4,-123.2,46.45,-123.3,22.09,5,46.106,-123.585,2064,0.1215,179
WIKI,wiki,46.80_-122.80,46.8,-122.8,46.9,-122.95,46.53,2,46.106,-123.585,2059,0.0942,179
WIKI,wiki,46.80_-123.20,46.8,-123.2,46.75,-123.25,22.87,6,46.106,-123.585,2064,0.1176,179
WIKI,wiki,46.80_-123.60,46.8,-123.6,46.95,-123.45,23.99,1,46.106,-123.585,2062,0.2846,179
WINDI,windi,47.60_-122.80,47.6,-122.8,47.7,-122.825,25.33,8,47.314,-123.332,1645,0.1021,180
WINDI,windi,47.60_-123.20,47.6,-123.2,47.75,-123.15,43.91,11,47.314,-123.332,1667,0.1602,180
WINDI,windi,47.60_-123.60,47.6,-123.6,47.75,-123.45,26.93,1,47.314,-123.332,1660,0.1828,180
WINDI,windi,48.00_-122.80,48.0,-122.8,48.0,-122.875,26.86,4,47.314,-123.332,1649,0.0927,180
WINDI,windi,48.00_-123.20,48.0,-123.2,47.975,-123.2,41.79,32,47.314,-123.332,1673,0.0788,180
WINDI,windi,48.00_-123.60,48.0,-123.6,48.025,-123.5,49.39,2,47.314,-123.332,1645,0.1217,180
WISH,wish,46.40_-122.80,46.4,-122.8,46.6,-122.9,48.51,1,47.116,-123.771,3394,0.1554,181
WISH,wish,46.40_-123.20,46.4,-123.2,46.325,-123.2,19.56,2,47.116,-123.771,3606,0.153,181
WISH,wish,46.80_-122.80,46.8,-122.8,46.9,-122.75,41.14,9,47.116,-123.771,3644,0.1479,181
WISH,wish,46.80_-123.20,46.8,-123.2,46.9,-123.2,38.1,7,47.116,-123.771,3648,0.1271,181
WISH,wish,47.20_-122.40,47.2,-122.4,47.25,-122.6,44.97,4,47.116,-123.771,3610,0.1096,181
WISH,wish,47.20_-122.80,47.2,-122.8,47.3,-122.85,31.15,23,47.116,-123.771,3602,0.1094,181
WISH,wish,47.20_-123.20,47.2,-123.2,47.2,-123.075,41.85,34,47.116,-123.771,3655,0.1253,181
WISH,wish,47.60_-122.40,47.6,-122.4,47.6,-122.6,18.56,1,47.116,-123.771,3586,0.1967,181
WISH,wish,47.60_-122.80,47.6,-122.8,47.575,-122.85,22.34,18,47.116,-123.771,3643,0.131,181
WISH,wish,47.60_-123.20,47.6,-123.2,47.65,-123.2,42.8,29,47.116,-123.771,3647,0.1282,181
WISH,wish,47.60_-123.60,47.6,-123.6,47.8,-123.45,39.7,1,47.116,-123.771,2567,0.1865,181
WISH,wish,48.00_-122.80,48.0,-122.8,47.95,-122.925,35.8,4,47.116,-123.771,3524,0.1562,181
WISH,wish,48.00_-123.20,48.0,-123.2,47.9,-123.2,43.47,16,47.116,-123.771,3649,0.1559,181
WISH,wish,48.00_-123.60,48.0,-123.6,47.975,-123.475,40.76,4,47.116,-123.771,3627,0.1711,181
WLOO,wloo,43.60_-123.60,43.6,-123.6,43.7,-123.5,25.68,2,44.523,-122.738,2246,0.1406,182
WLOO,wloo,44.40_-123.60,44.4,-123.6,44.525,-123.575,28.92,2,44.523,-122.738,287,0.5931,182
WLOO,wloo,44.80_-123.20,44.8,-123.2,44.975,-123.275,31.29,2,44.523,-122.738,1204,0.2083,182
WLOO,wloo,44.80_-123.60,44.8,-123.6,44.75,-123.5,28.76,7,44.523,-122.738,2996,0.1786,182
WLOO,wloo,45.20_-123.20,45.2,-123.2,45.15,-123.3,24.52,7,44.523,-122.738,3054,0.1921,182
WLOO,wloo,45.20_-123.60,45.2,-123.6,45.1,-123.5,29.42,7,44.523,-122.738,2807,0.1769,182
WOOD,wood,41.20_-122.80,41.2,-122.8,41.4,-122.95,24.2,1,42.218,-122.305,3118,0.1752,183
WOOD,wood,41.20_-123.20,41.2,-123.2,41.35,-123.25,36.06,3,42.218,-122.305,3427,0.1354,183
WOOD,wood,41.60_-122.80,41.6,-122.8,41.6,-122.9,19.89,3,42.218,-122.305,3430,0.1134,183
WOOD,wood,41.60_-123.20,41.6,-123.2,41.55,-123.175,31.51,16,42.218,-122.305,3444,0.0886,183
WOOD,wood,41.60_-123.60,41.6,-123.6,41.8,-123.45,41.2,1,42.218,-122.305,3428,0.1908,183
WOOD,wood,42.00_-123.20,42.0,-123.2,42.05,-123.3,37.49,15,42.218,-122.305,3444,0.077,183
WOOD,wood,42.00_-123.60,42.0,-123.6,42.075,-123.5,45.36,4,42.218,-122.305,3442,0.0835,183
WOOD,wood,42.40_-123.20,42.4,-123.2,42.35,-123.3,33.63,26,42.218,-122.305,3445,0.0865,183
WOOD,wood,42.40_-123.60,42.4,-123.6,42.5,-123.5,35.56,19,42.218,-122.305,3444,0.0887,183
WOOD,wood,42.80_-123.20,42.8,-123.2,42.7,-123.375,31.41,6,42.218,-122.305,3441,0.0888,183
WOOD,wood,42.80_-123.60,42.8,-123.6,42.8,-123.55,30.46,7,42.218,-122.305,3437,0.0873,183
WYLD,wyld,42.40_-123.20,42.4,-123.2,42.4,-123.3,31.31,3,43.144,-123.429,2524,0.0225,184
WYLD,wyld,42.40_-123.60,42.4,-123.6,42.5,-123.5,34.35,6,43.144,-123.429,2524,0.0514,184
WYLD,wyld,42.80_-123.20,42.8,-123.2,42.775,-123.35,34.2,2,43.144,-123.429,2524,0.018,184
WYLD,wyld,42.80_-123.60,42.8,-123.6,42.875,-123.475,33.29,2,43.144,-123.429,2524,0.0099,184
WYLD,wyld,43.20_-123.60,43.2,-123.6,43.15,-123.45,35.77,1,43.144,-123.429,2524,0.0347,184
WYLD,wyld,44.00_-123.60,44.0,-123.6,43.95,-123.65,28.93,1,43.144,-123.429,2524,0.0213,184
WYNO,wyno,46.80_-122.80,46.8,-122.8,46.95,-122.8,40.13,5,47.434,-123.613,1778,0.097,185
WYNO,wyno,46.80_-123.20,46.8,-123.2,46.8,-123.075,33.66,6,47.434,-123.613,1836,0.0272,185
WYNO,wyno,47.20_-122.80,47.2,-122.8,47.35,-122.9,40.0,8,47.434,-123.613,1808,0.057,185
WYNO,wyno,47.20_-123.20,47.2,-123.2,47.175,-123.1,43.14,18,47.434,-123.613,1865,0.0418,185
WYNO,wyno,47.60_-122.40,47.6,-122.4,47.75,-122.6,18.38,1,47.434,-123.613,1694,0.0266,185
WYNO,wyno,47.60_-122.80,47.6,-122.8,47.5,-122.95,28.68,1,47.434,-123.613,1245,0.1589,185
WYNO,wyno,48.00_-122.80,48.0,-122.8,48.05,-122.95,33.53,2,47.434,-123.613,1613,0.0501,185
WYNO,wyno,48.00_-123.60,48.0,-123.6,48.1,-123.45,36.94,1,47.434,-123.613,725,0.3239,185
WYNO,wyno,48.40_-123.60,48.4,-123.6,48.25,-123.7,34.06,3,47.434,-123.613,1568,0.0575,185
YACT,yact,45.20_-123.20,45.2,-123.2,45.2,-123.3,27.69,21,45.932,-122.419,3728,0.0783,186
YACT,yact,45.20_-123.60,45.2,-123.6,45.15,-123.475,32.85,6,45.932,-122.419,3724,0.0901,186
YACT,yact,45.60_-123.20,45.6,-123.2,45.65,-123.35,34.84,13,45.932,-122.419,3771,0.0837,186
YACT,yact,45.60_-123.60,45.6,-123.6,45.65,-123.475,33.45,4,45.932,-122.419,3716,0.1022,186
YACT,yact,46.00_-123.20,46.0,-123.2,45.85,-123.275,34.4,6,45.932,-122.419,3716,0.0742,186
YACT,yact,46.40_-122.80,46.4,-122.8,46.55,-122.8,26.78,2,45.932,-122.419,3707,0.1081,186
YACT,yact,46.40_-123.20,46.4,-123.2,46.4,-123.2,25.01,5,45.932,-122.419,3726,0.0683,186
YACT,yact,46.80_-122.80,46.8,-122.8,46.75,-122.8,19.11,1,45.932,-122.419,3693,0.1374,186
YBH,ybh,40.80_-122.80,40.8,-122.8,40.95,-122.8,18.75,30,41.732,-122.71,6251,0.1778,187
YBH,ybh,40.80_-123.20,40.8,-123.2,40.9,-123.1,40.73,2,41.732,-122.71,4808,0.1908,187
YBH,ybh,41.20_-122.80,41.2,-122.8,41.1,-122.8,18.92,11,41.732,-122.71,6242,0.137,187
YBH,ybh,41.20_-123.20,41.2,-123.2,41.25,-123.05,30.48,23,41.732,-122.71,6182,0.1731,187
YBH,ybh,41.60_-123.20,41.6,-123.2,41.6,-123.225,32.47,6,41.732,-122.71,6280,0.1612,187
YBH,ybh,42.00_-123.20,42.0,-123.2,42.15,-123.35,40.47,1,41.732,-122.71,5046,0.1316,187
YBH,ybh,42.40_-123.20,42.4,-123.2,42.45,-123.4,32.06,11,41.732,-122.71,6237,0.133,187
YBH,ybh,42.40_-123.60,42.4,-123.6,42.525,-123.5,33.22,16,41.732,-122.71,6249,0.1445,187
YELM,yelm,46.40_-122.40,46.4,-122.4,46.55,-122.6,19.48,1,46.94,-122.591,1703,0.0534,188
YELM,yelm,46.40_-122.80,46.4,-122.8,46.5,-122.9,34.94,7,46.94,-122.591,1703,0.037,188
YELM,yelm,46.40_-123.20,46.4,-123.2,46.35,-123.225,24.03,16,46.94,-122.591,1703,0.0406,188
YELM,yelm,46.80_-122.40,46.8,-122.4,46.9,-122.6,50.25,3,46.94,-122.591,1703,0.0524,188
YELM,yelm,46.80_-122.80,46.8,-122.8,46.875,-122.8,41.04,16,46.94,-122.591,1703,0.0377,188
YELM,yelm,46.80_-123.20,46.8,-123.2,46.85,-123.05,39.19,9,46.94,-122.591,1703,0.045,188
YELM,yelm,47.20_-122.40,47.2,-122.4,47.125,-122.525,38.88,10,46.94,-122.591,1703,0.0481,188
YELM,yelm,47.20_-122.80,47.2,-122.8,47.2,-122.825,39.33,22,46.94,-122.591,1703,0.0403,188
YELM,yelm,47.20_-123.20,47.2,-123.2,47.3,-123.1,41.69,18,46.94,-122.591,1703,0.0386,188
YELM,yelm,47.60_-122.40,47.6,-122.4,47.575,-122.6,21.66,4,46.94,-122.591,1703,0.046,188
YELM,yelm,47.60_-122.80,47.6,-122.8,47.6,-122.8,22.14,29,46.94,-122.591,1703,0.0353,188
YELM,yelm,47.60_-123.20,47.6,-123.2,47.65,-123.15,41.72,17,46.94,-122.591,1703,0.0441,188
YELM,yelm,47.60_-123.60,47.6,-123.6,47.625,-123.525,37.96,2,46.94,-122.591,1703,0.0523,188
